[     232ms] [LOG] [HMR] connected @ http://localhost:3301/_next/static/chunks/node_modules_next_dist_1ybzpk2._.js:2489
[   21912ms] [LOG] [HMR] connected @ http://localhost:3301/_next/static/chunks/node_modules_next_dist_1ybzpk2._.js:2489
[   83783ms] [LOG] [HMR] connected @ http://localhost:3301/_next/static/chunks/node_modules_next_dist_1ybzpk2._.js:2489
[  107082ms] [LOG] [HMR] connected @ http://localhost:3301/_next/static/chunks/node_modules_next_dist_1ybzpk2._.js:2489
[  166599ms] [LOG] [HMR] connected @ http://localhost:3301/_next/static/chunks/node_modules_next_dist_1ybzpk2._.js:2489
[  293356ms] [ERROR] WebSocket connection to 'ws://localhost:3301/_next/webpack-hmr?id=wg1laa5tFL0J6XGVUR3at' failed: The network connection was lost. @ :0
[  294374ms] [ERROR] WebSocket connection to 'ws://localhost:3301/_next/webpack-hmr?id=wg1laa5tFL0J6XGVUR3at' failed: Could not connect to the server. @ :0
[  295491ms] [ERROR] WebSocket connection to 'ws://localhost:3301/_next/webpack-hmr?id=wg1laa5tFL0J6XGVUR3at' failed: Could not connect to the server. @ :0
[  296598ms] [ERROR] WebSocket connection to 'ws://localhost:3301/_next/webpack-hmr?id=wg1laa5tFL0J6XGVUR3at' failed: Could not connect to the server. @ :0
[  297700ms] [ERROR] WebSocket connection to 'ws://localhost:3301/_next/webpack-hmr?id=wg1laa5tFL0J6XGVUR3at' failed: Could not connect to the server. @ :0
[  298733ms] [ERROR] WebSocket connection to 'ws://localhost:3301/_next/webpack-hmr?id=wg1laa5tFL0J6XGVUR3at' failed: Could not connect to the server. @ :0
[  303828ms] [ERROR] WebSocket connection to 'ws://localhost:3301/_next/webpack-hmr?id=wg1laa5tFL0J6XGVUR3at' failed: Could not connect to the server. @ :0
[  308894ms] [ERROR] WebSocket connection to 'ws://localhost:3301/_next/webpack-hmr?id=wg1laa5tFL0J6XGVUR3at' failed: Could not connect to the server. @ :0
[  314005ms] [ERROR] WebSocket connection to 'ws://localhost:3301/_next/webpack-hmr?id=wg1laa5tFL0J6XGVUR3at' failed: Could not connect to the server. @ :0
[  319097ms] [ERROR] WebSocket connection to 'ws://localhost:3301/_next/webpack-hmr?id=wg1laa5tFL0J6XGVUR3at' failed: Could not connect to the server. @ :0
[  324127ms] [ERROR] WebSocket connection to 'ws://localhost:3301/_next/webpack-hmr?id=wg1laa5tFL0J6XGVUR3at' failed: Could not connect to the server. @ :0
[  329172ms] [ERROR] WebSocket connection to 'ws://localhost:3301/_next/webpack-hmr?id=wg1laa5tFL0J6XGVUR3at' failed: Could not connect to the server. @ :0
[  334266ms] [ERROR] WebSocket connection to 'ws://localhost:3301/_next/webpack-hmr?id=wg1laa5tFL0J6XGVUR3at' failed: Could not connect to the server. @ :0
[  334274ms] [ERROR] Failed to load resource: Could not connect to the server. @ http://localhost:3301/en/admin/system/ui-components?qa=search-fix:0
[  526678ms] [ERROR] Failed to load resource: Could not connect to the server. @ http://localhost:4401/dashboard/overview:0
[  526679ms] [ERROR] Failed to load resource: Could not connect to the server. @ http://localhost:4401/dashboard/alerts?limit=6:0
[  526699ms] [ERROR] Failed to load resource: Could not connect to the server. @ http://localhost:4401/api/billing/ai-credits/summary:0
[  526884ms] [ERROR] Failed to load resource: Could not connect to the server. @ http://localhost:4401/dashboard/overview:0
[  526885ms] [ERROR] Failed to load resource: Could not connect to the server. @ http://localhost:4401/dashboard/alerts?limit=6:0
[  526902ms] [ERROR] Failed to load resource: Could not connect to the server. @ http://localhost:4401/api/billing/ai-credits/summary:0
[  527495ms] [ERROR] Failed to load resource: Could not connect to the server. @ http://localhost:4401/dashboard/overview:0
[  527496ms] [ERROR] Failed to load resource: Could not connect to the server. @ http://localhost:4401/dashboard/alerts?limit=6:0
[  527507ms] [ERROR] Failed to load resource: Could not connect to the server. @ http://localhost:4401/api/billing/ai-credits/summary:0
[  556708ms] [ERROR] Failed to load resource: Could not connect to the server. @ http://localhost:4401/api/billing/ai-credits/summary:0
[  556918ms] [ERROR] Failed to load resource: Could not connect to the server. @ http://localhost:4401/api/billing/ai-credits/summary:0
[  557530ms] [ERROR] Failed to load resource: Could not connect to the server. @ http://localhost:4401/api/billing/ai-credits/summary:0
[  586682ms] [ERROR] Failed to load resource: Could not connect to the server. @ http://localhost:4401/dashboard/overview:0
[  586683ms] [ERROR] Failed to load resource: Could not connect to the server. @ http://localhost:4401/dashboard/alerts?limit=6:0
[  586706ms] [ERROR] Failed to load resource: Could not connect to the server. @ http://localhost:4401/api/billing/ai-credits/summary:0
[  586897ms] [ERROR] Failed to load resource: Could not connect to the server. @ http://localhost:4401/dashboard/overview:0
[  586898ms] [ERROR] Failed to load resource: Could not connect to the server. @ http://localhost:4401/dashboard/alerts?limit=6:0
[  586912ms] [ERROR] Failed to load resource: Could not connect to the server. @ http://localhost:4401/api/billing/ai-credits/summary:0
[  587510ms] [ERROR] Failed to load resource: Could not connect to the server. @ http://localhost:4401/dashboard/overview:0
[  587512ms] [ERROR] Failed to load resource: Could not connect to the server. @ http://localhost:4401/dashboard/alerts?limit=6:0
[  587515ms] [ERROR] Failed to load resource: Could not connect to the server. @ http://localhost:4401/api/billing/ai-credits/summary:0
[  616718ms] [ERROR] Failed to load resource: Could not connect to the server. @ http://localhost:4401/api/billing/ai-credits/summary:0
[  616930ms] [ERROR] Failed to load resource: Could not connect to the server. @ http://localhost:4401/api/billing/ai-credits/summary:0
[  617543ms] [ERROR] Failed to load resource: Could not connect to the server. @ http://localhost:4401/api/billing/ai-credits/summary:0
[  646687ms] [ERROR] Failed to load resource: Could not connect to the server. @ http://localhost:4401/dashboard/overview:0
[  646688ms] [ERROR] Failed to load resource: Could not connect to the server. @ http://localhost:4401/dashboard/alerts?limit=6:0
[  646714ms] [ERROR] Failed to load resource: Could not connect to the server. @ http://localhost:4401/api/billing/ai-credits/summary:0
[  646898ms] [ERROR] Failed to load resource: Could not connect to the server. @ http://localhost:4401/dashboard/overview:0
[  646899ms] [ERROR] Failed to load resource: Could not connect to the server. @ http://localhost:4401/dashboard/alerts?limit=6:0
[  646922ms] [ERROR] Failed to load resource: Could not connect to the server. @ http://localhost:4401/api/billing/ai-credits/summary:0
[  647511ms] [ERROR] Failed to load resource: Could not connect to the server. @ http://localhost:4401/dashboard/overview:0
[  647512ms] [ERROR] Failed to load resource: Could not connect to the server. @ http://localhost:4401/dashboard/alerts?limit=6:0
[  647528ms] [ERROR] Failed to load resource: Could not connect to the server. @ http://localhost:4401/api/billing/ai-credits/summary:0
[  676726ms] [ERROR] Failed to load resource: Could not connect to the server. @ http://localhost:4401/api/billing/ai-credits/summary:0
[  676936ms] [ERROR] Failed to load resource: Could not connect to the server. @ http://localhost:4401/api/billing/ai-credits/summary:0
[  677551ms] [ERROR] Failed to load resource: Could not connect to the server. @ http://localhost:4401/api/billing/ai-credits/summary:0
[  706689ms] [ERROR] Failed to load resource: Could not connect to the server. @ http://localhost:4401/dashboard/overview:0
[  706689ms] [ERROR] Failed to load resource: Could not connect to the server. @ http://localhost:4401/dashboard/alerts?limit=6:0
[  706724ms] [ERROR] Failed to load resource: Could not connect to the server. @ http://localhost:4401/api/billing/ai-credits/summary:0
[  706900ms] [ERROR] Failed to load resource: Could not connect to the server. @ http://localhost:4401/dashboard/overview:0
[  706901ms] [ERROR] Failed to load resource: Could not connect to the server. @ http://localhost:4401/dashboard/alerts?limit=6:0
[  706932ms] [ERROR] Failed to load resource: Could not connect to the server. @ http://localhost:4401/api/billing/ai-credits/summary:0
[  707506ms] [ERROR] Failed to load resource: Could not connect to the server. @ http://localhost:4401/dashboard/overview:0
[  707507ms] [ERROR] Failed to load resource: Could not connect to the server. @ http://localhost:4401/dashboard/alerts?limit=6:0
[  707538ms] [ERROR] Failed to load resource: Could not connect to the server. @ http://localhost:4401/api/billing/ai-credits/summary:0
[  736733ms] [ERROR] Failed to load resource: Could not connect to the server. @ http://localhost:4401/api/billing/ai-credits/summary:0
[  736945ms] [ERROR] Failed to load resource: Could not connect to the server. @ http://localhost:4401/api/billing/ai-credits/summary:0
[  737556ms] [ERROR] Failed to load resource: Could not connect to the server. @ http://localhost:4401/api/billing/ai-credits/summary:0
[  766695ms] [ERROR] Failed to load resource: Could not connect to the server. @ http://localhost:4401/dashboard/overview:0
[  766696ms] [ERROR] Failed to load resource: Could not connect to the server. @ http://localhost:4401/dashboard/alerts?limit=6:0
[  766732ms] [ERROR] Failed to load resource: Could not connect to the server. @ http://localhost:4401/api/billing/ai-credits/summary:0
[  766908ms] [ERROR] Failed to load resource: Could not connect to the server. @ http://localhost:4401/dashboard/overview:0
[  766910ms] [ERROR] Failed to load resource: Could not connect to the server. @ http://localhost:4401/dashboard/alerts?limit=6:0
[  766938ms] [ERROR] Failed to load resource: Could not connect to the server. @ http://localhost:4401/api/billing/ai-credits/summary:0
[  767522ms] [ERROR] Failed to load resource: Could not connect to the server. @ http://localhost:4401/dashboard/overview:0
[  767523ms] [ERROR] Failed to load resource: Could not connect to the server. @ http://localhost:4401/dashboard/alerts?limit=6:0
[  767544ms] [ERROR] Failed to load resource: Could not connect to the server. @ http://localhost:4401/api/billing/ai-credits/summary:0
[  796742ms] [ERROR] Failed to load resource: Could not connect to the server. @ http://localhost:4401/api/billing/ai-credits/summary:0
[  796953ms] [ERROR] Failed to load resource: Could not connect to the server. @ http://localhost:4401/api/billing/ai-credits/summary:0
[  797563ms] [ERROR] Failed to load resource: Could not connect to the server. @ http://localhost:4401/api/billing/ai-credits/summary:0
[  826702ms] [ERROR] Failed to load resource: Could not connect to the server. @ http://localhost:4401/dashboard/overview:0
[  826703ms] [ERROR] Failed to load resource: Could not connect to the server. @ http://localhost:4401/dashboard/alerts?limit=6:0
[  826740ms] [ERROR] Failed to load resource: Could not connect to the server. @ http://localhost:4401/api/billing/ai-credits/summary:0
[  826916ms] [ERROR] Failed to load resource: Could not connect to the server. @ http://localhost:4401/dashboard/overview:0
[  826917ms] [ERROR] Failed to load resource: Could not connect to the server. @ http://localhost:4401/dashboard/alerts?limit=6:0
[  826945ms] [ERROR] Failed to load resource: Could not connect to the server. @ http://localhost:4401/api/billing/ai-credits/summary:0
[  827529ms] [ERROR] Failed to load resource: Could not connect to the server. @ http://localhost:4401/dashboard/overview:0
[  827530ms] [ERROR] Failed to load resource: Could not connect to the server. @ http://localhost:4401/dashboard/alerts?limit=6:0
[  827550ms] [ERROR] Failed to load resource: Could not connect to the server. @ http://localhost:4401/api/billing/ai-credits/summary:0
[  856751ms] [ERROR] Failed to load resource: Could not connect to the server. @ http://localhost:4401/api/billing/ai-credits/summary:0
[  856966ms] [ERROR] Failed to load resource: Could not connect to the server. @ http://localhost:4401/api/billing/ai-credits/summary:0
[  857579ms] [ERROR] Failed to load resource: Could not connect to the server. @ http://localhost:4401/api/billing/ai-credits/summary:0
[  886707ms] [ERROR] Failed to load resource: Could not connect to the server. @ http://localhost:4401/dashboard/overview:0
[  886708ms] [ERROR] Failed to load resource: Could not connect to the server. @ http://localhost:4401/dashboard/alerts?limit=6:0
[  886746ms] [ERROR] Failed to load resource: Could not connect to the server. @ http://localhost:4401/api/billing/ai-credits/summary:0
[  886919ms] [ERROR] Failed to load resource: Could not connect to the server. @ http://localhost:4401/dashboard/overview:0
[  886920ms] [ERROR] Failed to load resource: Could not connect to the server. @ http://localhost:4401/dashboard/alerts?limit=6:0
[  886952ms] [ERROR] Failed to load resource: Could not connect to the server. @ http://localhost:4401/api/billing/ai-credits/summary:0
[  887529ms] [ERROR] Failed to load resource: Could not connect to the server. @ http://localhost:4401/dashboard/overview:0
[  887531ms] [ERROR] Failed to load resource: Could not connect to the server. @ http://localhost:4401/dashboard/alerts?limit=6:0
[  887558ms] [ERROR] Failed to load resource: Could not connect to the server. @ http://localhost:4401/api/billing/ai-credits/summary:0
[  916756ms] [ERROR] Failed to load resource: Could not connect to the server. @ http://localhost:4401/api/billing/ai-credits/summary:0
[  916967ms] [ERROR] Failed to load resource: Could not connect to the server. @ http://localhost:4401/api/billing/ai-credits/summary:0
[  917572ms] [ERROR] Failed to load resource: Could not connect to the server. @ http://localhost:4401/api/billing/ai-credits/summary:0
[  946709ms] [ERROR] Failed to load resource: Could not connect to the server. @ http://localhost:4401/dashboard/overview:0
[  946710ms] [ERROR] Failed to load resource: Could not connect to the server. @ http://localhost:4401/dashboard/alerts?limit=6:0
[  946763ms] [ERROR] Failed to load resource: Could not connect to the server. @ http://localhost:4401/api/billing/ai-credits/summary:0
[  946921ms] [ERROR] Failed to load resource: Could not connect to the server. @ http://localhost:4401/dashboard/overview:0
[  946922ms] [ERROR] Failed to load resource: Could not connect to the server. @ http://localhost:4401/dashboard/alerts?limit=6:0
[  946972ms] [ERROR] Failed to load resource: Could not connect to the server. @ http://localhost:4401/api/billing/ai-credits/summary:0
[  947533ms] [ERROR] Failed to load resource: Could not connect to the server. @ http://localhost:4401/dashboard/overview:0
[  947534ms] [ERROR] Failed to load resource: Could not connect to the server. @ http://localhost:4401/dashboard/alerts?limit=6:0
[  947582ms] [ERROR] Failed to load resource: Could not connect to the server. @ http://localhost:4401/api/billing/ai-credits/summary:0
[  976770ms] [ERROR] Failed to load resource: Could not connect to the server. @ http://localhost:4401/api/billing/ai-credits/summary:0
[  976982ms] [ERROR] Failed to load resource: Could not connect to the server. @ http://localhost:4401/api/billing/ai-credits/summary:0
[  977594ms] [ERROR] Failed to load resource: Could not connect to the server. @ http://localhost:4401/api/billing/ai-credits/summary:0
[ 1006714ms] [ERROR] Failed to load resource: Could not connect to the server. @ http://localhost:4401/dashboard/overview:0
[ 1006715ms] [ERROR] Failed to load resource: Could not connect to the server. @ http://localhost:4401/dashboard/alerts?limit=6:0
[ 1006768ms] [ERROR] Failed to load resource: Could not connect to the server. @ http://localhost:4401/api/billing/ai-credits/summary:0
[ 1006926ms] [ERROR] Failed to load resource: Could not connect to the server. @ http://localhost:4401/dashboard/overview:0
[ 1006927ms] [ERROR] Failed to load resource: Could not connect to the server. @ http://localhost:4401/dashboard/alerts?limit=6:0
[ 1006980ms] [ERROR] Failed to load resource: Could not connect to the server. @ http://localhost:4401/api/billing/ai-credits/summary:0
[ 1007540ms] [ERROR] Failed to load resource: Could not connect to the server. @ http://localhost:4401/dashboard/overview:0
[ 1007541ms] [ERROR] Failed to load resource: Could not connect to the server. @ http://localhost:4401/dashboard/alerts?limit=6:0
[ 1007589ms] [ERROR] Failed to load resource: Could not connect to the server. @ http://localhost:4401/api/billing/ai-credits/summary:0
[ 1036766ms] [ERROR] Failed to load resource: Could not connect to the server. @ http://localhost:4401/api/billing/ai-credits/summary:0
[ 1036977ms] [ERROR] Failed to load resource: Could not connect to the server. @ http://localhost:4401/api/billing/ai-credits/summary:0
[ 1037582ms] [ERROR] Failed to load resource: Could not connect to the server. @ http://localhost:4401/api/billing/ai-credits/summary:0
[ 1066715ms] [ERROR] Failed to load resource: Could not connect to the server. @ http://localhost:4401/dashboard/overview:0
[ 1066717ms] [ERROR] Failed to load resource: Could not connect to the server. @ http://localhost:4401/dashboard/alerts?limit=6:0
[ 1066777ms] [ERROR] Failed to load resource: Could not connect to the server. @ http://localhost:4401/api/billing/ai-credits/summary:0
[ 1066928ms] [ERROR] Failed to load resource: Could not connect to the server. @ http://localhost:4401/dashboard/overview:0
[ 1066929ms] [ERROR] Failed to load resource: Could not connect to the server. @ http://localhost:4401/dashboard/alerts?limit=6:0
[ 1066986ms] [ERROR] Failed to load resource: Could not connect to the server. @ http://localhost:4401/api/billing/ai-credits/summary:0
[ 1067536ms] [ERROR] Failed to load resource: Could not connect to the server. @ http://localhost:4401/dashboard/overview:0
[ 1067538ms] [ERROR] Failed to load resource: Could not connect to the server. @ http://localhost:4401/dashboard/alerts?limit=6:0
[ 1067597ms] [ERROR] Failed to load resource: Could not connect to the server. @ http://localhost:4401/api/billing/ai-credits/summary:0
[ 1096784ms] [ERROR] Failed to load resource: Could not connect to the server. @ http://localhost:4401/api/billing/ai-credits/summary:0
[ 1096996ms] [ERROR] Failed to load resource: Could not connect to the server. @ http://localhost:4401/api/billing/ai-credits/summary:0
[ 1097607ms] [ERROR] Failed to load resource: Could not connect to the server. @ http://localhost:4401/api/billing/ai-credits/summary:0
[ 1126721ms] [ERROR] Failed to load resource: Could not connect to the server. @ http://localhost:4401/dashboard/overview:0
[ 1126722ms] [ERROR] Failed to load resource: Could not connect to the server. @ http://localhost:4401/dashboard/alerts?limit=6:0
[ 1126786ms] [ERROR] Failed to load resource: Could not connect to the server. @ http://localhost:4401/api/billing/ai-credits/summary:0
[ 1126934ms] [ERROR] Failed to load resource: Could not connect to the server. @ http://localhost:4401/dashboard/overview:0
[ 1126936ms] [ERROR] Failed to load resource: Could not connect to the server. @ http://localhost:4401/dashboard/alerts?limit=6:0
[ 1126995ms] [ERROR] Failed to load resource: Could not connect to the server. @ http://localhost:4401/api/billing/ai-credits/summary:0
[ 1127541ms] [ERROR] Failed to load resource: Could not connect to the server. @ http://localhost:4401/dashboard/overview:0
[ 1127542ms] [ERROR] Failed to load resource: Could not connect to the server. @ http://localhost:4401/dashboard/alerts?limit=6:0
[ 1127600ms] [ERROR] Failed to load resource: Could not connect to the server. @ http://localhost:4401/api/billing/ai-credits/summary:0
[ 1156795ms] [ERROR] Failed to load resource: Could not connect to the server. @ http://localhost:4401/api/billing/ai-credits/summary:0
[ 1157007ms] [ERROR] Failed to load resource: Could not connect to the server. @ http://localhost:4401/api/billing/ai-credits/summary:0
[ 1157615ms] [ERROR] Failed to load resource: Could not connect to the server. @ http://localhost:4401/api/billing/ai-credits/summary:0
[ 1186741ms] [ERROR] Failed to load resource: Could not connect to the server. @ http://localhost:4401/dashboard/overview:0
[ 1186742ms] [ERROR] Failed to load resource: Could not connect to the server. @ http://localhost:4401/dashboard/alerts?limit=6:0
[ 1186812ms] [ERROR] Failed to load resource: Could not connect to the server. @ http://localhost:4401/api/billing/ai-credits/summary:0
[ 1186947ms] [ERROR] Failed to load resource: Could not connect to the server. @ http://localhost:4401/dashboard/overview:0
[ 1186949ms] [ERROR] Failed to load resource: Could not connect to the server. @ http://localhost:4401/dashboard/alerts?limit=6:0
[ 1187023ms] [ERROR] Failed to load resource: Could not connect to the server. @ http://localhost:4401/api/billing/ai-credits/summary:0
[ 1187561ms] [ERROR] Failed to load resource: Could not connect to the server. @ http://localhost:4401/dashboard/overview:0
[ 1187562ms] [ERROR] Failed to load resource: Could not connect to the server. @ http://localhost:4401/dashboard/alerts?limit=6:0
[ 1187634ms] [ERROR] Failed to load resource: Could not connect to the server. @ http://localhost:4401/api/billing/ai-credits/summary:0
[ 1216824ms] [ERROR] Failed to load resource: Could not connect to the server. @ http://localhost:4401/api/billing/ai-credits/summary:0
[ 1217034ms] [ERROR] Failed to load resource: Could not connect to the server. @ http://localhost:4401/api/billing/ai-credits/summary:0
[ 1217638ms] [ERROR] Failed to load resource: Could not connect to the server. @ http://localhost:4401/api/billing/ai-credits/summary:0
[ 1246741ms] [ERROR] Failed to load resource: Could not connect to the server. @ http://localhost:4401/dashboard/overview:0
[ 1246742ms] [ERROR] Failed to load resource: Could not connect to the server. @ http://localhost:4401/dashboard/alerts?limit=6:0
[ 1246818ms] [ERROR] Failed to load resource: Could not connect to the server. @ http://localhost:4401/api/billing/ai-credits/summary:0
[ 1246944ms] [ERROR] Failed to load resource: Could not connect to the server. @ http://localhost:4401/dashboard/overview:0
[ 1246945ms] [ERROR] Failed to load resource: Could not connect to the server. @ http://localhost:4401/dashboard/alerts?limit=6:0
[ 1247022ms] [ERROR] Failed to load resource: Could not connect to the server. @ http://localhost:4401/api/billing/ai-credits/summary:0
[ 1247559ms] [ERROR] Failed to load resource: Could not connect to the server. @ http://localhost:4401/dashboard/overview:0
[ 1247561ms] [ERROR] Failed to load resource: Could not connect to the server. @ http://localhost:4401/dashboard/alerts?limit=6:0
[ 1247635ms] [ERROR] Failed to load resource: Could not connect to the server. @ http://localhost:4401/api/billing/ai-credits/summary:0
[ 1276830ms] [ERROR] Failed to load resource: Could not connect to the server. @ http://localhost:4401/api/billing/ai-credits/summary:0
[ 1277043ms] [ERROR] Failed to load resource: Could not connect to the server. @ http://localhost:4401/api/billing/ai-credits/summary:0
[ 1277654ms] [ERROR] Failed to load resource: Could not connect to the server. @ http://localhost:4401/api/billing/ai-credits/summary:0
[ 1306753ms] [ERROR] Failed to load resource: Could not connect to the server. @ http://localhost:4401/dashboard/overview:0
[ 1306754ms] [ERROR] Failed to load resource: Could not connect to the server. @ http://localhost:4401/dashboard/alerts?limit=6:0
[ 1306832ms] [ERROR] Failed to load resource: Could not connect to the server. @ http://localhost:4401/api/billing/ai-credits/summary:0
[ 1306967ms] [ERROR] Failed to load resource: Could not connect to the server. @ http://localhost:4401/dashboard/overview:0
[ 1306968ms] [ERROR] Failed to load resource: Could not connect to the server. @ http://localhost:4401/dashboard/alerts?limit=6:0
[ 1307046ms] [ERROR] Failed to load resource: Could not connect to the server. @ http://localhost:4401/api/billing/ai-credits/summary:0
[ 1307581ms] [ERROR] Failed to load resource: Could not connect to the server. @ http://localhost:4401/dashboard/overview:0
[ 1307581ms] [ERROR] Failed to load resource: Could not connect to the server. @ http://localhost:4401/dashboard/alerts?limit=6:0
[ 1307658ms] [ERROR] Failed to load resource: Could not connect to the server. @ http://localhost:4401/api/billing/ai-credits/summary:0
[ 1336837ms] [ERROR] Failed to load resource: Could not connect to the server. @ http://localhost:4401/api/billing/ai-credits/summary:0
[ 1337048ms] [ERROR] Failed to load resource: Could not connect to the server. @ http://localhost:4401/api/billing/ai-credits/summary:0
[ 1337653ms] [ERROR] Failed to load resource: Could not connect to the server. @ http://localhost:4401/api/billing/ai-credits/summary:0
[ 1366758ms] [ERROR] Failed to load resource: Could not connect to the server. @ http://localhost:4401/dashboard/overview:0
[ 1366759ms] [ERROR] Failed to load resource: Could not connect to the server. @ http://localhost:4401/dashboard/alerts?limit=6:0
[ 1366841ms] [ERROR] Failed to load resource: Could not connect to the server. @ http://localhost:4401/api/billing/ai-credits/summary:0
[ 1366972ms] [ERROR] Failed to load resource: Could not connect to the server. @ http://localhost:4401/dashboard/overview:0
[ 1366973ms] [ERROR] Failed to load resource: Could not connect to the server. @ http://localhost:4401/dashboard/alerts?limit=6:0
[ 1367053ms] [ERROR] Failed to load resource: Could not connect to the server. @ http://localhost:4401/api/billing/ai-credits/summary:0
[ 1367586ms] [ERROR] Failed to load resource: Could not connect to the server. @ http://localhost:4401/dashboard/overview:0
[ 1367587ms] [ERROR] Failed to load resource: Could not connect to the server. @ http://localhost:4401/dashboard/alerts?limit=6:0
[ 1367662ms] [ERROR] Failed to load resource: Could not connect to the server. @ http://localhost:4401/api/billing/ai-credits/summary:0
[ 1396849ms] [ERROR] Failed to load resource: Could not connect to the server. @ http://localhost:4401/api/billing/ai-credits/summary:0
[ 1397062ms] [ERROR] Failed to load resource: Could not connect to the server. @ http://localhost:4401/api/billing/ai-credits/summary:0
[ 1397672ms] [ERROR] Failed to load resource: Could not connect to the server. @ http://localhost:4401/api/billing/ai-credits/summary:0
[ 1426766ms] [ERROR] Failed to load resource: Could not connect to the server. @ http://localhost:4401/dashboard/overview:0
[ 1426768ms] [ERROR] Failed to load resource: Could not connect to the server. @ http://localhost:4401/dashboard/alerts?limit=6:0
[ 1426851ms] [ERROR] Failed to load resource: Could not connect to the server. @ http://localhost:4401/api/billing/ai-credits/summary:0
[ 1426979ms] [ERROR] Failed to load resource: Could not connect to the server. @ http://localhost:4401/dashboard/overview:0
[ 1426980ms] [ERROR] Failed to load resource: Could not connect to the server. @ http://localhost:4401/dashboard/alerts?limit=6:0
[ 1427062ms] [ERROR] Failed to load resource: Could not connect to the server. @ http://localhost:4401/api/billing/ai-credits/summary:0
[ 1427586ms] [ERROR] Failed to load resource: Could not connect to the server. @ http://localhost:4401/dashboard/overview:0
[ 1427587ms] [ERROR] Failed to load resource: Could not connect to the server. @ http://localhost:4401/dashboard/alerts?limit=6:0
[ 1427668ms] [ERROR] Failed to load resource: Could not connect to the server. @ http://localhost:4401/api/billing/ai-credits/summary:0
[ 1456855ms] [ERROR] Failed to load resource: Could not connect to the server. @ http://localhost:4401/api/billing/ai-credits/summary:0
[ 1457067ms] [ERROR] Failed to load resource: Could not connect to the server. @ http://localhost:4401/api/billing/ai-credits/summary:0
[ 1457671ms] [ERROR] Failed to load resource: Could not connect to the server. @ http://localhost:4401/api/billing/ai-credits/summary:0
[ 1486787ms] [ERROR] Failed to load resource: Could not connect to the server. @ http://localhost:4401/dashboard/overview:0
[ 1486787ms] [ERROR] Failed to load resource: Could not connect to the server. @ http://localhost:4401/dashboard/alerts?limit=6:0
[ 1486852ms] [ERROR] Failed to load resource: Could not connect to the server. @ http://localhost:4401/api/billing/ai-credits/summary:0
[ 1486996ms] [ERROR] Failed to load resource: Could not connect to the server. @ http://localhost:4401/dashboard/overview:0
[ 1486997ms] [ERROR] Failed to load resource: Could not connect to the server. @ http://localhost:4401/dashboard/alerts?limit=6:0
[ 1487061ms] [ERROR] Failed to load resource: Could not connect to the server. @ http://localhost:4401/api/billing/ai-credits/summary:0
[ 1487609ms] [ERROR] Failed to load resource: Could not connect to the server. @ http://localhost:4401/dashboard/overview:0
[ 1487610ms] [ERROR] Failed to load resource: Could not connect to the server. @ http://localhost:4401/dashboard/alerts?limit=6:0
[ 1487669ms] [ERROR] Failed to load resource: Could not connect to the server. @ http://localhost:4401/api/billing/ai-credits/summary:0
[ 1516865ms] [ERROR] Failed to load resource: Could not connect to the server. @ http://localhost:4401/api/billing/ai-credits/summary:0
[ 1517076ms] [ERROR] Failed to load resource: Could not connect to the server. @ http://localhost:4401/api/billing/ai-credits/summary:0
[ 1517682ms] [ERROR] Failed to load resource: Could not connect to the server. @ http://localhost:4401/api/billing/ai-credits/summary:0
[ 1546776ms] [ERROR] Failed to load resource: Could not connect to the server. @ http://localhost:4401/dashboard/overview:0
[ 1546777ms] [ERROR] Failed to load resource: Could not connect to the server. @ http://localhost:4401/dashboard/alerts?limit=6:0
[ 1546868ms] [ERROR] Failed to load resource: Could not connect to the server. @ http://localhost:4401/api/billing/ai-credits/summary:0
[ 1546989ms] [ERROR] Failed to load resource: Could not connect to the server. @ http://localhost:4401/dashboard/overview:0
[ 1546990ms] [ERROR] Failed to load resource: Could not connect to the server. @ http://localhost:4401/dashboard/alerts?limit=6:0
[ 1547079ms] [ERROR] Failed to load resource: Could not connect to the server. @ http://localhost:4401/api/billing/ai-credits/summary:0
[ 1547599ms] [ERROR] Failed to load resource: Could not connect to the server. @ http://localhost:4401/dashboard/overview:0
[ 1547600ms] [ERROR] Failed to load resource: Could not connect to the server. @ http://localhost:4401/dashboard/alerts?limit=6:0
[ 1547686ms] [ERROR] Failed to load resource: Could not connect to the server. @ http://localhost:4401/api/billing/ai-credits/summary:0
[ 1576875ms] [ERROR] Failed to load resource: Could not connect to the server. @ http://localhost:4401/api/billing/ai-credits/summary:0
[ 1577086ms] [ERROR] Failed to load resource: Could not connect to the server. @ http://localhost:4401/api/billing/ai-credits/summary:0
[ 1577698ms] [ERROR] Failed to load resource: Could not connect to the server. @ http://localhost:4401/api/billing/ai-credits/summary:0
[ 1606778ms] [ERROR] Failed to load resource: Could not connect to the server. @ http://localhost:4401/dashboard/overview:0
[ 1606779ms] [ERROR] Failed to load resource: Could not connect to the server. @ http://localhost:4401/dashboard/alerts?limit=6:0
[ 1606876ms] [ERROR] Failed to load resource: Could not connect to the server. @ http://localhost:4401/api/billing/ai-credits/summary:0
[ 1606992ms] [ERROR] Failed to load resource: Could not connect to the server. @ http://localhost:4401/dashboard/overview:0
[ 1606993ms] [ERROR] Failed to load resource: Could not connect to the server. @ http://localhost:4401/dashboard/alerts?limit=6:0
[ 1607088ms] [ERROR] Failed to load resource: Could not connect to the server. @ http://localhost:4401/api/billing/ai-credits/summary:0
[ 1607603ms] [ERROR] Failed to load resource: Could not connect to the server. @ http://localhost:4401/dashboard/overview:0
[ 1607604ms] [ERROR] Failed to load resource: Could not connect to the server. @ http://localhost:4401/dashboard/alerts?limit=6:0
[ 1607702ms] [ERROR] Failed to load resource: Could not connect to the server. @ http://localhost:4401/api/billing/ai-credits/summary:0
[ 1636882ms] [ERROR] Failed to load resource: Could not connect to the server. @ http://localhost:4401/api/billing/ai-credits/summary:0
[ 1637094ms] [ERROR] Failed to load resource: Could not connect to the server. @ http://localhost:4401/api/billing/ai-credits/summary:0
[ 1637703ms] [ERROR] Failed to load resource: Could not connect to the server. @ http://localhost:4401/api/billing/ai-credits/summary:0
[ 1666782ms] [ERROR] Failed to load resource: Could not connect to the server. @ http://localhost:4401/dashboard/overview:0
[ 1666784ms] [ERROR] Failed to load resource: Could not connect to the server. @ http://localhost:4401/dashboard/alerts?limit=6:0
[ 1666884ms] [ERROR] Failed to load resource: Could not connect to the server. @ http://localhost:4401/api/billing/ai-credits/summary:0
[ 1666996ms] [ERROR] Failed to load resource: Could not connect to the server. @ http://localhost:4401/dashboard/overview:0
[ 1666998ms] [ERROR] Failed to load resource: Could not connect to the server. @ http://localhost:4401/dashboard/alerts?limit=6:0
[ 1667092ms] [ERROR] Failed to load resource: Could not connect to the server. @ http://localhost:4401/api/billing/ai-credits/summary:0
[ 1667610ms] [ERROR] Failed to load resource: Could not connect to the server. @ http://localhost:4401/dashboard/overview:0
[ 1667611ms] [ERROR] Failed to load resource: Could not connect to the server. @ http://localhost:4401/dashboard/alerts?limit=6:0
[ 1667703ms] [ERROR] Failed to load resource: Could not connect to the server. @ http://localhost:4401/api/billing/ai-credits/summary:0
[ 1696890ms] [ERROR] Failed to load resource: Could not connect to the server. @ http://localhost:4401/api/billing/ai-credits/summary:0
[ 1697102ms] [ERROR] Failed to load resource: Could not connect to the server. @ http://localhost:4401/api/billing/ai-credits/summary:0
[ 1697714ms] [ERROR] Failed to load resource: Could not connect to the server. @ http://localhost:4401/api/billing/ai-credits/summary:0
[ 1726786ms] [ERROR] Failed to load resource: Could not connect to the server. @ http://localhost:4401/dashboard/overview:0
[ 1726787ms] [ERROR] Failed to load resource: Could not connect to the server. @ http://localhost:4401/dashboard/alerts?limit=6:0
[ 1726892ms] [ERROR] Failed to load resource: Could not connect to the server. @ http://localhost:4401/api/billing/ai-credits/summary:0
[ 1726999ms] [ERROR] Failed to load resource: Could not connect to the server. @ http://localhost:4401/dashboard/overview:0
[ 1727000ms] [ERROR] Failed to load resource: Could not connect to the server. @ http://localhost:4401/dashboard/alerts?limit=6:0
[ 1727104ms] [ERROR] Failed to load resource: Could not connect to the server. @ http://localhost:4401/api/billing/ai-credits/summary:0
[ 1727604ms] [ERROR] Failed to load resource: Could not connect to the server. @ http://localhost:4401/dashboard/overview:0
[ 1727605ms] [ERROR] Failed to load resource: Could not connect to the server. @ http://localhost:4401/dashboard/alerts?limit=6:0
[ 1727709ms] [ERROR] Failed to load resource: Could not connect to the server. @ http://localhost:4401/api/billing/ai-credits/summary:0
[ 1756899ms] [ERROR] Failed to load resource: Could not connect to the server. @ http://localhost:4401/api/billing/ai-credits/summary:0
[ 1757111ms] [ERROR] Failed to load resource: Could not connect to the server. @ http://localhost:4401/api/billing/ai-credits/summary:0
[ 1757724ms] [ERROR] Failed to load resource: Could not connect to the server. @ http://localhost:4401/api/billing/ai-credits/summary:0
[ 1786792ms] [ERROR] Failed to load resource: Could not connect to the server. @ http://localhost:4401/dashboard/overview:0
[ 1786793ms] [ERROR] Failed to load resource: Could not connect to the server. @ http://localhost:4401/dashboard/alerts?limit=6:0
[ 1786901ms] [ERROR] Failed to load resource: Could not connect to the server. @ http://localhost:4401/api/billing/ai-credits/summary:0
[ 1787004ms] [ERROR] Failed to load resource: Could not connect to the server. @ http://localhost:4401/dashboard/overview:0
[ 1787006ms] [ERROR] Failed to load resource: Could not connect to the server. @ http://localhost:4401/dashboard/alerts?limit=6:0
[ 1787112ms] [ERROR] Failed to load resource: Could not connect to the server. @ http://localhost:4401/api/billing/ai-credits/summary:0
[ 1787618ms] [ERROR] Failed to load resource: Could not connect to the server. @ http://localhost:4401/dashboard/overview:0
[ 1787619ms] [ERROR] Failed to load resource: Could not connect to the server. @ http://localhost:4401/dashboard/alerts?limit=6:0
[ 1787723ms] [ERROR] Failed to load resource: Could not connect to the server. @ http://localhost:4401/api/billing/ai-credits/summary:0
[ 1816909ms] [ERROR] Failed to load resource: Could not connect to the server. @ http://localhost:4401/api/billing/ai-credits/summary:0
[ 1817121ms] [ERROR] Failed to load resource: Could not connect to the server. @ http://localhost:4401/api/billing/ai-credits/summary:0
[ 1817731ms] [ERROR] Failed to load resource: Could not connect to the server. @ http://localhost:4401/api/billing/ai-credits/summary:0
[ 1846791ms] [ERROR] Failed to load resource: Could not connect to the server. @ http://localhost:4401/dashboard/overview:0
[ 1846792ms] [ERROR] Failed to load resource: Could not connect to the server. @ http://localhost:4401/dashboard/alerts?limit=6:0
[ 1846904ms] [ERROR] Failed to load resource: Could not connect to the server. @ http://localhost:4401/api/billing/ai-credits/summary:0
[ 1846996ms] [ERROR] Failed to load resource: Could not connect to the server. @ http://localhost:4401/dashboard/overview:0
[ 1846996ms] [ERROR] Failed to load resource: Could not connect to the server. @ http://localhost:4401/dashboard/alerts?limit=6:0
[ 1847110ms] [ERROR] Failed to load resource: Could not connect to the server. @ http://localhost:4401/api/billing/ai-credits/summary:0
[ 1847610ms] [ERROR] Failed to load resource: Could not connect to the server. @ http://localhost:4401/dashboard/overview:0
[ 1847611ms] [ERROR] Failed to load resource: Could not connect to the server. @ http://localhost:4401/dashboard/alerts?limit=6:0
[ 1847721ms] [ERROR] Failed to load resource: Could not connect to the server. @ http://localhost:4401/api/billing/ai-credits/summary:0
[ 1876918ms] [ERROR] Failed to load resource: Could not connect to the server. @ http://localhost:4401/api/billing/ai-credits/summary:0
[ 1877131ms] [ERROR] Failed to load resource: Could not connect to the server. @ http://localhost:4401/api/billing/ai-credits/summary:0
[ 1877743ms] [ERROR] Failed to load resource: Could not connect to the server. @ http://localhost:4401/api/billing/ai-credits/summary:0
[ 1906791ms] [ERROR] Failed to load resource: Could not connect to the server. @ http://localhost:4401/dashboard/overview:0
[ 1906792ms] [ERROR] Failed to load resource: Could not connect to the server. @ http://localhost:4401/dashboard/alerts?limit=6:0
[ 1906914ms] [ERROR] Failed to load resource: Could not connect to the server. @ http://localhost:4401/api/billing/ai-credits/summary:0
[ 1907004ms] [ERROR] Failed to load resource: Could not connect to the server. @ http://localhost:4401/dashboard/overview:0
[ 1907005ms] [ERROR] Failed to load resource: Could not connect to the server. @ http://localhost:4401/dashboard/alerts?limit=6:0
[ 1907125ms] [ERROR] Failed to load resource: Could not connect to the server. @ http://localhost:4401/api/billing/ai-credits/summary:0
[ 1907610ms] [ERROR] Failed to load resource: Could not connect to the server. @ http://localhost:4401/dashboard/overview:0
[ 1907611ms] [ERROR] Failed to load resource: Could not connect to the server. @ http://localhost:4401/dashboard/alerts?limit=6:0
[ 1907730ms] [ERROR] Failed to load resource: Could not connect to the server. @ http://localhost:4401/api/billing/ai-credits/summary:0
[ 1936925ms] [ERROR] Failed to load resource: Could not connect to the server. @ http://localhost:4401/api/billing/ai-credits/summary:0
[ 1937136ms] [ERROR] Failed to load resource: Could not connect to the server. @ http://localhost:4401/api/billing/ai-credits/summary:0
[ 1937750ms] [ERROR] Failed to load resource: Could not connect to the server. @ http://localhost:4401/api/billing/ai-credits/summary:0
[ 1966810ms] [ERROR] Failed to load resource: Could not connect to the server. @ http://localhost:4401/dashboard/overview:0
[ 1966810ms] [ERROR] Failed to load resource: Could not connect to the server. @ http://localhost:4401/dashboard/alerts?limit=6:0
[ 1966928ms] [ERROR] Failed to load resource: Could not connect to the server. @ http://localhost:4401/api/billing/ai-credits/summary:0
[ 1967023ms] [ERROR] Failed to load resource: Could not connect to the server. @ http://localhost:4401/dashboard/overview:0
[ 1967024ms] [ERROR] Failed to load resource: Could not connect to the server. @ http://localhost:4401/dashboard/alerts?limit=6:0
[ 1967138ms] [ERROR] Failed to load resource: Could not connect to the server. @ http://localhost:4401/api/billing/ai-credits/summary:0
[ 1967637ms] [ERROR] Failed to load resource: Could not connect to the server. @ http://localhost:4401/dashboard/overview:0
[ 1967638ms] [ERROR] Failed to load resource: Could not connect to the server. @ http://localhost:4401/dashboard/alerts?limit=6:0
[ 1967751ms] [ERROR] Failed to load resource: Could not connect to the server. @ http://localhost:4401/api/billing/ai-credits/summary:0
[ 1996936ms] [ERROR] Failed to load resource: Could not connect to the server. @ http://localhost:4401/api/billing/ai-credits/summary:0
[ 1997146ms] [ERROR] Failed to load resource: Could not connect to the server. @ http://localhost:4401/api/billing/ai-credits/summary:0
[ 1997759ms] [ERROR] Failed to load resource: Could not connect to the server. @ http://localhost:4401/api/billing/ai-credits/summary:0
[ 2026812ms] [ERROR] Failed to load resource: Could not connect to the server. @ http://localhost:4401/dashboard/overview:0
[ 2026813ms] [ERROR] Failed to load resource: Could not connect to the server. @ http://localhost:4401/dashboard/alerts?limit=6:0
[ 2026936ms] [ERROR] Failed to load resource: Could not connect to the server. @ http://localhost:4401/api/billing/ai-credits/summary:0
[ 2027024ms] [ERROR] Failed to load resource: Could not connect to the server. @ http://localhost:4401/dashboard/overview:0
[ 2027026ms] [ERROR] Failed to load resource: Could not connect to the server. @ http://localhost:4401/dashboard/alerts?limit=6:0
[ 2027141ms] [ERROR] Failed to load resource: Could not connect to the server. @ http://localhost:4401/api/billing/ai-credits/summary:0
[ 2027635ms] [ERROR] Failed to load resource: Could not connect to the server. @ http://localhost:4401/dashboard/overview:0
[ 2027637ms] [ERROR] Failed to load resource: Could not connect to the server. @ http://localhost:4401/dashboard/alerts?limit=6:0
[ 2027759ms] [ERROR] Failed to load resource: Could not connect to the server. @ http://localhost:4401/api/billing/ai-credits/summary:0
[ 2056944ms] [ERROR] Failed to load resource: Could not connect to the server. @ http://localhost:4401/api/billing/ai-credits/summary:0
[ 2057153ms] [ERROR] Failed to load resource: Could not connect to the server. @ http://localhost:4401/api/billing/ai-credits/summary:0
[ 2057764ms] [ERROR] Failed to load resource: Could not connect to the server. @ http://localhost:4401/api/billing/ai-credits/summary:0
[ 2086826ms] [ERROR] Failed to load resource: Could not connect to the server. @ http://localhost:4401/dashboard/overview:0
[ 2086827ms] [ERROR] Failed to load resource: Could not connect to the server. @ http://localhost:4401/dashboard/alerts?limit=6:0
[ 2086945ms] [ERROR] Failed to load resource: Could not connect to the server. @ http://localhost:4401/api/billing/ai-credits/summary:0
[ 2087037ms] [ERROR] Failed to load resource: Could not connect to the server. @ http://localhost:4401/dashboard/overview:0
[ 2087038ms] [ERROR] Failed to load resource: Could not connect to the server. @ http://localhost:4401/dashboard/alerts?limit=6:0
[ 2087154ms] [ERROR] Failed to load resource: Could not connect to the server. @ http://localhost:4401/api/billing/ai-credits/summary:0
[ 2087647ms] [ERROR] Failed to load resource: Could not connect to the server. @ http://localhost:4401/dashboard/overview:0
[ 2087648ms] [ERROR] Failed to load resource: Could not connect to the server. @ http://localhost:4401/dashboard/alerts?limit=6:0
[ 2087763ms] [ERROR] Failed to load resource: Could not connect to the server. @ http://localhost:4401/api/billing/ai-credits/summary:0
[ 2116952ms] [ERROR] Failed to load resource: Could not connect to the server. @ http://localhost:4401/api/billing/ai-credits/summary:0
[ 2117165ms] [ERROR] Failed to load resource: Could not connect to the server. @ http://localhost:4401/api/billing/ai-credits/summary:0
[ 2117775ms] [ERROR] Failed to load resource: Could not connect to the server. @ http://localhost:4401/api/billing/ai-credits/summary:0
[ 2146820ms] [ERROR] Failed to load resource: Could not connect to the server. @ http://localhost:4401/dashboard/overview:0
[ 2146821ms] [ERROR] Failed to load resource: Could not connect to the server. @ http://localhost:4401/dashboard/alerts?limit=6:0
[ 2146955ms] [ERROR] Failed to load resource: Could not connect to the server. @ http://localhost:4401/api/billing/ai-credits/summary:0
[ 2147033ms] [ERROR] Failed to load resource: Could not connect to the server. @ http://localhost:4401/dashboard/overview:0
[ 2147035ms] [ERROR] Failed to load resource: Could not connect to the server. @ http://localhost:4401/dashboard/alerts?limit=6:0
[ 2147167ms] [ERROR] Failed to load resource: Could not connect to the server. @ http://localhost:4401/api/billing/ai-credits/summary:0
[ 2147647ms] [ERROR] Failed to load resource: Could not connect to the server. @ http://localhost:4401/dashboard/overview:0
[ 2147648ms] [ERROR] Failed to load resource: Could not connect to the server. @ http://localhost:4401/dashboard/alerts?limit=6:0
[ 2147777ms] [ERROR] Failed to load resource: Could not connect to the server. @ http://localhost:4401/api/billing/ai-credits/summary:0
[ 2176962ms] [ERROR] Failed to load resource: Could not connect to the server. @ http://localhost:4401/api/billing/ai-credits/summary:0
[ 2177176ms] [ERROR] Failed to load resource: Could not connect to the server. @ http://localhost:4401/api/billing/ai-credits/summary:0
[ 2177789ms] [ERROR] Failed to load resource: Could not connect to the server. @ http://localhost:4401/api/billing/ai-credits/summary:0
[ 2206825ms] [ERROR] Failed to load resource: Could not connect to the server. @ http://localhost:4401/dashboard/overview:0
[ 2206826ms] [ERROR] Failed to load resource: Could not connect to the server. @ http://localhost:4401/dashboard/alerts?limit=6:0
[ 2206964ms] [ERROR] Failed to load resource: Could not connect to the server. @ http://localhost:4401/api/billing/ai-credits/summary:0
[ 2207038ms] [ERROR] Failed to load resource: Could not connect to the server. @ http://localhost:4401/dashboard/overview:0
[ 2207039ms] [ERROR] Failed to load resource: Could not connect to the server. @ http://localhost:4401/dashboard/alerts?limit=6:0
[ 2207175ms] [ERROR] Failed to load resource: Could not connect to the server. @ http://localhost:4401/api/billing/ai-credits/summary:0
[ 2207652ms] [ERROR] Failed to load resource: Could not connect to the server. @ http://localhost:4401/dashboard/overview:0
[ 2207654ms] [ERROR] Failed to load resource: Could not connect to the server. @ http://localhost:4401/dashboard/alerts?limit=6:0
[ 2207788ms] [ERROR] Failed to load resource: Could not connect to the server. @ http://localhost:4401/api/billing/ai-credits/summary:0
[ 2236973ms] [ERROR] Failed to load resource: Could not connect to the server. @ http://localhost:4401/api/billing/ai-credits/summary:0
[ 2237184ms] [ERROR] Failed to load resource: Could not connect to the server. @ http://localhost:4401/api/billing/ai-credits/summary:0
[ 2237796ms] [ERROR] Failed to load resource: Could not connect to the server. @ http://localhost:4401/api/billing/ai-credits/summary:0
[ 2266830ms] [ERROR] Failed to load resource: Could not connect to the server. @ http://localhost:4401/dashboard/overview:0
[ 2266831ms] [ERROR] Failed to load resource: Could not connect to the server. @ http://localhost:4401/dashboard/alerts?limit=6:0
[ 2266972ms] [ERROR] Failed to load resource: Could not connect to the server. @ http://localhost:4401/api/billing/ai-credits/summary:0
[ 2267042ms] [ERROR] Failed to load resource: Could not connect to the server. @ http://localhost:4401/dashboard/overview:0
[ 2267043ms] [ERROR] Failed to load resource: Could not connect to the server. @ http://localhost:4401/dashboard/alerts?limit=6:0
[ 2267182ms] [ERROR] Failed to load resource: Could not connect to the server. @ http://localhost:4401/api/billing/ai-credits/summary:0
[ 2267657ms] [ERROR] Failed to load resource: Could not connect to the server. @ http://localhost:4401/dashboard/overview:0
[ 2267658ms] [ERROR] Failed to load resource: Could not connect to the server. @ http://localhost:4401/dashboard/alerts?limit=6:0
[ 2267792ms] [ERROR] Failed to load resource: Could not connect to the server. @ http://localhost:4401/api/billing/ai-credits/summary:0
[ 2296979ms] [ERROR] Failed to load resource: Could not connect to the server. @ http://localhost:4401/api/billing/ai-credits/summary:0
[ 2297191ms] [ERROR] Failed to load resource: Could not connect to the server. @ http://localhost:4401/api/billing/ai-credits/summary:0
[ 2297804ms] [ERROR] Failed to load resource: Could not connect to the server. @ http://localhost:4401/api/billing/ai-credits/summary:0
[ 2326833ms] [ERROR] Failed to load resource: Could not connect to the server. @ http://localhost:4401/dashboard/overview:0
[ 2326834ms] [ERROR] Failed to load resource: Could not connect to the server. @ http://localhost:4401/dashboard/alerts?limit=6:0
[ 2326981ms] [ERROR] Failed to load resource: Could not connect to the server. @ http://localhost:4401/api/billing/ai-credits/summary:0
[ 2327045ms] [ERROR] Failed to load resource: Could not connect to the server. @ http://localhost:4401/dashboard/overview:0
[ 2327046ms] [ERROR] Failed to load resource: Could not connect to the server. @ http://localhost:4401/dashboard/alerts?limit=6:0
[ 2327195ms] [ERROR] Failed to load resource: Could not connect to the server. @ http://localhost:4401/api/billing/ai-credits/summary:0
[ 2327659ms] [ERROR] Failed to load resource: Could not connect to the server. @ http://localhost:4401/dashboard/overview:0
[ 2327660ms] [ERROR] Failed to load resource: Could not connect to the server. @ http://localhost:4401/dashboard/alerts?limit=6:0
[ 2327808ms] [ERROR] Failed to load resource: Could not connect to the server. @ http://localhost:4401/api/billing/ai-credits/summary:0
[ 2356987ms] [ERROR] Failed to load resource: Could not connect to the server. @ http://localhost:4401/api/billing/ai-credits/summary:0
[ 2357200ms] [ERROR] Failed to load resource: Could not connect to the server. @ http://localhost:4401/api/billing/ai-credits/summary:0
[ 2357813ms] [ERROR] Failed to load resource: Could not connect to the server. @ http://localhost:4401/api/billing/ai-credits/summary:0
[ 2386840ms] [ERROR] Failed to load resource: Could not connect to the server. @ http://localhost:4401/dashboard/overview:0
[ 2386841ms] [ERROR] Failed to load resource: Could not connect to the server. @ http://localhost:4401/dashboard/alerts?limit=6:0
[ 2386988ms] [ERROR] Failed to load resource: Could not connect to the server. @ http://localhost:4401/api/billing/ai-credits/summary:0
[ 2387052ms] [ERROR] Failed to load resource: Could not connect to the server. @ http://localhost:4401/dashboard/overview:0
[ 2387054ms] [ERROR] Failed to load resource: Could not connect to the server. @ http://localhost:4401/dashboard/alerts?limit=6:0
[ 2387199ms] [ERROR] Failed to load resource: Could not connect to the server. @ http://localhost:4401/api/billing/ai-credits/summary:0
[ 2387666ms] [ERROR] Failed to load resource: Could not connect to the server. @ http://localhost:4401/dashboard/overview:0
[ 2387668ms] [ERROR] Failed to load resource: Could not connect to the server. @ http://localhost:4401/dashboard/alerts?limit=6:0
[ 2387809ms] [ERROR] Failed to load resource: Could not connect to the server. @ http://localhost:4401/api/billing/ai-credits/summary:0
[ 2416996ms] [ERROR] Failed to load resource: Could not connect to the server. @ http://localhost:4401/api/billing/ai-credits/summary:0
[ 2417208ms] [ERROR] Failed to load resource: Could not connect to the server. @ http://localhost:4401/api/billing/ai-credits/summary:0
[ 2417819ms] [ERROR] Failed to load resource: Could not connect to the server. @ http://localhost:4401/api/billing/ai-credits/summary:0
[ 2446839ms] [ERROR] Failed to load resource: Could not connect to the server. @ http://localhost:4401/dashboard/overview:0
[ 2446840ms] [ERROR] Failed to load resource: Could not connect to the server. @ http://localhost:4401/dashboard/alerts?limit=6:0
[ 2446991ms] [ERROR] Failed to load resource: Could not connect to the server. @ http://localhost:4401/api/billing/ai-credits/summary:0
[ 2447044ms] [ERROR] Failed to load resource: Could not connect to the server. @ http://localhost:4401/dashboard/overview:0
[ 2447044ms] [ERROR] Failed to load resource: Could not connect to the server. @ http://localhost:4401/dashboard/alerts?limit=6:0
[ 2447199ms] [ERROR] Failed to load resource: Could not connect to the server. @ http://localhost:4401/api/billing/ai-credits/summary:0
[ 2447659ms] [ERROR] Failed to load resource: Could not connect to the server. @ http://localhost:4401/dashboard/overview:0
[ 2447660ms] [ERROR] Failed to load resource: Could not connect to the server. @ http://localhost:4401/dashboard/alerts?limit=6:0
[ 2447810ms] [ERROR] Failed to load resource: Could not connect to the server. @ http://localhost:4401/api/billing/ai-credits/summary:0
[ 2477004ms] [ERROR] Failed to load resource: Could not connect to the server. @ http://localhost:4401/api/billing/ai-credits/summary:0
[ 2477215ms] [ERROR] Failed to load resource: Could not connect to the server. @ http://localhost:4401/api/billing/ai-credits/summary:0
[ 2477828ms] [ERROR] Failed to load resource: Could not connect to the server. @ http://localhost:4401/api/billing/ai-credits/summary:0
[ 2506849ms] [ERROR] Failed to load resource: Could not connect to the server. @ http://localhost:4401/dashboard/overview:0
[ 2506850ms] [ERROR] Failed to load resource: Could not connect to the server. @ http://localhost:4401/dashboard/alerts?limit=6:0
[ 2507007ms] [ERROR] Failed to load resource: Could not connect to the server. @ http://localhost:4401/api/billing/ai-credits/summary:0
[ 2507062ms] [ERROR] Failed to load resource: Could not connect to the server. @ http://localhost:4401/dashboard/overview:0
[ 2507063ms] [ERROR] Failed to load resource: Could not connect to the server. @ http://localhost:4401/dashboard/alerts?limit=6:0
[ 2507219ms] [ERROR] Failed to load resource: Could not connect to the server. @ http://localhost:4401/api/billing/ai-credits/summary:0
[ 2507677ms] [ERROR] Failed to load resource: Could not connect to the server. @ http://localhost:4401/dashboard/overview:0
[ 2507678ms] [ERROR] Failed to load resource: Could not connect to the server. @ http://localhost:4401/dashboard/alerts?limit=6:0
[ 2507829ms] [ERROR] Failed to load resource: Could not connect to the server. @ http://localhost:4401/api/billing/ai-credits/summary:0
[ 2537014ms] [ERROR] Failed to load resource: Could not connect to the server. @ http://localhost:4401/api/billing/ai-credits/summary:0
[ 2537226ms] [ERROR] Failed to load resource: Could not connect to the server. @ http://localhost:4401/api/billing/ai-credits/summary:0
[ 2537838ms] [ERROR] Failed to load resource: Could not connect to the server. @ http://localhost:4401/api/billing/ai-credits/summary:0
[ 2566855ms] [ERROR] Failed to load resource: Could not connect to the server. @ http://localhost:4401/dashboard/overview:0
[ 2566856ms] [ERROR] Failed to load resource: Could not connect to the server. @ http://localhost:4401/dashboard/alerts?limit=6:0
[ 2567017ms] [ERROR] Failed to load resource: Could not connect to the server. @ http://localhost:4401/api/billing/ai-credits/summary:0
[ 2567066ms] [ERROR] Failed to load resource: Could not connect to the server. @ http://localhost:4401/dashboard/overview:0
[ 2567068ms] [ERROR] Failed to load resource: Could not connect to the server. @ http://localhost:4401/dashboard/alerts?limit=6:0
[ 2567229ms] [ERROR] Failed to load resource: Could not connect to the server. @ http://localhost:4401/api/billing/ai-credits/summary:0
[ 2567681ms] [ERROR] Failed to load resource: Could not connect to the server. @ http://localhost:4401/dashboard/overview:0
[ 2567682ms] [ERROR] Failed to load resource: Could not connect to the server. @ http://localhost:4401/dashboard/alerts?limit=6:0
[ 2567842ms] [ERROR] Failed to load resource: Could not connect to the server. @ http://localhost:4401/api/billing/ai-credits/summary:0
[ 2597022ms] [ERROR] Failed to load resource: Could not connect to the server. @ http://localhost:4401/api/billing/ai-credits/summary:0
[ 2597235ms] [ERROR] Failed to load resource: Could not connect to the server. @ http://localhost:4401/api/billing/ai-credits/summary:0
[ 2597848ms] [ERROR] Failed to load resource: Could not connect to the server. @ http://localhost:4401/api/billing/ai-credits/summary:0
[ 2626857ms] [ERROR] Failed to load resource: Could not connect to the server. @ http://localhost:4401/dashboard/overview:0
[ 2626858ms] [ERROR] Failed to load resource: Could not connect to the server. @ http://localhost:4401/dashboard/alerts?limit=6:0
[ 2627022ms] [ERROR] Failed to load resource: Could not connect to the server. @ http://localhost:4401/api/billing/ai-credits/summary:0
[ 2627072ms] [ERROR] Failed to load resource: Could not connect to the server. @ http://localhost:4401/dashboard/overview:0
[ 2627073ms] [ERROR] Failed to load resource: Could not connect to the server. @ http://localhost:4401/dashboard/alerts?limit=6:0
[ 2627234ms] [ERROR] Failed to load resource: Could not connect to the server. @ http://localhost:4401/api/billing/ai-credits/summary:0
[ 2627685ms] [ERROR] Failed to load resource: Could not connect to the server. @ http://localhost:4401/dashboard/overview:0
[ 2627686ms] [ERROR] Failed to load resource: Could not connect to the server. @ http://localhost:4401/dashboard/alerts?limit=6:0
[ 2627845ms] [ERROR] Failed to load resource: Could not connect to the server. @ http://localhost:4401/api/billing/ai-credits/summary:0
[ 2657031ms] [ERROR] Failed to load resource: Could not connect to the server. @ http://localhost:4401/api/billing/ai-credits/summary:0
[ 2657242ms] [ERROR] Failed to load resource: Could not connect to the server. @ http://localhost:4401/api/billing/ai-credits/summary:0
[ 2657856ms] [ERROR] Failed to load resource: Could not connect to the server. @ http://localhost:4401/api/billing/ai-credits/summary:0
[ 2686866ms] [ERROR] Failed to load resource: Could not connect to the server. @ http://localhost:4401/dashboard/overview:0
[ 2686866ms] [ERROR] Failed to load resource: Could not connect to the server. @ http://localhost:4401/dashboard/alerts?limit=6:0
[ 2687028ms] [ERROR] Failed to load resource: Could not connect to the server. @ http://localhost:4401/api/billing/ai-credits/summary:0
[ 2687078ms] [ERROR] Failed to load resource: Could not connect to the server. @ http://localhost:4401/dashboard/overview:0
[ 2687080ms] [ERROR] Failed to load resource: Could not connect to the server. @ http://localhost:4401/dashboard/alerts?limit=6:0
[ 2687236ms] [ERROR] Failed to load resource: Could not connect to the server. @ http://localhost:4401/api/billing/ai-credits/summary:0
[ 2687688ms] [ERROR] Failed to load resource: Could not connect to the server. @ http://localhost:4401/dashboard/overview:0
[ 2687690ms] [ERROR] Failed to load resource: Could not connect to the server. @ http://localhost:4401/dashboard/alerts?limit=6:0
[ 2687847ms] [ERROR] Failed to load resource: Could not connect to the server. @ http://localhost:4401/api/billing/ai-credits/summary:0
[ 2717039ms] [ERROR] Failed to load resource: Could not connect to the server. @ http://localhost:4401/api/billing/ai-credits/summary:0
[ 2717252ms] [ERROR] Failed to load resource: Could not connect to the server. @ http://localhost:4401/api/billing/ai-credits/summary:0
[ 2717861ms] [ERROR] Failed to load resource: Could not connect to the server. @ http://localhost:4401/api/billing/ai-credits/summary:0
[ 2746868ms] [ERROR] Failed to load resource: Could not connect to the server. @ http://localhost:4401/dashboard/overview:0
[ 2746869ms] [ERROR] Failed to load resource: Could not connect to the server. @ http://localhost:4401/dashboard/alerts?limit=6:0
[ 2747037ms] [ERROR] Failed to load resource: Could not connect to the server. @ http://localhost:4401/api/billing/ai-credits/summary:0
[ 2747080ms] [ERROR] Failed to load resource: Could not connect to the server. @ http://localhost:4401/dashboard/overview:0
[ 2747081ms] [ERROR] Failed to load resource: Could not connect to the server. @ http://localhost:4401/dashboard/alerts?limit=6:0
[ 2747244ms] [ERROR] Failed to load resource: Could not connect to the server. @ http://localhost:4401/api/billing/ai-credits/summary:0
[ 2747693ms] [ERROR] Failed to load resource: Could not connect to the server. @ http://localhost:4401/dashboard/overview:0
[ 2747694ms] [ERROR] Failed to load resource: Could not connect to the server. @ http://localhost:4401/dashboard/alerts?limit=6:0
[ 2747856ms] [ERROR] Failed to load resource: Could not connect to the server. @ http://localhost:4401/api/billing/ai-credits/summary:0
[ 2777049ms] [ERROR] Failed to load resource: Could not connect to the server. @ http://localhost:4401/api/billing/ai-credits/summary:0
[ 2777262ms] [ERROR] Failed to load resource: Could not connect to the server. @ http://localhost:4401/api/billing/ai-credits/summary:0
[ 2777875ms] [ERROR] Failed to load resource: Could not connect to the server. @ http://localhost:4401/api/billing/ai-credits/summary:0
[ 2806873ms] [ERROR] Failed to load resource: Could not connect to the server. @ http://localhost:4401/dashboard/overview:0
[ 2806873ms] [ERROR] Failed to load resource: Could not connect to the server. @ http://localhost:4401/dashboard/alerts?limit=6:0
[ 2807049ms] [ERROR] Failed to load resource: Could not connect to the server. @ http://localhost:4401/api/billing/ai-credits/summary:0
[ 2807084ms] [ERROR] Failed to load resource: Could not connect to the server. @ http://localhost:4401/dashboard/overview:0
[ 2807085ms] [ERROR] Failed to load resource: Could not connect to the server. @ http://localhost:4401/dashboard/alerts?limit=6:0
[ 2807260ms] [ERROR] Failed to load resource: Could not connect to the server. @ http://localhost:4401/api/billing/ai-credits/summary:0
[ 2807694ms] [ERROR] Failed to load resource: Could not connect to the server. @ http://localhost:4401/dashboard/overview:0
[ 2807696ms] [ERROR] Failed to load resource: Could not connect to the server. @ http://localhost:4401/dashboard/alerts?limit=6:0
[ 2807873ms] [ERROR] Failed to load resource: Could not connect to the server. @ http://localhost:4401/api/billing/ai-credits/summary:0
[ 2837055ms] [ERROR] Failed to load resource: Could not connect to the server. @ http://localhost:4401/api/billing/ai-credits/summary:0
[ 2837268ms] [ERROR] Failed to load resource: Could not connect to the server. @ http://localhost:4401/api/billing/ai-credits/summary:0
[ 2837879ms] [ERROR] Failed to load resource: Could not connect to the server. @ http://localhost:4401/api/billing/ai-credits/summary:0
[ 2866876ms] [ERROR] Failed to load resource: Could not connect to the server. @ http://localhost:4401/dashboard/overview:0
[ 2866877ms] [ERROR] Failed to load resource: Could not connect to the server. @ http://localhost:4401/dashboard/alerts?limit=6:0
[ 2867059ms] [ERROR] Failed to load resource: Could not connect to the server. @ http://localhost:4401/api/billing/ai-credits/summary:0
[ 2867085ms] [ERROR] Failed to load resource: Could not connect to the server. @ http://localhost:4401/dashboard/overview:0
[ 2867086ms] [ERROR] Failed to load resource: Could not connect to the server. @ http://localhost:4401/dashboard/alerts?limit=6:0
[ 2867273ms] [ERROR] Failed to load resource: Could not connect to the server. @ http://localhost:4401/api/billing/ai-credits/summary:0
[ 2867700ms] [ERROR] Failed to load resource: Could not connect to the server. @ http://localhost:4401/dashboard/overview:0
[ 2867701ms] [ERROR] Failed to load resource: Could not connect to the server. @ http://localhost:4401/dashboard/alerts?limit=6:0
[ 2867884ms] [ERROR] Failed to load resource: Could not connect to the server. @ http://localhost:4401/api/billing/ai-credits/summary:0
[ 2897065ms] [ERROR] Failed to load resource: Could not connect to the server. @ http://localhost:4401/api/billing/ai-credits/summary:0
[ 2897277ms] [ERROR] Failed to load resource: Could not connect to the server. @ http://localhost:4401/api/billing/ai-credits/summary:0
[ 2897891ms] [ERROR] Failed to load resource: Could not connect to the server. @ http://localhost:4401/api/billing/ai-credits/summary:0
[ 2926882ms] [ERROR] Failed to load resource: Could not connect to the server. @ http://localhost:4401/dashboard/overview:0
[ 2926883ms] [ERROR] Failed to load resource: Could not connect to the server. @ http://localhost:4401/dashboard/alerts?limit=6:0
[ 2927068ms] [ERROR] Failed to load resource: Could not connect to the server. @ http://localhost:4401/api/billing/ai-credits/summary:0
[ 2927090ms] [ERROR] Failed to load resource: Could not connect to the server. @ http://localhost:4401/dashboard/overview:0
[ 2927091ms] [ERROR] Failed to load resource: Could not connect to the server. @ http://localhost:4401/dashboard/alerts?limit=6:0
[ 2927279ms] [ERROR] Failed to load resource: Could not connect to the server. @ http://localhost:4401/api/billing/ai-credits/summary:0
[ 2927702ms] [ERROR] Failed to load resource: Could not connect to the server. @ http://localhost:4401/dashboard/overview:0
[ 2927704ms] [ERROR] Failed to load resource: Could not connect to the server. @ http://localhost:4401/dashboard/alerts?limit=6:0
[ 2927889ms] [ERROR] Failed to load resource: Could not connect to the server. @ http://localhost:4401/api/billing/ai-credits/summary:0
[ 2957075ms] [ERROR] Failed to load resource: Could not connect to the server. @ http://localhost:4401/api/billing/ai-credits/summary:0
[ 2957286ms] [ERROR] Failed to load resource: Could not connect to the server. @ http://localhost:4401/api/billing/ai-credits/summary:0
[ 2957899ms] [ERROR] Failed to load resource: Could not connect to the server. @ http://localhost:4401/api/billing/ai-credits/summary:0
[ 2986887ms] [ERROR] Failed to load resource: Could not connect to the server. @ http://localhost:4401/dashboard/overview:0
[ 2986888ms] [ERROR] Failed to load resource: Could not connect to the server. @ http://localhost:4401/dashboard/alerts?limit=6:0
[ 2987077ms] [ERROR] Failed to load resource: Could not connect to the server. @ http://localhost:4401/api/billing/ai-credits/summary:0
[ 2987094ms] [ERROR] Failed to load resource: Could not connect to the server. @ http://localhost:4401/dashboard/overview:0
[ 2987095ms] [ERROR] Failed to load resource: Could not connect to the server. @ http://localhost:4401/dashboard/alerts?limit=6:0
[ 2987287ms] [ERROR] Failed to load resource: Could not connect to the server. @ http://localhost:4401/api/billing/ai-credits/summary:0
[ 2987707ms] [ERROR] Failed to load resource: Could not connect to the server. @ http://localhost:4401/dashboard/overview:0
[ 2987708ms] [ERROR] Failed to load resource: Could not connect to the server. @ http://localhost:4401/dashboard/alerts?limit=6:0
[ 2987900ms] [ERROR] Failed to load resource: Could not connect to the server. @ http://localhost:4401/api/billing/ai-credits/summary:0
[ 3017086ms] [ERROR] Failed to load resource: Could not connect to the server. @ http://localhost:4401/api/billing/ai-credits/summary:0
[ 3017297ms] [ERROR] Failed to load resource: Could not connect to the server. @ http://localhost:4401/api/billing/ai-credits/summary:0
[ 3017908ms] [ERROR] Failed to load resource: Could not connect to the server. @ http://localhost:4401/api/billing/ai-credits/summary:0
[ 3046904ms] [ERROR] Failed to load resource: Could not connect to the server. @ http://localhost:4401/dashboard/overview:0
[ 3046905ms] [ERROR] Failed to load resource: Could not connect to the server. @ http://localhost:4401/dashboard/alerts?limit=6:0
[ 3047097ms] [ERROR] Failed to load resource: Could not connect to the server. @ http://localhost:4401/api/billing/ai-credits/summary:0
[ 3047112ms] [ERROR] Failed to load resource: Could not connect to the server. @ http://localhost:4401/dashboard/overview:0
[ 3047113ms] [ERROR] Failed to load resource: Could not connect to the server. @ http://localhost:4401/dashboard/alerts?limit=6:0
[ 3047310ms] [ERROR] Failed to load resource: Could not connect to the server. @ http://localhost:4401/api/billing/ai-credits/summary:0
[ 3047728ms] [ERROR] Failed to load resource: Could not connect to the server. @ http://localhost:4401/dashboard/overview:0
[ 3047730ms] [ERROR] Failed to load resource: Could not connect to the server. @ http://localhost:4401/dashboard/alerts?limit=6:0
[ 3047922ms] [ERROR] Failed to load resource: Could not connect to the server. @ http://localhost:4401/api/billing/ai-credits/summary:0
[ 3077109ms] [ERROR] Failed to load resource: Could not connect to the server. @ http://localhost:4401/api/billing/ai-credits/summary:0
[ 3077322ms] [ERROR] Failed to load resource: Could not connect to the server. @ http://localhost:4401/api/billing/ai-credits/summary:0
[ 3077933ms] [ERROR] Failed to load resource: Could not connect to the server. @ http://localhost:4401/api/billing/ai-credits/summary:0
[ 3106918ms] [ERROR] Failed to load resource: Could not connect to the server. @ http://localhost:4401/dashboard/overview:0
[ 3106919ms] [ERROR] Failed to load resource: Could not connect to the server. @ http://localhost:4401/dashboard/alerts?limit=6:0
[ 3107115ms] [ERROR] Failed to load resource: Could not connect to the server. @ http://localhost:4401/api/billing/ai-credits/summary:0
[ 3107123ms] [ERROR] Failed to load resource: Could not connect to the server. @ http://localhost:4401/dashboard/overview:0
[ 3107124ms] [ERROR] Failed to load resource: Could not connect to the server. @ http://localhost:4401/dashboard/alerts?limit=6:0
[ 3107327ms] [ERROR] Failed to load resource: Could not connect to the server. @ http://localhost:4401/api/billing/ai-credits/summary:0
[ 3107737ms] [ERROR] Failed to load resource: Could not connect to the server. @ http://localhost:4401/dashboard/overview:0
[ 3107738ms] [ERROR] Failed to load resource: Could not connect to the server. @ http://localhost:4401/dashboard/alerts?limit=6:0
[ 3107937ms] [ERROR] Failed to load resource: Could not connect to the server. @ http://localhost:4401/api/billing/ai-credits/summary:0
[ 3137122ms] [ERROR] Failed to load resource: Could not connect to the server. @ http://localhost:4401/api/billing/ai-credits/summary:0
[ 3137333ms] [ERROR] Failed to load resource: Could not connect to the server. @ http://localhost:4401/api/billing/ai-credits/summary:0
[ 3137938ms] [ERROR] Failed to load resource: Could not connect to the server. @ http://localhost:4401/api/billing/ai-credits/summary:0
[ 3166922ms] [ERROR] Failed to load resource: Could not connect to the server. @ http://localhost:4401/dashboard/overview:0
[ 3166924ms] [ERROR] Failed to load resource: Could not connect to the server. @ http://localhost:4401/dashboard/alerts?limit=6:0
[ 3167124ms] [ERROR] Failed to load resource: Could not connect to the server. @ http://localhost:4401/api/billing/ai-credits/summary:0
[ 3167129ms] [ERROR] Failed to load resource: Could not connect to the server. @ http://localhost:4401/dashboard/overview:0
[ 3167131ms] [ERROR] Failed to load resource: Could not connect to the server. @ http://localhost:4401/dashboard/alerts?limit=6:0
[ 3167336ms] [ERROR] Failed to load resource: Could not connect to the server. @ http://localhost:4401/api/billing/ai-credits/summary:0
[ 3167742ms] [ERROR] Failed to load resource: Could not connect to the server. @ http://localhost:4401/dashboard/overview:0
[ 3167743ms] [ERROR] Failed to load resource: Could not connect to the server. @ http://localhost:4401/dashboard/alerts?limit=6:0
[ 3167946ms] [ERROR] Failed to load resource: Could not connect to the server. @ http://localhost:4401/api/billing/ai-credits/summary:0
[ 3197130ms] [ERROR] Failed to load resource: Could not connect to the server. @ http://localhost:4401/api/billing/ai-credits/summary:0
[ 3197341ms] [ERROR] Failed to load resource: Could not connect to the server. @ http://localhost:4401/api/billing/ai-credits/summary:0
[ 3197954ms] [ERROR] Failed to load resource: Could not connect to the server. @ http://localhost:4401/api/billing/ai-credits/summary:0
[ 3226927ms] [ERROR] Failed to load resource: Could not connect to the server. @ http://localhost:4401/dashboard/overview:0
[ 3226928ms] [ERROR] Failed to load resource: Could not connect to the server. @ http://localhost:4401/dashboard/alerts?limit=6:0
[ 3227134ms] [ERROR] Failed to load resource: Could not connect to the server. @ http://localhost:4401/api/billing/ai-credits/summary:0
[ 3227136ms] [ERROR] Failed to load resource: Could not connect to the server. @ http://localhost:4401/dashboard/overview:0
[ 3227137ms] [ERROR] Failed to load resource: Could not connect to the server. @ http://localhost:4401/dashboard/alerts?limit=6:0
[ 3227344ms] [ERROR] Failed to load resource: Could not connect to the server. @ http://localhost:4401/api/billing/ai-credits/summary:0
[ 3227749ms] [ERROR] Failed to load resource: Could not connect to the server. @ http://localhost:4401/dashboard/overview:0
[ 3227751ms] [ERROR] Failed to load resource: Could not connect to the server. @ http://localhost:4401/dashboard/alerts?limit=6:0
[ 3227954ms] [ERROR] Failed to load resource: Could not connect to the server. @ http://localhost:4401/api/billing/ai-credits/summary:0
[ 3257139ms] [ERROR] Failed to load resource: Could not connect to the server. @ http://localhost:4401/api/billing/ai-credits/summary:0
[ 3257351ms] [ERROR] Failed to load resource: Could not connect to the server. @ http://localhost:4401/api/billing/ai-credits/summary:0
[ 3257961ms] [ERROR] Failed to load resource: Could not connect to the server. @ http://localhost:4401/api/billing/ai-credits/summary:0
[ 3286932ms] [ERROR] Failed to load resource: Could not connect to the server. @ http://localhost:4401/dashboard/overview:0
[ 3286934ms] [ERROR] Failed to load resource: Could not connect to the server. @ http://localhost:4401/dashboard/alerts?limit=6:0
[ 3287139ms] [ERROR] Failed to load resource: Could not connect to the server. @ http://localhost:4401/api/billing/ai-credits/summary:0
[ 3287140ms] [ERROR] Failed to load resource: Could not connect to the server. @ http://localhost:4401/dashboard/overview:0
[ 3287143ms] [ERROR] Failed to load resource: Could not connect to the server. @ http://localhost:4401/dashboard/alerts?limit=6:0
[ 3287347ms] [ERROR] Failed to load resource: Could not connect to the server. @ http://localhost:4401/api/billing/ai-credits/summary:0
[ 3287750ms] [ERROR] Failed to load resource: Could not connect to the server. @ http://localhost:4401/dashboard/overview:0
[ 3287752ms] [ERROR] Failed to load resource: Could not connect to the server. @ http://localhost:4401/dashboard/alerts?limit=6:0
[ 3287957ms] [ERROR] Failed to load resource: Could not connect to the server. @ http://localhost:4401/api/billing/ai-credits/summary:0
[ 3317147ms] [ERROR] Failed to load resource: Could not connect to the server. @ http://localhost:4401/api/billing/ai-credits/summary:0
[ 3317358ms] [ERROR] Failed to load resource: Could not connect to the server. @ http://localhost:4401/api/billing/ai-credits/summary:0
[ 3317972ms] [ERROR] Failed to load resource: Could not connect to the server. @ http://localhost:4401/api/billing/ai-credits/summary:0
[ 3346937ms] [ERROR] Failed to load resource: Could not connect to the server. @ http://localhost:4401/dashboard/overview:0
[ 3346939ms] [ERROR] Failed to load resource: Could not connect to the server. @ http://localhost:4401/dashboard/alerts?limit=6:0
[ 3347150ms] [ERROR] Failed to load resource: Could not connect to the server. @ http://localhost:4401/dashboard/overview:0
[ 3347152ms] [ERROR] Failed to load resource: Could not connect to the server. @ http://localhost:4401/api/billing/ai-credits/summary:0
[ 3347153ms] [ERROR] Failed to load resource: Could not connect to the server. @ http://localhost:4401/dashboard/alerts?limit=6:0
[ 3347366ms] [ERROR] Failed to load resource: Could not connect to the server. @ http://localhost:4401/api/billing/ai-credits/summary:0
[ 3347764ms] [ERROR] Failed to load resource: Could not connect to the server. @ http://localhost:4401/dashboard/overview:0
[ 3347765ms] [ERROR] Failed to load resource: Could not connect to the server. @ http://localhost:4401/dashboard/alerts?limit=6:0
[ 3347974ms] [ERROR] Failed to load resource: Could not connect to the server. @ http://localhost:4401/api/billing/ai-credits/summary:0
[ 3377156ms] [ERROR] Failed to load resource: Could not connect to the server. @ http://localhost:4401/api/billing/ai-credits/summary:0
[ 3377368ms] [ERROR] Failed to load resource: Could not connect to the server. @ http://localhost:4401/api/billing/ai-credits/summary:0
[ 3377980ms] [ERROR] Failed to load resource: Could not connect to the server. @ http://localhost:4401/api/billing/ai-credits/summary:0
[ 3406942ms] [ERROR] Failed to load resource: Could not connect to the server. @ http://localhost:4401/dashboard/overview:0
[ 3406944ms] [ERROR] Failed to load resource: Could not connect to the server. @ http://localhost:4401/dashboard/alerts?limit=6:0
[ 3407157ms] [ERROR] Failed to load resource: Could not connect to the server. @ http://localhost:4401/dashboard/overview:0
[ 3407159ms] [ERROR] Failed to load resource: Could not connect to the server. @ http://localhost:4401/dashboard/alerts?limit=6:0
[ 3407160ms] [ERROR] Failed to load resource: Could not connect to the server. @ http://localhost:4401/api/billing/ai-credits/summary:0
[ 3407373ms] [ERROR] Failed to load resource: Could not connect to the server. @ http://localhost:4401/api/billing/ai-credits/summary:0
[ 3407771ms] [ERROR] Failed to load resource: Could not connect to the server. @ http://localhost:4401/dashboard/overview:0
[ 3407772ms] [ERROR] Failed to load resource: Could not connect to the server. @ http://localhost:4401/dashboard/alerts?limit=6:0
[ 3407980ms] [ERROR] Failed to load resource: Could not connect to the server. @ http://localhost:4401/api/billing/ai-credits/summary:0
[ 3437167ms] [ERROR] Failed to load resource: Could not connect to the server. @ http://localhost:4401/api/billing/ai-credits/summary:0
[ 3437378ms] [ERROR] Failed to load resource: Could not connect to the server. @ http://localhost:4401/api/billing/ai-credits/summary:0
[ 3437990ms] [ERROR] Failed to load resource: Could not connect to the server. @ http://localhost:4401/api/billing/ai-credits/summary:0
[ 3466947ms] [ERROR] Failed to load resource: Could not connect to the server. @ http://localhost:4401/dashboard/overview:0
[ 3466949ms] [ERROR] Failed to load resource: Could not connect to the server. @ http://localhost:4401/dashboard/alerts?limit=6:0
[ 3467162ms] [ERROR] Failed to load resource: Could not connect to the server. @ http://localhost:4401/dashboard/overview:0
[ 3467163ms] [ERROR] Failed to load resource: Could not connect to the server. @ http://localhost:4401/dashboard/alerts?limit=6:0
[ 3467165ms] [ERROR] Failed to load resource: Could not connect to the server. @ http://localhost:4401/api/billing/ai-credits/summary:0
[ 3467375ms] [ERROR] Failed to load resource: Could not connect to the server. @ http://localhost:4401/api/billing/ai-credits/summary:0
[ 3467775ms] [ERROR] Failed to load resource: Could not connect to the server. @ http://localhost:4401/dashboard/overview:0
[ 3467776ms] [ERROR] Failed to load resource: Could not connect to the server. @ http://localhost:4401/dashboard/alerts?limit=6:0
[ 3467983ms] [ERROR] Failed to load resource: Could not connect to the server. @ http://localhost:4401/api/billing/ai-credits/summary:0
[ 3497174ms] [ERROR] Failed to load resource: Could not connect to the server. @ http://localhost:4401/api/billing/ai-credits/summary:0
[ 3497387ms] [ERROR] Failed to load resource: Could not connect to the server. @ http://localhost:4401/api/billing/ai-credits/summary:0
[ 3498001ms] [ERROR] Failed to load resource: Could not connect to the server. @ http://localhost:4401/api/billing/ai-credits/summary:0
[ 3526948ms] [ERROR] Failed to load resource: Could not connect to the server. @ http://localhost:4401/dashboard/overview:0
[ 3526949ms] [ERROR] Failed to load resource: Could not connect to the server. @ http://localhost:4401/dashboard/alerts?limit=6:0
[ 3527160ms] [ERROR] Failed to load resource: Could not connect to the server. @ http://localhost:4401/dashboard/overview:0
[ 3527161ms] [ERROR] Failed to load resource: Could not connect to the server. @ http://localhost:4401/dashboard/alerts?limit=6:0
[ 3527171ms] [ERROR] Failed to load resource: Could not connect to the server. @ http://localhost:4401/api/billing/ai-credits/summary:0
[ 3527384ms] [ERROR] Failed to load resource: Could not connect to the server. @ http://localhost:4401/api/billing/ai-credits/summary:0
[ 3527771ms] [ERROR] Failed to load resource: Could not connect to the server. @ http://localhost:4401/dashboard/overview:0
[ 3527772ms] [ERROR] Failed to load resource: Could not connect to the server. @ http://localhost:4401/dashboard/alerts?limit=6:0
[ 3527989ms] [ERROR] Failed to load resource: Could not connect to the server. @ http://localhost:4401/api/billing/ai-credits/summary:0
[ 3557184ms] [ERROR] Failed to load resource: Could not connect to the server. @ http://localhost:4401/api/billing/ai-credits/summary:0
[ 3557398ms] [ERROR] Failed to load resource: Could not connect to the server. @ http://localhost:4401/api/billing/ai-credits/summary:0
[ 3558010ms] [ERROR] Failed to load resource: Could not connect to the server. @ http://localhost:4401/api/billing/ai-credits/summary:0
[ 3586957ms] [ERROR] Failed to load resource: Could not connect to the server. @ http://localhost:4401/dashboard/overview:0
[ 3586958ms] [ERROR] Failed to load resource: Could not connect to the server. @ http://localhost:4401/dashboard/alerts?limit=6:0
[ 3587169ms] [ERROR] Failed to load resource: Could not connect to the server. @ http://localhost:4401/dashboard/overview:0
[ 3587170ms] [ERROR] Failed to load resource: Could not connect to the server. @ http://localhost:4401/dashboard/alerts?limit=6:0
[ 3587180ms] [ERROR] Failed to load resource: Could not connect to the server. @ http://localhost:4401/api/billing/ai-credits/summary:0
[ 3587393ms] [ERROR] Failed to load resource: Could not connect to the server. @ http://localhost:4401/api/billing/ai-credits/summary:0
[ 3587781ms] [ERROR] Failed to load resource: Could not connect to the server. @ http://localhost:4401/dashboard/overview:0
[ 3587781ms] [ERROR] Failed to load resource: Could not connect to the server. @ http://localhost:4401/dashboard/alerts?limit=6:0
[ 3588000ms] [ERROR] Failed to load resource: Could not connect to the server. @ http://localhost:4401/api/billing/ai-credits/summary:0
[ 3617193ms] [ERROR] Failed to load resource: Could not connect to the server. @ http://localhost:4401/api/billing/ai-credits/summary:0
[ 3617405ms] [ERROR] Failed to load resource: Could not connect to the server. @ http://localhost:4401/api/billing/ai-credits/summary:0
[ 3618019ms] [ERROR] Failed to load resource: Could not connect to the server. @ http://localhost:4401/api/billing/ai-credits/summary:0
[ 3646963ms] [ERROR] Failed to load resource: Could not connect to the server. @ http://localhost:4401/dashboard/overview:0
[ 3646964ms] [ERROR] Failed to load resource: Could not connect to the server. @ http://localhost:4401/dashboard/alerts?limit=6:0
[ 3647177ms] [ERROR] Failed to load resource: Could not connect to the server. @ http://localhost:4401/dashboard/overview:0
[ 3647179ms] [ERROR] Failed to load resource: Could not connect to the server. @ http://localhost:4401/dashboard/alerts?limit=6:0
[ 3647190ms] [ERROR] Failed to load resource: Could not connect to the server. @ http://localhost:4401/api/billing/ai-credits/summary:0
[ 3647396ms] [ERROR] Failed to load resource: Could not connect to the server. @ http://localhost:4401/api/billing/ai-credits/summary:0
[ 3647791ms] [ERROR] Failed to load resource: Could not connect to the server. @ http://localhost:4401/dashboard/overview:0
[ 3647792ms] [ERROR] Failed to load resource: Could not connect to the server. @ http://localhost:4401/dashboard/alerts?limit=6:0
[ 3648004ms] [ERROR] Failed to load resource: Could not connect to the server. @ http://localhost:4401/api/billing/ai-credits/summary:0
[ 3677202ms] [ERROR] Failed to load resource: Could not connect to the server. @ http://localhost:4401/api/billing/ai-credits/summary:0
[ 3677414ms] [ERROR] Failed to load resource: Could not connect to the server. @ http://localhost:4401/api/billing/ai-credits/summary:0
[ 3678027ms] [ERROR] Failed to load resource: Could not connect to the server. @ http://localhost:4401/api/billing/ai-credits/summary:0
[ 3706967ms] [ERROR] Failed to load resource: Could not connect to the server. @ http://localhost:4401/dashboard/overview:0
[ 3706968ms] [ERROR] Failed to load resource: Could not connect to the server. @ http://localhost:4401/dashboard/alerts?limit=6:0
[ 3707180ms] [ERROR] Failed to load resource: Could not connect to the server. @ http://localhost:4401/dashboard/overview:0
[ 3707181ms] [ERROR] Failed to load resource: Could not connect to the server. @ http://localhost:4401/dashboard/alerts?limit=6:0
[ 3707199ms] [ERROR] Failed to load resource: Could not connect to the server. @ http://localhost:4401/api/billing/ai-credits/summary:0
[ 3707411ms] [ERROR] Failed to load resource: Could not connect to the server. @ http://localhost:4401/api/billing/ai-credits/summary:0
[ 3707783ms] [ERROR] Failed to load resource: Could not connect to the server. @ http://localhost:4401/dashboard/overview:0
[ 3707783ms] [ERROR] Failed to load resource: Could not connect to the server. @ http://localhost:4401/dashboard/alerts?limit=6:0
[ 3708017ms] [ERROR] Failed to load resource: Could not connect to the server. @ http://localhost:4401/api/billing/ai-credits/summary:0
[ 3737212ms] [ERROR] Failed to load resource: Could not connect to the server. @ http://localhost:4401/api/billing/ai-credits/summary:0
[ 3737423ms] [ERROR] Failed to load resource: Could not connect to the server. @ http://localhost:4401/api/billing/ai-credits/summary:0
[ 3738036ms] [ERROR] Failed to load resource: Could not connect to the server. @ http://localhost:4401/api/billing/ai-credits/summary:0
[ 3766973ms] [ERROR] Failed to load resource: Could not connect to the server. @ http://localhost:4401/dashboard/overview:0
[ 3766974ms] [ERROR] Failed to load resource: Could not connect to the server. @ http://localhost:4401/dashboard/alerts?limit=6:0
[ 3767186ms] [ERROR] Failed to load resource: Could not connect to the server. @ http://localhost:4401/dashboard/overview:0
[ 3767187ms] [ERROR] Failed to load resource: Could not connect to the server. @ http://localhost:4401/dashboard/alerts?limit=6:0
[ 3767207ms] [ERROR] Failed to load resource: Could not connect to the server. @ http://localhost:4401/api/billing/ai-credits/summary:0
[ 3767421ms] [ERROR] Failed to load resource: Could not connect to the server. @ http://localhost:4401/api/billing/ai-credits/summary:0
[ 3767800ms] [ERROR] Failed to load resource: Could not connect to the server. @ http://localhost:4401/dashboard/overview:0
[ 3767800ms] [ERROR] Failed to load resource: Could not connect to the server. @ http://localhost:4401/dashboard/alerts?limit=6:0
[ 3768027ms] [ERROR] Failed to load resource: Could not connect to the server. @ http://localhost:4401/api/billing/ai-credits/summary:0
[ 3797221ms] [ERROR] Failed to load resource: Could not connect to the server. @ http://localhost:4401/api/billing/ai-credits/summary:0
[ 3797432ms] [ERROR] Failed to load resource: Could not connect to the server. @ http://localhost:4401/api/billing/ai-credits/summary:0
[ 3798039ms] [ERROR] Failed to load resource: Could not connect to the server. @ http://localhost:4401/api/billing/ai-credits/summary:0
[ 3826977ms] [ERROR] Failed to load resource: Could not connect to the server. @ http://localhost:4401/dashboard/overview:0
[ 3826979ms] [ERROR] Failed to load resource: Could not connect to the server. @ http://localhost:4401/dashboard/alerts?limit=6:0
[ 3827189ms] [ERROR] Failed to load resource: Could not connect to the server. @ http://localhost:4401/dashboard/overview:0
[ 3827190ms] [ERROR] Failed to load resource: Could not connect to the server. @ http://localhost:4401/dashboard/alerts?limit=6:0
[ 3827219ms] [ERROR] Failed to load resource: Could not connect to the server. @ http://localhost:4401/api/billing/ai-credits/summary:0
[ 3827429ms] [ERROR] Failed to load resource: Could not connect to the server. @ http://localhost:4401/api/billing/ai-credits/summary:0
[ 3827803ms] [ERROR] Failed to load resource: Could not connect to the server. @ http://localhost:4401/dashboard/overview:0
[ 3827804ms] [ERROR] Failed to load resource: Could not connect to the server. @ http://localhost:4401/dashboard/alerts?limit=6:0
[ 3828034ms] [ERROR] Failed to load resource: Could not connect to the server. @ http://localhost:4401/api/billing/ai-credits/summary:0
[ 3857230ms] [ERROR] Failed to load resource: Could not connect to the server. @ http://localhost:4401/api/billing/ai-credits/summary:0
[ 3857441ms] [ERROR] Failed to load resource: Could not connect to the server. @ http://localhost:4401/api/billing/ai-credits/summary:0
[ 3858054ms] [ERROR] Failed to load resource: Could not connect to the server. @ http://localhost:4401/api/billing/ai-credits/summary:0
[ 3886986ms] [ERROR] Failed to load resource: Could not connect to the server. @ http://localhost:4401/dashboard/overview:0
[ 3886987ms] [ERROR] Failed to load resource: Could not connect to the server. @ http://localhost:4401/dashboard/alerts?limit=6:0
[ 3887196ms] [ERROR] Failed to load resource: Could not connect to the server. @ http://localhost:4401/dashboard/overview:0
[ 3887198ms] [ERROR] Failed to load resource: Could not connect to the server. @ http://localhost:4401/dashboard/alerts?limit=6:0
[ 3887228ms] [ERROR] Failed to load resource: Could not connect to the server. @ http://localhost:4401/api/billing/ai-credits/summary:0
[ 3887437ms] [ERROR] Failed to load resource: Could not connect to the server. @ http://localhost:4401/api/billing/ai-credits/summary:0
[ 3887811ms] [ERROR] Failed to load resource: Could not connect to the server. @ http://localhost:4401/dashboard/overview:0
[ 3887813ms] [ERROR] Failed to load resource: Could not connect to the server. @ http://localhost:4401/dashboard/alerts?limit=6:0
[ 3888042ms] [ERROR] Failed to load resource: Could not connect to the server. @ http://localhost:4401/api/billing/ai-credits/summary:0
[ 3917230ms] [ERROR] Failed to load resource: Could not connect to the server. @ http://localhost:4401/api/billing/ai-credits/summary:0
[ 3917436ms] [ERROR] Failed to load resource: Could not connect to the server. @ http://localhost:4401/api/billing/ai-credits/summary:0
[ 3918047ms] [ERROR] Failed to load resource: Could not connect to the server. @ http://localhost:4401/api/billing/ai-credits/summary:0
[ 3946987ms] [ERROR] Failed to load resource: Could not connect to the server. @ http://localhost:4401/dashboard/overview:0
[ 3946988ms] [ERROR] Failed to load resource: Could not connect to the server. @ http://localhost:4401/dashboard/alerts?limit=6:0
[ 3947199ms] [ERROR] Failed to load resource: Could not connect to the server. @ http://localhost:4401/dashboard/overview:0
[ 3947200ms] [ERROR] Failed to load resource: Could not connect to the server. @ http://localhost:4401/dashboard/alerts?limit=6:0
[ 3947238ms] [ERROR] Failed to load resource: Could not connect to the server. @ http://localhost:4401/api/billing/ai-credits/summary:0
[ 3947450ms] [ERROR] Failed to load resource: Could not connect to the server. @ http://localhost:4401/api/billing/ai-credits/summary:0
[ 3947811ms] [ERROR] Failed to load resource: Could not connect to the server. @ http://localhost:4401/dashboard/overview:0
[ 3947812ms] [ERROR] Failed to load resource: Could not connect to the server. @ http://localhost:4401/dashboard/alerts?limit=6:0
[ 3948055ms] [ERROR] Failed to load resource: Could not connect to the server. @ http://localhost:4401/api/billing/ai-credits/summary:0
[ 3977249ms] [ERROR] Failed to load resource: Could not connect to the server. @ http://localhost:4401/api/billing/ai-credits/summary:0
[ 3977462ms] [ERROR] Failed to load resource: Could not connect to the server. @ http://localhost:4401/api/billing/ai-credits/summary:0
[ 3978068ms] [ERROR] Failed to load resource: Could not connect to the server. @ http://localhost:4401/api/billing/ai-credits/summary:0
[ 4006994ms] [ERROR] Failed to load resource: Could not connect to the server. @ http://localhost:4401/dashboard/overview:0
[ 4006995ms] [ERROR] Failed to load resource: Could not connect to the server. @ http://localhost:4401/dashboard/alerts?limit=6:0
[ 4007208ms] [ERROR] Failed to load resource: Could not connect to the server. @ http://localhost:4401/dashboard/overview:0
[ 4007209ms] [ERROR] Failed to load resource: Could not connect to the server. @ http://localhost:4401/dashboard/alerts?limit=6:0
[ 4007244ms] [ERROR] Failed to load resource: Could not connect to the server. @ http://localhost:4401/api/billing/ai-credits/summary:0
[ 4007458ms] [ERROR] Failed to load resource: Could not connect to the server. @ http://localhost:4401/api/billing/ai-credits/summary:0
[ 4007822ms] [ERROR] Failed to load resource: Could not connect to the server. @ http://localhost:4401/dashboard/overview:0
[ 4007823ms] [ERROR] Failed to load resource: Could not connect to the server. @ http://localhost:4401/dashboard/alerts?limit=6:0
[ 4008063ms] [ERROR] Failed to load resource: Could not connect to the server. @ http://localhost:4401/api/billing/ai-credits/summary:0
[ 4037257ms] [ERROR] Failed to load resource: Could not connect to the server. @ http://localhost:4401/api/billing/ai-credits/summary:0
[ 4037469ms] [ERROR] Failed to load resource: Could not connect to the server. @ http://localhost:4401/api/billing/ai-credits/summary:0
[ 4038081ms] [ERROR] Failed to load resource: Could not connect to the server. @ http://localhost:4401/api/billing/ai-credits/summary:0
[ 4066999ms] [ERROR] Failed to load resource: Could not connect to the server. @ http://localhost:4401/dashboard/overview:0
[ 4067000ms] [ERROR] Failed to load resource: Could not connect to the server. @ http://localhost:4401/dashboard/alerts?limit=6:0
[ 4067212ms] [ERROR] Failed to load resource: Could not connect to the server. @ http://localhost:4401/dashboard/overview:0
[ 4067213ms] [ERROR] Failed to load resource: Could not connect to the server. @ http://localhost:4401/dashboard/alerts?limit=6:0
[ 4067259ms] [ERROR] Failed to load resource: Could not connect to the server. @ http://localhost:4401/api/billing/ai-credits/summary:0
[ 4067472ms] [ERROR] Failed to load resource: Could not connect to the server. @ http://localhost:4401/api/billing/ai-credits/summary:0
[ 4067826ms] [ERROR] Failed to load resource: Could not connect to the server. @ http://localhost:4401/dashboard/overview:0
[ 4067827ms] [ERROR] Failed to load resource: Could not connect to the server. @ http://localhost:4401/dashboard/alerts?limit=6:0
[ 4068076ms] [ERROR] Failed to load resource: Could not connect to the server. @ http://localhost:4401/api/billing/ai-credits/summary:0
[ 4097266ms] [ERROR] Failed to load resource: Could not connect to the server. @ http://localhost:4401/api/billing/ai-credits/summary:0
[ 4097478ms] [ERROR] Failed to load resource: Could not connect to the server. @ http://localhost:4401/api/billing/ai-credits/summary:0
[ 4098090ms] [ERROR] Failed to load resource: Could not connect to the server. @ http://localhost:4401/api/billing/ai-credits/summary:0
[ 4127003ms] [ERROR] Failed to load resource: Could not connect to the server. @ http://localhost:4401/dashboard/overview:0
[ 4127005ms] [ERROR] Failed to load resource: Could not connect to the server. @ http://localhost:4401/dashboard/alerts?limit=6:0
[ 4127215ms] [ERROR] Failed to load resource: Could not connect to the server. @ http://localhost:4401/dashboard/overview:0
[ 4127216ms] [ERROR] Failed to load resource: Could not connect to the server. @ http://localhost:4401/dashboard/alerts?limit=6:0
[ 4127267ms] [ERROR] Failed to load resource: Could not connect to the server. @ http://localhost:4401/api/billing/ai-credits/summary:0
[ 4127478ms] [ERROR] Failed to load resource: Could not connect to the server. @ http://localhost:4401/api/billing/ai-credits/summary:0
[ 4127828ms] [ERROR] Failed to load resource: Could not connect to the server. @ http://localhost:4401/dashboard/overview:0
[ 4127829ms] [ERROR] Failed to load resource: Could not connect to the server. @ http://localhost:4401/dashboard/alerts?limit=6:0
[ 4128081ms] [ERROR] Failed to load resource: Could not connect to the server. @ http://localhost:4401/api/billing/ai-credits/summary:0
[ 4157270ms] [ERROR] Failed to load resource: Could not connect to the server. @ http://localhost:4401/api/billing/ai-credits/summary:0
[ 4157484ms] [ERROR] Failed to load resource: Could not connect to the server. @ http://localhost:4401/api/billing/ai-credits/summary:0
[ 4158096ms] [ERROR] Failed to load resource: Could not connect to the server. @ http://localhost:4401/api/billing/ai-credits/summary:0
[ 4187008ms] [ERROR] Failed to load resource: Could not connect to the server. @ http://localhost:4401/dashboard/overview:0
[ 4187009ms] [ERROR] Failed to load resource: Could not connect to the server. @ http://localhost:4401/dashboard/alerts?limit=6:0
[ 4187222ms] [ERROR] Failed to load resource: Could not connect to the server. @ http://localhost:4401/dashboard/overview:0
[ 4187223ms] [ERROR] Failed to load resource: Could not connect to the server. @ http://localhost:4401/dashboard/alerts?limit=6:0
[ 4187277ms] [ERROR] Failed to load resource: Could not connect to the server. @ http://localhost:4401/api/billing/ai-credits/summary:0
[ 4187490ms] [ERROR] Failed to load resource: Could not connect to the server. @ http://localhost:4401/api/billing/ai-credits/summary:0
[ 4187835ms] [ERROR] Failed to load resource: Could not connect to the server. @ http://localhost:4401/dashboard/overview:0
[ 4187836ms] [ERROR] Failed to load resource: Could not connect to the server. @ http://localhost:4401/dashboard/alerts?limit=6:0
[ 4188093ms] [ERROR] Failed to load resource: Could not connect to the server. @ http://localhost:4401/api/billing/ai-credits/summary:0
[ 4217285ms] [ERROR] Failed to load resource: Could not connect to the server. @ http://localhost:4401/api/billing/ai-credits/summary:0
[ 4217495ms] [ERROR] Failed to load resource: Could not connect to the server. @ http://localhost:4401/api/billing/ai-credits/summary:0
[ 4218109ms] [ERROR] Failed to load resource: Could not connect to the server. @ http://localhost:4401/api/billing/ai-credits/summary:0
[ 4247013ms] [ERROR] Failed to load resource: Could not connect to the server. @ http://localhost:4401/dashboard/overview:0
[ 4247014ms] [ERROR] Failed to load resource: Could not connect to the server. @ http://localhost:4401/dashboard/alerts?limit=6:0
[ 4247227ms] [ERROR] Failed to load resource: Could not connect to the server. @ http://localhost:4401/dashboard/overview:0
[ 4247228ms] [ERROR] Failed to load resource: Could not connect to the server. @ http://localhost:4401/dashboard/alerts?limit=6:0
[ 4247287ms] [ERROR] Failed to load resource: Could not connect to the server. @ http://localhost:4401/api/billing/ai-credits/summary:0
[ 4247499ms] [ERROR] Failed to load resource: Could not connect to the server. @ http://localhost:4401/api/billing/ai-credits/summary:0
[ 4247840ms] [ERROR] Failed to load resource: Could not connect to the server. @ http://localhost:4401/dashboard/overview:0
[ 4247841ms] [ERROR] Failed to load resource: Could not connect to the server. @ http://localhost:4401/dashboard/alerts?limit=6:0
[ 4248105ms] [ERROR] Failed to load resource: Could not connect to the server. @ http://localhost:4401/api/billing/ai-credits/summary:0
[ 4277293ms] [ERROR] Failed to load resource: Could not connect to the server. @ http://localhost:4401/api/billing/ai-credits/summary:0
[ 4277499ms] [ERROR] Failed to load resource: Could not connect to the server. @ http://localhost:4401/api/billing/ai-credits/summary:0
[ 4278106ms] [ERROR] Failed to load resource: Could not connect to the server. @ http://localhost:4401/api/billing/ai-credits/summary:0
[ 4307018ms] [ERROR] Failed to load resource: Could not connect to the server. @ http://localhost:4401/dashboard/overview:0
[ 4307018ms] [ERROR] Failed to load resource: Could not connect to the server. @ http://localhost:4401/dashboard/alerts?limit=6:0
[ 4307232ms] [ERROR] Failed to load resource: Could not connect to the server. @ http://localhost:4401/dashboard/overview:0
[ 4307233ms] [ERROR] Failed to load resource: Could not connect to the server. @ http://localhost:4401/dashboard/alerts?limit=6:0
[ 4307293ms] [ERROR] Failed to load resource: Could not connect to the server. @ http://localhost:4401/api/billing/ai-credits/summary:0
[ 4307505ms] [ERROR] Failed to load resource: Could not connect to the server. @ http://localhost:4401/api/billing/ai-credits/summary:0
[ 4307839ms] [ERROR] Failed to load resource: Could not connect to the server. @ http://localhost:4401/dashboard/overview:0
[ 4307844ms] [ERROR] Failed to load resource: Could not connect to the server. @ http://localhost:4401/dashboard/alerts?limit=6:0
[ 4308109ms] [ERROR] Failed to load resource: Could not connect to the server. @ http://localhost:4401/api/billing/ai-credits/summary:0
[ 4337303ms] [ERROR] Failed to load resource: Could not connect to the server. @ http://localhost:4401/api/billing/ai-credits/summary:0
[ 4337514ms] [ERROR] Failed to load resource: Could not connect to the server. @ http://localhost:4401/api/billing/ai-credits/summary:0
[ 4338123ms] [ERROR] Failed to load resource: Could not connect to the server. @ http://localhost:4401/api/billing/ai-credits/summary:0
[ 4367022ms] [ERROR] Failed to load resource: Could not connect to the server. @ http://localhost:4401/dashboard/overview:0
[ 4367023ms] [ERROR] Failed to load resource: Could not connect to the server. @ http://localhost:4401/dashboard/alerts?limit=6:0
[ 4367229ms] [ERROR] Failed to load resource: Could not connect to the server. @ http://localhost:4401/dashboard/overview:0
[ 4367230ms] [ERROR] Failed to load resource: Could not connect to the server. @ http://localhost:4401/dashboard/alerts?limit=6:0
[ 4367297ms] [ERROR] Failed to load resource: Could not connect to the server. @ http://localhost:4401/api/billing/ai-credits/summary:0
[ 4367503ms] [ERROR] Failed to load resource: Could not connect to the server. @ http://localhost:4401/api/billing/ai-credits/summary:0
[ 4367836ms] [ERROR] Failed to load resource: Could not connect to the server. @ http://localhost:4401/dashboard/overview:0
[ 4367837ms] [ERROR] Failed to load resource: Could not connect to the server. @ http://localhost:4401/dashboard/alerts?limit=6:0
[ 4368107ms] [ERROR] Failed to load resource: Could not connect to the server. @ http://localhost:4401/api/billing/ai-credits/summary:0
[ 4397304ms] [ERROR] Failed to load resource: Could not connect to the server. @ http://localhost:4401/api/billing/ai-credits/summary:0
[ 4397512ms] [ERROR] Failed to load resource: Could not connect to the server. @ http://localhost:4401/api/billing/ai-credits/summary:0
[ 4398116ms] [ERROR] Failed to load resource: Could not connect to the server. @ http://localhost:4401/api/billing/ai-credits/summary:0
[ 4427026ms] [ERROR] Failed to load resource: Could not connect to the server. @ http://localhost:4401/dashboard/overview:0
[ 4427027ms] [ERROR] Failed to load resource: Could not connect to the server. @ http://localhost:4401/dashboard/alerts?limit=6:0
[ 4427237ms] [ERROR] Failed to load resource: Could not connect to the server. @ http://localhost:4401/dashboard/overview:0
[ 4427238ms] [ERROR] Failed to load resource: Could not connect to the server. @ http://localhost:4401/dashboard/alerts?limit=6:0
[ 4427310ms] [ERROR] Failed to load resource: Could not connect to the server. @ http://localhost:4401/api/billing/ai-credits/summary:0
[ 4427520ms] [ERROR] Failed to load resource: Could not connect to the server. @ http://localhost:4401/api/billing/ai-credits/summary:0
[ 4427846ms] [ERROR] Failed to load resource: Could not connect to the server. @ http://localhost:4401/dashboard/overview:0
[ 4427847ms] [ERROR] Failed to load resource: Could not connect to the server. @ http://localhost:4401/dashboard/alerts?limit=6:0
[ 4428125ms] [ERROR] Failed to load resource: Could not connect to the server. @ http://localhost:4401/api/billing/ai-credits/summary:0
[ 4457320ms] [ERROR] Failed to load resource: Could not connect to the server. @ http://localhost:4401/api/billing/ai-credits/summary:0
[ 4457527ms] [ERROR] Failed to load resource: Could not connect to the server. @ http://localhost:4401/api/billing/ai-credits/summary:0
[ 4458134ms] [ERROR] Failed to load resource: Could not connect to the server. @ http://localhost:4401/api/billing/ai-credits/summary:0
[ 4487027ms] [ERROR] Failed to load resource: Could not connect to the server. @ http://localhost:4401/dashboard/overview:0
[ 4487027ms] [ERROR] Failed to load resource: Could not connect to the server. @ http://localhost:4401/dashboard/alerts?limit=6:0
[ 4487230ms] [ERROR] Failed to load resource: Could not connect to the server. @ http://localhost:4401/dashboard/overview:0
[ 4487231ms] [ERROR] Failed to load resource: Could not connect to the server. @ http://localhost:4401/dashboard/alerts?limit=6:0
[ 4487315ms] [ERROR] Failed to load resource: Could not connect to the server. @ http://localhost:4401/api/billing/ai-credits/summary:0
[ 4487521ms] [ERROR] Failed to load resource: Could not connect to the server. @ http://localhost:4401/api/billing/ai-credits/summary:0
[ 4487840ms] [ERROR] Failed to load resource: Could not connect to the server. @ http://localhost:4401/dashboard/overview:0
[ 4487841ms] [ERROR] Failed to load resource: Could not connect to the server. @ http://localhost:4401/dashboard/alerts?limit=6:0
[ 4488126ms] [ERROR] Failed to load resource: Could not connect to the server. @ http://localhost:4401/api/billing/ai-credits/summary:0
[ 4517324ms] [ERROR] Failed to load resource: Could not connect to the server. @ http://localhost:4401/api/billing/ai-credits/summary:0
[ 4517531ms] [ERROR] Failed to load resource: Could not connect to the server. @ http://localhost:4401/api/billing/ai-credits/summary:0
[ 4518139ms] [ERROR] Failed to load resource: Could not connect to the server. @ http://localhost:4401/api/billing/ai-credits/summary:0
[ 4547034ms] [ERROR] Failed to load resource: Could not connect to the server. @ http://localhost:4401/dashboard/overview:0
[ 4547035ms] [ERROR] Failed to load resource: Could not connect to the server. @ http://localhost:4401/dashboard/alerts?limit=6:0
[ 4547243ms] [ERROR] Failed to load resource: Could not connect to the server. @ http://localhost:4401/dashboard/overview:0
[ 4547243ms] [ERROR] Failed to load resource: Could not connect to the server. @ http://localhost:4401/dashboard/alerts?limit=6:0
[ 4547328ms] [ERROR] Failed to load resource: Could not connect to the server. @ http://localhost:4401/api/billing/ai-credits/summary:0
[ 4547535ms] [ERROR] Failed to load resource: Could not connect to the server. @ http://localhost:4401/api/billing/ai-credits/summary:0
[ 4547851ms] [ERROR] Failed to load resource: Could not connect to the server. @ http://localhost:4401/dashboard/overview:0
[ 4547852ms] [ERROR] Failed to load resource: Could not connect to the server. @ http://localhost:4401/dashboard/alerts?limit=6:0
[ 4548140ms] [ERROR] Failed to load resource: Could not connect to the server. @ http://localhost:4401/api/billing/ai-credits/summary:0
[ 4577334ms] [ERROR] Failed to load resource: Could not connect to the server. @ http://localhost:4401/api/billing/ai-credits/summary:0
[ 4577540ms] [ERROR] Failed to load resource: Could not connect to the server. @ http://localhost:4401/api/billing/ai-credits/summary:0
[ 4578147ms] [ERROR] Failed to load resource: Could not connect to the server. @ http://localhost:4401/api/billing/ai-credits/summary:0
[ 4607039ms] [ERROR] Failed to load resource: Could not connect to the server. @ http://localhost:4401/dashboard/overview:0
[ 4607040ms] [ERROR] Failed to load resource: Could not connect to the server. @ http://localhost:4401/dashboard/alerts?limit=6:0
[ 4607248ms] [ERROR] Failed to load resource: Could not connect to the server. @ http://localhost:4401/dashboard/overview:0
[ 4607249ms] [ERROR] Failed to load resource: Could not connect to the server. @ http://localhost:4401/dashboard/alerts?limit=6:0
[ 4607336ms] [ERROR] Failed to load resource: Could not connect to the server. @ http://localhost:4401/api/billing/ai-credits/summary:0
[ 4607544ms] [ERROR] Failed to load resource: Could not connect to the server. @ http://localhost:4401/api/billing/ai-credits/summary:0
[ 4607856ms] [ERROR] Failed to load resource: Could not connect to the server. @ http://localhost:4401/dashboard/overview:0
[ 4607856ms] [ERROR] Failed to load resource: Could not connect to the server. @ http://localhost:4401/dashboard/alerts?limit=6:0
[ 4608148ms] [ERROR] Failed to load resource: Could not connect to the server. @ http://localhost:4401/api/billing/ai-credits/summary:0
[ 4637342ms] [ERROR] Failed to load resource: Could not connect to the server. @ http://localhost:4401/api/billing/ai-credits/summary:0
[ 4637550ms] [ERROR] Failed to load resource: Could not connect to the server. @ http://localhost:4401/api/billing/ai-credits/summary:0
[ 4638158ms] [ERROR] Failed to load resource: Could not connect to the server. @ http://localhost:4401/api/billing/ai-credits/summary:0
[ 4667044ms] [ERROR] Failed to load resource: Could not connect to the server. @ http://localhost:4401/dashboard/overview:0
[ 4667045ms] [ERROR] Failed to load resource: Could not connect to the server. @ http://localhost:4401/dashboard/alerts?limit=6:0
[ 4667253ms] [ERROR] Failed to load resource: Could not connect to the server. @ http://localhost:4401/dashboard/overview:0
[ 4667253ms] [ERROR] Failed to load resource: Could not connect to the server. @ http://localhost:4401/dashboard/alerts?limit=6:0
[ 4667346ms] [ERROR] Failed to load resource: Could not connect to the server. @ http://localhost:4401/api/billing/ai-credits/summary:0
[ 4667556ms] [ERROR] Failed to load resource: Could not connect to the server. @ http://localhost:4401/api/billing/ai-credits/summary:0
[ 4667861ms] [ERROR] Failed to load resource: Could not connect to the server. @ http://localhost:4401/dashboard/overview:0
[ 4667862ms] [ERROR] Failed to load resource: Could not connect to the server. @ http://localhost:4401/dashboard/alerts?limit=6:0
[ 4668160ms] [ERROR] Failed to load resource: Could not connect to the server. @ http://localhost:4401/api/billing/ai-credits/summary:0
[ 4697354ms] [ERROR] Failed to load resource: Could not connect to the server. @ http://localhost:4401/api/billing/ai-credits/summary:0
[ 4697561ms] [ERROR] Failed to load resource: Could not connect to the server. @ http://localhost:4401/api/billing/ai-credits/summary:0
[ 4698167ms] [ERROR] Failed to load resource: Could not connect to the server. @ http://localhost:4401/api/billing/ai-credits/summary:0
[ 4727049ms] [ERROR] Failed to load resource: Could not connect to the server. @ http://localhost:4401/dashboard/overview:0
[ 4727050ms] [ERROR] Failed to load resource: Could not connect to the server. @ http://localhost:4401/dashboard/alerts?limit=6:0
[ 4727256ms] [ERROR] Failed to load resource: Could not connect to the server. @ http://localhost:4401/dashboard/overview:0
[ 4727257ms] [ERROR] Failed to load resource: Could not connect to the server. @ http://localhost:4401/dashboard/alerts?limit=6:0
[ 4727357ms] [ERROR] Failed to load resource: Could not connect to the server. @ http://localhost:4401/api/billing/ai-credits/summary:0
[ 4727563ms] [ERROR] Failed to load resource: Could not connect to the server. @ http://localhost:4401/api/billing/ai-credits/summary:0
[ 4727865ms] [ERROR] Failed to load resource: Could not connect to the server. @ http://localhost:4401/dashboard/overview:0
[ 4727866ms] [ERROR] Failed to load resource: Could not connect to the server. @ http://localhost:4401/dashboard/alerts?limit=6:0
[ 4728167ms] [ERROR] Failed to load resource: Could not connect to the server. @ http://localhost:4401/api/billing/ai-credits/summary:0
[ 4757357ms] [ERROR] Failed to load resource: Could not connect to the server. @ http://localhost:4401/api/billing/ai-credits/summary:0
[ 4757563ms] [ERROR] Failed to load resource: Could not connect to the server. @ http://localhost:4401/api/billing/ai-credits/summary:0
[ 4758166ms] [ERROR] Failed to load resource: Could not connect to the server. @ http://localhost:4401/api/billing/ai-credits/summary:0
[ 4787054ms] [ERROR] Failed to load resource: Could not connect to the server. @ http://localhost:4401/dashboard/overview:0
[ 4787055ms] [ERROR] Failed to load resource: Could not connect to the server. @ http://localhost:4401/dashboard/alerts?limit=6:0
[ 4787263ms] [ERROR] Failed to load resource: Could not connect to the server. @ http://localhost:4401/dashboard/overview:0
[ 4787264ms] [ERROR] Failed to load resource: Could not connect to the server. @ http://localhost:4401/dashboard/alerts?limit=6:0
[ 4787365ms] [ERROR] Failed to load resource: Could not connect to the server. @ http://localhost:4401/api/billing/ai-credits/summary:0
[ 4787571ms] [ERROR] Failed to load resource: Could not connect to the server. @ http://localhost:4401/api/billing/ai-credits/summary:0
[ 4787871ms] [ERROR] Failed to load resource: Could not connect to the server. @ http://localhost:4401/dashboard/overview:0
[ 4787873ms] [ERROR] Failed to load resource: Could not connect to the server. @ http://localhost:4401/dashboard/alerts?limit=6:0
[ 4788174ms] [ERROR] Failed to load resource: Could not connect to the server. @ http://localhost:4401/api/billing/ai-credits/summary:0
[ 4817372ms] [ERROR] Failed to load resource: Could not connect to the server. @ http://localhost:4401/api/billing/ai-credits/summary:0
[ 4817580ms] [ERROR] Failed to load resource: Could not connect to the server. @ http://localhost:4401/api/billing/ai-credits/summary:0
[ 4818186ms] [ERROR] Failed to load resource: Could not connect to the server. @ http://localhost:4401/api/billing/ai-credits/summary:0
[ 4847060ms] [ERROR] Failed to load resource: Could not connect to the server. @ http://localhost:4401/dashboard/overview:0
[ 4847061ms] [ERROR] Failed to load resource: Could not connect to the server. @ http://localhost:4401/dashboard/alerts?limit=6:0
[ 4847269ms] [ERROR] Failed to load resource: Could not connect to the server. @ http://localhost:4401/dashboard/overview:0
[ 4847270ms] [ERROR] Failed to load resource: Could not connect to the server. @ http://localhost:4401/dashboard/alerts?limit=6:0
[ 4847374ms] [ERROR] Failed to load resource: Could not connect to the server. @ http://localhost:4401/api/billing/ai-credits/summary:0
[ 4847581ms] [ERROR] Failed to load resource: Could not connect to the server. @ http://localhost:4401/api/billing/ai-credits/summary:0
[ 4847878ms] [ERROR] Failed to load resource: Could not connect to the server. @ http://localhost:4401/dashboard/overview:0
[ 4847879ms] [ERROR] Failed to load resource: Could not connect to the server. @ http://localhost:4401/dashboard/alerts?limit=6:0
[ 4848185ms] [ERROR] Failed to load resource: Could not connect to the server. @ http://localhost:4401/api/billing/ai-credits/summary:0
[ 4877375ms] [ERROR] Failed to load resource: Could not connect to the server. @ http://localhost:4401/api/billing/ai-credits/summary:0
[ 4877579ms] [ERROR] Failed to load resource: Could not connect to the server. @ http://localhost:4401/api/billing/ai-credits/summary:0
[ 4878186ms] [ERROR] Failed to load resource: Could not connect to the server. @ http://localhost:4401/api/billing/ai-credits/summary:0
[ 4907064ms] [ERROR] Failed to load resource: Could not connect to the server. @ http://localhost:4401/dashboard/overview:0
[ 4907065ms] [ERROR] Failed to load resource: Could not connect to the server. @ http://localhost:4401/dashboard/alerts?limit=6:0
[ 4907273ms] [ERROR] Failed to load resource: Could not connect to the server. @ http://localhost:4401/dashboard/overview:0
[ 4907275ms] [ERROR] Failed to load resource: Could not connect to the server. @ http://localhost:4401/dashboard/alerts?limit=6:0
[ 4907381ms] [ERROR] Failed to load resource: Could not connect to the server. @ http://localhost:4401/api/billing/ai-credits/summary:0
[ 4907588ms] [ERROR] Failed to load resource: Could not connect to the server. @ http://localhost:4401/api/billing/ai-credits/summary:0
[ 4907882ms] [ERROR] Failed to load resource: Could not connect to the server. @ http://localhost:4401/dashboard/overview:0
[ 4907883ms] [ERROR] Failed to load resource: Could not connect to the server. @ http://localhost:4401/dashboard/alerts?limit=6:0
[ 4908192ms] [ERROR] Failed to load resource: Could not connect to the server. @ http://localhost:4401/api/billing/ai-credits/summary:0
[ 4937386ms] [ERROR] Failed to load resource: Could not connect to the server. @ http://localhost:4401/api/billing/ai-credits/summary:0
[ 4937593ms] [ERROR] Failed to load resource: Could not connect to the server. @ http://localhost:4401/api/billing/ai-credits/summary:0
[ 4938200ms] [ERROR] Failed to load resource: Could not connect to the server. @ http://localhost:4401/api/billing/ai-credits/summary:0
[ 4967067ms] [ERROR] Failed to load resource: Could not connect to the server. @ http://localhost:4401/dashboard/overview:0
[ 4967067ms] [ERROR] Failed to load resource: Could not connect to the server. @ http://localhost:4401/dashboard/alerts?limit=6:0
[ 4967275ms] [ERROR] Failed to load resource: Could not connect to the server. @ http://localhost:4401/dashboard/overview:0
[ 4967276ms] [ERROR] Failed to load resource: Could not connect to the server. @ http://localhost:4401/dashboard/alerts?limit=6:0
[ 4967387ms] [ERROR] Failed to load resource: Could not connect to the server. @ http://localhost:4401/api/billing/ai-credits/summary:0
[ 4967592ms] [ERROR] Failed to load resource: Could not connect to the server. @ http://localhost:4401/api/billing/ai-credits/summary:0
[ 4967880ms] [ERROR] Failed to load resource: Could not connect to the server. @ http://localhost:4401/dashboard/overview:0
[ 4967880ms] [ERROR] Failed to load resource: Could not connect to the server. @ http://localhost:4401/dashboard/alerts?limit=6:0
[ 4968198ms] [ERROR] Failed to load resource: Could not connect to the server. @ http://localhost:4401/api/billing/ai-credits/summary:0
[ 4997392ms] [ERROR] Failed to load resource: Could not connect to the server. @ http://localhost:4401/api/billing/ai-credits/summary:0
[ 4997599ms] [ERROR] Failed to load resource: Could not connect to the server. @ http://localhost:4401/api/billing/ai-credits/summary:0
[ 4998206ms] [ERROR] Failed to load resource: Could not connect to the server. @ http://localhost:4401/api/billing/ai-credits/summary:0
[ 5027066ms] [ERROR] Failed to load resource: Could not connect to the server. @ http://localhost:4401/dashboard/overview:0
[ 5027067ms] [ERROR] Failed to load resource: Could not connect to the server. @ http://localhost:4401/dashboard/alerts?limit=6:0
[ 5027271ms] [ERROR] Failed to load resource: Could not connect to the server. @ http://localhost:4401/dashboard/overview:0
[ 5027271ms] [ERROR] Failed to load resource: Could not connect to the server. @ http://localhost:4401/dashboard/alerts?limit=6:0
[ 5027393ms] [ERROR] Failed to load resource: Could not connect to the server. @ http://localhost:4401/api/billing/ai-credits/summary:0
[ 5027599ms] [ERROR] Failed to load resource: Could not connect to the server. @ http://localhost:4401/api/billing/ai-credits/summary:0
[ 5027879ms] [ERROR] Failed to load resource: Could not connect to the server. @ http://localhost:4401/dashboard/overview:0
[ 5027881ms] [ERROR] Failed to load resource: Could not connect to the server. @ http://localhost:4401/dashboard/alerts?limit=6:0
[ 5028203ms] [ERROR] Failed to load resource: Could not connect to the server. @ http://localhost:4401/api/billing/ai-credits/summary:0
[ 5057398ms] [ERROR] Failed to load resource: Could not connect to the server. @ http://localhost:4401/api/billing/ai-credits/summary:0
[ 5057606ms] [ERROR] Failed to load resource: Could not connect to the server. @ http://localhost:4401/api/billing/ai-credits/summary:0
[ 5058213ms] [ERROR] Failed to load resource: Could not connect to the server. @ http://localhost:4401/api/billing/ai-credits/summary:0
[ 5087074ms] [ERROR] Failed to load resource: Could not connect to the server. @ http://localhost:4401/dashboard/overview:0
[ 5087075ms] [ERROR] Failed to load resource: Could not connect to the server. @ http://localhost:4401/dashboard/alerts?limit=6:0
[ 5087283ms] [ERROR] Failed to load resource: Could not connect to the server. @ http://localhost:4401/dashboard/overview:0
[ 5087284ms] [ERROR] Failed to load resource: Could not connect to the server. @ http://localhost:4401/dashboard/alerts?limit=6:0
[ 5087403ms] [ERROR] Failed to load resource: Could not connect to the server. @ http://localhost:4401/api/billing/ai-credits/summary:0
[ 5087610ms] [ERROR] Failed to load resource: Could not connect to the server. @ http://localhost:4401/api/billing/ai-credits/summary:0
[ 5087890ms] [ERROR] Failed to load resource: Could not connect to the server. @ http://localhost:4401/dashboard/overview:0
[ 5087892ms] [ERROR] Failed to load resource: Could not connect to the server. @ http://localhost:4401/dashboard/alerts?limit=6:0
[ 5088214ms] [ERROR] Failed to load resource: Could not connect to the server. @ http://localhost:4401/api/billing/ai-credits/summary:0
[ 5117412ms] [ERROR] Failed to load resource: Could not connect to the server. @ http://localhost:4401/api/billing/ai-credits/summary:0
[ 5117623ms] [ERROR] Failed to load resource: Could not connect to the server. @ http://localhost:4401/api/billing/ai-credits/summary:0
[ 5118235ms] [ERROR] Failed to load resource: Could not connect to the server. @ http://localhost:4401/api/billing/ai-credits/summary:0
[ 5147085ms] [ERROR] Failed to load resource: Could not connect to the server. @ http://localhost:4401/dashboard/overview:0
[ 5147086ms] [ERROR] Failed to load resource: Could not connect to the server. @ http://localhost:4401/dashboard/alerts?limit=6:0
[ 5147297ms] [ERROR] Failed to load resource: Could not connect to the server. @ http://localhost:4401/dashboard/overview:0
[ 5147298ms] [ERROR] Failed to load resource: Could not connect to the server. @ http://localhost:4401/dashboard/alerts?limit=6:0
[ 5147417ms] [ERROR] Failed to load resource: Could not connect to the server. @ http://localhost:4401/api/billing/ai-credits/summary:0
[ 5147628ms] [ERROR] Failed to load resource: Could not connect to the server. @ http://localhost:4401/api/billing/ai-credits/summary:0
[ 5147909ms] [ERROR] Failed to load resource: Could not connect to the server. @ http://localhost:4401/dashboard/overview:0
[ 5147910ms] [ERROR] Failed to load resource: Could not connect to the server. @ http://localhost:4401/dashboard/alerts?limit=6:0
[ 5148232ms] [ERROR] Failed to load resource: Could not connect to the server. @ http://localhost:4401/api/billing/ai-credits/summary:0
[ 5177425ms] [ERROR] Failed to load resource: Could not connect to the server. @ http://localhost:4401/api/billing/ai-credits/summary:0
[ 5177633ms] [ERROR] Failed to load resource: Could not connect to the server. @ http://localhost:4401/api/billing/ai-credits/summary:0
[ 5178245ms] [ERROR] Failed to load resource: Could not connect to the server. @ http://localhost:4401/api/billing/ai-credits/summary:0
[ 5207090ms] [ERROR] Failed to load resource: Could not connect to the server. @ http://localhost:4401/dashboard/overview:0
[ 5207090ms] [ERROR] Failed to load resource: Could not connect to the server. @ http://localhost:4401/dashboard/alerts?limit=6:0
[ 5207297ms] [ERROR] Failed to load resource: Could not connect to the server. @ http://localhost:4401/dashboard/overview:0
[ 5207298ms] [ERROR] Failed to load resource: Could not connect to the server. @ http://localhost:4401/dashboard/alerts?limit=6:0
[ 5207426ms] [ERROR] Failed to load resource: Could not connect to the server. @ http://localhost:4401/api/billing/ai-credits/summary:0
[ 5207636ms] [ERROR] Failed to load resource: Could not connect to the server. @ http://localhost:4401/api/billing/ai-credits/summary:0
[ 5207904ms] [ERROR] Failed to load resource: Could not connect to the server. @ http://localhost:4401/dashboard/overview:0
[ 5207905ms] [ERROR] Failed to load resource: Could not connect to the server. @ http://localhost:4401/dashboard/alerts?limit=6:0
[ 5208242ms] [ERROR] Failed to load resource: Could not connect to the server. @ http://localhost:4401/api/billing/ai-credits/summary:0
[ 5237432ms] [ERROR] Failed to load resource: Could not connect to the server. @ http://localhost:4401/api/billing/ai-credits/summary:0
[ 5237643ms] [ERROR] Failed to load resource: Could not connect to the server. @ http://localhost:4401/api/billing/ai-credits/summary:0
[ 5238252ms] [ERROR] Failed to load resource: Could not connect to the server. @ http://localhost:4401/api/billing/ai-credits/summary:0
[ 5267095ms] [ERROR] Failed to load resource: Could not connect to the server. @ http://localhost:4401/dashboard/overview:0
[ 5267096ms] [ERROR] Failed to load resource: Could not connect to the server. @ http://localhost:4401/dashboard/alerts?limit=6:0
[ 5267304ms] [ERROR] Failed to load resource: Could not connect to the server. @ http://localhost:4401/dashboard/overview:0
[ 5267305ms] [ERROR] Failed to load resource: Could not connect to the server. @ http://localhost:4401/dashboard/alerts?limit=6:0
[ 5267430ms] [ERROR] Failed to load resource: Could not connect to the server. @ http://localhost:4401/api/billing/ai-credits/summary:0
[ 5267634ms] [ERROR] Failed to load resource: Could not connect to the server. @ http://localhost:4401/api/billing/ai-credits/summary:0
[ 5267909ms] [ERROR] Failed to load resource: Could not connect to the server. @ http://localhost:4401/dashboard/overview:0
[ 5267910ms] [ERROR] Failed to load resource: Could not connect to the server. @ http://localhost:4401/dashboard/alerts?limit=6:0
[ 5268245ms] [ERROR] Failed to load resource: Could not connect to the server. @ http://localhost:4401/api/billing/ai-credits/summary:0
[ 5297439ms] [ERROR] Failed to load resource: Could not connect to the server. @ http://localhost:4401/api/billing/ai-credits/summary:0
[ 5297651ms] [ERROR] Failed to load resource: Could not connect to the server. @ http://localhost:4401/api/billing/ai-credits/summary:0
[ 5298256ms] [ERROR] Failed to load resource: Could not connect to the server. @ http://localhost:4401/api/billing/ai-credits/summary:0
[ 5327100ms] [ERROR] Failed to load resource: Could not connect to the server. @ http://localhost:4401/dashboard/overview:0
[ 5327101ms] [ERROR] Failed to load resource: Could not connect to the server. @ http://localhost:4401/dashboard/alerts?limit=6:0
[ 5327312ms] [ERROR] Failed to load resource: Could not connect to the server. @ http://localhost:4401/dashboard/overview:0
[ 5327314ms] [ERROR] Failed to load resource: Could not connect to the server. @ http://localhost:4401/dashboard/alerts?limit=6:0
[ 5327445ms] [ERROR] Failed to load resource: Could not connect to the server. @ http://localhost:4401/api/billing/ai-credits/summary:0
[ 5327656ms] [ERROR] Failed to load resource: Could not connect to the server. @ http://localhost:4401/api/billing/ai-credits/summary:0
[ 5327924ms] [ERROR] Failed to load resource: Could not connect to the server. @ http://localhost:4401/dashboard/overview:0
[ 5327925ms] [ERROR] Failed to load resource: Could not connect to the server. @ http://localhost:4401/dashboard/alerts?limit=6:0
[ 5328261ms] [ERROR] Failed to load resource: Could not connect to the server. @ http://localhost:4401/api/billing/ai-credits/summary:0
[ 5357467ms] [ERROR] Failed to load resource: Could not connect to the server. @ http://localhost:4401/api/billing/ai-credits/summary:0
[ 5357678ms] [ERROR] Failed to load resource: Could not connect to the server. @ http://localhost:4401/api/billing/ai-credits/summary:0
[ 5358290ms] [ERROR] Failed to load resource: Could not connect to the server. @ http://localhost:4401/api/billing/ai-credits/summary:0
[ 5387095ms] [ERROR] Failed to load resource: Could not connect to the server. @ http://localhost:4401/dashboard/overview:0
[ 5387095ms] [ERROR] Failed to load resource: Could not connect to the server. @ http://localhost:4401/dashboard/alerts?limit=6:0
[ 5387301ms] [ERROR] Failed to load resource: Could not connect to the server. @ http://localhost:4401/dashboard/overview:0
[ 5387303ms] [ERROR] Failed to load resource: Could not connect to the server. @ http://localhost:4401/dashboard/alerts?limit=6:0
[ 5387460ms] [ERROR] Failed to load resource: Could not connect to the server. @ http://localhost:4401/api/billing/ai-credits/summary:0
[ 5387671ms] [ERROR] Failed to load resource: Could not connect to the server. @ http://localhost:4401/api/billing/ai-credits/summary:0
[ 5387913ms] [ERROR] Failed to load resource: Could not connect to the server. @ http://localhost:4401/dashboard/overview:0
[ 5387914ms] [ERROR] Failed to load resource: Could not connect to the server. @ http://localhost:4401/dashboard/alerts?limit=6:0
[ 5388275ms] [ERROR] Failed to load resource: Could not connect to the server. @ http://localhost:4401/api/billing/ai-credits/summary:0
[ 5417457ms] [ERROR] Failed to load resource: Could not connect to the server. @ http://localhost:4401/api/billing/ai-credits/summary:0
[ 5417667ms] [ERROR] Failed to load resource: Could not connect to the server. @ http://localhost:4401/api/billing/ai-credits/summary:0
[ 5418280ms] [ERROR] Failed to load resource: Could not connect to the server. @ http://localhost:4401/api/billing/ai-credits/summary:0
[ 5447104ms] [ERROR] Failed to load resource: Could not connect to the server. @ http://localhost:4401/dashboard/overview:0
[ 5447105ms] [ERROR] Failed to load resource: Could not connect to the server. @ http://localhost:4401/dashboard/alerts?limit=6:0
[ 5447310ms] [ERROR] Failed to load resource: Could not connect to the server. @ http://localhost:4401/dashboard/overview:0
[ 5447311ms] [ERROR] Failed to load resource: Could not connect to the server. @ http://localhost:4401/dashboard/alerts?limit=6:0
[ 5447461ms] [ERROR] Failed to load resource: Could not connect to the server. @ http://localhost:4401/api/billing/ai-credits/summary:0
[ 5447671ms] [ERROR] Failed to load resource: Could not connect to the server. @ http://localhost:4401/api/billing/ai-credits/summary:0
[ 5447922ms] [ERROR] Failed to load resource: Could not connect to the server. @ http://localhost:4401/dashboard/overview:0
[ 5447923ms] [ERROR] Failed to load resource: Could not connect to the server. @ http://localhost:4401/dashboard/alerts?limit=6:0
[ 5448277ms] [ERROR] Failed to load resource: Could not connect to the server. @ http://localhost:4401/api/billing/ai-credits/summary:0
[ 5477467ms] [ERROR] Failed to load resource: Could not connect to the server. @ http://localhost:4401/api/billing/ai-credits/summary:0
[ 5477672ms] [ERROR] Failed to load resource: Could not connect to the server. @ http://localhost:4401/api/billing/ai-credits/summary:0
[ 5478282ms] [ERROR] Failed to load resource: Could not connect to the server. @ http://localhost:4401/api/billing/ai-credits/summary:0
[ 5507122ms] [ERROR] Failed to load resource: Could not connect to the server. @ http://localhost:4401/dashboard/overview:0
[ 5507123ms] [ERROR] Failed to load resource: Could not connect to the server. @ http://localhost:4401/dashboard/alerts?limit=6:0
[ 5507334ms] [ERROR] Failed to load resource: Could not connect to the server. @ http://localhost:4401/dashboard/overview:0
[ 5507335ms] [ERROR] Failed to load resource: Could not connect to the server. @ http://localhost:4401/dashboard/alerts?limit=6:0
[ 5507472ms] [ERROR] Failed to load resource: Could not connect to the server. @ http://localhost:4401/api/billing/ai-credits/summary:0
[ 5507681ms] [ERROR] Failed to load resource: Could not connect to the server. @ http://localhost:4401/api/billing/ai-credits/summary:0
[ 5507948ms] [ERROR] Failed to load resource: Could not connect to the server. @ http://localhost:4401/dashboard/overview:0
[ 5507950ms] [ERROR] Failed to load resource: Could not connect to the server. @ http://localhost:4401/dashboard/alerts?limit=6:0
[ 5508286ms] [ERROR] Failed to load resource: Could not connect to the server. @ http://localhost:4401/api/billing/ai-credits/summary:0
[ 5537479ms] [ERROR] Failed to load resource: Could not connect to the server. @ http://localhost:4401/api/billing/ai-credits/summary:0
[ 5537690ms] [ERROR] Failed to load resource: Could not connect to the server. @ http://localhost:4401/api/billing/ai-credits/summary:0
[ 5538301ms] [ERROR] Failed to load resource: Could not connect to the server. @ http://localhost:4401/api/billing/ai-credits/summary:0
[ 5567118ms] [ERROR] Failed to load resource: Could not connect to the server. @ http://localhost:4401/dashboard/overview:0
[ 5567119ms] [ERROR] Failed to load resource: Could not connect to the server. @ http://localhost:4401/dashboard/alerts?limit=6:0
[ 5567331ms] [ERROR] Failed to load resource: Could not connect to the server. @ http://localhost:4401/dashboard/overview:0
[ 5567332ms] [ERROR] Failed to load resource: Could not connect to the server. @ http://localhost:4401/dashboard/alerts?limit=6:0
[ 5567480ms] [ERROR] Failed to load resource: Could not connect to the server. @ http://localhost:4401/api/billing/ai-credits/summary:0
[ 5567692ms] [ERROR] Failed to load resource: Could not connect to the server. @ http://localhost:4401/api/billing/ai-credits/summary:0
[ 5567936ms] [ERROR] Failed to load resource: Could not connect to the server. @ http://localhost:4401/dashboard/overview:0
[ 5567937ms] [ERROR] Failed to load resource: Could not connect to the server. @ http://localhost:4401/dashboard/alerts?limit=6:0
[ 5568296ms] [ERROR] Failed to load resource: Could not connect to the server. @ http://localhost:4401/api/billing/ai-credits/summary:0
[ 5597490ms] [ERROR] Failed to load resource: Could not connect to the server. @ http://localhost:4401/api/billing/ai-credits/summary:0
[ 5597701ms] [ERROR] Failed to load resource: Could not connect to the server. @ http://localhost:4401/api/billing/ai-credits/summary:0
[ 5598312ms] [ERROR] Failed to load resource: Could not connect to the server. @ http://localhost:4401/api/billing/ai-credits/summary:0
[ 5627122ms] [ERROR] Failed to load resource: Could not connect to the server. @ http://localhost:4401/dashboard/overview:0
[ 5627123ms] [ERROR] Failed to load resource: Could not connect to the server. @ http://localhost:4401/dashboard/alerts?limit=6:0
[ 5627335ms] [ERROR] Failed to load resource: Could not connect to the server. @ http://localhost:4401/dashboard/overview:0
[ 5627336ms] [ERROR] Failed to load resource: Could not connect to the server. @ http://localhost:4401/dashboard/alerts?limit=6:0
[ 5627490ms] [ERROR] Failed to load resource: Could not connect to the server. @ http://localhost:4401/api/billing/ai-credits/summary:0
[ 5627700ms] [ERROR] Failed to load resource: Could not connect to the server. @ http://localhost:4401/api/billing/ai-credits/summary:0
[ 5627945ms] [ERROR] Failed to load resource: Could not connect to the server. @ http://localhost:4401/dashboard/overview:0
[ 5627947ms] [ERROR] Failed to load resource: Could not connect to the server. @ http://localhost:4401/dashboard/alerts?limit=6:0
[ 5628306ms] [ERROR] Failed to load resource: Could not connect to the server. @ http://localhost:4401/api/billing/ai-credits/summary:0
[ 5657497ms] [ERROR] Failed to load resource: Could not connect to the server. @ http://localhost:4401/api/billing/ai-credits/summary:0
[ 5657708ms] [ERROR] Failed to load resource: Could not connect to the server. @ http://localhost:4401/api/billing/ai-credits/summary:0
[ 5658320ms] [ERROR] Failed to load resource: Could not connect to the server. @ http://localhost:4401/api/billing/ai-credits/summary:0
[ 5687125ms] [ERROR] Failed to load resource: Could not connect to the server. @ http://localhost:4401/dashboard/overview:0
[ 5687126ms] [ERROR] Failed to load resource: Could not connect to the server. @ http://localhost:4401/dashboard/alerts?limit=6:0
[ 5687336ms] [ERROR] Failed to load resource: Could not connect to the server. @ http://localhost:4401/dashboard/overview:0
[ 5687337ms] [ERROR] Failed to load resource: Could not connect to the server. @ http://localhost:4401/dashboard/alerts?limit=6:0
[ 5687498ms] [ERROR] Failed to load resource: Could not connect to the server. @ http://localhost:4401/api/billing/ai-credits/summary:0
[ 5687709ms] [ERROR] Failed to load resource: Could not connect to the server. @ http://localhost:4401/api/billing/ai-credits/summary:0
[ 5687949ms] [ERROR] Failed to load resource: Could not connect to the server. @ http://localhost:4401/dashboard/overview:0
[ 5687951ms] [ERROR] Failed to load resource: Could not connect to the server. @ http://localhost:4401/dashboard/alerts?limit=6:0
[ 5688313ms] [ERROR] Failed to load resource: Could not connect to the server. @ http://localhost:4401/api/billing/ai-credits/summary:0
[ 5717504ms] [ERROR] Failed to load resource: Could not connect to the server. @ http://localhost:4401/api/billing/ai-credits/summary:0
[ 5717715ms] [ERROR] Failed to load resource: Could not connect to the server. @ http://localhost:4401/api/billing/ai-credits/summary:0
[ 5718325ms] [ERROR] Failed to load resource: Could not connect to the server. @ http://localhost:4401/api/billing/ai-credits/summary:0
[ 5747135ms] [ERROR] Failed to load resource: Could not connect to the server. @ http://localhost:4401/dashboard/overview:0
[ 5747136ms] [ERROR] Failed to load resource: Could not connect to the server. @ http://localhost:4401/dashboard/alerts?limit=6:0
[ 5747346ms] [ERROR] Failed to load resource: Could not connect to the server. @ http://localhost:4401/dashboard/overview:0
[ 5747348ms] [ERROR] Failed to load resource: Could not connect to the server. @ http://localhost:4401/dashboard/alerts?limit=6:0
[ 5747508ms] [ERROR] Failed to load resource: Could not connect to the server. @ http://localhost:4401/api/billing/ai-credits/summary:0
[ 5747715ms] [ERROR] Failed to load resource: Could not connect to the server. @ http://localhost:4401/api/billing/ai-credits/summary:0
[ 5747958ms] [ERROR] Failed to load resource: Could not connect to the server. @ http://localhost:4401/dashboard/overview:0
[ 5747959ms] [ERROR] Failed to load resource: Could not connect to the server. @ http://localhost:4401/dashboard/alerts?limit=6:0
[ 5748319ms] [ERROR] Failed to load resource: Could not connect to the server. @ http://localhost:4401/api/billing/ai-credits/summary:0
[ 5777515ms] [ERROR] Failed to load resource: Could not connect to the server. @ http://localhost:4401/api/billing/ai-credits/summary:0
[ 5777726ms] [ERROR] Failed to load resource: Could not connect to the server. @ http://localhost:4401/api/billing/ai-credits/summary:0
[ 5778332ms] [ERROR] Failed to load resource: Could not connect to the server. @ http://localhost:4401/api/billing/ai-credits/summary:0
[ 5807140ms] [ERROR] Failed to load resource: Could not connect to the server. @ http://localhost:4401/dashboard/overview:0
[ 5807141ms] [ERROR] Failed to load resource: Could not connect to the server. @ http://localhost:4401/dashboard/alerts?limit=6:0
[ 5807350ms] [ERROR] Failed to load resource: Could not connect to the server. @ http://localhost:4401/dashboard/overview:0
[ 5807351ms] [ERROR] Failed to load resource: Could not connect to the server. @ http://localhost:4401/dashboard/alerts?limit=6:0
[ 5807516ms] [ERROR] Failed to load resource: Could not connect to the server. @ http://localhost:4401/api/billing/ai-credits/summary:0
[ 5807720ms] [ERROR] Failed to load resource: Could not connect to the server. @ http://localhost:4401/api/billing/ai-credits/summary:0
[ 5807954ms] [ERROR] Failed to load resource: Could not connect to the server. @ http://localhost:4401/dashboard/overview:0
[ 5807955ms] [ERROR] Failed to load resource: Could not connect to the server. @ http://localhost:4401/dashboard/alerts?limit=6:0
[ 5808330ms] [ERROR] Failed to load resource: Could not connect to the server. @ http://localhost:4401/api/billing/ai-credits/summary:0
[ 5837522ms] [ERROR] Failed to load resource: Could not connect to the server. @ http://localhost:4401/api/billing/ai-credits/summary:0
[ 5837733ms] [ERROR] Failed to load resource: Could not connect to the server. @ http://localhost:4401/api/billing/ai-credits/summary:0
[ 5838344ms] [ERROR] Failed to load resource: Could not connect to the server. @ http://localhost:4401/api/billing/ai-credits/summary:0
[ 5867141ms] [ERROR] Failed to load resource: Could not connect to the server. @ http://localhost:4401/dashboard/overview:0
[ 5867143ms] [ERROR] Failed to load resource: Could not connect to the server. @ http://localhost:4401/dashboard/alerts?limit=6:0
[ 5867352ms] [ERROR] Failed to load resource: Could not connect to the server. @ http://localhost:4401/dashboard/overview:0
[ 5867353ms] [ERROR] Failed to load resource: Could not connect to the server. @ http://localhost:4401/dashboard/alerts?limit=6:0
[ 5867525ms] [ERROR] Failed to load resource: Could not connect to the server. @ http://localhost:4401/api/billing/ai-credits/summary:0
[ 5867734ms] [ERROR] Failed to load resource: Could not connect to the server. @ http://localhost:4401/api/billing/ai-credits/summary:0
[ 5867964ms] [ERROR] Failed to load resource: Could not connect to the server. @ http://localhost:4401/dashboard/overview:0
[ 5867966ms] [ERROR] Failed to load resource: Could not connect to the server. @ http://localhost:4401/dashboard/alerts?limit=6:0
[ 5868340ms] [ERROR] Failed to load resource: Could not connect to the server. @ http://localhost:4401/api/billing/ai-credits/summary:0
[ 5897523ms] [ERROR] Failed to load resource: Could not connect to the server. @ http://localhost:4401/api/billing/ai-credits/summary:0
[ 5897728ms] [ERROR] Failed to load resource: Could not connect to the server. @ http://localhost:4401/api/billing/ai-credits/summary:0
[ 5898339ms] [ERROR] Failed to load resource: Could not connect to the server. @ http://localhost:4401/api/billing/ai-credits/summary:0
[ 5927149ms] [ERROR] Failed to load resource: Could not connect to the server. @ http://localhost:4401/dashboard/overview:0
[ 5927150ms] [ERROR] Failed to load resource: Could not connect to the server. @ http://localhost:4401/dashboard/alerts?limit=6:0
[ 5927361ms] [ERROR] Failed to load resource: Could not connect to the server. @ http://localhost:4401/dashboard/overview:0
[ 5927362ms] [ERROR] Failed to load resource: Could not connect to the server. @ http://localhost:4401/dashboard/alerts?limit=6:0
[ 5927533ms] [ERROR] Failed to load resource: Could not connect to the server. @ http://localhost:4401/api/billing/ai-credits/summary:0
[ 5927744ms] [ERROR] Failed to load resource: Could not connect to the server. @ http://localhost:4401/api/billing/ai-credits/summary:0
[ 5927974ms] [ERROR] Failed to load resource: Could not connect to the server. @ http://localhost:4401/dashboard/overview:0
[ 5927975ms] [ERROR] Failed to load resource: Could not connect to the server. @ http://localhost:4401/dashboard/alerts?limit=6:0
[ 5928348ms] [ERROR] Failed to load resource: Could not connect to the server. @ http://localhost:4401/api/billing/ai-credits/summary:0
[ 5957533ms] [ERROR] Failed to load resource: Could not connect to the server. @ http://localhost:4401/api/billing/ai-credits/summary:0
[ 5957737ms] [ERROR] Failed to load resource: Could not connect to the server. @ http://localhost:4401/api/billing/ai-credits/summary:0
[ 5958345ms] [ERROR] Failed to load resource: Could not connect to the server. @ http://localhost:4401/api/billing/ai-credits/summary:0
[ 5987153ms] [ERROR] Failed to load resource: Could not connect to the server. @ http://localhost:4401/dashboard/overview:0
[ 5987154ms] [ERROR] Failed to load resource: Could not connect to the server. @ http://localhost:4401/dashboard/alerts?limit=6:0
[ 5987360ms] [ERROR] Failed to load resource: Could not connect to the server. @ http://localhost:4401/dashboard/overview:0
[ 5987360ms] [ERROR] Failed to load resource: Could not connect to the server. @ http://localhost:4401/dashboard/alerts?limit=6:0
[ 5987537ms] [ERROR] Failed to load resource: Could not connect to the server. @ http://localhost:4401/api/billing/ai-credits/summary:0
[ 5987743ms] [ERROR] Failed to load resource: Could not connect to the server. @ http://localhost:4401/api/billing/ai-credits/summary:0
[ 5987972ms] [ERROR] Failed to load resource: Could not connect to the server. @ http://localhost:4401/dashboard/overview:0
[ 5987973ms] [ERROR] Failed to load resource: Could not connect to the server. @ http://localhost:4401/dashboard/alerts?limit=6:0
[ 5988354ms] [ERROR] Failed to load resource: Could not connect to the server. @ http://localhost:4401/api/billing/ai-credits/summary:0
[ 6017551ms] [ERROR] Failed to load resource: Could not connect to the server. @ http://localhost:4401/api/billing/ai-credits/summary:0
[ 6017762ms] [ERROR] Failed to load resource: Could not connect to the server. @ http://localhost:4401/api/billing/ai-credits/summary:0
[ 6018373ms] [ERROR] Failed to load resource: Could not connect to the server. @ http://localhost:4401/api/billing/ai-credits/summary:0
[ 6047160ms] [ERROR] Failed to load resource: Could not connect to the server. @ http://localhost:4401/dashboard/overview:0
[ 6047161ms] [ERROR] Failed to load resource: Could not connect to the server. @ http://localhost:4401/dashboard/alerts?limit=6:0
[ 6047373ms] [ERROR] Failed to load resource: Could not connect to the server. @ http://localhost:4401/dashboard/overview:0
[ 6047374ms] [ERROR] Failed to load resource: Could not connect to the server. @ http://localhost:4401/dashboard/alerts?limit=6:0
[ 6047555ms] [ERROR] Failed to load resource: Could not connect to the server. @ http://localhost:4401/api/billing/ai-credits/summary:0
[ 6047765ms] [ERROR] Failed to load resource: Could not connect to the server. @ http://localhost:4401/api/billing/ai-credits/summary:0
[ 6047987ms] [ERROR] Failed to load resource: Could not connect to the server. @ http://localhost:4401/dashboard/overview:0
[ 6047988ms] [ERROR] Failed to load resource: Could not connect to the server. @ http://localhost:4401/dashboard/alerts?limit=6:0
[ 6048368ms] [ERROR] Failed to load resource: Could not connect to the server. @ http://localhost:4401/api/billing/ai-credits/summary:0
[ 6077561ms] [ERROR] Failed to load resource: Could not connect to the server. @ http://localhost:4401/api/billing/ai-credits/summary:0
[ 6077771ms] [ERROR] Failed to load resource: Could not connect to the server. @ http://localhost:4401/api/billing/ai-credits/summary:0
[ 6078375ms] [ERROR] Failed to load resource: Could not connect to the server. @ http://localhost:4401/api/billing/ai-credits/summary:0
[ 6107165ms] [ERROR] Failed to load resource: Could not connect to the server. @ http://localhost:4401/dashboard/overview:0
[ 6107167ms] [ERROR] Failed to load resource: Could not connect to the server. @ http://localhost:4401/dashboard/alerts?limit=6:0
[ 6107377ms] [ERROR] Failed to load resource: Could not connect to the server. @ http://localhost:4401/dashboard/overview:0
[ 6107379ms] [ERROR] Failed to load resource: Could not connect to the server. @ http://localhost:4401/dashboard/alerts?limit=6:0
[ 6107563ms] [ERROR] Failed to load resource: Could not connect to the server. @ http://localhost:4401/api/billing/ai-credits/summary:0
[ 6107773ms] [ERROR] Failed to load resource: Could not connect to the server. @ http://localhost:4401/api/billing/ai-credits/summary:0
[ 6107991ms] [ERROR] Failed to load resource: Could not connect to the server. @ http://localhost:4401/dashboard/overview:0
[ 6107992ms] [ERROR] Failed to load resource: Could not connect to the server. @ http://localhost:4401/dashboard/alerts?limit=6:0
[ 6108377ms] [ERROR] Failed to load resource: Could not connect to the server. @ http://localhost:4401/api/billing/ai-credits/summary:0
[ 6137562ms] [ERROR] Failed to load resource: Could not connect to the server. @ http://localhost:4401/api/billing/ai-credits/summary:0
[ 6137766ms] [ERROR] Failed to load resource: Could not connect to the server. @ http://localhost:4401/api/billing/ai-credits/summary:0
[ 6138370ms] [ERROR] Failed to load resource: Could not connect to the server. @ http://localhost:4401/api/billing/ai-credits/summary:0
[ 6167172ms] [ERROR] Failed to load resource: Could not connect to the server. @ http://localhost:4401/dashboard/overview:0
[ 6167173ms] [ERROR] Failed to load resource: Could not connect to the server. @ http://localhost:4401/dashboard/alerts?limit=6:0
[ 6167384ms] [ERROR] Failed to load resource: Could not connect to the server. @ http://localhost:4401/dashboard/overview:0
[ 6167385ms] [ERROR] Failed to load resource: Could not connect to the server. @ http://localhost:4401/dashboard/alerts?limit=6:0
[ 6167570ms] [ERROR] Failed to load resource: Could not connect to the server. @ http://localhost:4401/api/billing/ai-credits/summary:0
[ 6167780ms] [ERROR] Failed to load resource: Could not connect to the server. @ http://localhost:4401/api/billing/ai-credits/summary:0
[ 6167998ms] [ERROR] Failed to load resource: Could not connect to the server. @ http://localhost:4401/dashboard/overview:0
[ 6167999ms] [ERROR] Failed to load resource: Could not connect to the server. @ http://localhost:4401/dashboard/alerts?limit=6:0
[ 6168385ms] [ERROR] Failed to load resource: Could not connect to the server. @ http://localhost:4401/api/billing/ai-credits/summary:0
[ 6197577ms] [ERROR] Failed to load resource: Could not connect to the server. @ http://localhost:4401/api/billing/ai-credits/summary:0
[ 6197789ms] [ERROR] Failed to load resource: Could not connect to the server. @ http://localhost:4401/api/billing/ai-credits/summary:0
[ 6198392ms] [ERROR] Failed to load resource: Could not connect to the server. @ http://localhost:4401/api/billing/ai-credits/summary:0
[ 6227165ms] [ERROR] Failed to load resource: Could not connect to the server. @ http://localhost:4401/dashboard/overview:0
[ 6227166ms] [ERROR] Failed to load resource: Could not connect to the server. @ http://localhost:4401/dashboard/alerts?limit=6:0
[ 6227369ms] [ERROR] Failed to load resource: Could not connect to the server. @ http://localhost:4401/dashboard/overview:0
[ 6227370ms] [ERROR] Failed to load resource: Could not connect to the server. @ http://localhost:4401/dashboard/alerts?limit=6:0
[ 6227573ms] [ERROR] Failed to load resource: Could not connect to the server. @ http://localhost:4401/api/billing/ai-credits/summary:0
[ 6227776ms] [ERROR] Failed to load resource: Could not connect to the server. @ http://localhost:4401/api/billing/ai-credits/summary:0
[ 6227973ms] [ERROR] Failed to load resource: Could not connect to the server. @ http://localhost:4401/dashboard/overview:0
[ 6227974ms] [ERROR] Failed to load resource: Could not connect to the server. @ http://localhost:4401/dashboard/alerts?limit=6:0
[ 6228379ms] [ERROR] Failed to load resource: Could not connect to the server. @ http://localhost:4401/api/billing/ai-credits/summary:0
[ 6257579ms] [ERROR] Failed to load resource: Could not connect to the server. @ http://localhost:4401/api/billing/ai-credits/summary:0
[ 6257790ms] [ERROR] Failed to load resource: Could not connect to the server. @ http://localhost:4401/api/billing/ai-credits/summary:0
[ 6258394ms] [ERROR] Failed to load resource: Could not connect to the server. @ http://localhost:4401/api/billing/ai-credits/summary:0
[ 6287173ms] [ERROR] Failed to load resource: Could not connect to the server. @ http://localhost:4401/dashboard/overview:0
[ 6287173ms] [ERROR] Failed to load resource: Could not connect to the server. @ http://localhost:4401/dashboard/alerts?limit=6:0
[ 6287379ms] [ERROR] Failed to load resource: Could not connect to the server. @ http://localhost:4401/dashboard/overview:0
[ 6287380ms] [ERROR] Failed to load resource: Could not connect to the server. @ http://localhost:4401/dashboard/alerts?limit=6:0
[ 6287590ms] [ERROR] Failed to load resource: Could not connect to the server. @ http://localhost:4401/api/billing/ai-credits/summary:0
[ 6287800ms] [ERROR] Failed to load resource: Could not connect to the server. @ http://localhost:4401/api/billing/ai-credits/summary:0
[ 6287992ms] [ERROR] Failed to load resource: Could not connect to the server. @ http://localhost:4401/dashboard/overview:0
[ 6287993ms] [ERROR] Failed to load resource: Could not connect to the server. @ http://localhost:4401/dashboard/alerts?limit=6:0
[ 6288404ms] [ERROR] Failed to load resource: Could not connect to the server. @ http://localhost:4401/api/billing/ai-credits/summary:0
[ 6317595ms] [ERROR] Failed to load resource: Could not connect to the server. @ http://localhost:4401/api/billing/ai-credits/summary:0
[ 6317804ms] [ERROR] Failed to load resource: Could not connect to the server. @ http://localhost:4401/api/billing/ai-credits/summary:0
[ 6318414ms] [ERROR] Failed to load resource: Could not connect to the server. @ http://localhost:4401/api/billing/ai-credits/summary:0
[ 6347182ms] [ERROR] Failed to load resource: Could not connect to the server. @ http://localhost:4401/dashboard/overview:0
[ 6347184ms] [ERROR] Failed to load resource: Could not connect to the server. @ http://localhost:4401/dashboard/alerts?limit=6:0
[ 6347395ms] [ERROR] Failed to load resource: Could not connect to the server. @ http://localhost:4401/dashboard/overview:0
[ 6347396ms] [ERROR] Failed to load resource: Could not connect to the server. @ http://localhost:4401/dashboard/alerts?limit=6:0
[ 6347598ms] [ERROR] Failed to load resource: Could not connect to the server. @ http://localhost:4401/api/billing/ai-credits/summary:0
[ 6347809ms] [ERROR] Failed to load resource: Could not connect to the server. @ http://localhost:4401/api/billing/ai-credits/summary:0
[ 6348007ms] [ERROR] Failed to load resource: Could not connect to the server. @ http://localhost:4401/dashboard/overview:0
[ 6348008ms] [ERROR] Failed to load resource: Could not connect to the server. @ http://localhost:4401/dashboard/alerts?limit=6:0
[ 6348412ms] [ERROR] Failed to load resource: Could not connect to the server. @ http://localhost:4401/api/billing/ai-credits/summary:0
[ 6377603ms] [ERROR] Failed to load resource: Could not connect to the server. @ http://localhost:4401/api/billing/ai-credits/summary:0
[ 6377814ms] [ERROR] Failed to load resource: Could not connect to the server. @ http://localhost:4401/api/billing/ai-credits/summary:0
[ 6378424ms] [ERROR] Failed to load resource: Could not connect to the server. @ http://localhost:4401/api/billing/ai-credits/summary:0
[ 6407190ms] [ERROR] Failed to load resource: Could not connect to the server. @ http://localhost:4401/dashboard/overview:0
[ 6407191ms] [ERROR] Failed to load resource: Could not connect to the server. @ http://localhost:4401/dashboard/alerts?limit=6:0
[ 6407402ms] [ERROR] Failed to load resource: Could not connect to the server. @ http://localhost:4401/dashboard/overview:0
[ 6407404ms] [ERROR] Failed to load resource: Could not connect to the server. @ http://localhost:4401/dashboard/alerts?limit=6:0
[ 6407607ms] [ERROR] Failed to load resource: Could not connect to the server. @ http://localhost:4401/api/billing/ai-credits/summary:0
[ 6407817ms] [ERROR] Failed to load resource: Could not connect to the server. @ http://localhost:4401/api/billing/ai-credits/summary:0
[ 6408014ms] [ERROR] Failed to load resource: Could not connect to the server. @ http://localhost:4401/dashboard/overview:0
[ 6408015ms] [ERROR] Failed to load resource: Could not connect to the server. @ http://localhost:4401/dashboard/alerts?limit=6:0
[ 6408421ms] [ERROR] Failed to load resource: Could not connect to the server. @ http://localhost:4401/api/billing/ai-credits/summary:0
[ 6437604ms] [ERROR] Failed to load resource: Could not connect to the server. @ http://localhost:4401/api/billing/ai-credits/summary:0
[ 6437814ms] [ERROR] Failed to load resource: Could not connect to the server. @ http://localhost:4401/api/billing/ai-credits/summary:0
[ 6438425ms] [ERROR] Failed to load resource: Could not connect to the server. @ http://localhost:4401/api/billing/ai-credits/summary:0
[ 6467194ms] [ERROR] Failed to load resource: Could not connect to the server. @ http://localhost:4401/dashboard/overview:0
[ 6467195ms] [ERROR] Failed to load resource: Could not connect to the server. @ http://localhost:4401/dashboard/alerts?limit=6:0
[ 6467407ms] [ERROR] Failed to load resource: Could not connect to the server. @ http://localhost:4401/dashboard/overview:0
[ 6467408ms] [ERROR] Failed to load resource: Could not connect to the server. @ http://localhost:4401/dashboard/alerts?limit=6:0
[ 6467614ms] [ERROR] Failed to load resource: Could not connect to the server. @ http://localhost:4401/api/billing/ai-credits/summary:0
[ 6467824ms] [ERROR] Failed to load resource: Could not connect to the server. @ http://localhost:4401/api/billing/ai-credits/summary:0
[ 6468018ms] [ERROR] Failed to load resource: Could not connect to the server. @ http://localhost:4401/dashboard/overview:0
[ 6468020ms] [ERROR] Failed to load resource: Could not connect to the server. @ http://localhost:4401/dashboard/alerts?limit=6:0
[ 6468427ms] [ERROR] Failed to load resource: Could not connect to the server. @ http://localhost:4401/api/billing/ai-credits/summary:0
[ 6497622ms] [ERROR] Failed to load resource: Could not connect to the server. @ http://localhost:4401/api/billing/ai-credits/summary:0
[ 6497833ms] [ERROR] Failed to load resource: Could not connect to the server. @ http://localhost:4401/api/billing/ai-credits/summary:0
[ 6498443ms] [ERROR] Failed to load resource: Could not connect to the server. @ http://localhost:4401/api/billing/ai-credits/summary:0
[ 6527199ms] [ERROR] Failed to load resource: Could not connect to the server. @ http://localhost:4401/dashboard/overview:0
[ 6527200ms] [ERROR] Failed to load resource: Could not connect to the server. @ http://localhost:4401/dashboard/alerts?limit=6:0
[ 6527410ms] [ERROR] Failed to load resource: Could not connect to the server. @ http://localhost:4401/dashboard/overview:0
[ 6527412ms] [ERROR] Failed to load resource: Could not connect to the server. @ http://localhost:4401/dashboard/alerts?limit=6:0
[ 6527623ms] [ERROR] Failed to load resource: Could not connect to the server. @ http://localhost:4401/api/billing/ai-credits/summary:0
[ 6527837ms] [ERROR] Failed to load resource: Could not connect to the server. @ http://localhost:4401/api/billing/ai-credits/summary:0
[ 6528022ms] [ERROR] Failed to load resource: Could not connect to the server. @ http://localhost:4401/dashboard/overview:0
[ 6528023ms] [ERROR] Failed to load resource: Could not connect to the server. @ http://localhost:4401/dashboard/alerts?limit=6:0
[ 6528440ms] [ERROR] Failed to load resource: Could not connect to the server. @ http://localhost:4401/api/billing/ai-credits/summary:0
[ 6557630ms] [ERROR] Failed to load resource: Could not connect to the server. @ http://localhost:4401/api/billing/ai-credits/summary:0
[ 6557841ms] [ERROR] Failed to load resource: Could not connect to the server. @ http://localhost:4401/api/billing/ai-credits/summary:0
[ 6558452ms] [ERROR] Failed to load resource: Could not connect to the server. @ http://localhost:4401/api/billing/ai-credits/summary:0
[ 6587202ms] [ERROR] Failed to load resource: Could not connect to the server. @ http://localhost:4401/dashboard/overview:0
[ 6587203ms] [ERROR] Failed to load resource: Could not connect to the server. @ http://localhost:4401/dashboard/alerts?limit=6:0
[ 6587418ms] [ERROR] Failed to load resource: Could not connect to the server. @ http://localhost:4401/dashboard/overview:0
[ 6587419ms] [ERROR] Failed to load resource: Could not connect to the server. @ http://localhost:4401/dashboard/alerts?limit=6:0
[ 6587635ms] [ERROR] Failed to load resource: Could not connect to the server. @ http://localhost:4401/api/billing/ai-credits/summary:0
[ 6587848ms] [ERROR] Failed to load resource: Could not connect to the server. @ http://localhost:4401/api/billing/ai-credits/summary:0
[ 6588037ms] [ERROR] Failed to load resource: Could not connect to the server. @ http://localhost:4401/dashboard/overview:0
[ 6588038ms] [ERROR] Failed to load resource: Could not connect to the server. @ http://localhost:4401/dashboard/alerts?limit=6:0
[ 6588452ms] [ERROR] Failed to load resource: Could not connect to the server. @ http://localhost:4401/api/billing/ai-credits/summary:0
[ 6617639ms] [ERROR] Failed to load resource: Could not connect to the server. @ http://localhost:4401/api/billing/ai-credits/summary:0
[ 6617847ms] [ERROR] Failed to load resource: Could not connect to the server. @ http://localhost:4401/api/billing/ai-credits/summary:0
[ 6618457ms] [ERROR] Failed to load resource: Could not connect to the server. @ http://localhost:4401/api/billing/ai-credits/summary:0
[ 6647211ms] [ERROR] Failed to load resource: Could not connect to the server. @ http://localhost:4401/dashboard/overview:0
[ 6647212ms] [ERROR] Failed to load resource: Could not connect to the server. @ http://localhost:4401/dashboard/alerts?limit=6:0
[ 6647422ms] [ERROR] Failed to load resource: Could not connect to the server. @ http://localhost:4401/dashboard/overview:0
[ 6647424ms] [ERROR] Failed to load resource: Could not connect to the server. @ http://localhost:4401/dashboard/alerts?limit=6:0
[ 6647643ms] [ERROR] Failed to load resource: Could not connect to the server. @ http://localhost:4401/api/billing/ai-credits/summary:0
[ 6647855ms] [ERROR] Failed to load resource: Could not connect to the server. @ http://localhost:4401/api/billing/ai-credits/summary:0
[ 6648033ms] [ERROR] Failed to load resource: Could not connect to the server. @ http://localhost:4401/dashboard/overview:0
[ 6648035ms] [ERROR] Failed to load resource: Could not connect to the server. @ http://localhost:4401/dashboard/alerts?limit=6:0
[ 6648459ms] [ERROR] Failed to load resource: Could not connect to the server. @ http://localhost:4401/api/billing/ai-credits/summary:0
[ 6677648ms] [ERROR] Failed to load resource: Could not connect to the server. @ http://localhost:4401/api/billing/ai-credits/summary:0
[ 6677860ms] [ERROR] Failed to load resource: Could not connect to the server. @ http://localhost:4401/api/billing/ai-credits/summary:0
[ 6678470ms] [ERROR] Failed to load resource: Could not connect to the server. @ http://localhost:4401/api/billing/ai-credits/summary:0
[ 6707215ms] [ERROR] Failed to load resource: Could not connect to the server. @ http://localhost:4401/dashboard/overview:0
[ 6707216ms] [ERROR] Failed to load resource: Could not connect to the server. @ http://localhost:4401/dashboard/alerts?limit=6:0
[ 6707429ms] [ERROR] Failed to load resource: Could not connect to the server. @ http://localhost:4401/dashboard/overview:0
[ 6707430ms] [ERROR] Failed to load resource: Could not connect to the server. @ http://localhost:4401/dashboard/alerts?limit=6:0
[ 6707652ms] [ERROR] Failed to load resource: Could not connect to the server. @ http://localhost:4401/api/billing/ai-credits/summary:0
[ 6707864ms] [ERROR] Failed to load resource: Could not connect to the server. @ http://localhost:4401/api/billing/ai-credits/summary:0
[ 6708041ms] [ERROR] Failed to load resource: Could not connect to the server. @ http://localhost:4401/dashboard/overview:0
[ 6708042ms] [ERROR] Failed to load resource: Could not connect to the server. @ http://localhost:4401/dashboard/alerts?limit=6:0
[ 6708467ms] [ERROR] Failed to load resource: Could not connect to the server. @ http://localhost:4401/api/billing/ai-credits/summary:0
[ 6737657ms] [ERROR] Failed to load resource: Could not connect to the server. @ http://localhost:4401/api/billing/ai-credits/summary:0
[ 6737872ms] [ERROR] Failed to load resource: Could not connect to the server. @ http://localhost:4401/api/billing/ai-credits/summary:0
[ 6738483ms] [ERROR] Failed to load resource: Could not connect to the server. @ http://localhost:4401/api/billing/ai-credits/summary:0
[ 6767219ms] [ERROR] Failed to load resource: Could not connect to the server. @ http://localhost:4401/dashboard/overview:0
[ 6767220ms] [ERROR] Failed to load resource: Could not connect to the server. @ http://localhost:4401/dashboard/alerts?limit=6:0
[ 6767432ms] [ERROR] Failed to load resource: Could not connect to the server. @ http://localhost:4401/dashboard/overview:0
[ 6767433ms] [ERROR] Failed to load resource: Could not connect to the server. @ http://localhost:4401/dashboard/alerts?limit=6:0
[ 6767660ms] [ERROR] Failed to load resource: Could not connect to the server. @ http://localhost:4401/api/billing/ai-credits/summary:0
[ 6767876ms] [ERROR] Failed to load resource: Could not connect to the server. @ http://localhost:4401/api/billing/ai-credits/summary:0
[ 6768045ms] [ERROR] Failed to load resource: Could not connect to the server. @ http://localhost:4401/dashboard/overview:0
[ 6768046ms] [ERROR] Failed to load resource: Could not connect to the server. @ http://localhost:4401/dashboard/alerts?limit=6:0
[ 6768479ms] [ERROR] Failed to load resource: Could not connect to the server. @ http://localhost:4401/api/billing/ai-credits/summary:0
[ 6797652ms] [ERROR] Failed to load resource: Could not connect to the server. @ http://localhost:4401/api/billing/ai-credits/summary:0
[ 6797862ms] [ERROR] Failed to load resource: Could not connect to the server. @ http://localhost:4401/api/billing/ai-credits/summary:0
[ 6798473ms] [ERROR] Failed to load resource: Could not connect to the server. @ http://localhost:4401/api/billing/ai-credits/summary:0
[ 6827204ms] [ERROR] Failed to load resource: Could not connect to the server. @ http://localhost:4401/dashboard/overview:0
[ 6827204ms] [ERROR] Failed to load resource: Could not connect to the server. @ http://localhost:4401/dashboard/alerts?limit=6:0
[ 6827415ms] [ERROR] Failed to load resource: Could not connect to the server. @ http://localhost:4401/dashboard/overview:0
[ 6827417ms] [ERROR] Failed to load resource: Could not connect to the server. @ http://localhost:4401/dashboard/alerts?limit=6:0
[ 6827649ms] [ERROR] Failed to load resource: Could not connect to the server. @ http://localhost:4401/api/billing/ai-credits/summary:0
[ 6827860ms] [ERROR] Failed to load resource: Could not connect to the server. @ http://localhost:4401/api/billing/ai-credits/summary:0
[ 6828028ms] [ERROR] Failed to load resource: Could not connect to the server. @ http://localhost:4401/dashboard/overview:0
[ 6828030ms] [ERROR] Failed to load resource: Could not connect to the server. @ http://localhost:4401/dashboard/alerts?limit=6:0
[ 6828466ms] [ERROR] Failed to load resource: Could not connect to the server. @ http://localhost:4401/api/billing/ai-credits/summary:0
[ 6857654ms] [ERROR] Failed to load resource: Could not connect to the server. @ http://localhost:4401/api/billing/ai-credits/summary:0
[ 6857865ms] [ERROR] Failed to load resource: Could not connect to the server. @ http://localhost:4401/api/billing/ai-credits/summary:0
[ 6858476ms] [ERROR] Failed to load resource: Could not connect to the server. @ http://localhost:4401/api/billing/ai-credits/summary:0
[ 6887208ms] [ERROR] Failed to load resource: Could not connect to the server. @ http://localhost:4401/dashboard/overview:0
[ 6887209ms] [ERROR] Failed to load resource: Could not connect to the server. @ http://localhost:4401/dashboard/alerts?limit=6:0
[ 6887415ms] [ERROR] Failed to load resource: Could not connect to the server. @ http://localhost:4401/dashboard/overview:0
[ 6887416ms] [ERROR] Failed to load resource: Could not connect to the server. @ http://localhost:4401/dashboard/alerts?limit=6:0
[ 6887655ms] [ERROR] Failed to load resource: Could not connect to the server. @ http://localhost:4401/api/billing/ai-credits/summary:0
[ 6887860ms] [ERROR] Failed to load resource: Could not connect to the server. @ http://localhost:4401/api/billing/ai-credits/summary:0
[ 6888018ms] [ERROR] Failed to load resource: Could not connect to the server. @ http://localhost:4401/dashboard/overview:0
[ 6888019ms] [ERROR] Failed to load resource: Could not connect to the server. @ http://localhost:4401/dashboard/alerts?limit=6:0
[ 6888470ms] [ERROR] Failed to load resource: Could not connect to the server. @ http://localhost:4401/api/billing/ai-credits/summary:0
[ 6917664ms] [ERROR] Failed to load resource: Could not connect to the server. @ http://localhost:4401/api/billing/ai-credits/summary:0
[ 6917874ms] [ERROR] Failed to load resource: Could not connect to the server. @ http://localhost:4401/api/billing/ai-credits/summary:0
[ 6918485ms] [ERROR] Failed to load resource: Could not connect to the server. @ http://localhost:4401/api/billing/ai-credits/summary:0
[ 6947212ms] [ERROR] Failed to load resource: Could not connect to the server. @ http://localhost:4401/dashboard/overview:0
[ 6947213ms] [ERROR] Failed to load resource: Could not connect to the server. @ http://localhost:4401/dashboard/alerts?limit=6:0
[ 6947423ms] [ERROR] Failed to load resource: Could not connect to the server. @ http://localhost:4401/dashboard/overview:0
[ 6947425ms] [ERROR] Failed to load resource: Could not connect to the server. @ http://localhost:4401/dashboard/alerts?limit=6:0
[ 6947665ms] [ERROR] Failed to load resource: Could not connect to the server. @ http://localhost:4401/api/billing/ai-credits/summary:0
[ 6947877ms] [ERROR] Failed to load resource: Could not connect to the server. @ http://localhost:4401/api/billing/ai-credits/summary:0
[ 6948031ms] [ERROR] Failed to load resource: Could not connect to the server. @ http://localhost:4401/dashboard/overview:0
[ 6948033ms] [ERROR] Failed to load resource: Could not connect to the server. @ http://localhost:4401/dashboard/alerts?limit=6:0
[ 6948480ms] [ERROR] Failed to load resource: Could not connect to the server. @ http://localhost:4401/api/billing/ai-credits/summary:0
[ 6977666ms] [ERROR] Failed to load resource: Could not connect to the server. @ http://localhost:4401/api/billing/ai-credits/summary:0
[ 6977874ms] [ERROR] Failed to load resource: Could not connect to the server. @ http://localhost:4401/api/billing/ai-credits/summary:0
[ 6978484ms] [ERROR] Failed to load resource: Could not connect to the server. @ http://localhost:4401/api/billing/ai-credits/summary:0
[ 7007215ms] [ERROR] Failed to load resource: Could not connect to the server. @ http://localhost:4401/dashboard/overview:0
[ 7007216ms] [ERROR] Failed to load resource: Could not connect to the server. @ http://localhost:4401/dashboard/alerts?limit=6:0
[ 7007431ms] [ERROR] Failed to load resource: Could not connect to the server. @ http://localhost:4401/dashboard/overview:0
[ 7007432ms] [ERROR] Failed to load resource: Could not connect to the server. @ http://localhost:4401/dashboard/alerts?limit=6:0
[ 7007674ms] [ERROR] Failed to load resource: Could not connect to the server. @ http://localhost:4401/api/billing/ai-credits/summary:0
[ 7007885ms] [ERROR] Failed to load resource: Could not connect to the server. @ http://localhost:4401/api/billing/ai-credits/summary:0
[ 7008043ms] [ERROR] Failed to load resource: Could not connect to the server. @ http://localhost:4401/dashboard/overview:0
[ 7008044ms] [ERROR] Failed to load resource: Could not connect to the server. @ http://localhost:4401/dashboard/alerts?limit=6:0
[ 7008489ms] [ERROR] Failed to load resource: Could not connect to the server. @ http://localhost:4401/api/billing/ai-credits/summary:0
[ 7037672ms] [ERROR] Failed to load resource: Could not connect to the server. @ http://localhost:4401/api/billing/ai-credits/summary:0
[ 7037882ms] [ERROR] Failed to load resource: Could not connect to the server. @ http://localhost:4401/api/billing/ai-credits/summary:0
[ 7038487ms] [ERROR] Failed to load resource: Could not connect to the server. @ http://localhost:4401/api/billing/ai-credits/summary:0
[ 7067221ms] [ERROR] Failed to load resource: Could not connect to the server. @ http://localhost:4401/dashboard/overview:0
[ 7067222ms] [ERROR] Failed to load resource: Could not connect to the server. @ http://localhost:4401/dashboard/alerts?limit=6:0
[ 7067428ms] [ERROR] Failed to load resource: Could not connect to the server. @ http://localhost:4401/dashboard/overview:0
[ 7067429ms] [ERROR] Failed to load resource: Could not connect to the server. @ http://localhost:4401/dashboard/alerts?limit=6:0
[ 7067681ms] [ERROR] Failed to load resource: Could not connect to the server. @ http://localhost:4401/api/billing/ai-credits/summary:0
[ 7067892ms] [ERROR] Failed to load resource: Could not connect to the server. @ http://localhost:4401/api/billing/ai-credits/summary:0
[ 7068041ms] [ERROR] Failed to load resource: Could not connect to the server. @ http://localhost:4401/dashboard/overview:0
[ 7068043ms] [ERROR] Failed to load resource: Could not connect to the server. @ http://localhost:4401/dashboard/alerts?limit=6:0
[ 7068495ms] [ERROR] Failed to load resource: Could not connect to the server. @ http://localhost:4401/api/billing/ai-credits/summary:0
[ 7097685ms] [ERROR] Failed to load resource: Could not connect to the server. @ http://localhost:4401/api/billing/ai-credits/summary:0
[ 7097891ms] [ERROR] Failed to load resource: Could not connect to the server. @ http://localhost:4401/api/billing/ai-credits/summary:0
[ 7098501ms] [ERROR] Failed to load resource: Could not connect to the server. @ http://localhost:4401/api/billing/ai-credits/summary:0
[ 7127217ms] [ERROR] Failed to load resource: Could not connect to the server. @ http://localhost:4401/dashboard/overview:0
[ 7127217ms] [ERROR] Failed to load resource: Could not connect to the server. @ http://localhost:4401/dashboard/alerts?limit=6:0
[ 7127428ms] [ERROR] Failed to load resource: Could not connect to the server. @ http://localhost:4401/dashboard/overview:0
[ 7127429ms] [ERROR] Failed to load resource: Could not connect to the server. @ http://localhost:4401/dashboard/alerts?limit=6:0
[ 7127688ms] [ERROR] Failed to load resource: Could not connect to the server. @ http://localhost:4401/api/billing/ai-credits/summary:0
[ 7127899ms] [ERROR] Failed to load resource: Could not connect to the server. @ http://localhost:4401/api/billing/ai-credits/summary:0
[ 7128042ms] [ERROR] Failed to load resource: Could not connect to the server. @ http://localhost:4401/dashboard/overview:0
[ 7128044ms] [ERROR] Failed to load resource: Could not connect to the server. @ http://localhost:4401/dashboard/alerts?limit=6:0
[ 7128502ms] [ERROR] Failed to load resource: Could not connect to the server. @ http://localhost:4401/api/billing/ai-credits/summary:0
[ 7157700ms] [ERROR] Failed to load resource: Could not connect to the server. @ http://localhost:4401/api/billing/ai-credits/summary:0
[ 7157910ms] [ERROR] Failed to load resource: Could not connect to the server. @ http://localhost:4401/api/billing/ai-credits/summary:0
[ 7158520ms] [ERROR] Failed to load resource: Could not connect to the server. @ http://localhost:4401/api/billing/ai-credits/summary:0
[ 7187232ms] [ERROR] Failed to load resource: Could not connect to the server. @ http://localhost:4401/dashboard/overview:0
[ 7187233ms] [ERROR] Failed to load resource: Could not connect to the server. @ http://localhost:4401/dashboard/alerts?limit=6:0
[ 7187444ms] [ERROR] Failed to load resource: Could not connect to the server. @ http://localhost:4401/dashboard/overview:0
[ 7187445ms] [ERROR] Failed to load resource: Could not connect to the server. @ http://localhost:4401/dashboard/alerts?limit=6:0
[ 7187703ms] [ERROR] Failed to load resource: Could not connect to the server. @ http://localhost:4401/api/billing/ai-credits/summary:0
[ 7187912ms] [ERROR] Failed to load resource: Could not connect to the server. @ http://localhost:4401/api/billing/ai-credits/summary:0
[ 7188052ms] [ERROR] Failed to load resource: Could not connect to the server. @ http://localhost:4401/dashboard/overview:0
[ 7188053ms] [ERROR] Failed to load resource: Could not connect to the server. @ http://localhost:4401/dashboard/alerts?limit=6:0
[ 7188517ms] [ERROR] Failed to load resource: Could not connect to the server. @ http://localhost:4401/api/billing/ai-credits/summary:0
[ 7217739ms] [ERROR] Failed to load resource: Could not connect to the server. @ http://localhost:4401/api/billing/ai-credits/summary:0
[ 7217946ms] [ERROR] Failed to load resource: Could not connect to the server. @ http://localhost:4401/api/billing/ai-credits/summary:0
[ 7218550ms] [ERROR] Failed to load resource: Could not connect to the server. @ http://localhost:4401/api/billing/ai-credits/summary:0
[ 7247231ms] [ERROR] Failed to load resource: Could not connect to the server. @ http://localhost:4401/dashboard/overview:0
[ 7247232ms] [ERROR] Failed to load resource: Could not connect to the server. @ http://localhost:4401/dashboard/alerts?limit=6:0
[ 7247439ms] [ERROR] Failed to load resource: Could not connect to the server. @ http://localhost:4401/dashboard/overview:0
[ 7247441ms] [ERROR] Failed to load resource: Could not connect to the server. @ http://localhost:4401/dashboard/alerts?limit=6:0
[ 7247706ms] [ERROR] Failed to load resource: Could not connect to the server. @ http://localhost:4401/api/billing/ai-credits/summary:0
[ 7247912ms] [ERROR] Failed to load resource: Could not connect to the server. @ http://localhost:4401/api/billing/ai-credits/summary:0
[ 7248043ms] [ERROR] Failed to load resource: Could not connect to the server. @ http://localhost:4401/dashboard/overview:0
[ 7248044ms] [ERROR] Failed to load resource: Could not connect to the server. @ http://localhost:4401/dashboard/alerts?limit=6:0
[ 7248515ms] [ERROR] Failed to load resource: Could not connect to the server. @ http://localhost:4401/api/billing/ai-credits/summary:0
[ 7277713ms] [ERROR] Failed to load resource: Could not connect to the server. @ http://localhost:4401/api/billing/ai-credits/summary:0
[ 7277923ms] [ERROR] Failed to load resource: Could not connect to the server. @ http://localhost:4401/api/billing/ai-credits/summary:0
[ 7278531ms] [ERROR] Failed to load resource: Could not connect to the server. @ http://localhost:4401/api/billing/ai-credits/summary:0
[ 7307237ms] [ERROR] Failed to load resource: Could not connect to the server. @ http://localhost:4401/dashboard/overview:0
[ 7307239ms] [ERROR] Failed to load resource: Could not connect to the server. @ http://localhost:4401/dashboard/alerts?limit=6:0
[ 7307446ms] [ERROR] Failed to load resource: Could not connect to the server. @ http://localhost:4401/dashboard/overview:0
[ 7307447ms] [ERROR] Failed to load resource: Could not connect to the server. @ http://localhost:4401/dashboard/alerts?limit=6:0
[ 7307716ms] [ERROR] Failed to load resource: Could not connect to the server. @ http://localhost:4401/api/billing/ai-credits/summary:0
[ 7307920ms] [ERROR] Failed to load resource: Could not connect to the server. @ http://localhost:4401/api/billing/ai-credits/summary:0
[ 7308056ms] [ERROR] Failed to load resource: Could not connect to the server. @ http://localhost:4401/dashboard/overview:0
[ 7308058ms] [ERROR] Failed to load resource: Could not connect to the server. @ http://localhost:4401/dashboard/alerts?limit=6:0
[ 7308524ms] [ERROR] Failed to load resource: Could not connect to the server. @ http://localhost:4401/api/billing/ai-credits/summary:0
[ 7337721ms] [ERROR] Failed to load resource: Could not connect to the server. @ http://localhost:4401/api/billing/ai-credits/summary:0
[ 7337929ms] [ERROR] Failed to load resource: Could not connect to the server. @ http://localhost:4401/api/billing/ai-credits/summary:0
[ 7338536ms] [ERROR] Failed to load resource: Could not connect to the server. @ http://localhost:4401/api/billing/ai-credits/summary:0
[ 7367241ms] [ERROR] Failed to load resource: Could not connect to the server. @ http://localhost:4401/dashboard/overview:0
[ 7367242ms] [ERROR] Failed to load resource: Could not connect to the server. @ http://localhost:4401/dashboard/alerts?limit=6:0
[ 7367450ms] [ERROR] Failed to load resource: Could not connect to the server. @ http://localhost:4401/dashboard/overview:0
[ 7367451ms] [ERROR] Failed to load resource: Could not connect to the server. @ http://localhost:4401/dashboard/alerts?limit=6:0
[ 7367724ms] [ERROR] Failed to load resource: Could not connect to the server. @ http://localhost:4401/api/billing/ai-credits/summary:0
[ 7367931ms] [ERROR] Failed to load resource: Could not connect to the server. @ http://localhost:4401/api/billing/ai-credits/summary:0
[ 7368059ms] [ERROR] Failed to load resource: Could not connect to the server. @ http://localhost:4401/dashboard/overview:0
[ 7368060ms] [ERROR] Failed to load resource: Could not connect to the server. @ http://localhost:4401/dashboard/alerts?limit=6:0
[ 7368535ms] [ERROR] Failed to load resource: Could not connect to the server. @ http://localhost:4401/api/billing/ai-credits/summary:0
[ 7397729ms] [ERROR] Failed to load resource: Could not connect to the server. @ http://localhost:4401/api/billing/ai-credits/summary:0
[ 7397937ms] [ERROR] Failed to load resource: Could not connect to the server. @ http://localhost:4401/api/billing/ai-credits/summary:0
[ 7398548ms] [ERROR] Failed to load resource: Could not connect to the server. @ http://localhost:4401/api/billing/ai-credits/summary:0
[ 7427245ms] [ERROR] Failed to load resource: Could not connect to the server. @ http://localhost:4401/dashboard/overview:0
[ 7427246ms] [ERROR] Failed to load resource: Could not connect to the server. @ http://localhost:4401/dashboard/alerts?limit=6:0
[ 7427454ms] [ERROR] Failed to load resource: Could not connect to the server. @ http://localhost:4401/dashboard/overview:0
[ 7427456ms] [ERROR] Failed to load resource: Could not connect to the server. @ http://localhost:4401/dashboard/alerts?limit=6:0
[ 7427732ms] [ERROR] Failed to load resource: Could not connect to the server. @ http://localhost:4401/api/billing/ai-credits/summary:0
[ 7427939ms] [ERROR] Failed to load resource: Could not connect to the server. @ http://localhost:4401/api/billing/ai-credits/summary:0
[ 7428063ms] [ERROR] Failed to load resource: Could not connect to the server. @ http://localhost:4401/dashboard/overview:0
[ 7428065ms] [ERROR] Failed to load resource: Could not connect to the server. @ http://localhost:4401/dashboard/alerts?limit=6:0
[ 7428542ms] [ERROR] Failed to load resource: Could not connect to the server. @ http://localhost:4401/api/billing/ai-credits/summary:0
[ 7457733ms] [ERROR] Failed to load resource: Could not connect to the server. @ http://localhost:4401/api/billing/ai-credits/summary:0
[ 7457937ms] [ERROR] Failed to load resource: Could not connect to the server. @ http://localhost:4401/api/billing/ai-credits/summary:0
[ 7458545ms] [ERROR] Failed to load resource: Could not connect to the server. @ http://localhost:4401/api/billing/ai-credits/summary:0
[ 7487246ms] [ERROR] Failed to load resource: Could not connect to the server. @ http://localhost:4401/dashboard/overview:0
[ 7487247ms] [ERROR] Failed to load resource: Could not connect to the server. @ http://localhost:4401/dashboard/alerts?limit=6:0
[ 7487455ms] [ERROR] Failed to load resource: Could not connect to the server. @ http://localhost:4401/dashboard/overview:0
[ 7487456ms] [ERROR] Failed to load resource: Could not connect to the server. @ http://localhost:4401/dashboard/alerts?limit=6:0
[ 7487739ms] [ERROR] Failed to load resource: Could not connect to the server. @ http://localhost:4401/api/billing/ai-credits/summary:0
[ 7487946ms] [ERROR] Failed to load resource: Could not connect to the server. @ http://localhost:4401/api/billing/ai-credits/summary:0
[ 7488060ms] [ERROR] Failed to load resource: Could not connect to the server. @ http://localhost:4401/dashboard/overview:0
[ 7488061ms] [ERROR] Failed to load resource: Could not connect to the server. @ http://localhost:4401/dashboard/alerts?limit=6:0
[ 7488550ms] [ERROR] Failed to load resource: Could not connect to the server. @ http://localhost:4401/api/billing/ai-credits/summary:0
[ 7517745ms] [ERROR] Failed to load resource: Could not connect to the server. @ http://localhost:4401/api/billing/ai-credits/summary:0
[ 7517953ms] [ERROR] Failed to load resource: Could not connect to the server. @ http://localhost:4401/api/billing/ai-credits/summary:0
[ 7518559ms] [ERROR] Failed to load resource: Could not connect to the server. @ http://localhost:4401/api/billing/ai-credits/summary:0
[ 7547251ms] [ERROR] Failed to load resource: Could not connect to the server. @ http://localhost:4401/dashboard/overview:0
[ 7547251ms] [ERROR] Failed to load resource: Could not connect to the server. @ http://localhost:4401/dashboard/alerts?limit=6:0
[ 7547455ms] [ERROR] Failed to load resource: Could not connect to the server. @ http://localhost:4401/dashboard/overview:0
[ 7547456ms] [ERROR] Failed to load resource: Could not connect to the server. @ http://localhost:4401/dashboard/alerts?limit=6:0
[ 7547745ms] [ERROR] Failed to load resource: Could not connect to the server. @ http://localhost:4401/api/billing/ai-credits/summary:0
[ 7547949ms] [ERROR] Failed to load resource: Could not connect to the server. @ http://localhost:4401/api/billing/ai-credits/summary:0
[ 7548061ms] [ERROR] Failed to load resource: Could not connect to the server. @ http://localhost:4401/dashboard/overview:0
[ 7548063ms] [ERROR] Failed to load resource: Could not connect to the server. @ http://localhost:4401/dashboard/alerts?limit=6:0
[ 7548553ms] [ERROR] Failed to load resource: Could not connect to the server. @ http://localhost:4401/api/billing/ai-credits/summary:0
[ 7577752ms] [ERROR] Failed to load resource: Could not connect to the server. @ http://localhost:4401/api/billing/ai-credits/summary:0
[ 7577959ms] [ERROR] Failed to load resource: Could not connect to the server. @ http://localhost:4401/api/billing/ai-credits/summary:0
[ 7578563ms] [ERROR] Failed to load resource: Could not connect to the server. @ http://localhost:4401/api/billing/ai-credits/summary:0
[ 7607258ms] [ERROR] Failed to load resource: Could not connect to the server. @ http://localhost:4401/dashboard/overview:0
[ 7607258ms] [ERROR] Failed to load resource: Could not connect to the server. @ http://localhost:4401/dashboard/alerts?limit=6:0
[ 7607464ms] [ERROR] Failed to load resource: Could not connect to the server. @ http://localhost:4401/dashboard/overview:0
[ 7607467ms] [ERROR] Failed to load resource: Could not connect to the server. @ http://localhost:4401/dashboard/alerts?limit=6:0
[ 7607757ms] [ERROR] Failed to load resource: Could not connect to the server. @ http://localhost:4401/api/billing/ai-credits/summary:0
[ 7607964ms] [ERROR] Failed to load resource: Could not connect to the server. @ http://localhost:4401/api/billing/ai-credits/summary:0
[ 7608072ms] [ERROR] Failed to load resource: Could not connect to the server. @ http://localhost:4401/dashboard/overview:0
[ 7608073ms] [ERROR] Failed to load resource: Could not connect to the server. @ http://localhost:4401/dashboard/alerts?limit=6:0
[ 7608568ms] [ERROR] Failed to load resource: Could not connect to the server. @ http://localhost:4401/api/billing/ai-credits/summary:0
[ 7637762ms] [ERROR] Failed to load resource: Could not connect to the server. @ http://localhost:4401/api/billing/ai-credits/summary:0
[ 7637967ms] [ERROR] Failed to load resource: Could not connect to the server. @ http://localhost:4401/api/billing/ai-credits/summary:0
[ 7638573ms] [ERROR] Failed to load resource: Could not connect to the server. @ http://localhost:4401/api/billing/ai-credits/summary:0
[ 7667264ms] [ERROR] Failed to load resource: Could not connect to the server. @ http://localhost:4401/dashboard/overview:0
[ 7667265ms] [ERROR] Failed to load resource: Could not connect to the server. @ http://localhost:4401/dashboard/alerts?limit=6:0
[ 7667473ms] [ERROR] Failed to load resource: Could not connect to the server. @ http://localhost:4401/dashboard/overview:0
[ 7667474ms] [ERROR] Failed to load resource: Could not connect to the server. @ http://localhost:4401/dashboard/alerts?limit=6:0
[ 7667763ms] [ERROR] Failed to load resource: Could not connect to the server. @ http://localhost:4401/api/billing/ai-credits/summary:0
[ 7667971ms] [ERROR] Failed to load resource: Could not connect to the server. @ http://localhost:4401/api/billing/ai-credits/summary:0
[ 7668077ms] [ERROR] Failed to load resource: Could not connect to the server. @ http://localhost:4401/dashboard/overview:0
[ 7668078ms] [ERROR] Failed to load resource: Could not connect to the server. @ http://localhost:4401/dashboard/alerts?limit=6:0
[ 7668575ms] [ERROR] Failed to load resource: Could not connect to the server. @ http://localhost:4401/api/billing/ai-credits/summary:0
[ 7697770ms] [ERROR] Failed to load resource: Could not connect to the server. @ http://localhost:4401/api/billing/ai-credits/summary:0
[ 7697977ms] [ERROR] Failed to load resource: Could not connect to the server. @ http://localhost:4401/api/billing/ai-credits/summary:0
[ 7698583ms] [ERROR] Failed to load resource: Could not connect to the server. @ http://localhost:4401/api/billing/ai-credits/summary:0
[ 7727270ms] [ERROR] Failed to load resource: Could not connect to the server. @ http://localhost:4401/dashboard/overview:0
[ 7727271ms] [ERROR] Failed to load resource: Could not connect to the server. @ http://localhost:4401/dashboard/alerts?limit=6:0
[ 7727480ms] [ERROR] Failed to load resource: Could not connect to the server. @ http://localhost:4401/dashboard/overview:0
[ 7727482ms] [ERROR] Failed to load resource: Could not connect to the server. @ http://localhost:4401/dashboard/alerts?limit=6:0
[ 7727774ms] [ERROR] Failed to load resource: Could not connect to the server. @ http://localhost:4401/api/billing/ai-credits/summary:0
[ 7727984ms] [ERROR] Failed to load resource: Could not connect to the server. @ http://localhost:4401/api/billing/ai-credits/summary:0
[ 7728090ms] [ERROR] Failed to load resource: Could not connect to the server. @ http://localhost:4401/dashboard/overview:0
[ 7728091ms] [ERROR] Failed to load resource: Could not connect to the server. @ http://localhost:4401/dashboard/alerts?limit=6:0
[ 7728588ms] [ERROR] Failed to load resource: Could not connect to the server. @ http://localhost:4401/api/billing/ai-credits/summary:0
[ 7757777ms] [ERROR] Failed to load resource: Could not connect to the server. @ http://localhost:4401/api/billing/ai-credits/summary:0
[ 7757983ms] [ERROR] Failed to load resource: Could not connect to the server. @ http://localhost:4401/api/billing/ai-credits/summary:0
[ 7758590ms] [ERROR] Failed to load resource: Could not connect to the server. @ http://localhost:4401/api/billing/ai-credits/summary:0
[ 7787272ms] [ERROR] Failed to load resource: Could not connect to the server. @ http://localhost:4401/dashboard/overview:0
[ 7787274ms] [ERROR] Failed to load resource: Could not connect to the server. @ http://localhost:4401/dashboard/alerts?limit=6:0
[ 7787482ms] [ERROR] Failed to load resource: Could not connect to the server. @ http://localhost:4401/dashboard/overview:0
[ 7787483ms] [ERROR] Failed to load resource: Could not connect to the server. @ http://localhost:4401/dashboard/alerts?limit=6:0
[ 7787784ms] [ERROR] Failed to load resource: Could not connect to the server. @ http://localhost:4401/api/billing/ai-credits/summary:0
[ 7787991ms] [ERROR] Failed to load resource: Could not connect to the server. @ http://localhost:4401/api/billing/ai-credits/summary:0
[ 7788091ms] [ERROR] Failed to load resource: Could not connect to the server. @ http://localhost:4401/dashboard/overview:0
[ 7788092ms] [ERROR] Failed to load resource: Could not connect to the server. @ http://localhost:4401/dashboard/alerts?limit=6:0
[ 7788595ms] [ERROR] Failed to load resource: Could not connect to the server. @ http://localhost:4401/api/billing/ai-credits/summary:0
[ 7817790ms] [ERROR] Failed to load resource: Could not connect to the server. @ http://localhost:4401/api/billing/ai-credits/summary:0
[ 7817999ms] [ERROR] Failed to load resource: Could not connect to the server. @ http://localhost:4401/api/billing/ai-credits/summary:0
[ 7818607ms] [ERROR] Failed to load resource: Could not connect to the server. @ http://localhost:4401/api/billing/ai-credits/summary:0
[ 7847278ms] [ERROR] Failed to load resource: Could not connect to the server. @ http://localhost:4401/dashboard/overview:0
[ 7847279ms] [ERROR] Failed to load resource: Could not connect to the server. @ http://localhost:4401/dashboard/alerts?limit=6:0
[ 7847488ms] [ERROR] Failed to load resource: Could not connect to the server. @ http://localhost:4401/dashboard/overview:0
[ 7847489ms] [ERROR] Failed to load resource: Could not connect to the server. @ http://localhost:4401/dashboard/alerts?limit=6:0
[ 7847790ms] [ERROR] Failed to load resource: Could not connect to the server. @ http://localhost:4401/api/billing/ai-credits/summary:0
[ 7847997ms] [ERROR] Failed to load resource: Could not connect to the server. @ http://localhost:4401/api/billing/ai-credits/summary:0
[ 7848098ms] [ERROR] Failed to load resource: Could not connect to the server. @ http://localhost:4401/dashboard/overview:0
[ 7848100ms] [ERROR] Failed to load resource: Could not connect to the server. @ http://localhost:4401/dashboard/alerts?limit=6:0
[ 7848601ms] [ERROR] Failed to load resource: Could not connect to the server. @ http://localhost:4401/api/billing/ai-credits/summary:0
[ 7877796ms] [ERROR] Failed to load resource: Could not connect to the server. @ http://localhost:4401/api/billing/ai-credits/summary:0
[ 7878003ms] [ERROR] Failed to load resource: Could not connect to the server. @ http://localhost:4401/api/billing/ai-credits/summary:0
[ 7878612ms] [ERROR] Failed to load resource: Could not connect to the server. @ http://localhost:4401/api/billing/ai-credits/summary:0
[ 7907281ms] [ERROR] Failed to load resource: Could not connect to the server. @ http://localhost:4401/dashboard/overview:0
[ 7907283ms] [ERROR] Failed to load resource: Could not connect to the server. @ http://localhost:4401/dashboard/alerts?limit=6:0
[ 7907490ms] [ERROR] Failed to load resource: Could not connect to the server. @ http://localhost:4401/dashboard/overview:0
[ 7907492ms] [ERROR] Failed to load resource: Could not connect to the server. @ http://localhost:4401/dashboard/alerts?limit=6:0
[ 7907799ms] [ERROR] Failed to load resource: Could not connect to the server. @ http://localhost:4401/api/billing/ai-credits/summary:0
[ 7908007ms] [ERROR] Failed to load resource: Could not connect to the server. @ http://localhost:4401/api/billing/ai-credits/summary:0
[ 7908096ms] [ERROR] Failed to load resource: Could not connect to the server. @ http://localhost:4401/dashboard/overview:0
[ 7908098ms] [ERROR] Failed to load resource: Could not connect to the server. @ http://localhost:4401/dashboard/alerts?limit=6:0
[ 7908610ms] [ERROR] Failed to load resource: Could not connect to the server. @ http://localhost:4401/api/billing/ai-credits/summary:0
[ 7937805ms] [ERROR] Failed to load resource: Could not connect to the server. @ http://localhost:4401/api/billing/ai-credits/summary:0
[ 7938014ms] [ERROR] Failed to load resource: Could not connect to the server. @ http://localhost:4401/api/billing/ai-credits/summary:0
[ 7938623ms] [ERROR] Failed to load resource: Could not connect to the server. @ http://localhost:4401/api/billing/ai-credits/summary:0
[ 7967287ms] [ERROR] Failed to load resource: Could not connect to the server. @ http://localhost:4401/dashboard/overview:0
[ 7967288ms] [ERROR] Failed to load resource: Could not connect to the server. @ http://localhost:4401/dashboard/alerts?limit=6:0
[ 7967496ms] [ERROR] Failed to load resource: Could not connect to the server. @ http://localhost:4401/dashboard/overview:0
[ 7967498ms] [ERROR] Failed to load resource: Could not connect to the server. @ http://localhost:4401/dashboard/alerts?limit=6:0
[ 7967809ms] [ERROR] Failed to load resource: Could not connect to the server. @ http://localhost:4401/api/billing/ai-credits/summary:0
[ 7968018ms] [ERROR] Failed to load resource: Could not connect to the server. @ http://localhost:4401/api/billing/ai-credits/summary:0
[ 7968107ms] [ERROR] Failed to load resource: Could not connect to the server. @ http://localhost:4401/dashboard/overview:0
[ 7968108ms] [ERROR] Failed to load resource: Could not connect to the server. @ http://localhost:4401/dashboard/alerts?limit=6:0
[ 7968621ms] [ERROR] Failed to load resource: Could not connect to the server. @ http://localhost:4401/api/billing/ai-credits/summary:0
[ 7997818ms] [ERROR] Failed to load resource: Could not connect to the server. @ http://localhost:4401/api/billing/ai-credits/summary:0
[ 7998028ms] [ERROR] Failed to load resource: Could not connect to the server. @ http://localhost:4401/api/billing/ai-credits/summary:0
[ 7998636ms] [ERROR] Failed to load resource: Could not connect to the server. @ http://localhost:4401/api/billing/ai-credits/summary:0
[ 8027292ms] [ERROR] Failed to load resource: Could not connect to the server. @ http://localhost:4401/dashboard/overview:0
[ 8027292ms] [ERROR] Failed to load resource: Could not connect to the server. @ http://localhost:4401/dashboard/alerts?limit=6:0
[ 8027501ms] [ERROR] Failed to load resource: Could not connect to the server. @ http://localhost:4401/dashboard/overview:0
[ 8027503ms] [ERROR] Failed to load resource: Could not connect to the server. @ http://localhost:4401/dashboard/alerts?limit=6:0
[ 8027813ms] [ERROR] Failed to load resource: Could not connect to the server. @ http://localhost:4401/api/billing/ai-credits/summary:0
[ 8028017ms] [ERROR] Failed to load resource: Could not connect to the server. @ http://localhost:4401/api/billing/ai-credits/summary:0
[ 8028107ms] [ERROR] Failed to load resource: Could not connect to the server. @ http://localhost:4401/dashboard/overview:0
[ 8028108ms] [ERROR] Failed to load resource: Could not connect to the server. @ http://localhost:4401/dashboard/alerts?limit=6:0
[ 8028625ms] [ERROR] Failed to load resource: Could not connect to the server. @ http://localhost:4401/api/billing/ai-credits/summary:0
[ 8057823ms] [ERROR] Failed to load resource: Could not connect to the server. @ http://localhost:4401/api/billing/ai-credits/summary:0
[ 8058031ms] [ERROR] Failed to load resource: Could not connect to the server. @ http://localhost:4401/api/billing/ai-credits/summary:0
[ 8058638ms] [ERROR] Failed to load resource: Could not connect to the server. @ http://localhost:4401/api/billing/ai-credits/summary:0
[ 8087297ms] [ERROR] Failed to load resource: Could not connect to the server. @ http://localhost:4401/dashboard/overview:0
[ 8087298ms] [ERROR] Failed to load resource: Could not connect to the server. @ http://localhost:4401/dashboard/alerts?limit=6:0
[ 8087508ms] [ERROR] Failed to load resource: Could not connect to the server. @ http://localhost:4401/dashboard/overview:0
[ 8087509ms] [ERROR] Failed to load resource: Could not connect to the server. @ http://localhost:4401/dashboard/alerts?limit=6:0
[ 8087827ms] [ERROR] Failed to load resource: Could not connect to the server. @ http://localhost:4401/api/billing/ai-credits/summary:0
[ 8088037ms] [ERROR] Failed to load resource: Could not connect to the server. @ http://localhost:4401/api/billing/ai-credits/summary:0
[ 8088119ms] [ERROR] Failed to load resource: Could not connect to the server. @ http://localhost:4401/dashboard/overview:0
[ 8088119ms] [ERROR] Failed to load resource: Could not connect to the server. @ http://localhost:4401/dashboard/alerts?limit=6:0
[ 8088641ms] [ERROR] Failed to load resource: Could not connect to the server. @ http://localhost:4401/api/billing/ai-credits/summary:0
[ 8117832ms] [ERROR] Failed to load resource: Could not connect to the server. @ http://localhost:4401/api/billing/ai-credits/summary:0
[ 8118040ms] [ERROR] Failed to load resource: Could not connect to the server. @ http://localhost:4401/api/billing/ai-credits/summary:0
[ 8118647ms] [ERROR] Failed to load resource: Could not connect to the server. @ http://localhost:4401/api/billing/ai-credits/summary:0
[ 8147301ms] [ERROR] Failed to load resource: Could not connect to the server. @ http://localhost:4401/dashboard/overview:0
[ 8147301ms] [ERROR] Failed to load resource: Could not connect to the server. @ http://localhost:4401/dashboard/alerts?limit=6:0
[ 8147512ms] [ERROR] Failed to load resource: Could not connect to the server. @ http://localhost:4401/dashboard/overview:0
[ 8147513ms] [ERROR] Failed to load resource: Could not connect to the server. @ http://localhost:4401/dashboard/alerts?limit=6:0
[ 8147834ms] [ERROR] Failed to load resource: Could not connect to the server. @ http://localhost:4401/api/billing/ai-credits/summary:0
[ 8148043ms] [ERROR] Failed to load resource: Could not connect to the server. @ http://localhost:4401/api/billing/ai-credits/summary:0
[ 8148121ms] [ERROR] Failed to load resource: Could not connect to the server. @ http://localhost:4401/dashboard/overview:0
[ 8148122ms] [ERROR] Failed to load resource: Could not connect to the server. @ http://localhost:4401/dashboard/alerts?limit=6:0
[ 8148646ms] [ERROR] Failed to load resource: Could not connect to the server. @ http://localhost:4401/api/billing/ai-credits/summary:0
[ 8177840ms] [ERROR] Failed to load resource: Could not connect to the server. @ http://localhost:4401/api/billing/ai-credits/summary:0
[ 8178048ms] [ERROR] Failed to load resource: Could not connect to the server. @ http://localhost:4401/api/billing/ai-credits/summary:0
[ 8178658ms] [ERROR] Failed to load resource: Could not connect to the server. @ http://localhost:4401/api/billing/ai-credits/summary:0
[ 8207303ms] [ERROR] Failed to load resource: Could not connect to the server. @ http://localhost:4401/dashboard/overview:0
[ 8207304ms] [ERROR] Failed to load resource: Could not connect to the server. @ http://localhost:4401/dashboard/alerts?limit=6:0
[ 8207510ms] [ERROR] Failed to load resource: Could not connect to the server. @ http://localhost:4401/dashboard/overview:0
[ 8207511ms] [ERROR] Failed to load resource: Could not connect to the server. @ http://localhost:4401/dashboard/alerts?limit=6:0
[ 8207840ms] [ERROR] Failed to load resource: Could not connect to the server. @ http://localhost:4401/api/billing/ai-credits/summary:0
[ 8208045ms] [ERROR] Failed to load resource: Could not connect to the server. @ http://localhost:4401/api/billing/ai-credits/summary:0
[ 8208115ms] [ERROR] Failed to load resource: Could not connect to the server. @ http://localhost:4401/dashboard/overview:0
[ 8208116ms] [ERROR] Failed to load resource: Could not connect to the server. @ http://localhost:4401/dashboard/alerts?limit=6:0
[ 8208649ms] [ERROR] Failed to load resource: Could not connect to the server. @ http://localhost:4401/api/billing/ai-credits/summary:0
[ 8237848ms] [ERROR] Failed to load resource: Could not connect to the server. @ http://localhost:4401/api/billing/ai-credits/summary:0
[ 8238055ms] [ERROR] Failed to load resource: Could not connect to the server. @ http://localhost:4401/api/billing/ai-credits/summary:0
[ 8238664ms] [ERROR] Failed to load resource: Could not connect to the server. @ http://localhost:4401/api/billing/ai-credits/summary:0
[ 8267308ms] [ERROR] Failed to load resource: Could not connect to the server. @ http://localhost:4401/dashboard/overview:0
[ 8267310ms] [ERROR] Failed to load resource: Could not connect to the server. @ http://localhost:4401/dashboard/alerts?limit=6:0
[ 8267520ms] [ERROR] Failed to load resource: Could not connect to the server. @ http://localhost:4401/dashboard/overview:0
[ 8267522ms] [ERROR] Failed to load resource: Could not connect to the server. @ http://localhost:4401/dashboard/alerts?limit=6:0
[ 8267852ms] [ERROR] Failed to load resource: Could not connect to the server. @ http://localhost:4401/api/billing/ai-credits/summary:0
[ 8268056ms] [ERROR] Failed to load resource: Could not connect to the server. @ http://localhost:4401/api/billing/ai-credits/summary:0
[ 8268126ms] [ERROR] Failed to load resource: Could not connect to the server. @ http://localhost:4401/dashboard/overview:0
[ 8268126ms] [ERROR] Failed to load resource: Could not connect to the server. @ http://localhost:4401/dashboard/alerts?limit=6:0
[ 8268665ms] [ERROR] Failed to load resource: Could not connect to the server. @ http://localhost:4401/api/billing/ai-credits/summary:0
[ 8297858ms] [ERROR] Failed to load resource: Could not connect to the server. @ http://localhost:4401/api/billing/ai-credits/summary:0
[ 8298067ms] [ERROR] Failed to load resource: Could not connect to the server. @ http://localhost:4401/api/billing/ai-credits/summary:0
[ 8298675ms] [ERROR] Failed to load resource: Could not connect to the server. @ http://localhost:4401/api/billing/ai-credits/summary:0
[ 8327316ms] [ERROR] Failed to load resource: Could not connect to the server. @ http://localhost:4401/dashboard/overview:0
[ 8327317ms] [ERROR] Failed to load resource: Could not connect to the server. @ http://localhost:4401/dashboard/alerts?limit=6:0
[ 8327525ms] [ERROR] Failed to load resource: Could not connect to the server. @ http://localhost:4401/dashboard/overview:0
[ 8327527ms] [ERROR] Failed to load resource: Could not connect to the server. @ http://localhost:4401/dashboard/alerts?limit=6:0
[ 8327861ms] [ERROR] Failed to load resource: Could not connect to the server. @ http://localhost:4401/api/billing/ai-credits/summary:0
[ 8328070ms] [ERROR] Failed to load resource: Could not connect to the server. @ http://localhost:4401/api/billing/ai-credits/summary:0
[ 8328136ms] [ERROR] Failed to load resource: Could not connect to the server. @ http://localhost:4401/dashboard/overview:0
[ 8328137ms] [ERROR] Failed to load resource: Could not connect to the server. @ http://localhost:4401/dashboard/alerts?limit=6:0
[ 8328674ms] [ERROR] Failed to load resource: Could not connect to the server. @ http://localhost:4401/api/billing/ai-credits/summary:0
[ 8357868ms] [ERROR] Failed to load resource: Could not connect to the server. @ http://localhost:4401/api/billing/ai-credits/summary:0
[ 8358075ms] [ERROR] Failed to load resource: Could not connect to the server. @ http://localhost:4401/api/billing/ai-credits/summary:0
[ 8358683ms] [ERROR] Failed to load resource: Could not connect to the server. @ http://localhost:4401/api/billing/ai-credits/summary:0
[ 8387321ms] [ERROR] Failed to load resource: Could not connect to the server. @ http://localhost:4401/dashboard/overview:0
[ 8387323ms] [ERROR] Failed to load resource: Could not connect to the server. @ http://localhost:4401/dashboard/alerts?limit=6:0
[ 8387531ms] [ERROR] Failed to load resource: Could not connect to the server. @ http://localhost:4401/dashboard/overview:0
[ 8387532ms] [ERROR] Failed to load resource: Could not connect to the server. @ http://localhost:4401/dashboard/alerts?limit=6:0
[ 8387870ms] [ERROR] Failed to load resource: Could not connect to the server. @ http://localhost:4401/api/billing/ai-credits/summary:0
[ 8388079ms] [ERROR] Failed to load resource: Could not connect to the server. @ http://localhost:4401/api/billing/ai-credits/summary:0
[ 8388141ms] [ERROR] Failed to load resource: Could not connect to the server. @ http://localhost:4401/dashboard/overview:0
[ 8388142ms] [ERROR] Failed to load resource: Could not connect to the server. @ http://localhost:4401/dashboard/alerts?limit=6:0
[ 8388683ms] [ERROR] Failed to load resource: Could not connect to the server. @ http://localhost:4401/api/billing/ai-credits/summary:0
[ 8417876ms] [ERROR] Failed to load resource: Could not connect to the server. @ http://localhost:4401/api/billing/ai-credits/summary:0
[ 8418083ms] [ERROR] Failed to load resource: Could not connect to the server. @ http://localhost:4401/api/billing/ai-credits/summary:0
[ 8418693ms] [ERROR] Failed to load resource: Could not connect to the server. @ http://localhost:4401/api/billing/ai-credits/summary:0
[ 8447324ms] [ERROR] Failed to load resource: Could not connect to the server. @ http://localhost:4401/dashboard/overview:0
[ 8447325ms] [ERROR] Failed to load resource: Could not connect to the server. @ http://localhost:4401/dashboard/alerts?limit=6:0
[ 8447536ms] [ERROR] Failed to load resource: Could not connect to the server. @ http://localhost:4401/dashboard/overview:0
[ 8447537ms] [ERROR] Failed to load resource: Could not connect to the server. @ http://localhost:4401/dashboard/alerts?limit=6:0
[ 8447878ms] [ERROR] Failed to load resource: Could not connect to the server. @ http://localhost:4401/api/billing/ai-credits/summary:0
[ 8448085ms] [ERROR] Failed to load resource: Could not connect to the server. @ http://localhost:4401/api/billing/ai-credits/summary:0
[ 8448146ms] [ERROR] Failed to load resource: Could not connect to the server. @ http://localhost:4401/dashboard/overview:0
[ 8448147ms] [ERROR] Failed to load resource: Could not connect to the server. @ http://localhost:4401/dashboard/alerts?limit=6:0
[ 8448689ms] [ERROR] Failed to load resource: Could not connect to the server. @ http://localhost:4401/api/billing/ai-credits/summary:0
[ 8477885ms] [ERROR] Failed to load resource: Could not connect to the server. @ http://localhost:4401/api/billing/ai-credits/summary:0
[ 8478095ms] [ERROR] Failed to load resource: Could not connect to the server. @ http://localhost:4401/api/billing/ai-credits/summary:0
[ 8478703ms] [ERROR] Failed to load resource: Could not connect to the server. @ http://localhost:4401/api/billing/ai-credits/summary:0
[ 8507329ms] [ERROR] Failed to load resource: Could not connect to the server. @ http://localhost:4401/dashboard/overview:0
[ 8507331ms] [ERROR] Failed to load resource: Could not connect to the server. @ http://localhost:4401/dashboard/alerts?limit=6:0
[ 8507542ms] [ERROR] Failed to load resource: Could not connect to the server. @ http://localhost:4401/dashboard/overview:0
[ 8507543ms] [ERROR] Failed to load resource: Could not connect to the server. @ http://localhost:4401/dashboard/alerts?limit=6:0
[ 8507889ms] [ERROR] Failed to load resource: Could not connect to the server. @ http://localhost:4401/api/billing/ai-credits/summary:0
[ 8508098ms] [ERROR] Failed to load resource: Could not connect to the server. @ http://localhost:4401/api/billing/ai-credits/summary:0
[ 8508151ms] [ERROR] Failed to load resource: Could not connect to the server. @ http://localhost:4401/dashboard/overview:0
[ 8508153ms] [ERROR] Failed to load resource: Could not connect to the server. @ http://localhost:4401/dashboard/alerts?limit=6:0
[ 8508702ms] [ERROR] Failed to load resource: Could not connect to the server. @ http://localhost:4401/api/billing/ai-credits/summary:0
[ 8537899ms] [ERROR] Failed to load resource: Could not connect to the server. @ http://localhost:4401/api/billing/ai-credits/summary:0
[ 8538108ms] [ERROR] Failed to load resource: Could not connect to the server. @ http://localhost:4401/api/billing/ai-credits/summary:0
[ 8538718ms] [ERROR] Failed to load resource: Could not connect to the server. @ http://localhost:4401/api/billing/ai-credits/summary:0
[ 8567336ms] [ERROR] Failed to load resource: Could not connect to the server. @ http://localhost:4401/dashboard/overview:0
[ 8567337ms] [ERROR] Failed to load resource: Could not connect to the server. @ http://localhost:4401/dashboard/alerts?limit=6:0
[ 8567545ms] [ERROR] Failed to load resource: Could not connect to the server. @ http://localhost:4401/dashboard/overview:0
[ 8567547ms] [ERROR] Failed to load resource: Could not connect to the server. @ http://localhost:4401/dashboard/alerts?limit=6:0
[ 8567896ms] [ERROR] Failed to load resource: Could not connect to the server. @ http://localhost:4401/api/billing/ai-credits/summary:0
[ 8568103ms] [ERROR] Failed to load resource: Could not connect to the server. @ http://localhost:4401/api/billing/ai-credits/summary:0
[ 8568154ms] [ERROR] Failed to load resource: Could not connect to the server. @ http://localhost:4401/dashboard/overview:0
[ 8568155ms] [ERROR] Failed to load resource: Could not connect to the server. @ http://localhost:4401/dashboard/alerts?limit=6:0
[ 8568708ms] [ERROR] Failed to load resource: Could not connect to the server. @ http://localhost:4401/api/billing/ai-credits/summary:0
[ 8597900ms] [ERROR] Failed to load resource: Could not connect to the server. @ http://localhost:4401/api/billing/ai-credits/summary:0
[ 8598108ms] [ERROR] Failed to load resource: Could not connect to the server. @ http://localhost:4401/api/billing/ai-credits/summary:0
[ 8598717ms] [ERROR] Failed to load resource: Could not connect to the server. @ http://localhost:4401/api/billing/ai-credits/summary:0
[ 8627340ms] [ERROR] Failed to load resource: Could not connect to the server. @ http://localhost:4401/dashboard/overview:0
[ 8627342ms] [ERROR] Failed to load resource: Could not connect to the server. @ http://localhost:4401/dashboard/alerts?limit=6:0
[ 8627551ms] [ERROR] Failed to load resource: Could not connect to the server. @ http://localhost:4401/dashboard/overview:0
[ 8627552ms] [ERROR] Failed to load resource: Could not connect to the server. @ http://localhost:4401/dashboard/alerts?limit=6:0
[ 8627903ms] [ERROR] Failed to load resource: Could not connect to the server. @ http://localhost:4401/api/billing/ai-credits/summary:0
[ 8628114ms] [ERROR] Failed to load resource: Could not connect to the server. @ http://localhost:4401/api/billing/ai-credits/summary:0
[ 8628160ms] [ERROR] Failed to load resource: Could not connect to the server. @ http://localhost:4401/dashboard/overview:0
[ 8628161ms] [ERROR] Failed to load resource: Could not connect to the server. @ http://localhost:4401/dashboard/alerts?limit=6:0
[ 8628718ms] [ERROR] Failed to load resource: Could not connect to the server. @ http://localhost:4401/api/billing/ai-credits/summary:0
[ 8657911ms] [ERROR] Failed to load resource: Could not connect to the server. @ http://localhost:4401/api/billing/ai-credits/summary:0
[ 8658119ms] [ERROR] Failed to load resource: Could not connect to the server. @ http://localhost:4401/api/billing/ai-credits/summary:0
[ 8658727ms] [ERROR] Failed to load resource: Could not connect to the server. @ http://localhost:4401/api/billing/ai-credits/summary:0
[ 8687317ms] [ERROR] Failed to load resource: Could not connect to the server. @ http://localhost:4401/dashboard/overview:0
[ 8687318ms] [ERROR] Failed to load resource: Could not connect to the server. @ http://localhost:4401/dashboard/alerts?limit=6:0
[ 8687521ms] [ERROR] Failed to load resource: Could not connect to the server. @ http://localhost:4401/dashboard/overview:0
[ 8687521ms] [ERROR] Failed to load resource: Could not connect to the server. @ http://localhost:4401/dashboard/alerts?limit=6:0
[ 8687884ms] [ERROR] Failed to load resource: Could not connect to the server. @ http://localhost:4401/api/billing/ai-credits/summary:0
[ 8688092ms] [ERROR] Failed to load resource: Could not connect to the server. @ http://localhost:4401/api/billing/ai-credits/summary:0
[ 8688129ms] [ERROR] Failed to load resource: Could not connect to the server. @ http://localhost:4401/dashboard/overview:0
[ 8688131ms] [ERROR] Failed to load resource: Could not connect to the server. @ http://localhost:4401/dashboard/alerts?limit=6:0
[ 8688696ms] [ERROR] Failed to load resource: Could not connect to the server. @ http://localhost:4401/api/billing/ai-credits/summary:0
[ 8717889ms] [ERROR] Failed to load resource: Could not connect to the server. @ http://localhost:4401/api/billing/ai-credits/summary:0
[ 8718097ms] [ERROR] Failed to load resource: Could not connect to the server. @ http://localhost:4401/api/billing/ai-credits/summary:0
[ 8718706ms] [ERROR] Failed to load resource: Could not connect to the server. @ http://localhost:4401/api/billing/ai-credits/summary:0
[ 8747319ms] [ERROR] Failed to load resource: Could not connect to the server. @ http://localhost:4401/dashboard/overview:0
[ 8747320ms] [ERROR] Failed to load resource: Could not connect to the server. @ http://localhost:4401/dashboard/alerts?limit=6:0
[ 8747530ms] [ERROR] Failed to load resource: Could not connect to the server. @ http://localhost:4401/dashboard/overview:0
[ 8747531ms] [ERROR] Failed to load resource: Could not connect to the server. @ http://localhost:4401/dashboard/alerts?limit=6:0
[ 8747892ms] [ERROR] Failed to load resource: Could not connect to the server. @ http://localhost:4401/api/billing/ai-credits/summary:0
[ 8748099ms] [ERROR] Failed to load resource: Could not connect to the server. @ http://localhost:4401/api/billing/ai-credits/summary:0
[ 8748139ms] [ERROR] Failed to load resource: Could not connect to the server. @ http://localhost:4401/dashboard/overview:0
[ 8748140ms] [ERROR] Failed to load resource: Could not connect to the server. @ http://localhost:4401/dashboard/alerts?limit=6:0
[ 8748702ms] [ERROR] Failed to load resource: Could not connect to the server. @ http://localhost:4401/api/billing/ai-credits/summary:0
[ 8777895ms] [ERROR] Failed to load resource: Could not connect to the server. @ http://localhost:4401/api/billing/ai-credits/summary:0
[ 8778103ms] [ERROR] Failed to load resource: Could not connect to the server. @ http://localhost:4401/api/billing/ai-credits/summary:0
[ 8778711ms] [ERROR] Failed to load resource: Could not connect to the server. @ http://localhost:4401/api/billing/ai-credits/summary:0
[ 8807321ms] [ERROR] Failed to load resource: Could not connect to the server. @ http://localhost:4401/dashboard/overview:0
[ 8807322ms] [ERROR] Failed to load resource: Could not connect to the server. @ http://localhost:4401/dashboard/alerts?limit=6:0
[ 8807530ms] [ERROR] Failed to load resource: Could not connect to the server. @ http://localhost:4401/dashboard/overview:0
[ 8807532ms] [ERROR] Failed to load resource: Could not connect to the server. @ http://localhost:4401/dashboard/alerts?limit=6:0
[ 8807898ms] [ERROR] Failed to load resource: Could not connect to the server. @ http://localhost:4401/api/billing/ai-credits/summary:0
[ 8808106ms] [ERROR] Failed to load resource: Could not connect to the server. @ http://localhost:4401/api/billing/ai-credits/summary:0
[ 8808139ms] [ERROR] Failed to load resource: Could not connect to the server. @ http://localhost:4401/dashboard/overview:0
[ 8808141ms] [ERROR] Failed to load resource: Could not connect to the server. @ http://localhost:4401/dashboard/alerts?limit=6:0
[ 8808710ms] [ERROR] Failed to load resource: Could not connect to the server. @ http://localhost:4401/api/billing/ai-credits/summary:0
[ 8837904ms] [ERROR] Failed to load resource: Could not connect to the server. @ http://localhost:4401/api/billing/ai-credits/summary:0
[ 8838111ms] [ERROR] Failed to load resource: Could not connect to the server. @ http://localhost:4401/api/billing/ai-credits/summary:0
[ 8838720ms] [ERROR] Failed to load resource: Could not connect to the server. @ http://localhost:4401/api/billing/ai-credits/summary:0
[ 8867325ms] [ERROR] Failed to load resource: Could not connect to the server. @ http://localhost:4401/dashboard/overview:0
[ 8867326ms] [ERROR] Failed to load resource: Could not connect to the server. @ http://localhost:4401/dashboard/alerts?limit=6:0
[ 8867533ms] [ERROR] Failed to load resource: Could not connect to the server. @ http://localhost:4401/dashboard/overview:0
[ 8867534ms] [ERROR] Failed to load resource: Could not connect to the server. @ http://localhost:4401/dashboard/alerts?limit=6:0
[ 8867907ms] [ERROR] Failed to load resource: Could not connect to the server. @ http://localhost:4401/api/billing/ai-credits/summary:0
[ 8868114ms] [ERROR] Failed to load resource: Could not connect to the server. @ http://localhost:4401/api/billing/ai-credits/summary:0
[ 8868141ms] [ERROR] Failed to load resource: Could not connect to the server. @ http://localhost:4401/dashboard/overview:0
[ 8868142ms] [ERROR] Failed to load resource: Could not connect to the server. @ http://localhost:4401/dashboard/alerts?limit=6:0
[ 8868718ms] [ERROR] Failed to load resource: Could not connect to the server. @ http://localhost:4401/api/billing/ai-credits/summary:0
[ 8897913ms] [ERROR] Failed to load resource: Could not connect to the server. @ http://localhost:4401/api/billing/ai-credits/summary:0
[ 8898120ms] [ERROR] Failed to load resource: Could not connect to the server. @ http://localhost:4401/api/billing/ai-credits/summary:0
[ 8898731ms] [ERROR] Failed to load resource: Could not connect to the server. @ http://localhost:4401/api/billing/ai-credits/summary:0
[ 8927330ms] [ERROR] Failed to load resource: Could not connect to the server. @ http://localhost:4401/dashboard/overview:0
[ 8927331ms] [ERROR] Failed to load resource: Could not connect to the server. @ http://localhost:4401/dashboard/alerts?limit=6:0
[ 8927539ms] [ERROR] Failed to load resource: Could not connect to the server. @ http://localhost:4401/dashboard/overview:0
[ 8927541ms] [ERROR] Failed to load resource: Could not connect to the server. @ http://localhost:4401/dashboard/alerts?limit=6:0
[ 8927915ms] [ERROR] Failed to load resource: Could not connect to the server. @ http://localhost:4401/api/billing/ai-credits/summary:0
[ 8928122ms] [ERROR] Failed to load resource: Could not connect to the server. @ http://localhost:4401/api/billing/ai-credits/summary:0
[ 8928147ms] [ERROR] Failed to load resource: Could not connect to the server. @ http://localhost:4401/dashboard/overview:0
[ 8928148ms] [ERROR] Failed to load resource: Could not connect to the server. @ http://localhost:4401/dashboard/alerts?limit=6:0
[ 8928725ms] [ERROR] Failed to load resource: Could not connect to the server. @ http://localhost:4401/api/billing/ai-credits/summary:0
[ 8957918ms] [ERROR] Failed to load resource: Could not connect to the server. @ http://localhost:4401/api/billing/ai-credits/summary:0
[ 8958125ms] [ERROR] Failed to load resource: Could not connect to the server. @ http://localhost:4401/api/billing/ai-credits/summary:0
[ 8958734ms] [ERROR] Failed to load resource: Could not connect to the server. @ http://localhost:4401/api/billing/ai-credits/summary:0
[ 8987336ms] [ERROR] Failed to load resource: Could not connect to the server. @ http://localhost:4401/dashboard/overview:0
[ 8987337ms] [ERROR] Failed to load resource: Could not connect to the server. @ http://localhost:4401/dashboard/alerts?limit=6:0
[ 8987550ms] [ERROR] Failed to load resource: Could not connect to the server. @ http://localhost:4401/dashboard/overview:0
[ 8987551ms] [ERROR] Failed to load resource: Could not connect to the server. @ http://localhost:4401/dashboard/alerts?limit=6:0
[ 8987924ms] [ERROR] Failed to load resource: Could not connect to the server. @ http://localhost:4401/api/billing/ai-credits/summary:0
[ 8988134ms] [ERROR] Failed to load resource: Could not connect to the server. @ http://localhost:4401/api/billing/ai-credits/summary:0
[ 8988159ms] [ERROR] Failed to load resource: Could not connect to the server. @ http://localhost:4401/dashboard/overview:0
[ 8988161ms] [ERROR] Failed to load resource: Could not connect to the server. @ http://localhost:4401/dashboard/alerts?limit=6:0
[ 8988738ms] [ERROR] Failed to load resource: Could not connect to the server. @ http://localhost:4401/api/billing/ai-credits/summary:0
[ 9017930ms] [ERROR] Failed to load resource: Could not connect to the server. @ http://localhost:4401/api/billing/ai-credits/summary:0
[ 9018140ms] [ERROR] Failed to load resource: Could not connect to the server. @ http://localhost:4401/api/billing/ai-credits/summary:0
[ 9018750ms] [ERROR] Failed to load resource: Could not connect to the server. @ http://localhost:4401/api/billing/ai-credits/summary:0
[ 9047342ms] [ERROR] Failed to load resource: Could not connect to the server. @ http://localhost:4401/dashboard/overview:0
[ 9047343ms] [ERROR] Failed to load resource: Could not connect to the server. @ http://localhost:4401/dashboard/alerts?limit=6:0
[ 9047550ms] [ERROR] Failed to load resource: Could not connect to the server. @ http://localhost:4401/dashboard/overview:0
[ 9047552ms] [ERROR] Failed to load resource: Could not connect to the server. @ http://localhost:4401/dashboard/alerts?limit=6:0
[ 9047934ms] [ERROR] Failed to load resource: Could not connect to the server. @ http://localhost:4401/api/billing/ai-credits/summary:0
[ 9048143ms] [ERROR] Failed to load resource: Could not connect to the server. @ http://localhost:4401/api/billing/ai-credits/summary:0
[ 9048159ms] [ERROR] Failed to load resource: Could not connect to the server. @ http://localhost:4401/dashboard/overview:0
[ 9048160ms] [ERROR] Failed to load resource: Could not connect to the server. @ http://localhost:4401/dashboard/alerts?limit=6:0
[ 9048748ms] [ERROR] Failed to load resource: Could not connect to the server. @ http://localhost:4401/api/billing/ai-credits/summary:0
[ 9077939ms] [ERROR] Failed to load resource: Could not connect to the server. @ http://localhost:4401/api/billing/ai-credits/summary:0
[ 9078151ms] [ERROR] Failed to load resource: Could not connect to the server. @ http://localhost:4401/api/billing/ai-credits/summary:0
[ 9078759ms] [ERROR] Failed to load resource: Could not connect to the server. @ http://localhost:4401/api/billing/ai-credits/summary:0
[ 9107341ms] [ERROR] Failed to load resource: Could not connect to the server. @ http://localhost:4401/dashboard/overview:0
[ 9107342ms] [ERROR] Failed to load resource: Could not connect to the server. @ http://localhost:4401/dashboard/alerts?limit=6:0
[ 9107552ms] [ERROR] Failed to load resource: Could not connect to the server. @ http://localhost:4401/dashboard/overview:0
[ 9107553ms] [ERROR] Failed to load resource: Could not connect to the server. @ http://localhost:4401/dashboard/alerts?limit=6:0
[ 9107940ms] [ERROR] Failed to load resource: Could not connect to the server. @ http://localhost:4401/api/billing/ai-credits/summary:0
[ 9108145ms] [ERROR] Failed to load resource: Could not connect to the server. @ http://localhost:4401/api/billing/ai-credits/summary:0
[ 9108158ms] [ERROR] Failed to load resource: Could not connect to the server. @ http://localhost:4401/dashboard/overview:0
[ 9108160ms] [ERROR] Failed to load resource: Could not connect to the server. @ http://localhost:4401/dashboard/alerts?limit=6:0
[ 9108749ms] [ERROR] Failed to load resource: Could not connect to the server. @ http://localhost:4401/api/billing/ai-credits/summary:0
[ 9137947ms] [ERROR] Failed to load resource: Could not connect to the server. @ http://localhost:4401/api/billing/ai-credits/summary:0
[ 9138157ms] [ERROR] Failed to load resource: Could not connect to the server. @ http://localhost:4401/api/billing/ai-credits/summary:0
[ 9138767ms] [ERROR] Failed to load resource: Could not connect to the server. @ http://localhost:4401/api/billing/ai-credits/summary:0
[ 9167348ms] [ERROR] Failed to load resource: Could not connect to the server. @ http://localhost:4401/dashboard/overview:0
[ 9167349ms] [ERROR] Failed to load resource: Could not connect to the server. @ http://localhost:4401/dashboard/alerts?limit=6:0
[ 9167559ms] [ERROR] Failed to load resource: Could not connect to the server. @ http://localhost:4401/dashboard/overview:0
[ 9167560ms] [ERROR] Failed to load resource: Could not connect to the server. @ http://localhost:4401/dashboard/alerts?limit=6:0
[ 9167949ms] [ERROR] Failed to load resource: Could not connect to the server. @ http://localhost:4401/api/billing/ai-credits/summary:0
[ 9168161ms] [ERROR] Failed to load resource: Could not connect to the server. @ http://localhost:4401/api/billing/ai-credits/summary:0
[ 9168165ms] [ERROR] Failed to load resource: Could not connect to the server. @ http://localhost:4401/dashboard/overview:0
[ 9168166ms] [ERROR] Failed to load resource: Could not connect to the server. @ http://localhost:4401/dashboard/alerts?limit=6:0
[ 9168765ms] [ERROR] Failed to load resource: Could not connect to the server. @ http://localhost:4401/api/billing/ai-credits/summary:0
[ 9197956ms] [ERROR] Failed to load resource: Could not connect to the server. @ http://localhost:4401/api/billing/ai-credits/summary:0
[ 9198166ms] [ERROR] Failed to load resource: Could not connect to the server. @ http://localhost:4401/api/billing/ai-credits/summary:0
[ 9198775ms] [ERROR] Failed to load resource: Could not connect to the server. @ http://localhost:4401/api/billing/ai-credits/summary:0
[ 9227352ms] [ERROR] Failed to load resource: Could not connect to the server. @ http://localhost:4401/dashboard/overview:0
[ 9227353ms] [ERROR] Failed to load resource: Could not connect to the server. @ http://localhost:4401/dashboard/alerts?limit=6:0
[ 9227564ms] [ERROR] Failed to load resource: Could not connect to the server. @ http://localhost:4401/dashboard/overview:0
[ 9227565ms] [ERROR] Failed to load resource: Could not connect to the server. @ http://localhost:4401/dashboard/alerts?limit=6:0
[ 9227955ms] [ERROR] Failed to load resource: Could not connect to the server. @ http://localhost:4401/api/billing/ai-credits/summary:0
[ 9228166ms] [ERROR] Failed to load resource: Could not connect to the server. @ http://localhost:4401/api/billing/ai-credits/summary:0
[ 9228171ms] [ERROR] Failed to load resource: Could not connect to the server. @ http://localhost:4401/dashboard/overview:0
[ 9228172ms] [ERROR] Failed to load resource: Could not connect to the server. @ http://localhost:4401/dashboard/alerts?limit=6:0
[ 9228771ms] [ERROR] Failed to load resource: Could not connect to the server. @ http://localhost:4401/api/billing/ai-credits/summary:0
[ 9257963ms] [ERROR] Failed to load resource: Could not connect to the server. @ http://localhost:4401/api/billing/ai-credits/summary:0
[ 9258173ms] [ERROR] Failed to load resource: Could not connect to the server. @ http://localhost:4401/api/billing/ai-credits/summary:0
[ 9258781ms] [ERROR] Failed to load resource: Could not connect to the server. @ http://localhost:4401/api/billing/ai-credits/summary:0
[ 9287355ms] [ERROR] Failed to load resource: Could not connect to the server. @ http://localhost:4401/dashboard/overview:0
[ 9287356ms] [ERROR] Failed to load resource: Could not connect to the server. @ http://localhost:4401/dashboard/alerts?limit=6:0
[ 9287564ms] [ERROR] Failed to load resource: Could not connect to the server. @ http://localhost:4401/dashboard/overview:0
[ 9287566ms] [ERROR] Failed to load resource: Could not connect to the server. @ http://localhost:4401/dashboard/alerts?limit=6:0
[ 9287967ms] [ERROR] Failed to load resource: Could not connect to the server. @ http://localhost:4401/api/billing/ai-credits/summary:0
[ 9288181ms] [ERROR] Failed to load resource: Could not connect to the server. @ http://localhost:4401/dashboard/overview:0
[ 9288183ms] [ERROR] Failed to load resource: Could not connect to the server. @ http://localhost:4401/dashboard/alerts?limit=6:0
[ 9288184ms] [ERROR] Failed to load resource: Could not connect to the server. @ http://localhost:4401/api/billing/ai-credits/summary:0
[ 9288789ms] [ERROR] Failed to load resource: Could not connect to the server. @ http://localhost:4401/api/billing/ai-credits/summary:0
[ 9317970ms] [ERROR] Failed to load resource: Could not connect to the server. @ http://localhost:4401/api/billing/ai-credits/summary:0
[ 9318180ms] [ERROR] Failed to load resource: Could not connect to the server. @ http://localhost:4401/api/billing/ai-credits/summary:0
[ 9318791ms] [ERROR] Failed to load resource: Could not connect to the server. @ http://localhost:4401/api/billing/ai-credits/summary:0
[ 9347354ms] [ERROR] Failed to load resource: Could not connect to the server. @ http://localhost:4401/dashboard/overview:0
[ 9347355ms] [ERROR] Failed to load resource: Could not connect to the server. @ http://localhost:4401/dashboard/alerts?limit=6:0
[ 9347568ms] [ERROR] Failed to load resource: Could not connect to the server. @ http://localhost:4401/dashboard/overview:0
[ 9347570ms] [ERROR] Failed to load resource: Could not connect to the server. @ http://localhost:4401/dashboard/alerts?limit=6:0
[ 9347973ms] [ERROR] Failed to load resource: Could not connect to the server. @ http://localhost:4401/api/billing/ai-credits/summary:0
[ 9348180ms] [ERROR] Failed to load resource: Could not connect to the server. @ http://localhost:4401/dashboard/overview:0
[ 9348181ms] [ERROR] Failed to load resource: Could not connect to the server. @ http://localhost:4401/dashboard/alerts?limit=6:0
[ 9348182ms] [ERROR] Failed to load resource: Could not connect to the server. @ http://localhost:4401/api/billing/ai-credits/summary:0
[ 9348787ms] [ERROR] Failed to load resource: Could not connect to the server. @ http://localhost:4401/api/billing/ai-credits/summary:0
[ 9377978ms] [ERROR] Failed to load resource: Could not connect to the server. @ http://localhost:4401/api/billing/ai-credits/summary:0
[ 9378187ms] [ERROR] Failed to load resource: Could not connect to the server. @ http://localhost:4401/api/billing/ai-credits/summary:0
[ 9378792ms] [ERROR] Failed to load resource: Could not connect to the server. @ http://localhost:4401/api/billing/ai-credits/summary:0
[ 9407356ms] [ERROR] Failed to load resource: Could not connect to the server. @ http://localhost:4401/dashboard/overview:0
[ 9407356ms] [ERROR] Failed to load resource: Could not connect to the server. @ http://localhost:4401/dashboard/alerts?limit=6:0
[ 9407569ms] [ERROR] Failed to load resource: Could not connect to the server. @ http://localhost:4401/dashboard/overview:0
[ 9407570ms] [ERROR] Failed to load resource: Could not connect to the server. @ http://localhost:4401/dashboard/alerts?limit=6:0
[ 9407982ms] [ERROR] Failed to load resource: Could not connect to the server. @ http://localhost:4401/api/billing/ai-credits/summary:0
[ 9408179ms] [ERROR] Failed to load resource: Could not connect to the server. @ http://localhost:4401/dashboard/overview:0
[ 9408180ms] [ERROR] Failed to load resource: Could not connect to the server. @ http://localhost:4401/dashboard/alerts?limit=6:0
[ 9408186ms] [ERROR] Failed to load resource: Could not connect to the server. @ http://localhost:4401/api/billing/ai-credits/summary:0
[ 9408790ms] [ERROR] Failed to load resource: Could not connect to the server. @ http://localhost:4401/api/billing/ai-credits/summary:0
[ 9437987ms] [ERROR] Failed to load resource: Could not connect to the server. @ http://localhost:4401/api/billing/ai-credits/summary:0
[ 9438195ms] [ERROR] Failed to load resource: Could not connect to the server. @ http://localhost:4401/api/billing/ai-credits/summary:0
[ 9438806ms] [ERROR] Failed to load resource: Could not connect to the server. @ http://localhost:4401/api/billing/ai-credits/summary:0
[ 9467366ms] [ERROR] Failed to load resource: Could not connect to the server. @ http://localhost:4401/dashboard/overview:0
[ 9467367ms] [ERROR] Failed to load resource: Could not connect to the server. @ http://localhost:4401/dashboard/alerts?limit=6:0
[ 9467578ms] [ERROR] Failed to load resource: Could not connect to the server. @ http://localhost:4401/dashboard/overview:0
[ 9467580ms] [ERROR] Failed to load resource: Could not connect to the server. @ http://localhost:4401/dashboard/alerts?limit=6:0
[ 9467989ms] [ERROR] Failed to load resource: Could not connect to the server. @ http://localhost:4401/api/billing/ai-credits/summary:0
[ 9468189ms] [ERROR] Failed to load resource: Could not connect to the server. @ http://localhost:4401/dashboard/overview:0
[ 9468191ms] [ERROR] Failed to load resource: Could not connect to the server. @ http://localhost:4401/dashboard/alerts?limit=6:0
[ 9468194ms] [ERROR] Failed to load resource: Could not connect to the server. @ http://localhost:4401/api/billing/ai-credits/summary:0
[ 9468798ms] [ERROR] Failed to load resource: Could not connect to the server. @ http://localhost:4401/api/billing/ai-credits/summary:0
[ 9497995ms] [ERROR] Failed to load resource: Could not connect to the server. @ http://localhost:4401/api/billing/ai-credits/summary:0
[ 9498203ms] [ERROR] Failed to load resource: Could not connect to the server. @ http://localhost:4401/api/billing/ai-credits/summary:0
[ 9498813ms] [ERROR] Failed to load resource: Could not connect to the server. @ http://localhost:4401/api/billing/ai-credits/summary:0
[ 9527371ms] [ERROR] Failed to load resource: Could not connect to the server. @ http://localhost:4401/dashboard/overview:0
[ 9527373ms] [ERROR] Failed to load resource: Could not connect to the server. @ http://localhost:4401/dashboard/alerts?limit=6:0
[ 9527584ms] [ERROR] Failed to load resource: Could not connect to the server. @ http://localhost:4401/dashboard/overview:0
[ 9527585ms] [ERROR] Failed to load resource: Could not connect to the server. @ http://localhost:4401/dashboard/alerts?limit=6:0
[ 9527997ms] [ERROR] Failed to load resource: Could not connect to the server. @ http://localhost:4401/api/billing/ai-credits/summary:0
[ 9528193ms] [ERROR] Failed to load resource: Could not connect to the server. @ http://localhost:4401/dashboard/overview:0
[ 9528194ms] [ERROR] Failed to load resource: Could not connect to the server. @ http://localhost:4401/dashboard/alerts?limit=6:0
[ 9528201ms] [ERROR] Failed to load resource: Could not connect to the server. @ http://localhost:4401/api/billing/ai-credits/summary:0
[ 9528806ms] [ERROR] Failed to load resource: Could not connect to the server. @ http://localhost:4401/api/billing/ai-credits/summary:0
[ 9558002ms] [ERROR] Failed to load resource: Could not connect to the server. @ http://localhost:4401/api/billing/ai-credits/summary:0
[ 9558212ms] [ERROR] Failed to load resource: Could not connect to the server. @ http://localhost:4401/api/billing/ai-credits/summary:0
[ 9558823ms] [ERROR] Failed to load resource: Could not connect to the server. @ http://localhost:4401/api/billing/ai-credits/summary:0
[ 9587380ms] [ERROR] Failed to load resource: Could not connect to the server. @ http://localhost:4401/dashboard/overview:0
[ 9587381ms] [ERROR] Failed to load resource: Could not connect to the server. @ http://localhost:4401/dashboard/alerts?limit=6:0
[ 9587592ms] [ERROR] Failed to load resource: Could not connect to the server. @ http://localhost:4401/dashboard/overview:0
[ 9587593ms] [ERROR] Failed to load resource: Could not connect to the server. @ http://localhost:4401/dashboard/alerts?limit=6:0
[ 9588011ms] [ERROR] Failed to load resource: Could not connect to the server. @ http://localhost:4401/api/billing/ai-credits/summary:0
[ 9588210ms] [ERROR] Failed to load resource: Could not connect to the server. @ http://localhost:4401/dashboard/overview:0
[ 9588211ms] [ERROR] Failed to load resource: Could not connect to the server. @ http://localhost:4401/dashboard/alerts?limit=6:0
[ 9588215ms] [ERROR] Failed to load resource: Could not connect to the server. @ http://localhost:4401/api/billing/ai-credits/summary:0
[ 9588820ms] [ERROR] Failed to load resource: Could not connect to the server. @ http://localhost:4401/api/billing/ai-credits/summary:0
[ 9618010ms] [ERROR] Failed to load resource: Could not connect to the server. @ http://localhost:4401/api/billing/ai-credits/summary:0
[ 9618222ms] [ERROR] Failed to load resource: Could not connect to the server. @ http://localhost:4401/api/billing/ai-credits/summary:0
[ 9618834ms] [ERROR] Failed to load resource: Could not connect to the server. @ http://localhost:4401/api/billing/ai-credits/summary:0
[ 9647380ms] [ERROR] Failed to load resource: Could not connect to the server. @ http://localhost:4401/dashboard/overview:0
[ 9647381ms] [ERROR] Failed to load resource: Could not connect to the server. @ http://localhost:4401/dashboard/alerts?limit=6:0
[ 9647592ms] [ERROR] Failed to load resource: Could not connect to the server. @ http://localhost:4401/dashboard/overview:0
[ 9647593ms] [ERROR] Failed to load resource: Could not connect to the server. @ http://localhost:4401/dashboard/alerts?limit=6:0
[ 9648012ms] [ERROR] Failed to load resource: Could not connect to the server. @ http://localhost:4401/api/billing/ai-credits/summary:0
[ 9648203ms] [ERROR] Failed to load resource: Could not connect to the server. @ http://localhost:4401/dashboard/overview:0
[ 9648204ms] [ERROR] Failed to load resource: Could not connect to the server. @ http://localhost:4401/dashboard/alerts?limit=6:0
[ 9648219ms] [ERROR] Failed to load resource: Could not connect to the server. @ http://localhost:4401/api/billing/ai-credits/summary:0
[ 9648824ms] [ERROR] Failed to load resource: Could not connect to the server. @ http://localhost:4401/api/billing/ai-credits/summary:0
[ 9678018ms] [ERROR] Failed to load resource: Could not connect to the server. @ http://localhost:4401/api/billing/ai-credits/summary:0
[ 9678229ms] [ERROR] Failed to load resource: Could not connect to the server. @ http://localhost:4401/api/billing/ai-credits/summary:0
[ 9678840ms] [ERROR] Failed to load resource: Could not connect to the server. @ http://localhost:4401/api/billing/ai-credits/summary:0
[ 9707385ms] [ERROR] Failed to load resource: Could not connect to the server. @ http://localhost:4401/dashboard/overview:0
[ 9707386ms] [ERROR] Failed to load resource: Could not connect to the server. @ http://localhost:4401/dashboard/alerts?limit=6:0
[ 9707598ms] [ERROR] Failed to load resource: Could not connect to the server. @ http://localhost:4401/dashboard/overview:0
[ 9707599ms] [ERROR] Failed to load resource: Could not connect to the server. @ http://localhost:4401/dashboard/alerts?limit=6:0
[ 9708022ms] [ERROR] Failed to load resource: Could not connect to the server. @ http://localhost:4401/api/billing/ai-credits/summary:0
[ 9708208ms] [ERROR] Failed to load resource: Could not connect to the server. @ http://localhost:4401/dashboard/overview:0
[ 9708210ms] [ERROR] Failed to load resource: Could not connect to the server. @ http://localhost:4401/dashboard/alerts?limit=6:0
[ 9708228ms] [ERROR] Failed to load resource: Could not connect to the server. @ http://localhost:4401/api/billing/ai-credits/summary:0
[ 9708834ms] [ERROR] Failed to load resource: Could not connect to the server. @ http://localhost:4401/api/billing/ai-credits/summary:0
[ 9738027ms] [ERROR] Failed to load resource: Could not connect to the server. @ http://localhost:4401/api/billing/ai-credits/summary:0
[ 9738233ms] [ERROR] Failed to load resource: Could not connect to the server. @ http://localhost:4401/api/billing/ai-credits/summary:0
[ 9738842ms] [ERROR] Failed to load resource: Could not connect to the server. @ http://localhost:4401/api/billing/ai-credits/summary:0
[ 9767389ms] [ERROR] Failed to load resource: Could not connect to the server. @ http://localhost:4401/dashboard/overview:0
[ 9767390ms] [ERROR] Failed to load resource: Could not connect to the server. @ http://localhost:4401/dashboard/alerts?limit=6:0
[ 9767600ms] [ERROR] Failed to load resource: Could not connect to the server. @ http://localhost:4401/dashboard/overview:0
[ 9767601ms] [ERROR] Failed to load resource: Could not connect to the server. @ http://localhost:4401/dashboard/alerts?limit=6:0
[ 9768030ms] [ERROR] Failed to load resource: Could not connect to the server. @ http://localhost:4401/api/billing/ai-credits/summary:0
[ 9768210ms] [ERROR] Failed to load resource: Could not connect to the server. @ http://localhost:4401/dashboard/overview:0
[ 9768211ms] [ERROR] Failed to load resource: Could not connect to the server. @ http://localhost:4401/dashboard/alerts?limit=6:0
[ 9768236ms] [ERROR] Failed to load resource: Could not connect to the server. @ http://localhost:4401/api/billing/ai-credits/summary:0
[ 9768842ms] [ERROR] Failed to load resource: Could not connect to the server. @ http://localhost:4401/api/billing/ai-credits/summary:0
[ 9798036ms] [ERROR] Failed to load resource: Could not connect to the server. @ http://localhost:4401/api/billing/ai-credits/summary:0
[ 9798247ms] [ERROR] Failed to load resource: Could not connect to the server. @ http://localhost:4401/api/billing/ai-credits/summary:0
[ 9798856ms] [ERROR] Failed to load resource: Could not connect to the server. @ http://localhost:4401/api/billing/ai-credits/summary:0
[ 9827391ms] [ERROR] Failed to load resource: Could not connect to the server. @ http://localhost:4401/dashboard/overview:0
[ 9827392ms] [ERROR] Failed to load resource: Could not connect to the server. @ http://localhost:4401/dashboard/alerts?limit=6:0
[ 9827602ms] [ERROR] Failed to load resource: Could not connect to the server. @ http://localhost:4401/dashboard/overview:0
[ 9827603ms] [ERROR] Failed to load resource: Could not connect to the server. @ http://localhost:4401/dashboard/alerts?limit=6:0
[ 9828037ms] [ERROR] Failed to load resource: Could not connect to the server. @ http://localhost:4401/api/billing/ai-credits/summary:0
[ 9828214ms] [ERROR] Failed to load resource: Could not connect to the server. @ http://localhost:4401/dashboard/overview:0
[ 9828215ms] [ERROR] Failed to load resource: Could not connect to the server. @ http://localhost:4401/dashboard/alerts?limit=6:0
[ 9828245ms] [ERROR] Failed to load resource: Could not connect to the server. @ http://localhost:4401/api/billing/ai-credits/summary:0
[ 9828851ms] [ERROR] Failed to load resource: Could not connect to the server. @ http://localhost:4401/api/billing/ai-credits/summary:0
[ 9858044ms] [ERROR] Failed to load resource: Could not connect to the server. @ http://localhost:4401/api/billing/ai-credits/summary:0
[ 9858254ms] [ERROR] Failed to load resource: Could not connect to the server. @ http://localhost:4401/api/billing/ai-credits/summary:0
[ 9858865ms] [ERROR] Failed to load resource: Could not connect to the server. @ http://localhost:4401/api/billing/ai-credits/summary:0
[ 9887394ms] [ERROR] Failed to load resource: Could not connect to the server. @ http://localhost:4401/dashboard/overview:0
[ 9887395ms] [ERROR] Failed to load resource: Could not connect to the server. @ http://localhost:4401/dashboard/alerts?limit=6:0
[ 9887615ms] [ERROR] Failed to load resource: Could not connect to the server. @ http://localhost:4401/dashboard/overview:0
[ 9887616ms] [ERROR] Failed to load resource: Could not connect to the server. @ http://localhost:4401/dashboard/alerts?limit=6:0
[ 9888042ms] [ERROR] Failed to load resource: Could not connect to the server. @ http://localhost:4401/api/billing/ai-credits/summary:0
[ 9888223ms] [ERROR] Failed to load resource: Could not connect to the server. @ http://localhost:4401/dashboard/overview:0
[ 9888225ms] [ERROR] Failed to load resource: Could not connect to the server. @ http://localhost:4401/dashboard/alerts?limit=6:0
[ 9888246ms] [ERROR] Failed to load resource: Could not connect to the server. @ http://localhost:4401/api/billing/ai-credits/summary:0
[ 9888851ms] [ERROR] Failed to load resource: Could not connect to the server. @ http://localhost:4401/api/billing/ai-credits/summary:0
[ 9918052ms] [ERROR] Failed to load resource: Could not connect to the server. @ http://localhost:4401/api/billing/ai-credits/summary:0
[ 9918261ms] [ERROR] Failed to load resource: Could not connect to the server. @ http://localhost:4401/api/billing/ai-credits/summary:0
[ 9918874ms] [ERROR] Failed to load resource: Could not connect to the server. @ http://localhost:4401/api/billing/ai-credits/summary:0
[ 9947400ms] [ERROR] Failed to load resource: Could not connect to the server. @ http://localhost:4401/dashboard/overview:0
[ 9947401ms] [ERROR] Failed to load resource: Could not connect to the server. @ http://localhost:4401/dashboard/alerts?limit=6:0
[ 9947611ms] [ERROR] Failed to load resource: Could not connect to the server. @ http://localhost:4401/dashboard/overview:0
[ 9947612ms] [ERROR] Failed to load resource: Could not connect to the server. @ http://localhost:4401/dashboard/alerts?limit=6:0
[ 9948054ms] [ERROR] Failed to load resource: Could not connect to the server. @ http://localhost:4401/api/billing/ai-credits/summary:0
[ 9948222ms] [ERROR] Failed to load resource: Could not connect to the server. @ http://localhost:4401/dashboard/overview:0
[ 9948223ms] [ERROR] Failed to load resource: Could not connect to the server. @ http://localhost:4401/dashboard/alerts?limit=6:0
[ 9948261ms] [ERROR] Failed to load resource: Could not connect to the server. @ http://localhost:4401/api/billing/ai-credits/summary:0
[ 9948866ms] [ERROR] Failed to load resource: Could not connect to the server. @ http://localhost:4401/api/billing/ai-credits/summary:0
[ 9978054ms] [ERROR] Failed to load resource: Could not connect to the server. @ http://localhost:4401/api/billing/ai-credits/summary:0
[ 9978261ms] [ERROR] Failed to load resource: Could not connect to the server. @ http://localhost:4401/api/billing/ai-credits/summary:0
[ 9978871ms] [ERROR] Failed to load resource: Could not connect to the server. @ http://localhost:4401/api/billing/ai-credits/summary:0
[10007404ms] [ERROR] Failed to load resource: Could not connect to the server. @ http://localhost:4401/dashboard/overview:0
[10007405ms] [ERROR] Failed to load resource: Could not connect to the server. @ http://localhost:4401/dashboard/alerts?limit=6:0
[10007616ms] [ERROR] Failed to load resource: Could not connect to the server. @ http://localhost:4401/dashboard/overview:0
[10007617ms] [ERROR] Failed to load resource: Could not connect to the server. @ http://localhost:4401/dashboard/alerts?limit=6:0
[10008062ms] [ERROR] Failed to load resource: Could not connect to the server. @ http://localhost:4401/api/billing/ai-credits/summary:0
[10008229ms] [ERROR] Failed to load resource: Could not connect to the server. @ http://localhost:4401/dashboard/overview:0
[10008230ms] [ERROR] Failed to load resource: Could not connect to the server. @ http://localhost:4401/dashboard/alerts?limit=6:0
[10008270ms] [ERROR] Failed to load resource: Could not connect to the server. @ http://localhost:4401/api/billing/ai-credits/summary:0
[10008876ms] [ERROR] Failed to load resource: Could not connect to the server. @ http://localhost:4401/api/billing/ai-credits/summary:0
[10038068ms] [ERROR] Failed to load resource: Could not connect to the server. @ http://localhost:4401/api/billing/ai-credits/summary:0
[10038278ms] [ERROR] Failed to load resource: Could not connect to the server. @ http://localhost:4401/api/billing/ai-credits/summary:0
[10038886ms] [ERROR] Failed to load resource: Could not connect to the server. @ http://localhost:4401/api/billing/ai-credits/summary:0
[10067408ms] [ERROR] Failed to load resource: Could not connect to the server. @ http://localhost:4401/dashboard/overview:0
[10067409ms] [ERROR] Failed to load resource: Could not connect to the server. @ http://localhost:4401/dashboard/alerts?limit=6:0
[10067620ms] [ERROR] Failed to load resource: Could not connect to the server. @ http://localhost:4401/dashboard/overview:0
[10067621ms] [ERROR] Failed to load resource: Could not connect to the server. @ http://localhost:4401/dashboard/alerts?limit=6:0
[10068069ms] [ERROR] Failed to load resource: Could not connect to the server. @ http://localhost:4401/api/billing/ai-credits/summary:0
[10068225ms] [ERROR] Failed to load resource: Could not connect to the server. @ http://localhost:4401/dashboard/overview:0
[10068225ms] [ERROR] Failed to load resource: Could not connect to the server. @ http://localhost:4401/dashboard/alerts?limit=6:0
[10068272ms] [ERROR] Failed to load resource: Could not connect to the server. @ http://localhost:4401/api/billing/ai-credits/summary:0
[10068883ms] [ERROR] Failed to load resource: Could not connect to the server. @ http://localhost:4401/api/billing/ai-credits/summary:0
[10098076ms] [ERROR] Failed to load resource: Could not connect to the server. @ http://localhost:4401/api/billing/ai-credits/summary:0
[10098287ms] [ERROR] Failed to load resource: Could not connect to the server. @ http://localhost:4401/api/billing/ai-credits/summary:0
[10098894ms] [ERROR] Failed to load resource: Could not connect to the server. @ http://localhost:4401/api/billing/ai-credits/summary:0
[10127413ms] [ERROR] Failed to load resource: Could not connect to the server. @ http://localhost:4401/dashboard/overview:0
[10127414ms] [ERROR] Failed to load resource: Could not connect to the server. @ http://localhost:4401/dashboard/alerts?limit=6:0
[10127624ms] [ERROR] Failed to load resource: Could not connect to the server. @ http://localhost:4401/dashboard/overview:0
[10127625ms] [ERROR] Failed to load resource: Could not connect to the server. @ http://localhost:4401/dashboard/alerts?limit=6:0
[10128077ms] [ERROR] Failed to load resource: Could not connect to the server. @ http://localhost:4401/api/billing/ai-credits/summary:0
[10128236ms] [ERROR] Failed to load resource: Could not connect to the server. @ http://localhost:4401/dashboard/overview:0
[10128237ms] [ERROR] Failed to load resource: Could not connect to the server. @ http://localhost:4401/dashboard/alerts?limit=6:0
[10128287ms] [ERROR] Failed to load resource: Could not connect to the server. @ http://localhost:4401/api/billing/ai-credits/summary:0
[10128893ms] [ERROR] Failed to load resource: Could not connect to the server. @ http://localhost:4401/api/billing/ai-credits/summary:0
[10158083ms] [ERROR] Failed to load resource: Could not connect to the server. @ http://localhost:4401/api/billing/ai-credits/summary:0
[10158292ms] [ERROR] Failed to load resource: Could not connect to the server. @ http://localhost:4401/api/billing/ai-credits/summary:0
[10158902ms] [ERROR] Failed to load resource: Could not connect to the server. @ http://localhost:4401/api/billing/ai-credits/summary:0
[10187415ms] [ERROR] Failed to load resource: Could not connect to the server. @ http://localhost:4401/dashboard/overview:0
[10187416ms] [ERROR] Failed to load resource: Could not connect to the server. @ http://localhost:4401/dashboard/alerts?limit=6:0
[10187629ms] [ERROR] Failed to load resource: Could not connect to the server. @ http://localhost:4401/dashboard/overview:0
[10187630ms] [ERROR] Failed to load resource: Could not connect to the server. @ http://localhost:4401/dashboard/alerts?limit=6:0
[10188085ms] [ERROR] Failed to load resource: Could not connect to the server. @ http://localhost:4401/api/billing/ai-credits/summary:0
[10188240ms] [ERROR] Failed to load resource: Could not connect to the server. @ http://localhost:4401/dashboard/overview:0
[10188241ms] [ERROR] Failed to load resource: Could not connect to the server. @ http://localhost:4401/dashboard/alerts?limit=6:0
[10188296ms] [ERROR] Failed to load resource: Could not connect to the server. @ http://localhost:4401/api/billing/ai-credits/summary:0
[10188901ms] [ERROR] Failed to load resource: Could not connect to the server. @ http://localhost:4401/api/billing/ai-credits/summary:0
[10218094ms] [ERROR] Failed to load resource: Could not connect to the server. @ http://localhost:4401/api/billing/ai-credits/summary:0
[10218300ms] [ERROR] Failed to load resource: Could not connect to the server. @ http://localhost:4401/api/billing/ai-credits/summary:0
[10218910ms] [ERROR] Failed to load resource: Could not connect to the server. @ http://localhost:4401/api/billing/ai-credits/summary:0
[10247421ms] [ERROR] Failed to load resource: Could not connect to the server. @ http://localhost:4401/dashboard/overview:0
[10247422ms] [ERROR] Failed to load resource: Could not connect to the server. @ http://localhost:4401/dashboard/alerts?limit=6:0
[10247636ms] [ERROR] Failed to load resource: Could not connect to the server. @ http://localhost:4401/dashboard/overview:0
[10247637ms] [ERROR] Failed to load resource: Could not connect to the server. @ http://localhost:4401/dashboard/alerts?limit=6:0
[10248094ms] [ERROR] Failed to load resource: Could not connect to the server. @ http://localhost:4401/api/billing/ai-credits/summary:0
[10248247ms] [ERROR] Failed to load resource: Could not connect to the server. @ http://localhost:4401/dashboard/overview:0
[10248249ms] [ERROR] Failed to load resource: Could not connect to the server. @ http://localhost:4401/dashboard/alerts?limit=6:0
[10248301ms] [ERROR] Failed to load resource: Could not connect to the server. @ http://localhost:4401/api/billing/ai-credits/summary:0
[10248907ms] [ERROR] Failed to load resource: Could not connect to the server. @ http://localhost:4401/api/billing/ai-credits/summary:0
[10278100ms] [ERROR] Failed to load resource: Could not connect to the server. @ http://localhost:4401/api/billing/ai-credits/summary:0
[10278309ms] [ERROR] Failed to load resource: Could not connect to the server. @ http://localhost:4401/api/billing/ai-credits/summary:0
[10278918ms] [ERROR] Failed to load resource: Could not connect to the server. @ http://localhost:4401/api/billing/ai-credits/summary:0
[10307417ms] [ERROR] Failed to load resource: Could not connect to the server. @ http://localhost:4401/dashboard/overview:0
[10307418ms] [ERROR] Failed to load resource: Could not connect to the server. @ http://localhost:4401/dashboard/alerts?limit=6:0
[10307621ms] [ERROR] Failed to load resource: Could not connect to the server. @ http://localhost:4401/dashboard/overview:0
[10307622ms] [ERROR] Failed to load resource: Could not connect to the server. @ http://localhost:4401/dashboard/alerts?limit=6:0
[10308100ms] [ERROR] Failed to load resource: Could not connect to the server. @ http://localhost:4401/api/billing/ai-credits/summary:0
[10308234ms] [ERROR] Failed to load resource: Could not connect to the server. @ http://localhost:4401/dashboard/overview:0
[10308235ms] [ERROR] Failed to load resource: Could not connect to the server. @ http://localhost:4401/dashboard/alerts?limit=6:0
[10308311ms] [ERROR] Failed to load resource: Could not connect to the server. @ http://localhost:4401/api/billing/ai-credits/summary:0
[10308917ms] [ERROR] Failed to load resource: Could not connect to the server. @ http://localhost:4401/api/billing/ai-credits/summary:0
[10338107ms] [ERROR] Failed to load resource: Could not connect to the server. @ http://localhost:4401/api/billing/ai-credits/summary:0
[10338317ms] [ERROR] Failed to load resource: Could not connect to the server. @ http://localhost:4401/api/billing/ai-credits/summary:0
[10338921ms] [ERROR] Failed to load resource: Could not connect to the server. @ http://localhost:4401/api/billing/ai-credits/summary:0
[10367429ms] [ERROR] Failed to load resource: Could not connect to the server. @ http://localhost:4401/dashboard/overview:0
[10367430ms] [ERROR] Failed to load resource: Could not connect to the server. @ http://localhost:4401/dashboard/alerts?limit=6:0
[10367638ms] [ERROR] Failed to load resource: Could not connect to the server. @ http://localhost:4401/dashboard/overview:0
[10367639ms] [ERROR] Failed to load resource: Could not connect to the server. @ http://localhost:4401/dashboard/alerts?limit=6:0
[10368106ms] [ERROR] Failed to load resource: Could not connect to the server. @ http://localhost:4401/api/billing/ai-credits/summary:0
[10368249ms] [ERROR] Failed to load resource: Could not connect to the server. @ http://localhost:4401/dashboard/overview:0
[10368250ms] [ERROR] Failed to load resource: Could not connect to the server. @ http://localhost:4401/dashboard/alerts?limit=6:0
[10368315ms] [ERROR] Failed to load resource: Could not connect to the server. @ http://localhost:4401/api/billing/ai-credits/summary:0
[10368921ms] [ERROR] Failed to load resource: Could not connect to the server. @ http://localhost:4401/api/billing/ai-credits/summary:0
[10398116ms] [ERROR] Failed to load resource: Could not connect to the server. @ http://localhost:4401/api/billing/ai-credits/summary:0
[10398326ms] [ERROR] Failed to load resource: Could not connect to the server. @ http://localhost:4401/api/billing/ai-credits/summary:0
[10398937ms] [ERROR] Failed to load resource: Could not connect to the server. @ http://localhost:4401/api/billing/ai-credits/summary:0
[10427429ms] [ERROR] Failed to load resource: Could not connect to the server. @ http://localhost:4401/dashboard/overview:0
[10427430ms] [ERROR] Failed to load resource: Could not connect to the server. @ http://localhost:4401/dashboard/alerts?limit=6:0
[10427635ms] [ERROR] Failed to load resource: Could not connect to the server. @ http://localhost:4401/dashboard/overview:0
[10427636ms] [ERROR] Failed to load resource: Could not connect to the server. @ http://localhost:4401/dashboard/alerts?limit=6:0
[10428118ms] [ERROR] Failed to load resource: Could not connect to the server. @ http://localhost:4401/api/billing/ai-credits/summary:0
[10428245ms] [ERROR] Failed to load resource: Could not connect to the server. @ http://localhost:4401/dashboard/overview:0
[10428247ms] [ERROR] Failed to load resource: Could not connect to the server. @ http://localhost:4401/dashboard/alerts?limit=6:0
[10428327ms] [ERROR] Failed to load resource: Could not connect to the server. @ http://localhost:4401/api/billing/ai-credits/summary:0
[10428933ms] [ERROR] Failed to load resource: Could not connect to the server. @ http://localhost:4401/api/billing/ai-credits/summary:0
[10458123ms] [ERROR] Failed to load resource: Could not connect to the server. @ http://localhost:4401/api/billing/ai-credits/summary:0
[10458336ms] [ERROR] Failed to load resource: Could not connect to the server. @ http://localhost:4401/api/billing/ai-credits/summary:0
[10458946ms] [ERROR] Failed to load resource: Could not connect to the server. @ http://localhost:4401/api/billing/ai-credits/summary:0
[10487437ms] [ERROR] Failed to load resource: Could not connect to the server. @ http://localhost:4401/dashboard/overview:0
[10487437ms] [ERROR] Failed to load resource: Could not connect to the server. @ http://localhost:4401/dashboard/alerts?limit=6:0
[10487647ms] [ERROR] Failed to load resource: Could not connect to the server. @ http://localhost:4401/dashboard/overview:0
[10487648ms] [ERROR] Failed to load resource: Could not connect to the server. @ http://localhost:4401/dashboard/alerts?limit=6:0
[10488127ms] [ERROR] Failed to load resource: Could not connect to the server. @ http://localhost:4401/api/billing/ai-credits/summary:0
[10488260ms] [ERROR] Failed to load resource: Could not connect to the server. @ http://localhost:4401/dashboard/overview:0
[10488261ms] [ERROR] Failed to load resource: Could not connect to the server. @ http://localhost:4401/dashboard/alerts?limit=6:0
[10488334ms] [ERROR] Failed to load resource: Could not connect to the server. @ http://localhost:4401/api/billing/ai-credits/summary:0
[10488940ms] [ERROR] Failed to load resource: Could not connect to the server. @ http://localhost:4401/api/billing/ai-credits/summary:0
[10518132ms] [ERROR] Failed to load resource: Could not connect to the server. @ http://localhost:4401/api/billing/ai-credits/summary:0
[10518342ms] [ERROR] Failed to load resource: Could not connect to the server. @ http://localhost:4401/api/billing/ai-credits/summary:0
[10518951ms] [ERROR] Failed to load resource: Could not connect to the server. @ http://localhost:4401/api/billing/ai-credits/summary:0
[10547446ms] [ERROR] Failed to load resource: Could not connect to the server. @ http://localhost:4401/dashboard/overview:0
[10547447ms] [ERROR] Failed to load resource: Could not connect to the server. @ http://localhost:4401/dashboard/alerts?limit=6:0
[10547655ms] [ERROR] Failed to load resource: Could not connect to the server. @ http://localhost:4401/dashboard/overview:0
[10547657ms] [ERROR] Failed to load resource: Could not connect to the server. @ http://localhost:4401/dashboard/alerts?limit=6:0
[10548140ms] [ERROR] Failed to load resource: Could not connect to the server. @ http://localhost:4401/api/billing/ai-credits/summary:0
[10548269ms] [ERROR] Failed to load resource: Could not connect to the server. @ http://localhost:4401/dashboard/overview:0
[10548270ms] [ERROR] Failed to load resource: Could not connect to the server. @ http://localhost:4401/dashboard/alerts?limit=6:0
[10548344ms] [ERROR] Failed to load resource: Could not connect to the server. @ http://localhost:4401/api/billing/ai-credits/summary:0
[10548953ms] [ERROR] Failed to load resource: Could not connect to the server. @ http://localhost:4401/api/billing/ai-credits/summary:0
[10578149ms] [ERROR] Failed to load resource: Could not connect to the server. @ http://localhost:4401/api/billing/ai-credits/summary:0
[10578360ms] [ERROR] Failed to load resource: Could not connect to the server. @ http://localhost:4401/api/billing/ai-credits/summary:0
[10578972ms] [ERROR] Failed to load resource: Could not connect to the server. @ http://localhost:4401/api/billing/ai-credits/summary:0
[10607454ms] [ERROR] Failed to load resource: Could not connect to the server. @ http://localhost:4401/dashboard/overview:0
[10607455ms] [ERROR] Failed to load resource: Could not connect to the server. @ http://localhost:4401/dashboard/alerts?limit=6:0
[10607665ms] [ERROR] Failed to load resource: Could not connect to the server. @ http://localhost:4401/dashboard/overview:0
[10607666ms] [ERROR] Failed to load resource: Could not connect to the server. @ http://localhost:4401/dashboard/alerts?limit=6:0
[10608149ms] [ERROR] Failed to load resource: Could not connect to the server. @ http://localhost:4401/api/billing/ai-credits/summary:0
[10608275ms] [ERROR] Failed to load resource: Could not connect to the server. @ http://localhost:4401/dashboard/overview:0
[10608276ms] [ERROR] Failed to load resource: Could not connect to the server. @ http://localhost:4401/dashboard/alerts?limit=6:0
[10608361ms] [ERROR] Failed to load resource: Could not connect to the server. @ http://localhost:4401/api/billing/ai-credits/summary:0
[10608966ms] [ERROR] Failed to load resource: Could not connect to the server. @ http://localhost:4401/api/billing/ai-credits/summary:0
[10638159ms] [ERROR] Failed to load resource: Could not connect to the server. @ http://localhost:4401/api/billing/ai-credits/summary:0
[10638366ms] [ERROR] Failed to load resource: Could not connect to the server. @ http://localhost:4401/api/billing/ai-credits/summary:0
[10638970ms] [ERROR] Failed to load resource: Could not connect to the server. @ http://localhost:4401/api/billing/ai-credits/summary:0
[10667457ms] [ERROR] Failed to load resource: Could not connect to the server. @ http://localhost:4401/dashboard/overview:0
[10667459ms] [ERROR] Failed to load resource: Could not connect to the server. @ http://localhost:4401/dashboard/alerts?limit=6:0
[10667666ms] [ERROR] Failed to load resource: Could not connect to the server. @ http://localhost:4401/dashboard/overview:0
[10667667ms] [ERROR] Failed to load resource: Could not connect to the server. @ http://localhost:4401/dashboard/alerts?limit=6:0
[10668161ms] [ERROR] Failed to load resource: Could not connect to the server. @ http://localhost:4401/api/billing/ai-credits/summary:0
[10668279ms] [ERROR] Failed to load resource: Could not connect to the server. @ http://localhost:4401/dashboard/overview:0
[10668280ms] [ERROR] Failed to load resource: Could not connect to the server. @ http://localhost:4401/dashboard/alerts?limit=6:0
[10668370ms] [ERROR] Failed to load resource: Could not connect to the server. @ http://localhost:4401/api/billing/ai-credits/summary:0
[10668976ms] [ERROR] Failed to load resource: Could not connect to the server. @ http://localhost:4401/api/billing/ai-credits/summary:0
[10698163ms] [ERROR] Failed to load resource: Could not connect to the server. @ http://localhost:4401/api/billing/ai-credits/summary:0
[10698372ms] [ERROR] Failed to load resource: Could not connect to the server. @ http://localhost:4401/api/billing/ai-credits/summary:0
[10698981ms] [ERROR] Failed to load resource: Could not connect to the server. @ http://localhost:4401/api/billing/ai-credits/summary:0
[10727464ms] [ERROR] Failed to load resource: Could not connect to the server. @ http://localhost:4401/dashboard/overview:0
[10727465ms] [ERROR] Failed to load resource: Could not connect to the server. @ http://localhost:4401/dashboard/alerts?limit=6:0
[10727676ms] [ERROR] Failed to load resource: Could not connect to the server. @ http://localhost:4401/dashboard/overview:0
[10727677ms] [ERROR] Failed to load resource: Could not connect to the server. @ http://localhost:4401/dashboard/alerts?limit=6:0
[10728168ms] [ERROR] Failed to load resource: Could not connect to the server. @ http://localhost:4401/api/billing/ai-credits/summary:0
[10728287ms] [ERROR] Failed to load resource: Could not connect to the server. @ http://localhost:4401/dashboard/overview:0
[10728288ms] [ERROR] Failed to load resource: Could not connect to the server. @ http://localhost:4401/dashboard/alerts?limit=6:0
[10728377ms] [ERROR] Failed to load resource: Could not connect to the server. @ http://localhost:4401/api/billing/ai-credits/summary:0
[10728984ms] [ERROR] Failed to load resource: Could not connect to the server. @ http://localhost:4401/api/billing/ai-credits/summary:0
[10758175ms] [ERROR] Failed to load resource: Could not connect to the server. @ http://localhost:4401/api/billing/ai-credits/summary:0
[10758386ms] [ERROR] Failed to load resource: Could not connect to the server. @ http://localhost:4401/api/billing/ai-credits/summary:0
[10758997ms] [ERROR] Failed to load resource: Could not connect to the server. @ http://localhost:4401/api/billing/ai-credits/summary:0
[10787469ms] [ERROR] Failed to load resource: Could not connect to the server. @ http://localhost:4401/dashboard/overview:0
[10787470ms] [ERROR] Failed to load resource: Could not connect to the server. @ http://localhost:4401/dashboard/alerts?limit=6:0
[10787683ms] [ERROR] Failed to load resource: Could not connect to the server. @ http://localhost:4401/dashboard/overview:0
[10787684ms] [ERROR] Failed to load resource: Could not connect to the server. @ http://localhost:4401/dashboard/alerts?limit=6:0
[10788178ms] [ERROR] Failed to load resource: Could not connect to the server. @ http://localhost:4401/api/billing/ai-credits/summary:0
[10788295ms] [ERROR] Failed to load resource: Could not connect to the server. @ http://localhost:4401/dashboard/overview:0
[10788296ms] [ERROR] Failed to load resource: Could not connect to the server. @ http://localhost:4401/dashboard/alerts?limit=6:0
[10788390ms] [ERROR] Failed to load resource: Could not connect to the server. @ http://localhost:4401/api/billing/ai-credits/summary:0
[10789002ms] [ERROR] Failed to load resource: Could not connect to the server. @ http://localhost:4401/api/billing/ai-credits/summary:0
[10818182ms] [ERROR] Failed to load resource: Could not connect to the server. @ http://localhost:4401/api/billing/ai-credits/summary:0
[10818394ms] [ERROR] Failed to load resource: Could not connect to the server. @ http://localhost:4401/api/billing/ai-credits/summary:0
[10819005ms] [ERROR] Failed to load resource: Could not connect to the server. @ http://localhost:4401/api/billing/ai-credits/summary:0
[10847472ms] [ERROR] Failed to load resource: Could not connect to the server. @ http://localhost:4401/dashboard/overview:0
[10847473ms] [ERROR] Failed to load resource: Could not connect to the server. @ http://localhost:4401/dashboard/alerts?limit=6:0
[10847682ms] [ERROR] Failed to load resource: Could not connect to the server. @ http://localhost:4401/dashboard/overview:0
[10847683ms] [ERROR] Failed to load resource: Could not connect to the server. @ http://localhost:4401/dashboard/alerts?limit=6:0
[10848186ms] [ERROR] Failed to load resource: Could not connect to the server. @ http://localhost:4401/api/billing/ai-credits/summary:0
[10848294ms] [ERROR] Failed to load resource: Could not connect to the server. @ http://localhost:4401/dashboard/overview:0
[10848295ms] [ERROR] Failed to load resource: Could not connect to the server. @ http://localhost:4401/dashboard/alerts?limit=6:0
[10848396ms] [ERROR] Failed to load resource: Could not connect to the server. @ http://localhost:4401/api/billing/ai-credits/summary:0
[10849004ms] [ERROR] Failed to load resource: Could not connect to the server. @ http://localhost:4401/api/billing/ai-credits/summary:0
[10878191ms] [ERROR] Failed to load resource: Could not connect to the server. @ http://localhost:4401/api/billing/ai-credits/summary:0
[10878400ms] [ERROR] Failed to load resource: Could not connect to the server. @ http://localhost:4401/api/billing/ai-credits/summary:0
[10879005ms] [ERROR] Failed to load resource: Could not connect to the server. @ http://localhost:4401/api/billing/ai-credits/summary:0
[10907482ms] [ERROR] Failed to load resource: Could not connect to the server. @ http://localhost:4401/dashboard/overview:0
[10907483ms] [ERROR] Failed to load resource: Could not connect to the server. @ http://localhost:4401/dashboard/alerts?limit=6:0
[10907695ms] [ERROR] Failed to load resource: Could not connect to the server. @ http://localhost:4401/dashboard/overview:0
[10907696ms] [ERROR] Failed to load resource: Could not connect to the server. @ http://localhost:4401/dashboard/alerts?limit=6:0
[10908199ms] [ERROR] Failed to load resource: Could not connect to the server. @ http://localhost:4401/api/billing/ai-credits/summary:0
[10908309ms] [ERROR] Failed to load resource: Could not connect to the server. @ http://localhost:4401/dashboard/overview:0
[10908311ms] [ERROR] Failed to load resource: Could not connect to the server. @ http://localhost:4401/dashboard/alerts?limit=6:0
[10908408ms] [ERROR] Failed to load resource: Could not connect to the server. @ http://localhost:4401/api/billing/ai-credits/summary:0
[10909015ms] [ERROR] Failed to load resource: Could not connect to the server. @ http://localhost:4401/api/billing/ai-credits/summary:0
[10938201ms] [ERROR] Failed to load resource: Could not connect to the server. @ http://localhost:4401/api/billing/ai-credits/summary:0
[10938411ms] [ERROR] Failed to load resource: Could not connect to the server. @ http://localhost:4401/api/billing/ai-credits/summary:0
[10939024ms] [ERROR] Failed to load resource: Could not connect to the server. @ http://localhost:4401/api/billing/ai-credits/summary:0
[10967480ms] [ERROR] Failed to load resource: Could not connect to the server. @ http://localhost:4401/dashboard/overview:0
[10967481ms] [ERROR] Failed to load resource: Could not connect to the server. @ http://localhost:4401/dashboard/alerts?limit=6:0
[10967692ms] [ERROR] Failed to load resource: Could not connect to the server. @ http://localhost:4401/dashboard/overview:0
[10967694ms] [ERROR] Failed to load resource: Could not connect to the server. @ http://localhost:4401/dashboard/alerts?limit=6:0
[10968201ms] [ERROR] Failed to load resource: Could not connect to the server. @ http://localhost:4401/api/billing/ai-credits/summary:0
[10968305ms] [ERROR] Failed to load resource: Could not connect to the server. @ http://localhost:4401/dashboard/overview:0
[10968306ms] [ERROR] Failed to load resource: Could not connect to the server. @ http://localhost:4401/dashboard/alerts?limit=6:0
[10968411ms] [ERROR] Failed to load resource: Could not connect to the server. @ http://localhost:4401/api/billing/ai-credits/summary:0
[10969020ms] [ERROR] Failed to load resource: Could not connect to the server. @ http://localhost:4401/api/billing/ai-credits/summary:0
[10998207ms] [ERROR] Failed to load resource: Could not connect to the server. @ http://localhost:4401/api/billing/ai-credits/summary:0
[10998421ms] [ERROR] Failed to load resource: Could not connect to the server. @ http://localhost:4401/api/billing/ai-credits/summary:0
[10999031ms] [ERROR] Failed to load resource: Could not connect to the server. @ http://localhost:4401/api/billing/ai-credits/summary:0
[11027486ms] [ERROR] Failed to load resource: Could not connect to the server. @ http://localhost:4401/dashboard/overview:0
[11027487ms] [ERROR] Failed to load resource: Could not connect to the server. @ http://localhost:4401/dashboard/alerts?limit=6:0
[11027698ms] [ERROR] Failed to load resource: Could not connect to the server. @ http://localhost:4401/dashboard/overview:0
[11027699ms] [ERROR] Failed to load resource: Could not connect to the server. @ http://localhost:4401/dashboard/alerts?limit=6:0
[11028209ms] [ERROR] Failed to load resource: Could not connect to the server. @ http://localhost:4401/api/billing/ai-credits/summary:0
[11028309ms] [ERROR] Failed to load resource: Could not connect to the server. @ http://localhost:4401/dashboard/overview:0
[11028310ms] [ERROR] Failed to load resource: Could not connect to the server. @ http://localhost:4401/dashboard/alerts?limit=6:0
[11028419ms] [ERROR] Failed to load resource: Could not connect to the server. @ http://localhost:4401/api/billing/ai-credits/summary:0
[11029030ms] [ERROR] Failed to load resource: Could not connect to the server. @ http://localhost:4401/api/billing/ai-credits/summary:0
[11058217ms] [ERROR] Failed to load resource: Could not connect to the server. @ http://localhost:4401/api/billing/ai-credits/summary:0
[11058425ms] [ERROR] Failed to load resource: Could not connect to the server. @ http://localhost:4401/api/billing/ai-credits/summary:0
[11059035ms] [ERROR] Failed to load resource: Could not connect to the server. @ http://localhost:4401/api/billing/ai-credits/summary:0
[11087485ms] [ERROR] Failed to load resource: Could not connect to the server. @ http://localhost:4401/dashboard/overview:0
[11087486ms] [ERROR] Failed to load resource: Could not connect to the server. @ http://localhost:4401/dashboard/alerts?limit=6:0
[11087689ms] [ERROR] Failed to load resource: Could not connect to the server. @ http://localhost:4401/dashboard/overview:0
[11087689ms] [ERROR] Failed to load resource: Could not connect to the server. @ http://localhost:4401/dashboard/alerts?limit=6:0
[11088218ms] [ERROR] Failed to load resource: Could not connect to the server. @ http://localhost:4401/api/billing/ai-credits/summary:0
[11088300ms] [ERROR] Failed to load resource: Could not connect to the server. @ http://localhost:4401/dashboard/overview:0
[11088302ms] [ERROR] Failed to load resource: Could not connect to the server. @ http://localhost:4401/dashboard/alerts?limit=6:0
[11088428ms] [ERROR] Failed to load resource: Could not connect to the server. @ http://localhost:4401/api/billing/ai-credits/summary:0
[11089036ms] [ERROR] Failed to load resource: Could not connect to the server. @ http://localhost:4401/api/billing/ai-credits/summary:0
[11118223ms] [ERROR] Failed to load resource: Could not connect to the server. @ http://localhost:4401/api/billing/ai-credits/summary:0
[11118435ms] [ERROR] Failed to load resource: Could not connect to the server. @ http://localhost:4401/api/billing/ai-credits/summary:0
[11119043ms] [ERROR] Failed to load resource: Could not connect to the server. @ http://localhost:4401/api/billing/ai-credits/summary:0
[11147493ms] [ERROR] Failed to load resource: Could not connect to the server. @ http://localhost:4401/dashboard/overview:0
[11147495ms] [ERROR] Failed to load resource: Could not connect to the server. @ http://localhost:4401/dashboard/alerts?limit=6:0
[11147703ms] [ERROR] Failed to load resource: Could not connect to the server. @ http://localhost:4401/dashboard/overview:0
[11147705ms] [ERROR] Failed to load resource: Could not connect to the server. @ http://localhost:4401/dashboard/alerts?limit=6:0
[11148222ms] [ERROR] Failed to load resource: Could not connect to the server. @ http://localhost:4401/api/billing/ai-credits/summary:0
[11148315ms] [ERROR] Failed to load resource: Could not connect to the server. @ http://localhost:4401/dashboard/overview:0
[11148316ms] [ERROR] Failed to load resource: Could not connect to the server. @ http://localhost:4401/dashboard/alerts?limit=6:0
[11148433ms] [ERROR] Failed to load resource: Could not connect to the server. @ http://localhost:4401/api/billing/ai-credits/summary:0
[11149043ms] [ERROR] Failed to load resource: Could not connect to the server. @ http://localhost:4401/api/billing/ai-credits/summary:0
[11178234ms] [ERROR] Failed to load resource: Could not connect to the server. @ http://localhost:4401/api/billing/ai-credits/summary:0
[11178442ms] [ERROR] Failed to load resource: Could not connect to the server. @ http://localhost:4401/api/billing/ai-credits/summary:0
[11179050ms] [ERROR] Failed to load resource: Could not connect to the server. @ http://localhost:4401/api/billing/ai-credits/summary:0
[11207496ms] [ERROR] Failed to load resource: Could not connect to the server. @ http://localhost:4401/dashboard/overview:0
[11207497ms] [ERROR] Failed to load resource: Could not connect to the server. @ http://localhost:4401/dashboard/alerts?limit=6:0
[11207703ms] [ERROR] Failed to load resource: Could not connect to the server. @ http://localhost:4401/dashboard/overview:0
[11207705ms] [ERROR] Failed to load resource: Could not connect to the server. @ http://localhost:4401/dashboard/alerts?limit=6:0
[11208233ms] [ERROR] Failed to load resource: Could not connect to the server. @ http://localhost:4401/api/billing/ai-credits/summary:0
[11208315ms] [ERROR] Failed to load resource: Could not connect to the server. @ http://localhost:4401/dashboard/overview:0
[11208316ms] [ERROR] Failed to load resource: Could not connect to the server. @ http://localhost:4401/dashboard/alerts?limit=6:0
[11208440ms] [ERROR] Failed to load resource: Could not connect to the server. @ http://localhost:4401/api/billing/ai-credits/summary:0
[11209049ms] [ERROR] Failed to load resource: Could not connect to the server. @ http://localhost:4401/api/billing/ai-credits/summary:0
[11238241ms] [ERROR] Failed to load resource: Could not connect to the server. @ http://localhost:4401/api/billing/ai-credits/summary:0
[11238451ms] [ERROR] Failed to load resource: Could not connect to the server. @ http://localhost:4401/api/billing/ai-credits/summary:0
[11239061ms] [ERROR] Failed to load resource: Could not connect to the server. @ http://localhost:4401/api/billing/ai-credits/summary:0
[11267502ms] [ERROR] Failed to load resource: Could not connect to the server. @ http://localhost:4401/dashboard/overview:0
[11267503ms] [ERROR] Failed to load resource: Could not connect to the server. @ http://localhost:4401/dashboard/alerts?limit=6:0
[11267713ms] [ERROR] Failed to load resource: Could not connect to the server. @ http://localhost:4401/dashboard/overview:0
[11267714ms] [ERROR] Failed to load resource: Could not connect to the server. @ http://localhost:4401/dashboard/alerts?limit=6:0
[11268237ms] [ERROR] Failed to load resource: Could not connect to the server. @ http://localhost:4401/api/billing/ai-credits/summary:0
[11268319ms] [ERROR] Failed to load resource: Could not connect to the server. @ http://localhost:4401/dashboard/overview:0
[11268320ms] [ERROR] Failed to load resource: Could not connect to the server. @ http://localhost:4401/dashboard/alerts?limit=6:0
[11268441ms] [ERROR] Failed to load resource: Could not connect to the server. @ http://localhost:4401/api/billing/ai-credits/summary:0
[11269049ms] [ERROR] Failed to load resource: Could not connect to the server. @ http://localhost:4401/api/billing/ai-credits/summary:0
[11298247ms] [ERROR] Failed to load resource: Could not connect to the server. @ http://localhost:4401/api/billing/ai-credits/summary:0
[11298451ms] [ERROR] Failed to load resource: Could not connect to the server. @ http://localhost:4401/api/billing/ai-credits/summary:0
[11299059ms] [ERROR] Failed to load resource: Could not connect to the server. @ http://localhost:4401/api/billing/ai-credits/summary:0
[11327505ms] [ERROR] Failed to load resource: Could not connect to the server. @ http://localhost:4401/dashboard/overview:0
[11327506ms] [ERROR] Failed to load resource: Could not connect to the server. @ http://localhost:4401/dashboard/alerts?limit=6:0
[11327716ms] [ERROR] Failed to load resource: Could not connect to the server. @ http://localhost:4401/dashboard/overview:0
[11327718ms] [ERROR] Failed to load resource: Could not connect to the server. @ http://localhost:4401/dashboard/alerts?limit=6:0
[11328251ms] [ERROR] Failed to load resource: Could not connect to the server. @ http://localhost:4401/api/billing/ai-credits/summary:0
[11328323ms] [ERROR] Failed to load resource: Could not connect to the server. @ http://localhost:4401/dashboard/overview:0
[11328325ms] [ERROR] Failed to load resource: Could not connect to the server. @ http://localhost:4401/dashboard/alerts?limit=6:0
[11328461ms] [ERROR] Failed to load resource: Could not connect to the server. @ http://localhost:4401/api/billing/ai-credits/summary:0
[11329072ms] [ERROR] Failed to load resource: Could not connect to the server. @ http://localhost:4401/api/billing/ai-credits/summary:0
[11358255ms] [ERROR] Failed to load resource: Could not connect to the server. @ http://localhost:4401/api/billing/ai-credits/summary:0
[11358467ms] [ERROR] Failed to load resource: Could not connect to the server. @ http://localhost:4401/api/billing/ai-credits/summary:0
[11359075ms] [ERROR] Failed to load resource: Could not connect to the server. @ http://localhost:4401/api/billing/ai-credits/summary:0
[11387511ms] [ERROR] Failed to load resource: Could not connect to the server. @ http://localhost:4401/dashboard/overview:0
[11387512ms] [ERROR] Failed to load resource: Could not connect to the server. @ http://localhost:4401/dashboard/alerts?limit=6:0
[11387723ms] [ERROR] Failed to load resource: Could not connect to the server. @ http://localhost:4401/dashboard/overview:0
[11387723ms] [ERROR] Failed to load resource: Could not connect to the server. @ http://localhost:4401/dashboard/alerts?limit=6:0
[11388256ms] [ERROR] Failed to load resource: Could not connect to the server. @ http://localhost:4401/api/billing/ai-credits/summary:0
[11388327ms] [ERROR] Failed to load resource: Could not connect to the server. @ http://localhost:4401/dashboard/overview:0
[11388328ms] [ERROR] Failed to load resource: Could not connect to the server. @ http://localhost:4401/dashboard/alerts?limit=6:0
[11388461ms] [ERROR] Failed to load resource: Could not connect to the server. @ http://localhost:4401/api/billing/ai-credits/summary:0
[11389081ms] [ERROR] Failed to load resource: Could not connect to the server. @ http://localhost:4401/api/billing/ai-credits/summary:0
[11418264ms] [ERROR] Failed to load resource: Could not connect to the server. @ http://localhost:4401/api/billing/ai-credits/summary:0
[11418478ms] [ERROR] Failed to load resource: Could not connect to the server. @ http://localhost:4401/api/billing/ai-credits/summary:0
[11419091ms] [ERROR] Failed to load resource: Could not connect to the server. @ http://localhost:4401/api/billing/ai-credits/summary:0
[11447516ms] [ERROR] Failed to load resource: Could not connect to the server. @ http://localhost:4401/dashboard/overview:0
[11447517ms] [ERROR] Failed to load resource: Could not connect to the server. @ http://localhost:4401/dashboard/alerts?limit=6:0
[11447731ms] [ERROR] Failed to load resource: Could not connect to the server. @ http://localhost:4401/dashboard/overview:0
[11447732ms] [ERROR] Failed to load resource: Could not connect to the server. @ http://localhost:4401/dashboard/alerts?limit=6:0
[11448269ms] [ERROR] Failed to load resource: Could not connect to the server. @ http://localhost:4401/api/billing/ai-credits/summary:0
[11448344ms] [ERROR] Failed to load resource: Could not connect to the server. @ http://localhost:4401/dashboard/overview:0
[11448345ms] [ERROR] Failed to load resource: Could not connect to the server. @ http://localhost:4401/dashboard/alerts?limit=6:0
[11448482ms] [ERROR] Failed to load resource: Could not connect to the server. @ http://localhost:4401/api/billing/ai-credits/summary:0
[11449093ms] [ERROR] Failed to load resource: Could not connect to the server. @ http://localhost:4401/api/billing/ai-credits/summary:0
[11478277ms] [ERROR] Failed to load resource: Could not connect to the server. @ http://localhost:4401/api/billing/ai-credits/summary:0
[11478490ms] [ERROR] Failed to load resource: Could not connect to the server. @ http://localhost:4401/api/billing/ai-credits/summary:0
[11479102ms] [ERROR] Failed to load resource: Could not connect to the server. @ http://localhost:4401/api/billing/ai-credits/summary:0
[11507516ms] [ERROR] Failed to load resource: Could not connect to the server. @ http://localhost:4401/dashboard/overview:0
[11507518ms] [ERROR] Failed to load resource: Could not connect to the server. @ http://localhost:4401/dashboard/alerts?limit=6:0
[11507729ms] [ERROR] Failed to load resource: Could not connect to the server. @ http://localhost:4401/dashboard/overview:0
[11507730ms] [ERROR] Failed to load resource: Could not connect to the server. @ http://localhost:4401/dashboard/alerts?limit=6:0
[11508278ms] [ERROR] Failed to load resource: Could not connect to the server. @ http://localhost:4401/api/billing/ai-credits/summary:0
[11508342ms] [ERROR] Failed to load resource: Could not connect to the server. @ http://localhost:4401/dashboard/overview:0
[11508343ms] [ERROR] Failed to load resource: Could not connect to the server. @ http://localhost:4401/dashboard/alerts?limit=6:0
[11508490ms] [ERROR] Failed to load resource: Could not connect to the server. @ http://localhost:4401/api/billing/ai-credits/summary:0
[11509102ms] [ERROR] Failed to load resource: Could not connect to the server. @ http://localhost:4401/api/billing/ai-credits/summary:0
[11538280ms] [ERROR] Failed to load resource: Could not connect to the server. @ http://localhost:4401/api/billing/ai-credits/summary:0
[11538493ms] [ERROR] Failed to load resource: Could not connect to the server. @ http://localhost:4401/api/billing/ai-credits/summary:0
[11539106ms] [ERROR] Failed to load resource: Could not connect to the server. @ http://localhost:4401/api/billing/ai-credits/summary:0
[11567526ms] [ERROR] Failed to load resource: Could not connect to the server. @ http://localhost:4401/dashboard/overview:0
[11567527ms] [ERROR] Failed to load resource: Could not connect to the server. @ http://localhost:4401/dashboard/alerts?limit=6:0
[11567741ms] [ERROR] Failed to load resource: Could not connect to the server. @ http://localhost:4401/dashboard/overview:0
[11567742ms] [ERROR] Failed to load resource: Could not connect to the server. @ http://localhost:4401/dashboard/alerts?limit=6:0
[11568287ms] [ERROR] Failed to load resource: Could not connect to the server. @ http://localhost:4401/api/billing/ai-credits/summary:0
[11568351ms] [ERROR] Failed to load resource: Could not connect to the server. @ http://localhost:4401/dashboard/overview:0
[11568353ms] [ERROR] Failed to load resource: Could not connect to the server. @ http://localhost:4401/dashboard/alerts?limit=6:0
[11568499ms] [ERROR] Failed to load resource: Could not connect to the server. @ http://localhost:4401/api/billing/ai-credits/summary:0
[11569112ms] [ERROR] Failed to load resource: Could not connect to the server. @ http://localhost:4401/api/billing/ai-credits/summary:0
[11598291ms] [ERROR] Failed to load resource: Could not connect to the server. @ http://localhost:4401/api/billing/ai-credits/summary:0
[11598502ms] [ERROR] Failed to load resource: Could not connect to the server. @ http://localhost:4401/api/billing/ai-credits/summary:0
[11599115ms] [ERROR] Failed to load resource: Could not connect to the server. @ http://localhost:4401/api/billing/ai-credits/summary:0
[11627530ms] [ERROR] Failed to load resource: Could not connect to the server. @ http://localhost:4401/dashboard/overview:0
[11627531ms] [ERROR] Failed to load resource: Could not connect to the server. @ http://localhost:4401/dashboard/alerts?limit=6:0
[11627743ms] [ERROR] Failed to load resource: Could not connect to the server. @ http://localhost:4401/dashboard/overview:0
[11627744ms] [ERROR] Failed to load resource: Could not connect to the server. @ http://localhost:4401/dashboard/alerts?limit=6:0
[11628295ms] [ERROR] Failed to load resource: Could not connect to the server. @ http://localhost:4401/api/billing/ai-credits/summary:0
[11628353ms] [ERROR] Failed to load resource: Could not connect to the server. @ http://localhost:4401/dashboard/overview:0
[11628355ms] [ERROR] Failed to load resource: Could not connect to the server. @ http://localhost:4401/dashboard/alerts?limit=6:0
[11628508ms] [ERROR] Failed to load resource: Could not connect to the server. @ http://localhost:4401/api/billing/ai-credits/summary:0
[11629120ms] [ERROR] Failed to load resource: Could not connect to the server. @ http://localhost:4401/api/billing/ai-credits/summary:0
[11658302ms] [ERROR] Failed to load resource: Could not connect to the server. @ http://localhost:4401/api/billing/ai-credits/summary:0
[11658514ms] [ERROR] Failed to load resource: Could not connect to the server. @ http://localhost:4401/api/billing/ai-credits/summary:0
[11659118ms] [ERROR] Failed to load resource: Could not connect to the server. @ http://localhost:4401/api/billing/ai-credits/summary:0
[11687530ms] [ERROR] Failed to load resource: Could not connect to the server. @ http://localhost:4401/dashboard/overview:0
[11687531ms] [ERROR] Failed to load resource: Could not connect to the server. @ http://localhost:4401/dashboard/alerts?limit=6:0
[11687742ms] [ERROR] Failed to load resource: Could not connect to the server. @ http://localhost:4401/dashboard/overview:0
[11687743ms] [ERROR] Failed to load resource: Could not connect to the server. @ http://localhost:4401/dashboard/alerts?limit=6:0
[11688300ms] [ERROR] Failed to load resource: Could not connect to the server. @ http://localhost:4401/api/billing/ai-credits/summary:0
[11688346ms] [ERROR] Failed to load resource: Could not connect to the server. @ http://localhost:4401/dashboard/overview:0
[11688347ms] [ERROR] Failed to load resource: Could not connect to the server. @ http://localhost:4401/dashboard/alerts?limit=6:0
[11688505ms] [ERROR] Failed to load resource: Could not connect to the server. @ http://localhost:4401/api/billing/ai-credits/summary:0
[11689118ms] [ERROR] Failed to load resource: Could not connect to the server. @ http://localhost:4401/api/billing/ai-credits/summary:0
[11718306ms] [ERROR] Failed to load resource: Could not connect to the server. @ http://localhost:4401/api/billing/ai-credits/summary:0
[11718515ms] [ERROR] Failed to load resource: Could not connect to the server. @ http://localhost:4401/api/billing/ai-credits/summary:0
[11719125ms] [ERROR] Failed to load resource: Could not connect to the server. @ http://localhost:4401/api/billing/ai-credits/summary:0
[11747536ms] [ERROR] Failed to load resource: Could not connect to the server. @ http://localhost:4401/dashboard/overview:0
[11747537ms] [ERROR] Failed to load resource: Could not connect to the server. @ http://localhost:4401/dashboard/alerts?limit=6:0
[11747743ms] [ERROR] Failed to load resource: Could not connect to the server. @ http://localhost:4401/dashboard/overview:0
[11747744ms] [ERROR] Failed to load resource: Could not connect to the server. @ http://localhost:4401/dashboard/alerts?limit=6:0
[11748308ms] [ERROR] Failed to load resource: Could not connect to the server. @ http://localhost:4401/api/billing/ai-credits/summary:0
[11748356ms] [ERROR] Failed to load resource: Could not connect to the server. @ http://localhost:4401/dashboard/overview:0
[11748358ms] [ERROR] Failed to load resource: Could not connect to the server. @ http://localhost:4401/dashboard/alerts?limit=6:0
[11748519ms] [ERROR] Failed to load resource: Could not connect to the server. @ http://localhost:4401/api/billing/ai-credits/summary:0
[11749130ms] [ERROR] Failed to load resource: Could not connect to the server. @ http://localhost:4401/api/billing/ai-credits/summary:0
[11778318ms] [ERROR] Failed to load resource: Could not connect to the server. @ http://localhost:4401/api/billing/ai-credits/summary:0
[11778530ms] [ERROR] Failed to load resource: Could not connect to the server. @ http://localhost:4401/api/billing/ai-credits/summary:0
[11779142ms] [ERROR] Failed to load resource: Could not connect to the server. @ http://localhost:4401/api/billing/ai-credits/summary:0
[11807541ms] [ERROR] Failed to load resource: Could not connect to the server. @ http://localhost:4401/dashboard/overview:0
[11807542ms] [ERROR] Failed to load resource: Could not connect to the server. @ http://localhost:4401/dashboard/alerts?limit=6:0
[11807753ms] [ERROR] Failed to load resource: Could not connect to the server. @ http://localhost:4401/dashboard/overview:0
[11807754ms] [ERROR] Failed to load resource: Could not connect to the server. @ http://localhost:4401/dashboard/alerts?limit=6:0
[11808319ms] [ERROR] Failed to load resource: Could not connect to the server. @ http://localhost:4401/api/billing/ai-credits/summary:0
[11808364ms] [ERROR] Failed to load resource: Could not connect to the server. @ http://localhost:4401/dashboard/overview:0
[11808365ms] [ERROR] Failed to load resource: Could not connect to the server. @ http://localhost:4401/dashboard/alerts?limit=6:0
[11808531ms] [ERROR] Failed to load resource: Could not connect to the server. @ http://localhost:4401/api/billing/ai-credits/summary:0
[11809144ms] [ERROR] Failed to load resource: Could not connect to the server. @ http://localhost:4401/api/billing/ai-credits/summary:0
[11838326ms] [ERROR] Failed to load resource: Could not connect to the server. @ http://localhost:4401/api/billing/ai-credits/summary:0
[11838533ms] [ERROR] Failed to load resource: Could not connect to the server. @ http://localhost:4401/api/billing/ai-credits/summary:0
[11839146ms] [ERROR] Failed to load resource: Could not connect to the server. @ http://localhost:4401/api/billing/ai-credits/summary:0
[11867546ms] [ERROR] Failed to load resource: Could not connect to the server. @ http://localhost:4401/dashboard/overview:0
[11867548ms] [ERROR] Failed to load resource: Could not connect to the server. @ http://localhost:4401/dashboard/alerts?limit=6:0
[11867759ms] [ERROR] Failed to load resource: Could not connect to the server. @ http://localhost:4401/dashboard/overview:0
[11867761ms] [ERROR] Failed to load resource: Could not connect to the server. @ http://localhost:4401/dashboard/alerts?limit=6:0
[11868326ms] [ERROR] Failed to load resource: Could not connect to the server. @ http://localhost:4401/api/billing/ai-credits/summary:0
[11868369ms] [ERROR] Failed to load resource: Could not connect to the server. @ http://localhost:4401/dashboard/overview:0
[11868370ms] [ERROR] Failed to load resource: Could not connect to the server. @ http://localhost:4401/dashboard/alerts?limit=6:0
[11868540ms] [ERROR] Failed to load resource: Could not connect to the server. @ http://localhost:4401/api/billing/ai-credits/summary:0
[11869153ms] [ERROR] Failed to load resource: Could not connect to the server. @ http://localhost:4401/api/billing/ai-credits/summary:0
[11898328ms] [ERROR] Failed to load resource: Could not connect to the server. @ http://localhost:4401/api/billing/ai-credits/summary:0
[11898540ms] [ERROR] Failed to load resource: Could not connect to the server. @ http://localhost:4401/api/billing/ai-credits/summary:0
[11899152ms] [ERROR] Failed to load resource: Could not connect to the server. @ http://localhost:4401/api/billing/ai-credits/summary:0
[11927543ms] [ERROR] Failed to load resource: Could not connect to the server. @ http://localhost:4401/dashboard/overview:0
[11927543ms] [ERROR] Failed to load resource: Could not connect to the server. @ http://localhost:4401/dashboard/alerts?limit=6:0
[11927755ms] [ERROR] Failed to load resource: Could not connect to the server. @ http://localhost:4401/dashboard/overview:0
[11927756ms] [ERROR] Failed to load resource: Could not connect to the server. @ http://localhost:4401/dashboard/alerts?limit=6:0
[11928337ms] [ERROR] Failed to load resource: Could not connect to the server. @ http://localhost:4401/api/billing/ai-credits/summary:0
[11928362ms] [ERROR] Failed to load resource: Could not connect to the server. @ http://localhost:4401/dashboard/overview:0
[11928363ms] [ERROR] Failed to load resource: Could not connect to the server. @ http://localhost:4401/dashboard/alerts?limit=6:0
[11928550ms] [ERROR] Failed to load resource: Could not connect to the server. @ http://localhost:4401/api/billing/ai-credits/summary:0
[11929163ms] [ERROR] Failed to load resource: Could not connect to the server. @ http://localhost:4401/api/billing/ai-credits/summary:0
[11958342ms] [ERROR] Failed to load resource: Could not connect to the server. @ http://localhost:4401/api/billing/ai-credits/summary:0
[11958553ms] [ERROR] Failed to load resource: Could not connect to the server. @ http://localhost:4401/api/billing/ai-credits/summary:0
[11959164ms] [ERROR] Failed to load resource: Could not connect to the server. @ http://localhost:4401/api/billing/ai-credits/summary:0
[11987553ms] [ERROR] Failed to load resource: Could not connect to the server. @ http://localhost:4401/dashboard/overview:0
[11987554ms] [ERROR] Failed to load resource: Could not connect to the server. @ http://localhost:4401/dashboard/alerts?limit=6:0
[11987767ms] [ERROR] Failed to load resource: Could not connect to the server. @ http://localhost:4401/dashboard/overview:0
[11987768ms] [ERROR] Failed to load resource: Could not connect to the server. @ http://localhost:4401/dashboard/alerts?limit=6:0
[11988344ms] [ERROR] Failed to load resource: Could not connect to the server. @ http://localhost:4401/api/billing/ai-credits/summary:0
[11988374ms] [ERROR] Failed to load resource: Could not connect to the server. @ http://localhost:4401/dashboard/overview:0
[11988374ms] [ERROR] Failed to load resource: Could not connect to the server. @ http://localhost:4401/dashboard/alerts?limit=6:0
[11988556ms] [ERROR] Failed to load resource: Could not connect to the server. @ http://localhost:4401/api/billing/ai-credits/summary:0
[11989169ms] [ERROR] Failed to load resource: Could not connect to the server. @ http://localhost:4401/api/billing/ai-credits/summary:0
[12018348ms] [ERROR] Failed to load resource: Could not connect to the server. @ http://localhost:4401/api/billing/ai-credits/summary:0
[12018561ms] [ERROR] Failed to load resource: Could not connect to the server. @ http://localhost:4401/api/billing/ai-credits/summary:0
[12019172ms] [ERROR] Failed to load resource: Could not connect to the server. @ http://localhost:4401/api/billing/ai-credits/summary:0
[12047556ms] [ERROR] Failed to load resource: Could not connect to the server. @ http://localhost:4401/dashboard/overview:0
[12047557ms] [ERROR] Failed to load resource: Could not connect to the server. @ http://localhost:4401/dashboard/alerts?limit=6:0
[12047770ms] [ERROR] Failed to load resource: Could not connect to the server. @ http://localhost:4401/dashboard/overview:0
[12047771ms] [ERROR] Failed to load resource: Could not connect to the server. @ http://localhost:4401/dashboard/alerts?limit=6:0
[12048352ms] [ERROR] Failed to load resource: Could not connect to the server. @ http://localhost:4401/api/billing/ai-credits/summary:0
[12048377ms] [ERROR] Failed to load resource: Could not connect to the server. @ http://localhost:4401/dashboard/overview:0
[12048378ms] [ERROR] Failed to load resource: Could not connect to the server. @ http://localhost:4401/dashboard/alerts?limit=6:0
[12048561ms] [ERROR] Failed to load resource: Could not connect to the server. @ http://localhost:4401/api/billing/ai-credits/summary:0
[12049164ms] [ERROR] Failed to load resource: Could not connect to the server. @ http://localhost:4401/api/billing/ai-credits/summary:0
[12078356ms] [ERROR] Failed to load resource: Could not connect to the server. @ http://localhost:4401/api/billing/ai-credits/summary:0
[12078567ms] [ERROR] Failed to load resource: Could not connect to the server. @ http://localhost:4401/api/billing/ai-credits/summary:0
[12079180ms] [ERROR] Failed to load resource: Could not connect to the server. @ http://localhost:4401/api/billing/ai-credits/summary:0
[12107564ms] [ERROR] Failed to load resource: Could not connect to the server. @ http://localhost:4401/dashboard/overview:0
[12107565ms] [ERROR] Failed to load resource: Could not connect to the server. @ http://localhost:4401/dashboard/alerts?limit=6:0
[12107778ms] [ERROR] Failed to load resource: Could not connect to the server. @ http://localhost:4401/dashboard/overview:0
[12107780ms] [ERROR] Failed to load resource: Could not connect to the server. @ http://localhost:4401/dashboard/alerts?limit=6:0
[12108362ms] [ERROR] Failed to load resource: Could not connect to the server. @ http://localhost:4401/api/billing/ai-credits/summary:0
[12108384ms] [ERROR] Failed to load resource: Could not connect to the server. @ http://localhost:4401/dashboard/overview:0
[12108386ms] [ERROR] Failed to load resource: Could not connect to the server. @ http://localhost:4401/dashboard/alerts?limit=6:0
[12108572ms] [ERROR] Failed to load resource: Could not connect to the server. @ http://localhost:4401/api/billing/ai-credits/summary:0
[12109185ms] [ERROR] Failed to load resource: Could not connect to the server. @ http://localhost:4401/api/billing/ai-credits/summary:0
[12138357ms] [ERROR] Failed to load resource: Could not connect to the server. @ http://localhost:4401/api/billing/ai-credits/summary:0
[12138562ms] [ERROR] Failed to load resource: Could not connect to the server. @ http://localhost:4401/api/billing/ai-credits/summary:0
[12139165ms] [ERROR] Failed to load resource: Could not connect to the server. @ http://localhost:4401/api/billing/ai-credits/summary:0
[12167565ms] [ERROR] Failed to load resource: Could not connect to the server. @ http://localhost:4401/dashboard/overview:0
[12167566ms] [ERROR] Failed to load resource: Could not connect to the server. @ http://localhost:4401/dashboard/alerts?limit=6:0
[12167778ms] [ERROR] Failed to load resource: Could not connect to the server. @ http://localhost:4401/dashboard/overview:0
[12167779ms] [ERROR] Failed to load resource: Could not connect to the server. @ http://localhost:4401/dashboard/alerts?limit=6:0
[12168369ms] [ERROR] Failed to load resource: Could not connect to the server. @ http://localhost:4401/api/billing/ai-credits/summary:0
[12168385ms] [ERROR] Failed to load resource: Could not connect to the server. @ http://localhost:4401/dashboard/overview:0
[12168387ms] [ERROR] Failed to load resource: Could not connect to the server. @ http://localhost:4401/dashboard/alerts?limit=6:0
[12168581ms] [ERROR] Failed to load resource: Could not connect to the server. @ http://localhost:4401/api/billing/ai-credits/summary:0
[12169195ms] [ERROR] Failed to load resource: Could not connect to the server. @ http://localhost:4401/api/billing/ai-credits/summary:0
[12198374ms] [ERROR] Failed to load resource: Could not connect to the server. @ http://localhost:4401/api/billing/ai-credits/summary:0
[12198586ms] [ERROR] Failed to load resource: Could not connect to the server. @ http://localhost:4401/api/billing/ai-credits/summary:0
[12199198ms] [ERROR] Failed to load resource: Could not connect to the server. @ http://localhost:4401/api/billing/ai-credits/summary:0
[12227573ms] [ERROR] Failed to load resource: Could not connect to the server. @ http://localhost:4401/dashboard/overview:0
[12227574ms] [ERROR] Failed to load resource: Could not connect to the server. @ http://localhost:4401/dashboard/alerts?limit=6:0
[12227788ms] [ERROR] Failed to load resource: Could not connect to the server. @ http://localhost:4401/dashboard/overview:0
[12227789ms] [ERROR] Failed to load resource: Could not connect to the server. @ http://localhost:4401/dashboard/alerts?limit=6:0
[12228377ms] [ERROR] Failed to load resource: Could not connect to the server. @ http://localhost:4401/api/billing/ai-credits/summary:0
[12228395ms] [ERROR] Failed to load resource: Could not connect to the server. @ http://localhost:4401/dashboard/overview:0
[12228396ms] [ERROR] Failed to load resource: Could not connect to the server. @ http://localhost:4401/dashboard/alerts?limit=6:0
[12228588ms] [ERROR] Failed to load resource: Could not connect to the server. @ http://localhost:4401/api/billing/ai-credits/summary:0
[12229202ms] [ERROR] Failed to load resource: Could not connect to the server. @ http://localhost:4401/api/billing/ai-credits/summary:0
[12258384ms] [ERROR] Failed to load resource: Could not connect to the server. @ http://localhost:4401/api/billing/ai-credits/summary:0
[12258596ms] [ERROR] Failed to load resource: Could not connect to the server. @ http://localhost:4401/api/billing/ai-credits/summary:0
[12259202ms] [ERROR] Failed to load resource: Could not connect to the server. @ http://localhost:4401/api/billing/ai-credits/summary:0
[12287606ms] [ERROR] Failed to load resource: Could not connect to the server. @ http://localhost:4401/dashboard/overview:0
[12287606ms] [ERROR] Failed to load resource: Could not connect to the server. @ http://localhost:4401/dashboard/alerts?limit=6:0
[12287819ms] [ERROR] Failed to load resource: Could not connect to the server. @ http://localhost:4401/dashboard/overview:0
[12287821ms] [ERROR] Failed to load resource: Could not connect to the server. @ http://localhost:4401/dashboard/alerts?limit=6:0
[12288383ms] [ERROR] Failed to load resource: Could not connect to the server. @ http://localhost:4401/api/billing/ai-credits/summary:0
[12288430ms] [ERROR] Failed to load resource: Could not connect to the server. @ http://localhost:4401/dashboard/overview:0
[12288432ms] [ERROR] Failed to load resource: Could not connect to the server. @ http://localhost:4401/dashboard/alerts?limit=6:0
[12288588ms] [ERROR] Failed to load resource: Could not connect to the server. @ http://localhost:4401/api/billing/ai-credits/summary:0
[12289199ms] [ERROR] Failed to load resource: Could not connect to the server. @ http://localhost:4401/api/billing/ai-credits/summary:0
[12318390ms] [ERROR] Failed to load resource: Could not connect to the server. @ http://localhost:4401/api/billing/ai-credits/summary:0
[12318597ms] [ERROR] Failed to load resource: Could not connect to the server. @ http://localhost:4401/api/billing/ai-credits/summary:0
[12319205ms] [ERROR] Failed to load resource: Could not connect to the server. @ http://localhost:4401/api/billing/ai-credits/summary:0
[12347570ms] [ERROR] Failed to load resource: Could not connect to the server. @ http://localhost:4401/dashboard/overview:0
[12347585ms] [ERROR] Failed to load resource: Could not connect to the server. @ http://localhost:4401/dashboard/alerts?limit=6:0
[12347782ms] [ERROR] Failed to load resource: Could not connect to the server. @ http://localhost:4401/dashboard/overview:0
[12347789ms] [ERROR] Failed to load resource: Could not connect to the server. @ http://localhost:4401/dashboard/alerts?limit=6:0
[12348394ms] [ERROR] Failed to load resource: Could not connect to the server. @ http://localhost:4401/api/billing/ai-credits/summary:0
[12348396ms] [ERROR] Failed to load resource: Could not connect to the server. @ http://localhost:4401/dashboard/overview:0
[12348397ms] [ERROR] Failed to load resource: Could not connect to the server. @ http://localhost:4401/dashboard/alerts?limit=6:0
[12348598ms] [ERROR] Failed to load resource: Could not connect to the server. @ http://localhost:4401/api/billing/ai-credits/summary:0
[12349210ms] [ERROR] Failed to load resource: Could not connect to the server. @ http://localhost:4401/api/billing/ai-credits/summary:0
[12378399ms] [ERROR] Failed to load resource: Could not connect to the server. @ http://localhost:4401/api/billing/ai-credits/summary:0
[12378612ms] [ERROR] Failed to load resource: Could not connect to the server. @ http://localhost:4401/api/billing/ai-credits/summary:0
[12379224ms] [ERROR] Failed to load resource: Could not connect to the server. @ http://localhost:4401/api/billing/ai-credits/summary:0
[12407639ms] [ERROR] Failed to load resource: Could not connect to the server. @ http://localhost:4401/dashboard/overview:0
[12407644ms] [ERROR] Failed to load resource: Could not connect to the server. @ http://localhost:4401/dashboard/alerts?limit=6:0
[12407854ms] [ERROR] Failed to load resource: Could not connect to the server. @ http://localhost:4401/dashboard/overview:0
[12407855ms] [ERROR] Failed to load resource: Could not connect to the server. @ http://localhost:4401/dashboard/alerts?limit=6:0
[12408454ms] [ERROR] Failed to load resource: Could not connect to the server. @ http://localhost:4401/api/billing/ai-credits/summary:0
[12408459ms] [ERROR] Failed to load resource: Could not connect to the server. @ http://localhost:4401/dashboard/overview:0
[12408460ms] [ERROR] Failed to load resource: Could not connect to the server. @ http://localhost:4401/dashboard/alerts?limit=6:0
[12408664ms] [ERROR] Failed to load resource: Could not connect to the server. @ http://localhost:4401/api/billing/ai-credits/summary:0
[12409274ms] [ERROR] Failed to load resource: Could not connect to the server. @ http://localhost:4401/api/billing/ai-credits/summary:0
[12438462ms] [ERROR] Failed to load resource: Could not connect to the server. @ http://localhost:4401/api/billing/ai-credits/summary:0
[12438674ms] [ERROR] Failed to load resource: Could not connect to the server. @ http://localhost:4401/api/billing/ai-credits/summary:0
[12439287ms] [ERROR] Failed to load resource: Could not connect to the server. @ http://localhost:4401/api/billing/ai-credits/summary:0
[12467644ms] [ERROR] Failed to load resource: Could not connect to the server. @ http://localhost:4401/dashboard/overview:0
[12467650ms] [ERROR] Failed to load resource: Could not connect to the server. @ http://localhost:4401/dashboard/alerts?limit=6:0
[12467853ms] [ERROR] Failed to load resource: Could not connect to the server. @ http://localhost:4401/dashboard/overview:0
[12467856ms] [ERROR] Failed to load resource: Could not connect to the server. @ http://localhost:4401/dashboard/alerts?limit=6:0
[12468467ms] [ERROR] Failed to load resource: Could not connect to the server. @ http://localhost:4401/dashboard/overview:0
[12468468ms] [ERROR] Failed to load resource: Could not connect to the server. @ http://localhost:4401/api/billing/ai-credits/summary:0
[12468470ms] [ERROR] Failed to load resource: Could not connect to the server. @ http://localhost:4401/dashboard/alerts?limit=6:0
[12468677ms] [ERROR] Failed to load resource: Could not connect to the server. @ http://localhost:4401/api/billing/ai-credits/summary:0
[12469290ms] [ERROR] Failed to load resource: Could not connect to the server. @ http://localhost:4401/api/billing/ai-credits/summary:0
[12498471ms] [ERROR] Failed to load resource: Could not connect to the server. @ http://localhost:4401/api/billing/ai-credits/summary:0
[12498683ms] [ERROR] Failed to load resource: Could not connect to the server. @ http://localhost:4401/api/billing/ai-credits/summary:0
[12499294ms] [ERROR] Failed to load resource: Could not connect to the server. @ http://localhost:4401/api/billing/ai-credits/summary:0
[12527647ms] [ERROR] Failed to load resource: Could not connect to the server. @ http://localhost:4401/dashboard/overview:0
[12527655ms] [ERROR] Failed to load resource: Could not connect to the server. @ http://localhost:4401/dashboard/alerts?limit=6:0
[12527862ms] [ERROR] Failed to load resource: Could not connect to the server. @ http://localhost:4401/dashboard/overview:0
[12527863ms] [ERROR] Failed to load resource: Could not connect to the server. @ http://localhost:4401/dashboard/alerts?limit=6:0
[12528476ms] [ERROR] Failed to load resource: Could not connect to the server. @ http://localhost:4401/dashboard/overview:0
[12528477ms] [ERROR] Failed to load resource: Could not connect to the server. @ http://localhost:4401/api/billing/ai-credits/summary:0
[12528479ms] [ERROR] Failed to load resource: Could not connect to the server. @ http://localhost:4401/dashboard/alerts?limit=6:0
[12528685ms] [ERROR] Failed to load resource: Could not connect to the server. @ http://localhost:4401/api/billing/ai-credits/summary:0
[12529297ms] [ERROR] Failed to load resource: Could not connect to the server. @ http://localhost:4401/api/billing/ai-credits/summary:0
[12558481ms] [ERROR] Failed to load resource: Could not connect to the server. @ http://localhost:4401/api/billing/ai-credits/summary:0
[12558693ms] [ERROR] Failed to load resource: Could not connect to the server. @ http://localhost:4401/api/billing/ai-credits/summary:0
[12559298ms] [ERROR] Failed to load resource: Could not connect to the server. @ http://localhost:4401/api/billing/ai-credits/summary:0
[12587654ms] [ERROR] Failed to load resource: Could not connect to the server. @ http://localhost:4401/dashboard/overview:0
[12587660ms] [ERROR] Failed to load resource: Could not connect to the server. @ http://localhost:4401/dashboard/alerts?limit=6:0
[12587868ms] [ERROR] Failed to load resource: Could not connect to the server. @ http://localhost:4401/dashboard/overview:0
[12587869ms] [ERROR] Failed to load resource: Could not connect to the server. @ http://localhost:4401/dashboard/alerts?limit=6:0
[12588482ms] [ERROR] Failed to load resource: Could not connect to the server. @ http://localhost:4401/dashboard/overview:0
[12588483ms] [ERROR] Failed to load resource: Could not connect to the server. @ http://localhost:4401/dashboard/alerts?limit=6:0
[12588485ms] [ERROR] Failed to load resource: Could not connect to the server. @ http://localhost:4401/api/billing/ai-credits/summary:0
[12588693ms] [ERROR] Failed to load resource: Could not connect to the server. @ http://localhost:4401/api/billing/ai-credits/summary:0
[12589305ms] [ERROR] Failed to load resource: Could not connect to the server. @ http://localhost:4401/api/billing/ai-credits/summary:0
[12618491ms] [ERROR] Failed to load resource: Could not connect to the server. @ http://localhost:4401/api/billing/ai-credits/summary:0
[12618704ms] [ERROR] Failed to load resource: Could not connect to the server. @ http://localhost:4401/api/billing/ai-credits/summary:0
[12619315ms] [ERROR] Failed to load resource: Could not connect to the server. @ http://localhost:4401/api/billing/ai-credits/summary:0
[12647659ms] [ERROR] Failed to load resource: Could not connect to the server. @ http://localhost:4401/dashboard/overview:0
[12647666ms] [ERROR] Failed to load resource: Could not connect to the server. @ http://localhost:4401/dashboard/alerts?limit=6:0
[12647872ms] [ERROR] Failed to load resource: Could not connect to the server. @ http://localhost:4401/dashboard/overview:0
[12647873ms] [ERROR] Failed to load resource: Could not connect to the server. @ http://localhost:4401/dashboard/alerts?limit=6:0
[12648486ms] [ERROR] Failed to load resource: Could not connect to the server. @ http://localhost:4401/dashboard/overview:0
[12648487ms] [ERROR] Failed to load resource: Could not connect to the server. @ http://localhost:4401/dashboard/alerts?limit=6:0
[12648488ms] [ERROR] Failed to load resource: Could not connect to the server. @ http://localhost:4401/api/billing/ai-credits/summary:0
[12648695ms] [ERROR] Failed to load resource: Could not connect to the server. @ http://localhost:4401/api/billing/ai-credits/summary:0
[12649302ms] [ERROR] Failed to load resource: Could not connect to the server. @ http://localhost:4401/api/billing/ai-credits/summary:0
[12678501ms] [ERROR] Failed to load resource: Could not connect to the server. @ http://localhost:4401/api/billing/ai-credits/summary:0
[12678709ms] [ERROR] Failed to load resource: Could not connect to the server. @ http://localhost:4401/api/billing/ai-credits/summary:0
[12679320ms] [ERROR] Failed to load resource: Could not connect to the server. @ http://localhost:4401/api/billing/ai-credits/summary:0
[12707657ms] [ERROR] Failed to load resource: Could not connect to the server. @ http://localhost:4401/dashboard/overview:0
[12707672ms] [ERROR] Failed to load resource: Could not connect to the server. @ http://localhost:4401/dashboard/alerts?limit=6:0
[12707869ms] [ERROR] Failed to load resource: Could not connect to the server. @ http://localhost:4401/dashboard/overview:0
[12707875ms] [ERROR] Failed to load resource: Could not connect to the server. @ http://localhost:4401/dashboard/alerts?limit=6:0
[12708482ms] [ERROR] Failed to load resource: Could not connect to the server. @ http://localhost:4401/dashboard/overview:0
[12708483ms] [ERROR] Failed to load resource: Could not connect to the server. @ http://localhost:4401/dashboard/alerts?limit=6:0
[12708495ms] [ERROR] Failed to load resource: Could not connect to the server. @ http://localhost:4401/api/billing/ai-credits/summary:0
[12708702ms] [ERROR] Failed to load resource: Could not connect to the server. @ http://localhost:4401/api/billing/ai-credits/summary:0
[12709314ms] [ERROR] Failed to load resource: Could not connect to the server. @ http://localhost:4401/api/billing/ai-credits/summary:0
[12738508ms] [ERROR] Failed to load resource: Could not connect to the server. @ http://localhost:4401/api/billing/ai-credits/summary:0
[12738720ms] [ERROR] Failed to load resource: Could not connect to the server. @ http://localhost:4401/api/billing/ai-credits/summary:0
[12739334ms] [ERROR] Failed to load resource: Could not connect to the server. @ http://localhost:4401/api/billing/ai-credits/summary:0
[12767670ms] [ERROR] Failed to load resource: Could not connect to the server. @ http://localhost:4401/dashboard/overview:0
[12767676ms] [ERROR] Failed to load resource: Could not connect to the server. @ http://localhost:4401/dashboard/alerts?limit=6:0
[12767881ms] [ERROR] Failed to load resource: Could not connect to the server. @ http://localhost:4401/dashboard/overview:0
[12767883ms] [ERROR] Failed to load resource: Could not connect to the server. @ http://localhost:4401/dashboard/alerts?limit=6:0
[12768494ms] [ERROR] Failed to load resource: Could not connect to the server. @ http://localhost:4401/dashboard/overview:0
[12768495ms] [ERROR] Failed to load resource: Could not connect to the server. @ http://localhost:4401/dashboard/alerts?limit=6:0
[12768505ms] [ERROR] Failed to load resource: Could not connect to the server. @ http://localhost:4401/api/billing/ai-credits/summary:0
[12768711ms] [ERROR] Failed to load resource: Could not connect to the server. @ http://localhost:4401/api/billing/ai-credits/summary:0
[12769324ms] [ERROR] Failed to load resource: Could not connect to the server. @ http://localhost:4401/api/billing/ai-credits/summary:0
[12798519ms] [ERROR] Failed to load resource: Could not connect to the server. @ http://localhost:4401/api/billing/ai-credits/summary:0
[12798732ms] [ERROR] Failed to load resource: Could not connect to the server. @ http://localhost:4401/api/billing/ai-credits/summary:0
[12799344ms] [ERROR] Failed to load resource: Could not connect to the server. @ http://localhost:4401/api/billing/ai-credits/summary:0
[12827674ms] [ERROR] Failed to load resource: Could not connect to the server. @ http://localhost:4401/dashboard/overview:0
[12827681ms] [ERROR] Failed to load resource: Could not connect to the server. @ http://localhost:4401/dashboard/alerts?limit=6:0
[12827885ms] [ERROR] Failed to load resource: Could not connect to the server. @ http://localhost:4401/dashboard/overview:0
[12827887ms] [ERROR] Failed to load resource: Could not connect to the server. @ http://localhost:4401/dashboard/alerts?limit=6:0
[12828498ms] [ERROR] Failed to load resource: Could not connect to the server. @ http://localhost:4401/dashboard/overview:0
[12828499ms] [ERROR] Failed to load resource: Could not connect to the server. @ http://localhost:4401/dashboard/alerts?limit=6:0
[12828514ms] [ERROR] Failed to load resource: Could not connect to the server. @ http://localhost:4401/api/billing/ai-credits/summary:0
[12828721ms] [ERROR] Failed to load resource: Could not connect to the server. @ http://localhost:4401/api/billing/ai-credits/summary:0
[12829334ms] [ERROR] Failed to load resource: Could not connect to the server. @ http://localhost:4401/api/billing/ai-credits/summary:0
[12858528ms] [ERROR] Failed to load resource: Could not connect to the server. @ http://localhost:4401/api/billing/ai-credits/summary:0
[12858738ms] [ERROR] Failed to load resource: Could not connect to the server. @ http://localhost:4401/api/billing/ai-credits/summary:0
[12859351ms] [ERROR] Failed to load resource: Could not connect to the server. @ http://localhost:4401/api/billing/ai-credits/summary:0
[12887680ms] [ERROR] Failed to load resource: Could not connect to the server. @ http://localhost:4401/dashboard/overview:0
[12887686ms] [ERROR] Failed to load resource: Could not connect to the server. @ http://localhost:4401/dashboard/alerts?limit=6:0
[12887891ms] [ERROR] Failed to load resource: Could not connect to the server. @ http://localhost:4401/dashboard/overview:0
[12887894ms] [ERROR] Failed to load resource: Could not connect to the server. @ http://localhost:4401/dashboard/alerts?limit=6:0
[12888503ms] [ERROR] Failed to load resource: Could not connect to the server. @ http://localhost:4401/dashboard/overview:0
[12888504ms] [ERROR] Failed to load resource: Could not connect to the server. @ http://localhost:4401/dashboard/alerts?limit=6:0
[12888523ms] [ERROR] Failed to load resource: Could not connect to the server. @ http://localhost:4401/api/billing/ai-credits/summary:0
[12888727ms] [ERROR] Failed to load resource: Could not connect to the server. @ http://localhost:4401/api/billing/ai-credits/summary:0
[12889337ms] [ERROR] Failed to load resource: Could not connect to the server. @ http://localhost:4401/api/billing/ai-credits/summary:0
[12918536ms] [ERROR] Failed to load resource: Could not connect to the server. @ http://localhost:4401/api/billing/ai-credits/summary:0
[12918749ms] [ERROR] Failed to load resource: Could not connect to the server. @ http://localhost:4401/api/billing/ai-credits/summary:0
[12919359ms] [ERROR] Failed to load resource: Could not connect to the server. @ http://localhost:4401/api/billing/ai-credits/summary:0
[12947683ms] [ERROR] Failed to load resource: Could not connect to the server. @ http://localhost:4401/dashboard/overview:0
[12947692ms] [ERROR] Failed to load resource: Could not connect to the server. @ http://localhost:4401/dashboard/alerts?limit=6:0
[12947894ms] [ERROR] Failed to load resource: Could not connect to the server. @ http://localhost:4401/dashboard/overview:0
[12947897ms] [ERROR] Failed to load resource: Could not connect to the server. @ http://localhost:4401/dashboard/alerts?limit=6:0
[12948503ms] [ERROR] Failed to load resource: Could not connect to the server. @ http://localhost:4401/dashboard/overview:0
[12948503ms] [ERROR] Failed to load resource: Could not connect to the server. @ http://localhost:4401/dashboard/alerts?limit=6:0
[12948533ms] [ERROR] Failed to load resource: Could not connect to the server. @ http://localhost:4401/api/billing/ai-credits/summary:0
[12948739ms] [ERROR] Failed to load resource: Could not connect to the server. @ http://localhost:4401/api/billing/ai-credits/summary:0
[12949350ms] [ERROR] Failed to load resource: Could not connect to the server. @ http://localhost:4401/api/billing/ai-credits/summary:0
[12978546ms] [ERROR] Failed to load resource: Could not connect to the server. @ http://localhost:4401/api/billing/ai-credits/summary:0
[12978757ms] [ERROR] Failed to load resource: Could not connect to the server. @ http://localhost:4401/api/billing/ai-credits/summary:0
[12979370ms] [ERROR] Failed to load resource: Could not connect to the server. @ http://localhost:4401/api/billing/ai-credits/summary:0
[13007688ms] [ERROR] Failed to load resource: Could not connect to the server. @ http://localhost:4401/dashboard/overview:0
[13007698ms] [ERROR] Failed to load resource: Could not connect to the server. @ http://localhost:4401/dashboard/alerts?limit=6:0
[13007899ms] [ERROR] Failed to load resource: Could not connect to the server. @ http://localhost:4401/dashboard/overview:0
[13007904ms] [ERROR] Failed to load resource: Could not connect to the server. @ http://localhost:4401/dashboard/alerts?limit=6:0
[13008514ms] [ERROR] Failed to load resource: Could not connect to the server. @ http://localhost:4401/dashboard/overview:0
[13008515ms] [ERROR] Failed to load resource: Could not connect to the server. @ http://localhost:4401/dashboard/alerts?limit=6:0
[13008543ms] [ERROR] Failed to load resource: Could not connect to the server. @ http://localhost:4401/api/billing/ai-credits/summary:0
[13008747ms] [ERROR] Failed to load resource: Could not connect to the server. @ http://localhost:4401/api/billing/ai-credits/summary:0
[13009360ms] [ERROR] Failed to load resource: Could not connect to the server. @ http://localhost:4401/api/billing/ai-credits/summary:0
[13038557ms] [ERROR] Failed to load resource: Could not connect to the server. @ http://localhost:4401/api/billing/ai-credits/summary:0
[13038767ms] [ERROR] Failed to load resource: Could not connect to the server. @ http://localhost:4401/api/billing/ai-credits/summary:0
[13039377ms] [ERROR] Failed to load resource: Could not connect to the server. @ http://localhost:4401/api/billing/ai-credits/summary:0
[13067696ms] [ERROR] Failed to load resource: Could not connect to the server. @ http://localhost:4401/dashboard/overview:0
[13067703ms] [ERROR] Failed to load resource: Could not connect to the server. @ http://localhost:4401/dashboard/alerts?limit=6:0
[13067910ms] [ERROR] Failed to load resource: Could not connect to the server. @ http://localhost:4401/dashboard/overview:0
[13067911ms] [ERROR] Failed to load resource: Could not connect to the server. @ http://localhost:4401/dashboard/alerts?limit=6:0
[13068524ms] [ERROR] Failed to load resource: Could not connect to the server. @ http://localhost:4401/dashboard/overview:0
[13068525ms] [ERROR] Failed to load resource: Could not connect to the server. @ http://localhost:4401/dashboard/alerts?limit=6:0
[13068554ms] [ERROR] Failed to load resource: Could not connect to the server. @ http://localhost:4401/api/billing/ai-credits/summary:0
[13068758ms] [ERROR] Failed to load resource: Could not connect to the server. @ http://localhost:4401/api/billing/ai-credits/summary:0
[13069372ms] [ERROR] Failed to load resource: Could not connect to the server. @ http://localhost:4401/api/billing/ai-credits/summary:0
[13098565ms] [ERROR] Failed to load resource: Could not connect to the server. @ http://localhost:4401/api/billing/ai-credits/summary:0
[13098778ms] [ERROR] Failed to load resource: Could not connect to the server. @ http://localhost:4401/api/billing/ai-credits/summary:0
[13099386ms] [ERROR] Failed to load resource: Could not connect to the server. @ http://localhost:4401/api/billing/ai-credits/summary:0
[13127692ms] [ERROR] Failed to load resource: Could not connect to the server. @ http://localhost:4401/dashboard/overview:0
[13127707ms] [ERROR] Failed to load resource: Could not connect to the server. @ http://localhost:4401/dashboard/alerts?limit=6:0
[13127904ms] [ERROR] Failed to load resource: Could not connect to the server. @ http://localhost:4401/dashboard/overview:0
[13127912ms] [ERROR] Failed to load resource: Could not connect to the server. @ http://localhost:4401/dashboard/alerts?limit=6:0
[13128518ms] [ERROR] Failed to load resource: Could not connect to the server. @ http://localhost:4401/dashboard/overview:0
[13128519ms] [ERROR] Failed to load resource: Could not connect to the server. @ http://localhost:4401/dashboard/alerts?limit=6:0
[13128564ms] [ERROR] Failed to load resource: Could not connect to the server. @ http://localhost:4401/api/billing/ai-credits/summary:0
[13128770ms] [ERROR] Failed to load resource: Could not connect to the server. @ http://localhost:4401/api/billing/ai-credits/summary:0
[13129383ms] [ERROR] Failed to load resource: Could not connect to the server. @ http://localhost:4401/api/billing/ai-credits/summary:0
[13158574ms] [ERROR] Failed to load resource: Could not connect to the server. @ http://localhost:4401/api/billing/ai-credits/summary:0
[13158787ms] [ERROR] Failed to load resource: Could not connect to the server. @ http://localhost:4401/api/billing/ai-credits/summary:0
[13159400ms] [ERROR] Failed to load resource: Could not connect to the server. @ http://localhost:4401/api/billing/ai-credits/summary:0
[13187704ms] [ERROR] Failed to load resource: Could not connect to the server. @ http://localhost:4401/dashboard/overview:0
[13187714ms] [ERROR] Failed to load resource: Could not connect to the server. @ http://localhost:4401/dashboard/alerts?limit=6:0
[13187914ms] [ERROR] Failed to load resource: Could not connect to the server. @ http://localhost:4401/dashboard/overview:0
[13187918ms] [ERROR] Failed to load resource: Could not connect to the server. @ http://localhost:4401/dashboard/alerts?limit=6:0
[13188526ms] [ERROR] Failed to load resource: Could not connect to the server. @ http://localhost:4401/dashboard/overview:0
[13188527ms] [ERROR] Failed to load resource: Could not connect to the server. @ http://localhost:4401/dashboard/alerts?limit=6:0
[13188575ms] [ERROR] Failed to load resource: Could not connect to the server. @ http://localhost:4401/api/billing/ai-credits/summary:0
[13188781ms] [ERROR] Failed to load resource: Could not connect to the server. @ http://localhost:4401/api/billing/ai-credits/summary:0
[13189393ms] [ERROR] Failed to load resource: Could not connect to the server. @ http://localhost:4401/api/billing/ai-credits/summary:0
[13218575ms] [ERROR] Failed to load resource: Could not connect to the server. @ http://localhost:4401/api/billing/ai-credits/summary:0
[13218780ms] [ERROR] Failed to load resource: Could not connect to the server. @ http://localhost:4401/api/billing/ai-credits/summary:0
[13219392ms] [ERROR] Failed to load resource: Could not connect to the server. @ http://localhost:4401/api/billing/ai-credits/summary:0
[13247710ms] [ERROR] Failed to load resource: Could not connect to the server. @ http://localhost:4401/dashboard/overview:0
[13247718ms] [ERROR] Failed to load resource: Could not connect to the server. @ http://localhost:4401/dashboard/alerts?limit=6:0
[13247924ms] [ERROR] Failed to load resource: Could not connect to the server. @ http://localhost:4401/dashboard/overview:0
[13247925ms] [ERROR] Failed to load resource: Could not connect to the server. @ http://localhost:4401/dashboard/alerts?limit=6:0
[13248539ms] [ERROR] Failed to load resource: Could not connect to the server. @ http://localhost:4401/dashboard/overview:0
[13248540ms] [ERROR] Failed to load resource: Could not connect to the server. @ http://localhost:4401/dashboard/alerts?limit=6:0
[13248583ms] [ERROR] Failed to load resource: Could not connect to the server. @ http://localhost:4401/api/billing/ai-credits/summary:0
[13248788ms] [ERROR] Failed to load resource: Could not connect to the server. @ http://localhost:4401/api/billing/ai-credits/summary:0
[13249400ms] [ERROR] Failed to load resource: Could not connect to the server. @ http://localhost:4401/api/billing/ai-credits/summary:0
[13278586ms] [ERROR] Failed to load resource: Could not connect to the server. @ http://localhost:4401/api/billing/ai-credits/summary:0
[13278798ms] [ERROR] Failed to load resource: Could not connect to the server. @ http://localhost:4401/api/billing/ai-credits/summary:0
[13279411ms] [ERROR] Failed to load resource: Could not connect to the server. @ http://localhost:4401/api/billing/ai-credits/summary:0
[13307717ms] [ERROR] Failed to load resource: Could not connect to the server. @ http://localhost:4401/dashboard/overview:0
[13307724ms] [ERROR] Failed to load resource: Could not connect to the server. @ http://localhost:4401/dashboard/alerts?limit=6:0
[13307920ms] [ERROR] Failed to load resource: Could not connect to the server. @ http://localhost:4401/dashboard/overview:0
[13307927ms] [ERROR] Failed to load resource: Could not connect to the server. @ http://localhost:4401/dashboard/alerts?limit=6:0
[13308532ms] [ERROR] Failed to load resource: Could not connect to the server. @ http://localhost:4401/dashboard/overview:0
[13308534ms] [ERROR] Failed to load resource: Could not connect to the server. @ http://localhost:4401/dashboard/alerts?limit=6:0
[13308595ms] [ERROR] Failed to load resource: Could not connect to the server. @ http://localhost:4401/api/billing/ai-credits/summary:0
[13308801ms] [ERROR] Failed to load resource: Could not connect to the server. @ http://localhost:4401/api/billing/ai-credits/summary:0
[13309413ms] [ERROR] Failed to load resource: Could not connect to the server. @ http://localhost:4401/api/billing/ai-credits/summary:0
[13338599ms] [ERROR] Failed to load resource: Could not connect to the server. @ http://localhost:4401/api/billing/ai-credits/summary:0
[13338811ms] [ERROR] Failed to load resource: Could not connect to the server. @ http://localhost:4401/api/billing/ai-credits/summary:0
[13339416ms] [ERROR] Failed to load resource: Could not connect to the server. @ http://localhost:4401/api/billing/ai-credits/summary:0
[13367723ms] [ERROR] Failed to load resource: Could not connect to the server. @ http://localhost:4401/dashboard/overview:0
[13367729ms] [ERROR] Failed to load resource: Could not connect to the server. @ http://localhost:4401/dashboard/alerts?limit=6:0
[13367936ms] [ERROR] Failed to load resource: Could not connect to the server. @ http://localhost:4401/dashboard/overview:0
[13367937ms] [ERROR] Failed to load resource: Could not connect to the server. @ http://localhost:4401/dashboard/alerts?limit=6:0
[13368548ms] [ERROR] Failed to load resource: Could not connect to the server. @ http://localhost:4401/dashboard/overview:0
[13368549ms] [ERROR] Failed to load resource: Could not connect to the server. @ http://localhost:4401/dashboard/alerts?limit=6:0
[13368600ms] [ERROR] Failed to load resource: Could not connect to the server. @ http://localhost:4401/api/billing/ai-credits/summary:0
[13368805ms] [ERROR] Failed to load resource: Could not connect to the server. @ http://localhost:4401/api/billing/ai-credits/summary:0
[13369417ms] [ERROR] Failed to load resource: Could not connect to the server. @ http://localhost:4401/api/billing/ai-credits/summary:0
[13398611ms] [ERROR] Failed to load resource: Could not connect to the server. @ http://localhost:4401/api/billing/ai-credits/summary:0
[13398825ms] [ERROR] Failed to load resource: Could not connect to the server. @ http://localhost:4401/api/billing/ai-credits/summary:0
[13399431ms] [ERROR] Failed to load resource: Could not connect to the server. @ http://localhost:4401/api/billing/ai-credits/summary:0
[13427725ms] [ERROR] Failed to load resource: Could not connect to the server. @ http://localhost:4401/dashboard/overview:0
[13427735ms] [ERROR] Failed to load resource: Could not connect to the server. @ http://localhost:4401/dashboard/alerts?limit=6:0
[13427938ms] [ERROR] Failed to load resource: Could not connect to the server. @ http://localhost:4401/dashboard/overview:0
[13427941ms] [ERROR] Failed to load resource: Could not connect to the server. @ http://localhost:4401/dashboard/alerts?limit=6:0
[13428551ms] [ERROR] Failed to load resource: Could not connect to the server. @ http://localhost:4401/dashboard/overview:0
[13428552ms] [ERROR] Failed to load resource: Could not connect to the server. @ http://localhost:4401/dashboard/alerts?limit=6:0
[13428612ms] [ERROR] Failed to load resource: Could not connect to the server. @ http://localhost:4401/api/billing/ai-credits/summary:0
[13428817ms] [ERROR] Failed to load resource: Could not connect to the server. @ http://localhost:4401/api/billing/ai-credits/summary:0
[13429430ms] [ERROR] Failed to load resource: Could not connect to the server. @ http://localhost:4401/api/billing/ai-credits/summary:0
[13458621ms] [ERROR] Failed to load resource: Could not connect to the server. @ http://localhost:4401/api/billing/ai-credits/summary:0
[13458832ms] [ERROR] Failed to load resource: Could not connect to the server. @ http://localhost:4401/api/billing/ai-credits/summary:0
[13459444ms] [ERROR] Failed to load resource: Could not connect to the server. @ http://localhost:4401/api/billing/ai-credits/summary:0
[13487747ms] [ERROR] Failed to load resource: Could not connect to the server. @ http://localhost:4401/dashboard/overview:0
[13487748ms] [ERROR] Failed to load resource: Could not connect to the server. @ http://localhost:4401/dashboard/alerts?limit=6:0
[13487958ms] [ERROR] Failed to load resource: Could not connect to the server. @ http://localhost:4401/dashboard/overview:0
[13487961ms] [ERROR] Failed to load resource: Could not connect to the server. @ http://localhost:4401/dashboard/alerts?limit=6:0
[13488573ms] [ERROR] Failed to load resource: Could not connect to the server. @ http://localhost:4401/dashboard/overview:0
[13488575ms] [ERROR] Failed to load resource: Could not connect to the server. @ http://localhost:4401/dashboard/alerts?limit=6:0
[13488621ms] [ERROR] Failed to load resource: Could not connect to the server. @ http://localhost:4401/api/billing/ai-credits/summary:0
[13488825ms] [ERROR] Failed to load resource: Could not connect to the server. @ http://localhost:4401/api/billing/ai-credits/summary:0
[13489436ms] [ERROR] Failed to load resource: Could not connect to the server. @ http://localhost:4401/api/billing/ai-credits/summary:0
[13518628ms] [ERROR] Failed to load resource: Could not connect to the server. @ http://localhost:4401/api/billing/ai-credits/summary:0
[13518840ms] [ERROR] Failed to load resource: Could not connect to the server. @ http://localhost:4401/api/billing/ai-credits/summary:0
[13519450ms] [ERROR] Failed to load resource: Could not connect to the server. @ http://localhost:4401/api/billing/ai-credits/summary:0
[13547737ms] [ERROR] Failed to load resource: Could not connect to the server. @ http://localhost:4401/dashboard/overview:0
[13547745ms] [ERROR] Failed to load resource: Could not connect to the server. @ http://localhost:4401/dashboard/alerts?limit=6:0
[13547951ms] [ERROR] Failed to load resource: Could not connect to the server. @ http://localhost:4401/dashboard/overview:0
[13547952ms] [ERROR] Failed to load resource: Could not connect to the server. @ http://localhost:4401/dashboard/alerts?limit=6:0
[13548566ms] [ERROR] Failed to load resource: Could not connect to the server. @ http://localhost:4401/dashboard/overview:0
[13548568ms] [ERROR] Failed to load resource: Could not connect to the server. @ http://localhost:4401/dashboard/alerts?limit=6:0
[13548633ms] [ERROR] Failed to load resource: Could not connect to the server. @ http://localhost:4401/api/billing/ai-credits/summary:0
[13548838ms] [ERROR] Failed to load resource: Could not connect to the server. @ http://localhost:4401/api/billing/ai-credits/summary:0
[13549450ms] [ERROR] Failed to load resource: Could not connect to the server. @ http://localhost:4401/api/billing/ai-credits/summary:0
[13578639ms] [ERROR] Failed to load resource: Could not connect to the server. @ http://localhost:4401/api/billing/ai-credits/summary:0
[13578852ms] [ERROR] Failed to load resource: Could not connect to the server. @ http://localhost:4401/api/billing/ai-credits/summary:0
[13579462ms] [ERROR] Failed to load resource: Could not connect to the server. @ http://localhost:4401/api/billing/ai-credits/summary:0
[13607743ms] [ERROR] Failed to load resource: Could not connect to the server. @ http://localhost:4401/dashboard/overview:0
[13607750ms] [ERROR] Failed to load resource: Could not connect to the server. @ http://localhost:4401/dashboard/alerts?limit=6:0
[13607955ms] [ERROR] Failed to load resource: Could not connect to the server. @ http://localhost:4401/dashboard/overview:0
[13607956ms] [ERROR] Failed to load resource: Could not connect to the server. @ http://localhost:4401/dashboard/alerts?limit=6:0
[13608560ms] [ERROR] Failed to load resource: Could not connect to the server. @ http://localhost:4401/dashboard/overview:0
[13608560ms] [ERROR] Failed to load resource: Could not connect to the server. @ http://localhost:4401/dashboard/alerts?limit=6:0
[13608633ms] [ERROR] Failed to load resource: Could not connect to the server. @ http://localhost:4401/api/billing/ai-credits/summary:0
[13608845ms] [ERROR] Failed to load resource: Could not connect to the server. @ http://localhost:4401/api/billing/ai-credits/summary:0
[13609455ms] [ERROR] Failed to load resource: Could not connect to the server. @ http://localhost:4401/api/billing/ai-credits/summary:0
[13638649ms] [ERROR] Failed to load resource: Could not connect to the server. @ http://localhost:4401/api/billing/ai-credits/summary:0
[13638862ms] [ERROR] Failed to load resource: Could not connect to the server. @ http://localhost:4401/api/billing/ai-credits/summary:0
[13639473ms] [ERROR] Failed to load resource: Could not connect to the server. @ http://localhost:4401/api/billing/ai-credits/summary:0
[13667746ms] [ERROR] Failed to load resource: Could not connect to the server. @ http://localhost:4401/dashboard/overview:0
[13667756ms] [ERROR] Failed to load resource: Could not connect to the server. @ http://localhost:4401/dashboard/alerts?limit=6:0
[13667956ms] [ERROR] Failed to load resource: Could not connect to the server. @ http://localhost:4401/dashboard/overview:0
[13667960ms] [ERROR] Failed to load resource: Could not connect to the server. @ http://localhost:4401/dashboard/alerts?limit=6:0
[13668569ms] [ERROR] Failed to load resource: Could not connect to the server. @ http://localhost:4401/dashboard/overview:0
[13668570ms] [ERROR] Failed to load resource: Could not connect to the server. @ http://localhost:4401/dashboard/alerts?limit=6:0
[13668650ms] [ERROR] Failed to load resource: Could not connect to the server. @ http://localhost:4401/api/billing/ai-credits/summary:0
[13668855ms] [ERROR] Failed to load resource: Could not connect to the server. @ http://localhost:4401/api/billing/ai-credits/summary:0
[13669468ms] [ERROR] Failed to load resource: Could not connect to the server. @ http://localhost:4401/api/billing/ai-credits/summary:0
[13698657ms] [ERROR] Failed to load resource: Could not connect to the server. @ http://localhost:4401/api/billing/ai-credits/summary:0
[13698868ms] [ERROR] Failed to load resource: Could not connect to the server. @ http://localhost:4401/api/billing/ai-credits/summary:0
[13699473ms] [ERROR] Failed to load resource: Could not connect to the server. @ http://localhost:4401/api/billing/ai-credits/summary:0
[13727754ms] [ERROR] Failed to load resource: Could not connect to the server. @ http://localhost:4401/dashboard/overview:0
[13727761ms] [ERROR] Failed to load resource: Could not connect to the server. @ http://localhost:4401/dashboard/alerts?limit=6:0
[13727958ms] [ERROR] Failed to load resource: Could not connect to the server. @ http://localhost:4401/dashboard/overview:0
[13727964ms] [ERROR] Failed to load resource: Could not connect to the server. @ http://localhost:4401/dashboard/alerts?limit=6:0
[13728572ms] [ERROR] Failed to load resource: Could not connect to the server. @ http://localhost:4401/dashboard/overview:0
[13728573ms] [ERROR] Failed to load resource: Could not connect to the server. @ http://localhost:4401/dashboard/alerts?limit=6:0
[13728660ms] [ERROR] Failed to load resource: Could not connect to the server. @ http://localhost:4401/api/billing/ai-credits/summary:0
[13728871ms] [ERROR] Failed to load resource: Could not connect to the server. @ http://localhost:4401/api/billing/ai-credits/summary:0
[13729483ms] [ERROR] Failed to load resource: Could not connect to the server. @ http://localhost:4401/api/billing/ai-credits/summary:0
[13758667ms] [ERROR] Failed to load resource: Could not connect to the server. @ http://localhost:4401/api/billing/ai-credits/summary:0
[13758880ms] [ERROR] Failed to load resource: Could not connect to the server. @ http://localhost:4401/api/billing/ai-credits/summary:0
[13759493ms] [ERROR] Failed to load resource: Could not connect to the server. @ http://localhost:4401/api/billing/ai-credits/summary:0
[13787758ms] [ERROR] Failed to load resource: Could not connect to the server. @ http://localhost:4401/dashboard/overview:0
[13787767ms] [ERROR] Failed to load resource: Could not connect to the server. @ http://localhost:4401/dashboard/alerts?limit=6:0
[13787971ms] [ERROR] Failed to load resource: Could not connect to the server. @ http://localhost:4401/dashboard/overview:0
[13787974ms] [ERROR] Failed to load resource: Could not connect to the server. @ http://localhost:4401/dashboard/alerts?limit=6:0
[13788586ms] [ERROR] Failed to load resource: Could not connect to the server. @ http://localhost:4401/dashboard/overview:0
[13788587ms] [ERROR] Failed to load resource: Could not connect to the server. @ http://localhost:4401/dashboard/alerts?limit=6:0
[13788668ms] [ERROR] Failed to load resource: Could not connect to the server. @ http://localhost:4401/api/billing/ai-credits/summary:0
[13788874ms] [ERROR] Failed to load resource: Could not connect to the server. @ http://localhost:4401/api/billing/ai-credits/summary:0
[13789486ms] [ERROR] Failed to load resource: Could not connect to the server. @ http://localhost:4401/api/billing/ai-credits/summary:0
[13818676ms] [ERROR] Failed to load resource: Could not connect to the server. @ http://localhost:4401/api/billing/ai-credits/summary:0
[13818889ms] [ERROR] Failed to load resource: Could not connect to the server. @ http://localhost:4401/api/billing/ai-credits/summary:0
[13819498ms] [ERROR] Failed to load resource: Could not connect to the server. @ http://localhost:4401/api/billing/ai-credits/summary:0
[13847763ms] [ERROR] Failed to load resource: Could not connect to the server. @ http://localhost:4401/dashboard/overview:0
[13847771ms] [ERROR] Failed to load resource: Could not connect to the server. @ http://localhost:4401/dashboard/alerts?limit=6:0
[13847972ms] [ERROR] Failed to load resource: Could not connect to the server. @ http://localhost:4401/dashboard/overview:0
[13847977ms] [ERROR] Failed to load resource: Could not connect to the server. @ http://localhost:4401/dashboard/alerts?limit=6:0
[13848578ms] [ERROR] Failed to load resource: Could not connect to the server. @ http://localhost:4401/dashboard/overview:0
[13848579ms] [ERROR] Failed to load resource: Could not connect to the server. @ http://localhost:4401/dashboard/alerts?limit=6:0
[13848671ms] [ERROR] Failed to load resource: Could not connect to the server. @ http://localhost:4401/api/billing/ai-credits/summary:0
[13848882ms] [ERROR] Failed to load resource: Could not connect to the server. @ http://localhost:4401/api/billing/ai-credits/summary:0
[13849486ms] [ERROR] Failed to load resource: Could not connect to the server. @ http://localhost:4401/api/billing/ai-credits/summary:0
[13878680ms] [ERROR] Failed to load resource: Could not connect to the server. @ http://localhost:4401/api/billing/ai-credits/summary:0
[13878892ms] [ERROR] Failed to load resource: Could not connect to the server. @ http://localhost:4401/api/billing/ai-credits/summary:0
[13879505ms] [ERROR] Failed to load resource: Could not connect to the server. @ http://localhost:4401/api/billing/ai-credits/summary:0
[13907761ms] [ERROR] Failed to load resource: Could not connect to the server. @ http://localhost:4401/dashboard/overview:0
[13907776ms] [ERROR] Failed to load resource: Could not connect to the server. @ http://localhost:4401/dashboard/alerts?limit=6:0
[13907973ms] [ERROR] Failed to load resource: Could not connect to the server. @ http://localhost:4401/dashboard/overview:0
[13907980ms] [ERROR] Failed to load resource: Could not connect to the server. @ http://localhost:4401/dashboard/alerts?limit=6:0
[13908586ms] [ERROR] Failed to load resource: Could not connect to the server. @ http://localhost:4401/dashboard/overview:0
[13908587ms] [ERROR] Failed to load resource: Could not connect to the server. @ http://localhost:4401/dashboard/alerts?limit=6:0
[13908687ms] [ERROR] Failed to load resource: Could not connect to the server. @ http://localhost:4401/api/billing/ai-credits/summary:0
[13908892ms] [ERROR] Failed to load resource: Could not connect to the server. @ http://localhost:4401/api/billing/ai-credits/summary:0
[13909501ms] [ERROR] Failed to load resource: Could not connect to the server. @ http://localhost:4401/api/billing/ai-credits/summary:0
[13938694ms] [ERROR] Failed to load resource: Could not connect to the server. @ http://localhost:4401/api/billing/ai-credits/summary:0
[13938906ms] [ERROR] Failed to load resource: Could not connect to the server. @ http://localhost:4401/api/billing/ai-credits/summary:0
[13939520ms] [ERROR] Failed to load resource: Could not connect to the server. @ http://localhost:4401/api/billing/ai-credits/summary:0
[13967774ms] [ERROR] Failed to load resource: Could not connect to the server. @ http://localhost:4401/dashboard/overview:0
[13967782ms] [ERROR] Failed to load resource: Could not connect to the server. @ http://localhost:4401/dashboard/alerts?limit=6:0
[13967988ms] [ERROR] Failed to load resource: Could not connect to the server. @ http://localhost:4401/dashboard/overview:0
[13967989ms] [ERROR] Failed to load resource: Could not connect to the server. @ http://localhost:4401/dashboard/alerts?limit=6:0
[13968601ms] [ERROR] Failed to load resource: Could not connect to the server. @ http://localhost:4401/dashboard/overview:0
[13968603ms] [ERROR] Failed to load resource: Could not connect to the server. @ http://localhost:4401/dashboard/alerts?limit=6:0
[13968695ms] [ERROR] Failed to load resource: Could not connect to the server. @ http://localhost:4401/api/billing/ai-credits/summary:0
[13968900ms] [ERROR] Failed to load resource: Could not connect to the server. @ http://localhost:4401/api/billing/ai-credits/summary:0
[13969512ms] [ERROR] Failed to load resource: Could not connect to the server. @ http://localhost:4401/api/billing/ai-credits/summary:0
[13998704ms] [ERROR] Failed to load resource: Could not connect to the server. @ http://localhost:4401/api/billing/ai-credits/summary:0
[13998917ms] [ERROR] Failed to load resource: Could not connect to the server. @ http://localhost:4401/api/billing/ai-credits/summary:0
[13999531ms] [ERROR] Failed to load resource: Could not connect to the server. @ http://localhost:4401/api/billing/ai-credits/summary:0
[14027781ms] [ERROR] Failed to load resource: Could not connect to the server. @ http://localhost:4401/dashboard/overview:0
[14027786ms] [ERROR] Failed to load resource: Could not connect to the server. @ http://localhost:4401/dashboard/alerts?limit=6:0
[14027995ms] [ERROR] Failed to load resource: Could not connect to the server. @ http://localhost:4401/dashboard/overview:0
[14027996ms] [ERROR] Failed to load resource: Could not connect to the server. @ http://localhost:4401/dashboard/alerts?limit=6:0
[14028600ms] [ERROR] Failed to load resource: Could not connect to the server. @ http://localhost:4401/dashboard/overview:0
[14028601ms] [ERROR] Failed to load resource: Could not connect to the server. @ http://localhost:4401/dashboard/alerts?limit=6:0
[14028702ms] [ERROR] Failed to load resource: Could not connect to the server. @ http://localhost:4401/api/billing/ai-credits/summary:0
[14028915ms] [ERROR] Failed to load resource: Could not connect to the server. @ http://localhost:4401/api/billing/ai-credits/summary:0
[14029526ms] [ERROR] Failed to load resource: Could not connect to the server. @ http://localhost:4401/api/billing/ai-credits/summary:0
[14058712ms] [ERROR] Failed to load resource: Could not connect to the server. @ http://localhost:4401/api/billing/ai-credits/summary:0
[14058924ms] [ERROR] Failed to load resource: Could not connect to the server. @ http://localhost:4401/api/billing/ai-credits/summary:0
[14059530ms] [ERROR] Failed to load resource: Could not connect to the server. @ http://localhost:4401/api/billing/ai-credits/summary:0
[14087794ms] [ERROR] Failed to load resource: Could not connect to the server. @ http://localhost:4401/dashboard/overview:0
[14087795ms] [ERROR] Failed to load resource: Could not connect to the server. @ http://localhost:4401/dashboard/alerts?limit=6:0
[14088006ms] [ERROR] Failed to load resource: Could not connect to the server. @ http://localhost:4401/dashboard/overview:0
[14088008ms] [ERROR] Failed to load resource: Could not connect to the server. @ http://localhost:4401/dashboard/alerts?limit=6:0
[14088614ms] [ERROR] Failed to load resource: Could not connect to the server. @ http://localhost:4401/dashboard/overview:0
[14088615ms] [ERROR] Failed to load resource: Could not connect to the server. @ http://localhost:4401/dashboard/alerts?limit=6:0
[14088713ms] [ERROR] Failed to load resource: Could not connect to the server. @ http://localhost:4401/api/billing/ai-credits/summary:0
[14088926ms] [ERROR] Failed to load resource: Could not connect to the server. @ http://localhost:4401/api/billing/ai-credits/summary:0
[14089530ms] [ERROR] Failed to load resource: Could not connect to the server. @ http://localhost:4401/api/billing/ai-credits/summary:0
[14118720ms] [ERROR] Failed to load resource: Could not connect to the server. @ http://localhost:4401/api/billing/ai-credits/summary:0
[14118932ms] [ERROR] Failed to load resource: Could not connect to the server. @ http://localhost:4401/api/billing/ai-credits/summary:0
[14119546ms] [ERROR] Failed to load resource: Could not connect to the server. @ http://localhost:4401/api/billing/ai-credits/summary:0
[14147792ms] [ERROR] Failed to load resource: Could not connect to the server. @ http://localhost:4401/dashboard/overview:0
[14147797ms] [ERROR] Failed to load resource: Could not connect to the server. @ http://localhost:4401/dashboard/alerts?limit=6:0
[14147996ms] [ERROR] Failed to load resource: Could not connect to the server. @ http://localhost:4401/dashboard/overview:0
[14148000ms] [ERROR] Failed to load resource: Could not connect to the server. @ http://localhost:4401/dashboard/alerts?limit=6:0
[14148609ms] [ERROR] Failed to load resource: Could not connect to the server. @ http://localhost:4401/dashboard/overview:0
[14148610ms] [ERROR] Failed to load resource: Could not connect to the server. @ http://localhost:4401/dashboard/alerts?limit=6:0
[14148726ms] [ERROR] Failed to load resource: Could not connect to the server. @ http://localhost:4401/api/billing/ai-credits/summary:0
[14148937ms] [ERROR] Failed to load resource: Could not connect to the server. @ http://localhost:4401/api/billing/ai-credits/summary:0
[14149547ms] [ERROR] Failed to load resource: Could not connect to the server. @ http://localhost:4401/api/billing/ai-credits/summary:0
[14178728ms] [ERROR] Failed to load resource: Could not connect to the server. @ http://localhost:4401/api/billing/ai-credits/summary:0
[14178932ms] [ERROR] Failed to load resource: Could not connect to the server. @ http://localhost:4401/api/billing/ai-credits/summary:0
[14179536ms] [ERROR] Failed to load resource: Could not connect to the server. @ http://localhost:4401/api/billing/ai-credits/summary:0
[14207795ms] [ERROR] Failed to load resource: Could not connect to the server. @ http://localhost:4401/dashboard/overview:0
[14207802ms] [ERROR] Failed to load resource: Could not connect to the server. @ http://localhost:4401/dashboard/alerts?limit=6:0
[14208008ms] [ERROR] Failed to load resource: Could not connect to the server. @ http://localhost:4401/dashboard/overview:0
[14208009ms] [ERROR] Failed to load resource: Could not connect to the server. @ http://localhost:4401/dashboard/alerts?limit=6:0
[14208617ms] [ERROR] Failed to load resource: Could not connect to the server. @ http://localhost:4401/dashboard/overview:0
[14208618ms] [ERROR] Failed to load resource: Could not connect to the server. @ http://localhost:4401/dashboard/alerts?limit=6:0
[14208732ms] [ERROR] Failed to load resource: Could not connect to the server. @ http://localhost:4401/api/billing/ai-credits/summary:0
[14208937ms] [ERROR] Failed to load resource: Could not connect to the server. @ http://localhost:4401/api/billing/ai-credits/summary:0
[14209552ms] [ERROR] Failed to load resource: Could not connect to the server. @ http://localhost:4401/api/billing/ai-credits/summary:0
[14238742ms] [ERROR] Failed to load resource: Could not connect to the server. @ http://localhost:4401/api/billing/ai-credits/summary:0
[14238954ms] [ERROR] Failed to load resource: Could not connect to the server. @ http://localhost:4401/api/billing/ai-credits/summary:0
[14239557ms] [ERROR] Failed to load resource: Could not connect to the server. @ http://localhost:4401/api/billing/ai-credits/summary:0
[14267798ms] [ERROR] Failed to load resource: Could not connect to the server. @ http://localhost:4401/dashboard/overview:0
[14267807ms] [ERROR] Failed to load resource: Could not connect to the server. @ http://localhost:4401/dashboard/alerts?limit=6:0
[14268005ms] [ERROR] Failed to load resource: Could not connect to the server. @ http://localhost:4401/dashboard/overview:0
[14268009ms] [ERROR] Failed to load resource: Could not connect to the server. @ http://localhost:4401/dashboard/alerts?limit=6:0
[14268616ms] [ERROR] Failed to load resource: Could not connect to the server. @ http://localhost:4401/dashboard/overview:0
[14268617ms] [ERROR] Failed to load resource: Could not connect to the server. @ http://localhost:4401/dashboard/alerts?limit=6:0
[14268742ms] [ERROR] Failed to load resource: Could not connect to the server. @ http://localhost:4401/api/billing/ai-credits/summary:0
[14268953ms] [ERROR] Failed to load resource: Could not connect to the server. @ http://localhost:4401/api/billing/ai-credits/summary:0
[14269561ms] [ERROR] Failed to load resource: Could not connect to the server. @ http://localhost:4401/api/billing/ai-credits/summary:0
[14298737ms] [ERROR] Failed to load resource: Could not connect to the server. @ http://localhost:4401/api/billing/ai-credits/summary:0
[14298948ms] [ERROR] Failed to load resource: Could not connect to the server. @ http://localhost:4401/api/billing/ai-credits/summary:0
[14299562ms] [ERROR] Failed to load resource: Could not connect to the server. @ http://localhost:4401/api/billing/ai-credits/summary:0
[14327784ms] [ERROR] Failed to load resource: Could not connect to the server. @ http://localhost:4401/dashboard/overview:0
[14327798ms] [ERROR] Failed to load resource: Could not connect to the server. @ http://localhost:4401/dashboard/alerts?limit=6:0
[14327991ms] [ERROR] Failed to load resource: Could not connect to the server. @ http://localhost:4401/dashboard/overview:0
[14328004ms] [ERROR] Failed to load resource: Could not connect to the server. @ http://localhost:4401/dashboard/alerts?limit=6:0
[14328604ms] [ERROR] Failed to load resource: Could not connect to the server. @ http://localhost:4401/dashboard/overview:0
[14328609ms] [ERROR] Failed to load resource: Could not connect to the server. @ http://localhost:4401/dashboard/alerts?limit=6:0
[14328734ms] [ERROR] Failed to load resource: Could not connect to the server. @ http://localhost:4401/api/billing/ai-credits/summary:0
[14328939ms] [ERROR] Failed to load resource: Could not connect to the server. @ http://localhost:4401/api/billing/ai-credits/summary:0
[14329552ms] [ERROR] Failed to load resource: Could not connect to the server. @ http://localhost:4401/api/billing/ai-credits/summary:0
[14358736ms] [ERROR] Failed to load resource: Could not connect to the server. @ http://localhost:4401/api/billing/ai-credits/summary:0
[14358938ms] [ERROR] Failed to load resource: Could not connect to the server. @ http://localhost:4401/api/billing/ai-credits/summary:0
[14359554ms] [ERROR] Failed to load resource: Could not connect to the server. @ http://localhost:4401/api/billing/ai-credits/summary:0
[14387789ms] [ERROR] Failed to load resource: Could not connect to the server. @ http://localhost:4401/dashboard/overview:0
[14387803ms] [ERROR] Failed to load resource: Could not connect to the server. @ http://localhost:4401/dashboard/alerts?limit=6:0
[14387994ms] [ERROR] Failed to load resource: Could not connect to the server. @ http://localhost:4401/dashboard/overview:0
[14388007ms] [ERROR] Failed to load resource: Could not connect to the server. @ http://localhost:4401/dashboard/alerts?limit=6:0
[14388599ms] [ERROR] Failed to load resource: Could not connect to the server. @ http://localhost:4401/dashboard/overview:0
[14388610ms] [ERROR] Failed to load resource: Could not connect to the server. @ http://localhost:4401/dashboard/alerts?limit=6:0
[14388739ms] [ERROR] Failed to load resource: Could not connect to the server. @ http://localhost:4401/api/billing/ai-credits/summary:0
[14388944ms] [ERROR] Failed to load resource: Could not connect to the server. @ http://localhost:4401/api/billing/ai-credits/summary:0
[14389549ms] [ERROR] Failed to load resource: Could not connect to the server. @ http://localhost:4401/api/billing/ai-credits/summary:0
[14418765ms] [ERROR] Failed to load resource: Could not connect to the server. @ http://localhost:4401/api/billing/ai-credits/summary:0
[14418976ms] [ERROR] Failed to load resource: Could not connect to the server. @ http://localhost:4401/api/billing/ai-credits/summary:0
[14419582ms] [ERROR] Failed to load resource: Could not connect to the server. @ http://localhost:4401/api/billing/ai-credits/summary:0
[14447800ms] [ERROR] Failed to load resource: Could not connect to the server. @ http://localhost:4401/dashboard/overview:0
[14447808ms] [ERROR] Failed to load resource: Could not connect to the server. @ http://localhost:4401/dashboard/alerts?limit=6:0
[14448008ms] [ERROR] Failed to load resource: Could not connect to the server. @ http://localhost:4401/dashboard/overview:0
[14448011ms] [ERROR] Failed to load resource: Could not connect to the server. @ http://localhost:4401/dashboard/alerts?limit=6:0
[14448621ms] [ERROR] Failed to load resource: Could not connect to the server. @ http://localhost:4401/dashboard/overview:0
[14448622ms] [ERROR] Failed to load resource: Could not connect to the server. @ http://localhost:4401/dashboard/alerts?limit=6:0
[14448754ms] [ERROR] Failed to load resource: Could not connect to the server. @ http://localhost:4401/api/billing/ai-credits/summary:0
[14448965ms] [ERROR] Failed to load resource: Could not connect to the server. @ http://localhost:4401/api/billing/ai-credits/summary:0
[14449576ms] [ERROR] Failed to load resource: Could not connect to the server. @ http://localhost:4401/api/billing/ai-credits/summary:0
[14478757ms] [ERROR] Failed to load resource: Could not connect to the server. @ http://localhost:4401/api/billing/ai-credits/summary:0
[14478961ms] [ERROR] Failed to load resource: Could not connect to the server. @ http://localhost:4401/api/billing/ai-credits/summary:0
[14479566ms] [ERROR] Failed to load resource: Could not connect to the server. @ http://localhost:4401/api/billing/ai-credits/summary:0
[14507812ms] [ERROR] Failed to load resource: Could not connect to the server. @ http://localhost:4401/dashboard/overview:0
[14507814ms] [ERROR] Failed to load resource: Could not connect to the server. @ http://localhost:4401/dashboard/alerts?limit=6:0
[14508025ms] [ERROR] Failed to load resource: Could not connect to the server. @ http://localhost:4401/dashboard/overview:0
[14508026ms] [ERROR] Failed to load resource: Could not connect to the server. @ http://localhost:4401/dashboard/alerts?limit=6:0
[14508630ms] [ERROR] Failed to load resource: Could not connect to the server. @ http://localhost:4401/dashboard/overview:0
[14508631ms] [ERROR] Failed to load resource: Could not connect to the server. @ http://localhost:4401/dashboard/alerts?limit=6:0
[14508759ms] [ERROR] Failed to load resource: Could not connect to the server. @ http://localhost:4401/api/billing/ai-credits/summary:0
[14508971ms] [ERROR] Failed to load resource: Could not connect to the server. @ http://localhost:4401/api/billing/ai-credits/summary:0
[14509576ms] [ERROR] Failed to load resource: Could not connect to the server. @ http://localhost:4401/api/billing/ai-credits/summary:0
[14538770ms] [ERROR] Failed to load resource: Could not connect to the server. @ http://localhost:4401/api/billing/ai-credits/summary:0
[14538982ms] [ERROR] Failed to load resource: Could not connect to the server. @ http://localhost:4401/api/billing/ai-credits/summary:0
[14539595ms] [ERROR] Failed to load resource: Could not connect to the server. @ http://localhost:4401/api/billing/ai-credits/summary:0
[14567812ms] [ERROR] Failed to load resource: Could not connect to the server. @ http://localhost:4401/dashboard/overview:0
[14567818ms] [ERROR] Failed to load resource: Could not connect to the server. @ http://localhost:4401/dashboard/alerts?limit=6:0
[14568026ms] [ERROR] Failed to load resource: Could not connect to the server. @ http://localhost:4401/dashboard/overview:0
[14568027ms] [ERROR] Failed to load resource: Could not connect to the server. @ http://localhost:4401/dashboard/alerts?limit=6:0
[14568639ms] [ERROR] Failed to load resource: Could not connect to the server. @ http://localhost:4401/dashboard/overview:0
[14568640ms] [ERROR] Failed to load resource: Could not connect to the server. @ http://localhost:4401/dashboard/alerts?limit=6:0
[14568770ms] [ERROR] Failed to load resource: Could not connect to the server. @ http://localhost:4401/api/billing/ai-credits/summary:0
[14568977ms] [ERROR] Failed to load resource: Could not connect to the server. @ http://localhost:4401/api/billing/ai-credits/summary:0
[14569589ms] [ERROR] Failed to load resource: Could not connect to the server. @ http://localhost:4401/api/billing/ai-credits/summary:0
[14598779ms] [ERROR] Failed to load resource: Could not connect to the server. @ http://localhost:4401/api/billing/ai-credits/summary:0
[14598993ms] [ERROR] Failed to load resource: Could not connect to the server. @ http://localhost:4401/api/billing/ai-credits/summary:0
[14599605ms] [ERROR] Failed to load resource: Could not connect to the server. @ http://localhost:4401/api/billing/ai-credits/summary:0
[14627816ms] [ERROR] Failed to load resource: Could not connect to the server. @ http://localhost:4401/dashboard/overview:0
[14627822ms] [ERROR] Failed to load resource: Could not connect to the server. @ http://localhost:4401/dashboard/alerts?limit=6:0
[14628023ms] [ERROR] Failed to load resource: Could not connect to the server. @ http://localhost:4401/dashboard/overview:0
[14628025ms] [ERROR] Failed to load resource: Could not connect to the server. @ http://localhost:4401/dashboard/alerts?limit=6:0
[14628632ms] [ERROR] Failed to load resource: Could not connect to the server. @ http://localhost:4401/dashboard/overview:0
[14628634ms] [ERROR] Failed to load resource: Could not connect to the server. @ http://localhost:4401/dashboard/alerts?limit=6:0
[14628777ms] [ERROR] Failed to load resource: Could not connect to the server. @ http://localhost:4401/api/billing/ai-credits/summary:0
[14628980ms] [ERROR] Failed to load resource: Could not connect to the server. @ http://localhost:4401/api/billing/ai-credits/summary:0
[14629588ms] [ERROR] Failed to load resource: Could not connect to the server. @ http://localhost:4401/api/billing/ai-credits/summary:0
[14658782ms] [ERROR] Failed to load resource: Could not connect to the server. @ http://localhost:4401/api/billing/ai-credits/summary:0
[14658988ms] [ERROR] Failed to load resource: Could not connect to the server. @ http://localhost:4401/api/billing/ai-credits/summary:0
[14659594ms] [ERROR] Failed to load resource: Could not connect to the server. @ http://localhost:4401/api/billing/ai-credits/summary:0
[14687812ms] [ERROR] Failed to load resource: Could not connect to the server. @ http://localhost:4401/dashboard/overview:0
[14687828ms] [ERROR] Failed to load resource: Could not connect to the server. @ http://localhost:4401/dashboard/alerts?limit=6:0
[14688016ms] [ERROR] Failed to load resource: Could not connect to the server. @ http://localhost:4401/dashboard/overview:0
[14688031ms] [ERROR] Failed to load resource: Could not connect to the server. @ http://localhost:4401/dashboard/alerts?limit=6:0
[14688624ms] [ERROR] Failed to load resource: Could not connect to the server. @ http://localhost:4401/dashboard/overview:0
[14688637ms] [ERROR] Failed to load resource: Could not connect to the server. @ http://localhost:4401/dashboard/alerts?limit=6:0
[14688789ms] [ERROR] Failed to load resource: Could not connect to the server. @ http://localhost:4401/api/billing/ai-credits/summary:0
[14688993ms] [ERROR] Failed to load resource: Could not connect to the server. @ http://localhost:4401/api/billing/ai-credits/summary:0
[14689602ms] [ERROR] Failed to load resource: Could not connect to the server. @ http://localhost:4401/api/billing/ai-credits/summary:0
[14718794ms] [ERROR] Failed to load resource: Could not connect to the server. @ http://localhost:4401/api/billing/ai-credits/summary:0
[14719003ms] [ERROR] Failed to load resource: Could not connect to the server. @ http://localhost:4401/api/billing/ai-credits/summary:0
[14719607ms] [ERROR] Failed to load resource: Could not connect to the server. @ http://localhost:4401/api/billing/ai-credits/summary:0
[14747827ms] [ERROR] Failed to load resource: Could not connect to the server. @ http://localhost:4401/dashboard/overview:0
[14747832ms] [ERROR] Failed to load resource: Could not connect to the server. @ http://localhost:4401/dashboard/alerts?limit=6:0
[14748034ms] [ERROR] Failed to load resource: Could not connect to the server. @ http://localhost:4401/dashboard/overview:0
[14748035ms] [ERROR] Failed to load resource: Could not connect to the server. @ http://localhost:4401/dashboard/alerts?limit=6:0
[14748642ms] [ERROR] Failed to load resource: Could not connect to the server. @ http://localhost:4401/dashboard/overview:0
[14748643ms] [ERROR] Failed to load resource: Could not connect to the server. @ http://localhost:4401/dashboard/alerts?limit=6:0
[14748799ms] [ERROR] Failed to load resource: Could not connect to the server. @ http://localhost:4401/api/billing/ai-credits/summary:0
[14749005ms] [ERROR] Failed to load resource: Could not connect to the server. @ http://localhost:4401/api/billing/ai-credits/summary:0
[14749614ms] [ERROR] Failed to load resource: Could not connect to the server. @ http://localhost:4401/api/billing/ai-credits/summary:0
[14778804ms] [ERROR] Failed to load resource: Could not connect to the server. @ http://localhost:4401/api/billing/ai-credits/summary:0
[14779013ms] [ERROR] Failed to load resource: Could not connect to the server. @ http://localhost:4401/api/billing/ai-credits/summary:0
[14779622ms] [ERROR] Failed to load resource: Could not connect to the server. @ http://localhost:4401/api/billing/ai-credits/summary:0
[14807822ms] [ERROR] Failed to load resource: Could not connect to the server. @ http://localhost:4401/dashboard/overview:0
[14807837ms] [ERROR] Failed to load resource: Could not connect to the server. @ http://localhost:4401/dashboard/alerts?limit=6:0
[14808027ms] [ERROR] Failed to load resource: Could not connect to the server. @ http://localhost:4401/dashboard/overview:0
[14808043ms] [ERROR] Failed to load resource: Could not connect to the server. @ http://localhost:4401/dashboard/alerts?limit=6:0
[14808636ms] [ERROR] Failed to load resource: Could not connect to the server. @ http://localhost:4401/dashboard/overview:0
[14808649ms] [ERROR] Failed to load resource: Could not connect to the server. @ http://localhost:4401/dashboard/alerts?limit=6:0
[14808803ms] [ERROR] Failed to load resource: Could not connect to the server. @ http://localhost:4401/api/billing/ai-credits/summary:0
[14809007ms] [ERROR] Failed to load resource: Could not connect to the server. @ http://localhost:4401/api/billing/ai-credits/summary:0
[14809615ms] [ERROR] Failed to load resource: Could not connect to the server. @ http://localhost:4401/api/billing/ai-credits/summary:0
[14838812ms] [ERROR] Failed to load resource: Could not connect to the server. @ http://localhost:4401/api/billing/ai-credits/summary:0
[14839022ms] [ERROR] Failed to load resource: Could not connect to the server. @ http://localhost:4401/api/billing/ai-credits/summary:0
[14839627ms] [ERROR] Failed to load resource: Could not connect to the server. @ http://localhost:4401/api/billing/ai-credits/summary:0
[14867828ms] [ERROR] Failed to load resource: Could not connect to the server. @ http://localhost:4401/dashboard/overview:0
[14867843ms] [ERROR] Failed to load resource: Could not connect to the server. @ http://localhost:4401/dashboard/alerts?limit=6:0
[14868031ms] [ERROR] Failed to load resource: Could not connect to the server. @ http://localhost:4401/dashboard/overview:0
[14868046ms] [ERROR] Failed to load resource: Could not connect to the server. @ http://localhost:4401/dashboard/alerts?limit=6:0
[14868640ms] [ERROR] Failed to load resource: Could not connect to the server. @ http://localhost:4401/dashboard/overview:0
[14868652ms] [ERROR] Failed to load resource: Could not connect to the server. @ http://localhost:4401/dashboard/alerts?limit=6:0
[14868816ms] [ERROR] Failed to load resource: Could not connect to the server. @ http://localhost:4401/api/billing/ai-credits/summary:0
[14869020ms] [ERROR] Failed to load resource: Could not connect to the server. @ http://localhost:4401/api/billing/ai-credits/summary:0
[14869624ms] [ERROR] Failed to load resource: Could not connect to the server. @ http://localhost:4401/api/billing/ai-credits/summary:0
[14898822ms] [ERROR] Failed to load resource: Could not connect to the server. @ http://localhost:4401/api/billing/ai-credits/summary:0
[14899030ms] [ERROR] Failed to load resource: Could not connect to the server. @ http://localhost:4401/api/billing/ai-credits/summary:0
[14899634ms] [ERROR] Failed to load resource: Could not connect to the server. @ http://localhost:4401/api/billing/ai-credits/summary:0
[14927834ms] [ERROR] Failed to load resource: Could not connect to the server. @ http://localhost:4401/dashboard/overview:0
[14927848ms] [ERROR] Failed to load resource: Could not connect to the server. @ http://localhost:4401/dashboard/alerts?limit=6:0
[14928038ms] [ERROR] Failed to load resource: Could not connect to the server. @ http://localhost:4401/dashboard/overview:0
[14928051ms] [ERROR] Failed to load resource: Could not connect to the server. @ http://localhost:4401/dashboard/alerts?limit=6:0
[14928645ms] [ERROR] Failed to load resource: Could not connect to the server. @ http://localhost:4401/dashboard/overview:0
[14928656ms] [ERROR] Failed to load resource: Could not connect to the server. @ http://localhost:4401/dashboard/alerts?limit=6:0
[14928823ms] [ERROR] Failed to load resource: Could not connect to the server. @ http://localhost:4401/api/billing/ai-credits/summary:0
[14929028ms] [ERROR] Failed to load resource: Could not connect to the server. @ http://localhost:4401/api/billing/ai-credits/summary:0
[14929639ms] [ERROR] Failed to load resource: Could not connect to the server. @ http://localhost:4401/api/billing/ai-credits/summary:0
[14958828ms] [ERROR] Failed to load resource: Could not connect to the server. @ http://localhost:4401/api/billing/ai-credits/summary:0
[14959037ms] [ERROR] Failed to load resource: Could not connect to the server. @ http://localhost:4401/api/billing/ai-credits/summary:0
[14959646ms] [ERROR] Failed to load resource: Could not connect to the server. @ http://localhost:4401/api/billing/ai-credits/summary:0
[14987843ms] [ERROR] Failed to load resource: Could not connect to the server. @ http://localhost:4401/dashboard/overview:0
[14987855ms] [ERROR] Failed to load resource: Could not connect to the server. @ http://localhost:4401/dashboard/alerts?limit=6:0
[14988053ms] [ERROR] Failed to load resource: Could not connect to the server. @ http://localhost:4401/dashboard/overview:0
[14988061ms] [ERROR] Failed to load resource: Could not connect to the server. @ http://localhost:4401/dashboard/alerts?limit=6:0
[14988657ms] [ERROR] Failed to load resource: Could not connect to the server. @ http://localhost:4401/dashboard/overview:0
[14988663ms] [ERROR] Failed to load resource: Could not connect to the server. @ http://localhost:4401/dashboard/alerts?limit=6:0
[14988831ms] [ERROR] Failed to load resource: Could not connect to the server. @ http://localhost:4401/api/billing/ai-credits/summary:0
[14989040ms] [ERROR] Failed to load resource: Could not connect to the server. @ http://localhost:4401/api/billing/ai-credits/summary:0
[14989649ms] [ERROR] Failed to load resource: Could not connect to the server. @ http://localhost:4401/api/billing/ai-credits/summary:0
[15018835ms] [ERROR] Failed to load resource: Could not connect to the server. @ http://localhost:4401/api/billing/ai-credits/summary:0
[15019042ms] [ERROR] Failed to load resource: Could not connect to the server. @ http://localhost:4401/api/billing/ai-credits/summary:0
[15019651ms] [ERROR] Failed to load resource: Could not connect to the server. @ http://localhost:4401/api/billing/ai-credits/summary:0
[15047848ms] [ERROR] Failed to load resource: Could not connect to the server. @ http://localhost:4401/dashboard/overview:0
[15047860ms] [ERROR] Failed to load resource: Could not connect to the server. @ http://localhost:4401/dashboard/alerts?limit=6:0
[15048055ms] [ERROR] Failed to load resource: Could not connect to the server. @ http://localhost:4401/dashboard/overview:0
[15048068ms] [ERROR] Failed to load resource: Could not connect to the server. @ http://localhost:4401/dashboard/alerts?limit=6:0
[15048664ms] [ERROR] Failed to load resource: Could not connect to the server. @ http://localhost:4401/dashboard/overview:0
[15048674ms] [ERROR] Failed to load resource: Could not connect to the server. @ http://localhost:4401/dashboard/alerts?limit=6:0
[15048842ms] [ERROR] Failed to load resource: Could not connect to the server. @ http://localhost:4401/api/billing/ai-credits/summary:0
[15049048ms] [ERROR] Failed to load resource: Could not connect to the server. @ http://localhost:4401/api/billing/ai-credits/summary:0
[15049656ms] [ERROR] Failed to load resource: Could not connect to the server. @ http://localhost:4401/api/billing/ai-credits/summary:0
[15078851ms] [ERROR] Failed to load resource: Could not connect to the server. @ http://localhost:4401/api/billing/ai-credits/summary:0
[15079057ms] [ERROR] Failed to load resource: Could not connect to the server. @ http://localhost:4401/api/billing/ai-credits/summary:0
[15079668ms] [ERROR] Failed to load resource: Could not connect to the server. @ http://localhost:4401/api/billing/ai-credits/summary:0
[15107852ms] [ERROR] Failed to load resource: Could not connect to the server. @ http://localhost:4401/dashboard/overview:0
[15107865ms] [ERROR] Failed to load resource: Could not connect to the server. @ http://localhost:4401/dashboard/alerts?limit=6:0
[15108058ms] [ERROR] Failed to load resource: Could not connect to the server. @ http://localhost:4401/dashboard/overview:0
[15108069ms] [ERROR] Failed to load resource: Could not connect to the server. @ http://localhost:4401/dashboard/alerts?limit=6:0
[15108669ms] [ERROR] Failed to load resource: Could not connect to the server. @ http://localhost:4401/dashboard/overview:0
[15108673ms] [ERROR] Failed to load resource: Could not connect to the server. @ http://localhost:4401/dashboard/alerts?limit=6:0
[15108849ms] [ERROR] Failed to load resource: Could not connect to the server. @ http://localhost:4401/api/billing/ai-credits/summary:0
[15109056ms] [ERROR] Failed to load resource: Could not connect to the server. @ http://localhost:4401/api/billing/ai-credits/summary:0
[15109664ms] [ERROR] Failed to load resource: Could not connect to the server. @ http://localhost:4401/api/billing/ai-credits/summary:0
[15138858ms] [ERROR] Failed to load resource: Could not connect to the server. @ http://localhost:4401/api/billing/ai-credits/summary:0
[15139067ms] [ERROR] Failed to load resource: Could not connect to the server. @ http://localhost:4401/api/billing/ai-credits/summary:0
[15139675ms] [ERROR] Failed to load resource: Could not connect to the server. @ http://localhost:4401/api/billing/ai-credits/summary:0
[15167854ms] [ERROR] Failed to load resource: Could not connect to the server. @ http://localhost:4401/dashboard/overview:0
[15167870ms] [ERROR] Failed to load resource: Could not connect to the server. @ http://localhost:4401/dashboard/alerts?limit=6:0
[15168058ms] [ERROR] Failed to load resource: Could not connect to the server. @ http://localhost:4401/dashboard/overview:0
[15168073ms] [ERROR] Failed to load resource: Could not connect to the server. @ http://localhost:4401/dashboard/alerts?limit=6:0
[15168664ms] [ERROR] Failed to load resource: Could not connect to the server. @ http://localhost:4401/dashboard/overview:0
[15168678ms] [ERROR] Failed to load resource: Could not connect to the server. @ http://localhost:4401/dashboard/alerts?limit=6:0
[15168860ms] [ERROR] Failed to load resource: Could not connect to the server. @ http://localhost:4401/api/billing/ai-credits/summary:0
[15169065ms] [ERROR] Failed to load resource: Could not connect to the server. @ http://localhost:4401/api/billing/ai-credits/summary:0
[15169674ms] [ERROR] Failed to load resource: Could not connect to the server. @ http://localhost:4401/api/billing/ai-credits/summary:0
[15198868ms] [ERROR] Failed to load resource: Could not connect to the server. @ http://localhost:4401/api/billing/ai-credits/summary:0
[15199081ms] [ERROR] Failed to load resource: Could not connect to the server. @ http://localhost:4401/api/billing/ai-credits/summary:0
[15199687ms] [ERROR] Failed to load resource: Could not connect to the server. @ http://localhost:4401/api/billing/ai-credits/summary:0
[15227860ms] [ERROR] Failed to load resource: Could not connect to the server. @ http://localhost:4401/dashboard/overview:0
[15227875ms] [ERROR] Failed to load resource: Could not connect to the server. @ http://localhost:4401/dashboard/alerts?limit=6:0
[15228070ms] [ERROR] Failed to load resource: Could not connect to the server. @ http://localhost:4401/dashboard/overview:0
[15228081ms] [ERROR] Failed to load resource: Could not connect to the server. @ http://localhost:4401/dashboard/alerts?limit=6:0
[15228678ms] [ERROR] Failed to load resource: Could not connect to the server. @ http://localhost:4401/dashboard/overview:0
[15228688ms] [ERROR] Failed to load resource: Could not connect to the server. @ http://localhost:4401/dashboard/alerts?limit=6:0
[15228869ms] [ERROR] Failed to load resource: Could not connect to the server. @ http://localhost:4401/api/billing/ai-credits/summary:0
[15229073ms] [ERROR] Failed to load resource: Could not connect to the server. @ http://localhost:4401/api/billing/ai-credits/summary:0
[15229682ms] [ERROR] Failed to load resource: Could not connect to the server. @ http://localhost:4401/api/billing/ai-credits/summary:0
[15258876ms] [ERROR] Failed to load resource: Could not connect to the server. @ http://localhost:4401/api/billing/ai-credits/summary:0
[15259082ms] [ERROR] Failed to load resource: Could not connect to the server. @ http://localhost:4401/api/billing/ai-credits/summary:0
[15259692ms] [ERROR] Failed to load resource: Could not connect to the server. @ http://localhost:4401/api/billing/ai-credits/summary:0
[15287864ms] [ERROR] Failed to load resource: Could not connect to the server. @ http://localhost:4401/dashboard/overview:0
[15287877ms] [ERROR] Failed to load resource: Could not connect to the server. @ http://localhost:4401/dashboard/alerts?limit=6:0
[15288073ms] [ERROR] Failed to load resource: Could not connect to the server. @ http://localhost:4401/dashboard/overview:0
[15288083ms] [ERROR] Failed to load resource: Could not connect to the server. @ http://localhost:4401/dashboard/alerts?limit=6:0
[15288678ms] [ERROR] Failed to load resource: Could not connect to the server. @ http://localhost:4401/dashboard/overview:0
[15288687ms] [ERROR] Failed to load resource: Could not connect to the server. @ http://localhost:4401/dashboard/alerts?limit=6:0
[15288874ms] [ERROR] Failed to load resource: Could not connect to the server. @ http://localhost:4401/api/billing/ai-credits/summary:0
[15289078ms] [ERROR] Failed to load resource: Could not connect to the server. @ http://localhost:4401/api/billing/ai-credits/summary:0
[15289684ms] [ERROR] Failed to load resource: Could not connect to the server. @ http://localhost:4401/api/billing/ai-credits/summary:0
[15318881ms] [ERROR] Failed to load resource: Could not connect to the server. @ http://localhost:4401/api/billing/ai-credits/summary:0
[15319090ms] [ERROR] Failed to load resource: Could not connect to the server. @ http://localhost:4401/api/billing/ai-credits/summary:0
[15319700ms] [ERROR] Failed to load resource: Could not connect to the server. @ http://localhost:4401/api/billing/ai-credits/summary:0
[15347868ms] [ERROR] Failed to load resource: Could not connect to the server. @ http://localhost:4401/dashboard/overview:0
[15347882ms] [ERROR] Failed to load resource: Could not connect to the server. @ http://localhost:4401/dashboard/alerts?limit=6:0
[15348071ms] [ERROR] Failed to load resource: Could not connect to the server. @ http://localhost:4401/dashboard/overview:0
[15348086ms] [ERROR] Failed to load resource: Could not connect to the server. @ http://localhost:4401/dashboard/alerts?limit=6:0
[15348678ms] [ERROR] Failed to load resource: Could not connect to the server. @ http://localhost:4401/dashboard/overview:0
[15348692ms] [ERROR] Failed to load resource: Could not connect to the server. @ http://localhost:4401/dashboard/alerts?limit=6:0
[15348886ms] [ERROR] Failed to load resource: Could not connect to the server. @ http://localhost:4401/api/billing/ai-credits/summary:0
[15349089ms] [ERROR] Failed to load resource: Could not connect to the server. @ http://localhost:4401/api/billing/ai-credits/summary:0
[15349696ms] [ERROR] Failed to load resource: Could not connect to the server. @ http://localhost:4401/api/billing/ai-credits/summary:0
[15378893ms] [ERROR] Failed to load resource: Could not connect to the server. @ http://localhost:4401/api/billing/ai-credits/summary:0
[15379101ms] [ERROR] Failed to load resource: Could not connect to the server. @ http://localhost:4401/api/billing/ai-credits/summary:0
[15379709ms] [ERROR] Failed to load resource: Could not connect to the server. @ http://localhost:4401/api/billing/ai-credits/summary:0
[15407879ms] [ERROR] Failed to load resource: Could not connect to the server. @ http://localhost:4401/dashboard/overview:0
[15407889ms] [ERROR] Failed to load resource: Could not connect to the server. @ http://localhost:4401/dashboard/alerts?limit=6:0
[15408088ms] [ERROR] Failed to load resource: Could not connect to the server. @ http://localhost:4401/dashboard/overview:0
[15408094ms] [ERROR] Failed to load resource: Could not connect to the server. @ http://localhost:4401/dashboard/alerts?limit=6:0
[15408696ms] [ERROR] Failed to load resource: Could not connect to the server. @ http://localhost:4401/dashboard/overview:0
[15408700ms] [ERROR] Failed to load resource: Could not connect to the server. @ http://localhost:4401/dashboard/alerts?limit=6:0
[15408895ms] [ERROR] Failed to load resource: Could not connect to the server. @ http://localhost:4401/api/billing/ai-credits/summary:0
[15409099ms] [ERROR] Failed to load resource: Could not connect to the server. @ http://localhost:4401/api/billing/ai-credits/summary:0
[15409708ms] [ERROR] Failed to load resource: Could not connect to the server. @ http://localhost:4401/api/billing/ai-credits/summary:0
[15438898ms] [ERROR] Failed to load resource: Could not connect to the server. @ http://localhost:4401/api/billing/ai-credits/summary:0
[15439109ms] [ERROR] Failed to load resource: Could not connect to the server. @ http://localhost:4401/api/billing/ai-credits/summary:0
[15439718ms] [ERROR] Failed to load resource: Could not connect to the server. @ http://localhost:4401/api/billing/ai-credits/summary:0
[15467884ms] [ERROR] Failed to load resource: Could not connect to the server. @ http://localhost:4401/dashboard/overview:0
[15467892ms] [ERROR] Failed to load resource: Could not connect to the server. @ http://localhost:4401/dashboard/alerts?limit=6:0
[15468089ms] [ERROR] Failed to load resource: Could not connect to the server. @ http://localhost:4401/dashboard/overview:0
[15468095ms] [ERROR] Failed to load resource: Could not connect to the server. @ http://localhost:4401/dashboard/alerts?limit=6:0
[15468702ms] [ERROR] Failed to load resource: Could not connect to the server. @ http://localhost:4401/dashboard/overview:0
[15468703ms] [ERROR] Failed to load resource: Could not connect to the server. @ http://localhost:4401/dashboard/alerts?limit=6:0
[15468903ms] [ERROR] Failed to load resource: Could not connect to the server. @ http://localhost:4401/api/billing/ai-credits/summary:0
[15469113ms] [ERROR] Failed to load resource: Could not connect to the server. @ http://localhost:4401/api/billing/ai-credits/summary:0
[15469724ms] [ERROR] Failed to load resource: Could not connect to the server. @ http://localhost:4401/api/billing/ai-credits/summary:0
[15498911ms] [ERROR] Failed to load resource: Could not connect to the server. @ http://localhost:4401/api/billing/ai-credits/summary:0
[15499124ms] [ERROR] Failed to load resource: Could not connect to the server. @ http://localhost:4401/api/billing/ai-credits/summary:0
[15499736ms] [ERROR] Failed to load resource: Could not connect to the server. @ http://localhost:4401/api/billing/ai-credits/summary:0
[15527885ms] [ERROR] Failed to load resource: Could not connect to the server. @ http://localhost:4401/dashboard/overview:0
[15527898ms] [ERROR] Failed to load resource: Could not connect to the server. @ http://localhost:4401/dashboard/alerts?limit=6:0
[15528089ms] [ERROR] Failed to load resource: Could not connect to the server. @ http://localhost:4401/dashboard/overview:0
[15528100ms] [ERROR] Failed to load resource: Could not connect to the server. @ http://localhost:4401/dashboard/alerts?limit=6:0
[15528700ms] [ERROR] Failed to load resource: Could not connect to the server. @ http://localhost:4401/dashboard/overview:0
[15528704ms] [ERROR] Failed to load resource: Could not connect to the server. @ http://localhost:4401/dashboard/alerts?limit=6:0
[15528912ms] [ERROR] Failed to load resource: Could not connect to the server. @ http://localhost:4401/api/billing/ai-credits/summary:0
[15529115ms] [ERROR] Failed to load resource: Could not connect to the server. @ http://localhost:4401/api/billing/ai-credits/summary:0
[15529727ms] [ERROR] Failed to load resource: Could not connect to the server. @ http://localhost:4401/api/billing/ai-credits/summary:0
[15558915ms] [ERROR] Failed to load resource: Could not connect to the server. @ http://localhost:4401/api/billing/ai-credits/summary:0
[15559120ms] [ERROR] Failed to load resource: Could not connect to the server. @ http://localhost:4401/api/billing/ai-credits/summary:0
[15559729ms] [ERROR] Failed to load resource: Could not connect to the server. @ http://localhost:4401/api/billing/ai-credits/summary:0
[15587897ms] [ERROR] Failed to load resource: Could not connect to the server. @ http://localhost:4401/dashboard/overview:0
[15587903ms] [ERROR] Failed to load resource: Could not connect to the server. @ http://localhost:4401/dashboard/alerts?limit=6:0
[15588108ms] [ERROR] Failed to load resource: Could not connect to the server. @ http://localhost:4401/dashboard/overview:0
[15588109ms] [ERROR] Failed to load resource: Could not connect to the server. @ http://localhost:4401/dashboard/alerts?limit=6:0
[15588721ms] [ERROR] Failed to load resource: Could not connect to the server. @ http://localhost:4401/dashboard/overview:0
[15588722ms] [ERROR] Failed to load resource: Could not connect to the server. @ http://localhost:4401/dashboard/alerts?limit=6:0
[15588921ms] [ERROR] Failed to load resource: Could not connect to the server. @ http://localhost:4401/api/billing/ai-credits/summary:0
[15589124ms] [ERROR] Failed to load resource: Could not connect to the server. @ http://localhost:4401/api/billing/ai-credits/summary:0
[15589733ms] [ERROR] Failed to load resource: Could not connect to the server. @ http://localhost:4401/api/billing/ai-credits/summary:0
[15618931ms] [ERROR] Failed to load resource: Could not connect to the server. @ http://localhost:4401/api/billing/ai-credits/summary:0
[15619142ms] [ERROR] Failed to load resource: Could not connect to the server. @ http://localhost:4401/api/billing/ai-credits/summary:0
[15619751ms] [ERROR] Failed to load resource: Could not connect to the server. @ http://localhost:4401/api/billing/ai-credits/summary:0
[15647893ms] [ERROR] Failed to load resource: Could not connect to the server. @ http://localhost:4401/dashboard/overview:0
[15647908ms] [ERROR] Failed to load resource: Could not connect to the server. @ http://localhost:4401/dashboard/alerts?limit=6:0
[15648096ms] [ERROR] Failed to load resource: Could not connect to the server. @ http://localhost:4401/dashboard/overview:0
[15648112ms] [ERROR] Failed to load resource: Could not connect to the server. @ http://localhost:4401/dashboard/alerts?limit=6:0
[15648706ms] [ERROR] Failed to load resource: Could not connect to the server. @ http://localhost:4401/dashboard/overview:0
[15648716ms] [ERROR] Failed to load resource: Could not connect to the server. @ http://localhost:4401/dashboard/alerts?limit=6:0
[15648930ms] [ERROR] Failed to load resource: Could not connect to the server. @ http://localhost:4401/api/billing/ai-credits/summary:0
[15649133ms] [ERROR] Failed to load resource: Could not connect to the server. @ http://localhost:4401/api/billing/ai-credits/summary:0
[15649743ms] [ERROR] Failed to load resource: Could not connect to the server. @ http://localhost:4401/api/billing/ai-credits/summary:0
[15678941ms] [ERROR] Failed to load resource: Could not connect to the server. @ http://localhost:4401/api/billing/ai-credits/summary:0
[15679149ms] [ERROR] Failed to load resource: Could not connect to the server. @ http://localhost:4401/api/billing/ai-credits/summary:0
[15679759ms] [ERROR] Failed to load resource: Could not connect to the server. @ http://localhost:4401/api/billing/ai-credits/summary:0
[15707904ms] [ERROR] Failed to load resource: Could not connect to the server. @ http://localhost:4401/dashboard/overview:0
[15707912ms] [ERROR] Failed to load resource: Could not connect to the server. @ http://localhost:4401/dashboard/alerts?limit=6:0
[15708111ms] [ERROR] Failed to load resource: Could not connect to the server. @ http://localhost:4401/dashboard/overview:0
[15708115ms] [ERROR] Failed to load resource: Could not connect to the server. @ http://localhost:4401/dashboard/alerts?limit=6:0
[15708714ms] [ERROR] Failed to load resource: Could not connect to the server. @ http://localhost:4401/dashboard/overview:0
[15708718ms] [ERROR] Failed to load resource: Could not connect to the server. @ http://localhost:4401/dashboard/alerts?limit=6:0
[15708936ms] [ERROR] Failed to load resource: Could not connect to the server. @ http://localhost:4401/api/billing/ai-credits/summary:0
[15709144ms] [ERROR] Failed to load resource: Could not connect to the server. @ http://localhost:4401/api/billing/ai-credits/summary:0
[15709747ms] [ERROR] Failed to load resource: Could not connect to the server. @ http://localhost:4401/api/billing/ai-credits/summary:0
[15738943ms] [ERROR] Failed to load resource: Could not connect to the server. @ http://localhost:4401/api/billing/ai-credits/summary:0
[15739147ms] [ERROR] Failed to load resource: Could not connect to the server. @ http://localhost:4401/api/billing/ai-credits/summary:0
[15739750ms] [ERROR] Failed to load resource: Could not connect to the server. @ http://localhost:4401/api/billing/ai-credits/summary:0
[15767909ms] [ERROR] Failed to load resource: Could not connect to the server. @ http://localhost:4401/dashboard/overview:0
[15767917ms] [ERROR] Failed to load resource: Could not connect to the server. @ http://localhost:4401/dashboard/alerts?limit=6:0
[15768115ms] [ERROR] Failed to load resource: Could not connect to the server. @ http://localhost:4401/dashboard/overview:0
[15768121ms] [ERROR] Failed to load resource: Could not connect to the server. @ http://localhost:4401/dashboard/alerts?limit=6:0
[15768719ms] [ERROR] Failed to load resource: Could not connect to the server. @ http://localhost:4401/dashboard/overview:0
[15768724ms] [ERROR] Failed to load resource: Could not connect to the server. @ http://localhost:4401/dashboard/alerts?limit=6:0
[15768945ms] [ERROR] Failed to load resource: Could not connect to the server. @ http://localhost:4401/api/billing/ai-credits/summary:0
[15769150ms] [ERROR] Failed to load resource: Could not connect to the server. @ http://localhost:4401/api/billing/ai-credits/summary:0
[15769756ms] [ERROR] Failed to load resource: Could not connect to the server. @ http://localhost:4401/api/billing/ai-credits/summary:0
[15798951ms] [ERROR] Failed to load resource: Could not connect to the server. @ http://localhost:4401/api/billing/ai-credits/summary:0
[15799158ms] [ERROR] Failed to load resource: Could not connect to the server. @ http://localhost:4401/api/billing/ai-credits/summary:0
[15799764ms] [ERROR] Failed to load resource: Could not connect to the server. @ http://localhost:4401/api/billing/ai-credits/summary:0
[15827907ms] [ERROR] Failed to load resource: Could not connect to the server. @ http://localhost:4401/dashboard/overview:0
[15827922ms] [ERROR] Failed to load resource: Could not connect to the server. @ http://localhost:4401/dashboard/alerts?limit=6:0
[15828115ms] [ERROR] Failed to load resource: Could not connect to the server. @ http://localhost:4401/dashboard/overview:0
[15828126ms] [ERROR] Failed to load resource: Could not connect to the server. @ http://localhost:4401/dashboard/alerts?limit=6:0
[15828724ms] [ERROR] Failed to load resource: Could not connect to the server. @ http://localhost:4401/dashboard/overview:0
[15828729ms] [ERROR] Failed to load resource: Could not connect to the server. @ http://localhost:4401/dashboard/alerts?limit=6:0
[15828955ms] [ERROR] Failed to load resource: Could not connect to the server. @ http://localhost:4401/api/billing/ai-credits/summary:0
[15829159ms] [ERROR] Failed to load resource: Could not connect to the server. @ http://localhost:4401/api/billing/ai-credits/summary:0
[15829765ms] [ERROR] Failed to load resource: Could not connect to the server. @ http://localhost:4401/api/billing/ai-credits/summary:0
[15858962ms] [ERROR] Failed to load resource: Could not connect to the server. @ http://localhost:4401/api/billing/ai-credits/summary:0
[15859169ms] [ERROR] Failed to load resource: Could not connect to the server. @ http://localhost:4401/api/billing/ai-credits/summary:0
[15859776ms] [ERROR] Failed to load resource: Could not connect to the server. @ http://localhost:4401/api/billing/ai-credits/summary:0
[15887912ms] [ERROR] Failed to load resource: Could not connect to the server. @ http://localhost:4401/dashboard/overview:0
[15887926ms] [ERROR] Failed to load resource: Could not connect to the server. @ http://localhost:4401/dashboard/alerts?limit=6:0
[15888116ms] [ERROR] Failed to load resource: Could not connect to the server. @ http://localhost:4401/dashboard/overview:0
[15888129ms] [ERROR] Failed to load resource: Could not connect to the server. @ http://localhost:4401/dashboard/alerts?limit=6:0
[15888724ms] [ERROR] Failed to load resource: Could not connect to the server. @ http://localhost:4401/dashboard/overview:0
[15888733ms] [ERROR] Failed to load resource: Could not connect to the server. @ http://localhost:4401/dashboard/alerts?limit=6:0
[15888963ms] [ERROR] Failed to load resource: Could not connect to the server. @ http://localhost:4401/api/billing/ai-credits/summary:0
[15889167ms] [ERROR] Failed to load resource: Could not connect to the server. @ http://localhost:4401/api/billing/ai-credits/summary:0
[15889775ms] [ERROR] Failed to load resource: Could not connect to the server. @ http://localhost:4401/api/billing/ai-credits/summary:0
[15918973ms] [ERROR] Failed to load resource: Could not connect to the server. @ http://localhost:4401/api/billing/ai-credits/summary:0
[15919181ms] [ERROR] Failed to load resource: Could not connect to the server. @ http://localhost:4401/api/billing/ai-credits/summary:0
[15919785ms] [ERROR] Failed to load resource: Could not connect to the server. @ http://localhost:4401/api/billing/ai-credits/summary:0
[15947926ms] [ERROR] Failed to load resource: Could not connect to the server. @ http://localhost:4401/dashboard/overview:0
[15947932ms] [ERROR] Failed to load resource: Could not connect to the server. @ http://localhost:4401/dashboard/alerts?limit=6:0
[15948134ms] [ERROR] Failed to load resource: Could not connect to the server. @ http://localhost:4401/dashboard/overview:0
[15948137ms] [ERROR] Failed to load resource: Could not connect to the server. @ http://localhost:4401/dashboard/alerts?limit=6:0
[15948738ms] [ERROR] Failed to load resource: Could not connect to the server. @ http://localhost:4401/dashboard/overview:0
[15948741ms] [ERROR] Failed to load resource: Could not connect to the server. @ http://localhost:4401/dashboard/alerts?limit=6:0
[15948973ms] [ERROR] Failed to load resource: Could not connect to the server. @ http://localhost:4401/api/billing/ai-credits/summary:0
[15949180ms] [ERROR] Failed to load resource: Could not connect to the server. @ http://localhost:4401/api/billing/ai-credits/summary:0
[15949784ms] [ERROR] Failed to load resource: Could not connect to the server. @ http://localhost:4401/api/billing/ai-credits/summary:0
[15978981ms] [ERROR] Failed to load resource: Could not connect to the server. @ http://localhost:4401/api/billing/ai-credits/summary:0
[15979185ms] [ERROR] Failed to load resource: Could not connect to the server. @ http://localhost:4401/api/billing/ai-credits/summary:0
[15979789ms] [ERROR] Failed to load resource: Could not connect to the server. @ http://localhost:4401/api/billing/ai-credits/summary:0
[16007922ms] [ERROR] Failed to load resource: Could not connect to the server. @ http://localhost:4401/dashboard/overview:0
[16007937ms] [ERROR] Failed to load resource: Could not connect to the server. @ http://localhost:4401/dashboard/alerts?limit=6:0
[16008126ms] [ERROR] Failed to load resource: Could not connect to the server. @ http://localhost:4401/dashboard/overview:0
[16008140ms] [ERROR] Failed to load resource: Could not connect to the server. @ http://localhost:4401/dashboard/alerts?limit=6:0
[16008730ms] [ERROR] Failed to load resource: Could not connect to the server. @ http://localhost:4401/dashboard/overview:0
[16008744ms] [ERROR] Failed to load resource: Could not connect to the server. @ http://localhost:4401/dashboard/alerts?limit=6:0
[16008981ms] [ERROR] Failed to load resource: Could not connect to the server. @ http://localhost:4401/api/billing/ai-credits/summary:0
[16009185ms] [ERROR] Failed to load resource: Could not connect to the server. @ http://localhost:4401/api/billing/ai-credits/summary:0
[16009793ms] [ERROR] Failed to load resource: Could not connect to the server. @ http://localhost:4401/api/billing/ai-credits/summary:0
[16038991ms] [ERROR] Failed to load resource: Could not connect to the server. @ http://localhost:4401/api/billing/ai-credits/summary:0
[16039199ms] [ERROR] Failed to load resource: Could not connect to the server. @ http://localhost:4401/api/billing/ai-credits/summary:0
[16039802ms] [ERROR] Failed to load resource: Could not connect to the server. @ http://localhost:4401/api/billing/ai-credits/summary:0
[16067931ms] [ERROR] Failed to load resource: Could not connect to the server. @ http://localhost:4401/dashboard/overview:0
[16067943ms] [ERROR] Failed to load resource: Could not connect to the server. @ http://localhost:4401/dashboard/alerts?limit=6:0
[16068135ms] [ERROR] Failed to load resource: Could not connect to the server. @ http://localhost:4401/dashboard/overview:0
[16068147ms] [ERROR] Failed to load resource: Could not connect to the server. @ http://localhost:4401/dashboard/alerts?limit=6:0
[16068742ms] [ERROR] Failed to load resource: Could not connect to the server. @ http://localhost:4401/dashboard/overview:0
[16068751ms] [ERROR] Failed to load resource: Could not connect to the server. @ http://localhost:4401/dashboard/alerts?limit=6:0
[16068990ms] [ERROR] Failed to load resource: Could not connect to the server. @ http://localhost:4401/api/billing/ai-credits/summary:0
[16069194ms] [ERROR] Failed to load resource: Could not connect to the server. @ http://localhost:4401/api/billing/ai-credits/summary:0
[16069801ms] [ERROR] Failed to load resource: Could not connect to the server. @ http://localhost:4401/api/billing/ai-credits/summary:0
[16098999ms] [ERROR] Failed to load resource: Could not connect to the server. @ http://localhost:4401/api/billing/ai-credits/summary:0
[16099202ms] [ERROR] Failed to load resource: Could not connect to the server. @ http://localhost:4401/api/billing/ai-credits/summary:0
[16099810ms] [ERROR] Failed to load resource: Could not connect to the server. @ http://localhost:4401/api/billing/ai-credits/summary:0
[16127932ms] [ERROR] Failed to load resource: Could not connect to the server. @ http://localhost:4401/dashboard/overview:0
[16127948ms] [ERROR] Failed to load resource: Could not connect to the server. @ http://localhost:4401/dashboard/alerts?limit=6:0
[16128139ms] [ERROR] Failed to load resource: Could not connect to the server. @ http://localhost:4401/dashboard/overview:0
[16128151ms] [ERROR] Failed to load resource: Could not connect to the server. @ http://localhost:4401/dashboard/alerts?limit=6:0
[16128745ms] [ERROR] Failed to load resource: Could not connect to the server. @ http://localhost:4401/dashboard/overview:0
[16128754ms] [ERROR] Failed to load resource: Could not connect to the server. @ http://localhost:4401/dashboard/alerts?limit=6:0
[16128999ms] [ERROR] Failed to load resource: Could not connect to the server. @ http://localhost:4401/api/billing/ai-credits/summary:0
[16129203ms] [ERROR] Failed to load resource: Could not connect to the server. @ http://localhost:4401/api/billing/ai-credits/summary:0
[16129810ms] [ERROR] Failed to load resource: Could not connect to the server. @ http://localhost:4401/api/billing/ai-credits/summary:0
[16159010ms] [ERROR] Failed to load resource: Could not connect to the server. @ http://localhost:4401/api/billing/ai-credits/summary:0
[16159218ms] [ERROR] Failed to load resource: Could not connect to the server. @ http://localhost:4401/api/billing/ai-credits/summary:0
[16159821ms] [ERROR] Failed to load resource: Could not connect to the server. @ http://localhost:4401/api/billing/ai-credits/summary:0
[16187941ms] [ERROR] Failed to load resource: Could not connect to the server. @ http://localhost:4401/dashboard/overview:0
[16187956ms] [ERROR] Failed to load resource: Could not connect to the server. @ http://localhost:4401/dashboard/alerts?limit=6:0
[16188148ms] [ERROR] Failed to load resource: Could not connect to the server. @ http://localhost:4401/dashboard/overview:0
[16188161ms] [ERROR] Failed to load resource: Could not connect to the server. @ http://localhost:4401/dashboard/alerts?limit=6:0
[16188755ms] [ERROR] Failed to load resource: Could not connect to the server. @ http://localhost:4401/dashboard/overview:0
[16188768ms] [ERROR] Failed to load resource: Could not connect to the server. @ http://localhost:4401/dashboard/alerts?limit=6:0
[16189011ms] [ERROR] Failed to load resource: Could not connect to the server. @ http://localhost:4401/api/billing/ai-credits/summary:0
[16189216ms] [ERROR] Failed to load resource: Could not connect to the server. @ http://localhost:4401/api/billing/ai-credits/summary:0
[16189823ms] [ERROR] Failed to load resource: Could not connect to the server. @ http://localhost:4401/api/billing/ai-credits/summary:0
[16219019ms] [ERROR] Failed to load resource: Could not connect to the server. @ http://localhost:4401/api/billing/ai-credits/summary:0
[16219226ms] [ERROR] Failed to load resource: Could not connect to the server. @ http://localhost:4401/api/billing/ai-credits/summary:0
[16219831ms] [ERROR] Failed to load resource: Could not connect to the server. @ http://localhost:4401/api/billing/ai-credits/summary:0
[16247944ms] [ERROR] Failed to load resource: Could not connect to the server. @ http://localhost:4401/dashboard/overview:0
[16247960ms] [ERROR] Failed to load resource: Could not connect to the server. @ http://localhost:4401/dashboard/alerts?limit=6:0
[16248151ms] [ERROR] Failed to load resource: Could not connect to the server. @ http://localhost:4401/dashboard/overview:0
[16248167ms] [ERROR] Failed to load resource: Could not connect to the server. @ http://localhost:4401/dashboard/alerts?limit=6:0
[16248759ms] [ERROR] Failed to load resource: Could not connect to the server. @ http://localhost:4401/dashboard/overview:0
[16248775ms] [ERROR] Failed to load resource: Could not connect to the server. @ http://localhost:4401/dashboard/alerts?limit=6:0
[16249022ms] [ERROR] Failed to load resource: Could not connect to the server. @ http://localhost:4401/api/billing/ai-credits/summary:0
[16249226ms] [ERROR] Failed to load resource: Could not connect to the server. @ http://localhost:4401/api/billing/ai-credits/summary:0
[16249835ms] [ERROR] Failed to load resource: Could not connect to the server. @ http://localhost:4401/api/billing/ai-credits/summary:0
[16279028ms] [ERROR] Failed to load resource: Could not connect to the server. @ http://localhost:4401/api/billing/ai-credits/summary:0
[16279238ms] [ERROR] Failed to load resource: Could not connect to the server. @ http://localhost:4401/api/billing/ai-credits/summary:0
[16279845ms] [ERROR] Failed to load resource: Could not connect to the server. @ http://localhost:4401/api/billing/ai-credits/summary:0
[16307955ms] [ERROR] Failed to load resource: Could not connect to the server. @ http://localhost:4401/dashboard/overview:0
[16307965ms] [ERROR] Failed to load resource: Could not connect to the server. @ http://localhost:4401/dashboard/alerts?limit=6:0
[16308160ms] [ERROR] Failed to load resource: Could not connect to the server. @ http://localhost:4401/dashboard/overview:0
[16308168ms] [ERROR] Failed to load resource: Could not connect to the server. @ http://localhost:4401/dashboard/alerts?limit=6:0
[16308767ms] [ERROR] Failed to load resource: Could not connect to the server. @ http://localhost:4401/dashboard/overview:0
[16308771ms] [ERROR] Failed to load resource: Could not connect to the server. @ http://localhost:4401/dashboard/alerts?limit=6:0
[16309035ms] [ERROR] Failed to load resource: Could not connect to the server. @ http://localhost:4401/api/billing/ai-credits/summary:0
[16309241ms] [ERROR] Failed to load resource: Could not connect to the server. @ http://localhost:4401/api/billing/ai-credits/summary:0
[16309849ms] [ERROR] Failed to load resource: Could not connect to the server. @ http://localhost:4401/api/billing/ai-credits/summary:0
[16339038ms] [ERROR] Failed to load resource: Could not connect to the server. @ http://localhost:4401/api/billing/ai-credits/summary:0
[16339243ms] [ERROR] Failed to load resource: Could not connect to the server. @ http://localhost:4401/api/billing/ai-credits/summary:0
[16339851ms] [ERROR] Failed to load resource: Could not connect to the server. @ http://localhost:4401/api/billing/ai-credits/summary:0
[16367959ms] [ERROR] Failed to load resource: Could not connect to the server. @ http://localhost:4401/dashboard/overview:0
[16367971ms] [ERROR] Failed to load resource: Could not connect to the server. @ http://localhost:4401/dashboard/alerts?limit=6:0
[16368168ms] [ERROR] Failed to load resource: Could not connect to the server. @ http://localhost:4401/dashboard/overview:0
[16368174ms] [ERROR] Failed to load resource: Could not connect to the server. @ http://localhost:4401/dashboard/alerts?limit=6:0
[16368777ms] [ERROR] Failed to load resource: Could not connect to the server. @ http://localhost:4401/dashboard/overview:0
[16368780ms] [ERROR] Failed to load resource: Could not connect to the server. @ http://localhost:4401/dashboard/alerts?limit=6:0
[16369039ms] [ERROR] Failed to load resource: Could not connect to the server. @ http://localhost:4401/api/billing/ai-credits/summary:0
[16369244ms] [ERROR] Failed to load resource: Could not connect to the server. @ http://localhost:4401/api/billing/ai-credits/summary:0
[16369853ms] [ERROR] Failed to load resource: Could not connect to the server. @ http://localhost:4401/api/billing/ai-credits/summary:0
[16399049ms] [ERROR] Failed to load resource: Could not connect to the server. @ http://localhost:4401/api/billing/ai-credits/summary:0
[16399257ms] [ERROR] Failed to load resource: Could not connect to the server. @ http://localhost:4401/api/billing/ai-credits/summary:0
[16399865ms] [ERROR] Failed to load resource: Could not connect to the server. @ http://localhost:4401/api/billing/ai-credits/summary:0
[16427964ms] [ERROR] Failed to load resource: Could not connect to the server. @ http://localhost:4401/dashboard/overview:0
[16427977ms] [ERROR] Failed to load resource: Could not connect to the server. @ http://localhost:4401/dashboard/alerts?limit=6:0
[16428171ms] [ERROR] Failed to load resource: Could not connect to the server. @ http://localhost:4401/dashboard/overview:0
[16428183ms] [ERROR] Failed to load resource: Could not connect to the server. @ http://localhost:4401/dashboard/alerts?limit=6:0
[16428778ms] [ERROR] Failed to load resource: Could not connect to the server. @ http://localhost:4401/dashboard/overview:0
[16428789ms] [ERROR] Failed to load resource: Could not connect to the server. @ http://localhost:4401/dashboard/alerts?limit=6:0
[16429049ms] [ERROR] Failed to load resource: Could not connect to the server. @ http://localhost:4401/api/billing/ai-credits/summary:0
[16429253ms] [ERROR] Failed to load resource: Could not connect to the server. @ http://localhost:4401/api/billing/ai-credits/summary:0
[16429859ms] [ERROR] Failed to load resource: Could not connect to the server. @ http://localhost:4401/api/billing/ai-credits/summary:0
[16459055ms] [ERROR] Failed to load resource: Could not connect to the server. @ http://localhost:4401/api/billing/ai-credits/summary:0
[16459257ms] [ERROR] Failed to load resource: Could not connect to the server. @ http://localhost:4401/api/billing/ai-credits/summary:0
[16459865ms] [ERROR] Failed to load resource: Could not connect to the server. @ http://localhost:4401/api/billing/ai-credits/summary:0
[16487966ms] [ERROR] Failed to load resource: Could not connect to the server. @ http://localhost:4401/dashboard/overview:0
[16487980ms] [ERROR] Failed to load resource: Could not connect to the server. @ http://localhost:4401/dashboard/alerts?limit=6:0
[16488170ms] [ERROR] Failed to load resource: Could not connect to the server. @ http://localhost:4401/dashboard/overview:0
[16488183ms] [ERROR] Failed to load resource: Could not connect to the server. @ http://localhost:4401/dashboard/alerts?limit=6:0
[16488777ms] [ERROR] Failed to load resource: Could not connect to the server. @ http://localhost:4401/dashboard/overview:0
[16488787ms] [ERROR] Failed to load resource: Could not connect to the server. @ http://localhost:4401/dashboard/alerts?limit=6:0
[16489056ms] [ERROR] Failed to load resource: Could not connect to the server. @ http://localhost:4401/api/billing/ai-credits/summary:0
[16489260ms] [ERROR] Failed to load resource: Could not connect to the server. @ http://localhost:4401/api/billing/ai-credits/summary:0
[16489868ms] [ERROR] Failed to load resource: Could not connect to the server. @ http://localhost:4401/api/billing/ai-credits/summary:0
[16519064ms] [ERROR] Failed to load resource: Could not connect to the server. @ http://localhost:4401/api/billing/ai-credits/summary:0
[16519270ms] [ERROR] Failed to load resource: Could not connect to the server. @ http://localhost:4401/api/billing/ai-credits/summary:0
[16519876ms] [ERROR] Failed to load resource: Could not connect to the server. @ http://localhost:4401/api/billing/ai-credits/summary:0
[16547969ms] [ERROR] Failed to load resource: Could not connect to the server. @ http://localhost:4401/dashboard/overview:0
[16547984ms] [ERROR] Failed to load resource: Could not connect to the server. @ http://localhost:4401/dashboard/alerts?limit=6:0
[16548174ms] [ERROR] Failed to load resource: Could not connect to the server. @ http://localhost:4401/dashboard/overview:0
[16548187ms] [ERROR] Failed to load resource: Could not connect to the server. @ http://localhost:4401/dashboard/alerts?limit=6:0
[16548782ms] [ERROR] Failed to load resource: Could not connect to the server. @ http://localhost:4401/dashboard/overview:0
[16548791ms] [ERROR] Failed to load resource: Could not connect to the server. @ http://localhost:4401/dashboard/alerts?limit=6:0
[16549065ms] [ERROR] Failed to load resource: Could not connect to the server. @ http://localhost:4401/api/billing/ai-credits/summary:0
[16549269ms] [ERROR] Failed to load resource: Could not connect to the server. @ http://localhost:4401/api/billing/ai-credits/summary:0
[16549877ms] [ERROR] Failed to load resource: Could not connect to the server. @ http://localhost:4401/api/billing/ai-credits/summary:0
[16579074ms] [ERROR] Failed to load resource: Could not connect to the server. @ http://localhost:4401/api/billing/ai-credits/summary:0
[16579278ms] [ERROR] Failed to load resource: Could not connect to the server. @ http://localhost:4401/api/billing/ai-credits/summary:0
[16579884ms] [ERROR] Failed to load resource: Could not connect to the server. @ http://localhost:4401/api/billing/ai-credits/summary:0
[16607977ms] [ERROR] Failed to load resource: Could not connect to the server. @ http://localhost:4401/dashboard/overview:0
[16607992ms] [ERROR] Failed to load resource: Could not connect to the server. @ http://localhost:4401/dashboard/alerts?limit=6:0
[16608184ms] [ERROR] Failed to load resource: Could not connect to the server. @ http://localhost:4401/dashboard/overview:0
[16608199ms] [ERROR] Failed to load resource: Could not connect to the server. @ http://localhost:4401/dashboard/alerts?limit=6:0
[16608790ms] [ERROR] Failed to load resource: Could not connect to the server. @ http://localhost:4401/dashboard/overview:0
[16608806ms] [ERROR] Failed to load resource: Could not connect to the server. @ http://localhost:4401/dashboard/alerts?limit=6:0
[16609075ms] [ERROR] Failed to load resource: Could not connect to the server. @ http://localhost:4401/api/billing/ai-credits/summary:0
[16609278ms] [ERROR] Failed to load resource: Could not connect to the server. @ http://localhost:4401/api/billing/ai-credits/summary:0
[16609885ms] [ERROR] Failed to load resource: Could not connect to the server. @ http://localhost:4401/api/billing/ai-credits/summary:0
[16639079ms] [ERROR] Failed to load resource: Could not connect to the server. @ http://localhost:4401/api/billing/ai-credits/summary:0
[16639283ms] [ERROR] Failed to load resource: Could not connect to the server. @ http://localhost:4401/api/billing/ai-credits/summary:0
[16639891ms] [ERROR] Failed to load resource: Could not connect to the server. @ http://localhost:4401/api/billing/ai-credits/summary:0
[16667980ms] [ERROR] Failed to load resource: Could not connect to the server. @ http://localhost:4401/dashboard/overview:0
[16667994ms] [ERROR] Failed to load resource: Could not connect to the server. @ http://localhost:4401/dashboard/alerts?limit=6:0
[16668183ms] [ERROR] Failed to load resource: Could not connect to the server. @ http://localhost:4401/dashboard/overview:0
[16668198ms] [ERROR] Failed to load resource: Could not connect to the server. @ http://localhost:4401/dashboard/alerts?limit=6:0
[16668788ms] [ERROR] Failed to load resource: Could not connect to the server. @ http://localhost:4401/dashboard/overview:0
[16668802ms] [ERROR] Failed to load resource: Could not connect to the server. @ http://localhost:4401/dashboard/alerts?limit=6:0
[16669083ms] [ERROR] Failed to load resource: Could not connect to the server. @ http://localhost:4401/api/billing/ai-credits/summary:0
[16669289ms] [ERROR] Failed to load resource: Could not connect to the server. @ http://localhost:4401/api/billing/ai-credits/summary:0
[16669892ms] [ERROR] Failed to load resource: Could not connect to the server. @ http://localhost:4401/api/billing/ai-credits/summary:0
[16699093ms] [ERROR] Failed to load resource: Could not connect to the server. @ http://localhost:4401/api/billing/ai-credits/summary:0
[16699299ms] [ERROR] Failed to load resource: Could not connect to the server. @ http://localhost:4401/api/billing/ai-credits/summary:0
[16699907ms] [ERROR] Failed to load resource: Could not connect to the server. @ http://localhost:4401/api/billing/ai-credits/summary:0
[16727984ms] [ERROR] Failed to load resource: Could not connect to the server. @ http://localhost:4401/dashboard/overview:0
[16728000ms] [ERROR] Failed to load resource: Could not connect to the server. @ http://localhost:4401/dashboard/alerts?limit=6:0
[16728188ms] [ERROR] Failed to load resource: Could not connect to the server. @ http://localhost:4401/dashboard/overview:0
[16728204ms] [ERROR] Failed to load resource: Could not connect to the server. @ http://localhost:4401/dashboard/alerts?limit=6:0
[16728795ms] [ERROR] Failed to load resource: Could not connect to the server. @ http://localhost:4401/dashboard/overview:0
[16728810ms] [ERROR] Failed to load resource: Could not connect to the server. @ http://localhost:4401/dashboard/alerts?limit=6:0
[16729093ms] [ERROR] Failed to load resource: Could not connect to the server. @ http://localhost:4401/api/billing/ai-credits/summary:0
[16729296ms] [ERROR] Failed to load resource: Could not connect to the server. @ http://localhost:4401/api/billing/ai-credits/summary:0
[16729903ms] [ERROR] Failed to load resource: Could not connect to the server. @ http://localhost:4401/api/billing/ai-credits/summary:0
[16759101ms] [ERROR] Failed to load resource: Could not connect to the server. @ http://localhost:4401/api/billing/ai-credits/summary:0
[16759308ms] [ERROR] Failed to load resource: Could not connect to the server. @ http://localhost:4401/api/billing/ai-credits/summary:0
[16759915ms] [ERROR] Failed to load resource: Could not connect to the server. @ http://localhost:4401/api/billing/ai-credits/summary:0
[16787995ms] [ERROR] Failed to load resource: Could not connect to the server. @ http://localhost:4401/dashboard/overview:0
[16788007ms] [ERROR] Failed to load resource: Could not connect to the server. @ http://localhost:4401/dashboard/alerts?limit=6:0
[16788203ms] [ERROR] Failed to load resource: Could not connect to the server. @ http://localhost:4401/dashboard/overview:0
[16788212ms] [ERROR] Failed to load resource: Could not connect to the server. @ http://localhost:4401/dashboard/alerts?limit=6:0
[16788809ms] [ERROR] Failed to load resource: Could not connect to the server. @ http://localhost:4401/dashboard/overview:0
[16788816ms] [ERROR] Failed to load resource: Could not connect to the server. @ http://localhost:4401/dashboard/alerts?limit=6:0
[16789102ms] [ERROR] Failed to load resource: Could not connect to the server. @ http://localhost:4401/api/billing/ai-credits/summary:0
[16789309ms] [ERROR] Failed to load resource: Could not connect to the server. @ http://localhost:4401/api/billing/ai-credits/summary:0
[16789913ms] [ERROR] Failed to load resource: Could not connect to the server. @ http://localhost:4401/api/billing/ai-credits/summary:0
[16819107ms] [ERROR] Failed to load resource: Could not connect to the server. @ http://localhost:4401/api/billing/ai-credits/summary:0
[16819315ms] [ERROR] Failed to load resource: Could not connect to the server. @ http://localhost:4401/api/billing/ai-credits/summary:0
[16819922ms] [ERROR] Failed to load resource: Could not connect to the server. @ http://localhost:4401/api/billing/ai-credits/summary:0
[16847999ms] [ERROR] Failed to load resource: Could not connect to the server. @ http://localhost:4401/dashboard/overview:0
[16848010ms] [ERROR] Failed to load resource: Could not connect to the server. @ http://localhost:4401/dashboard/alerts?limit=6:0
[16848206ms] [ERROR] Failed to load resource: Could not connect to the server. @ http://localhost:4401/dashboard/overview:0
[16848215ms] [ERROR] Failed to load resource: Could not connect to the server. @ http://localhost:4401/dashboard/alerts?limit=6:0
[16848812ms] [ERROR] Failed to load resource: Could not connect to the server. @ http://localhost:4401/dashboard/overview:0
[16848822ms] [ERROR] Failed to load resource: Could not connect to the server. @ http://localhost:4401/dashboard/alerts?limit=6:0
[16849110ms] [ERROR] Failed to load resource: Could not connect to the server. @ http://localhost:4401/api/billing/ai-credits/summary:0
[16849315ms] [ERROR] Failed to load resource: Could not connect to the server. @ http://localhost:4401/api/billing/ai-credits/summary:0
[16849921ms] [ERROR] Failed to load resource: Could not connect to the server. @ http://localhost:4401/api/billing/ai-credits/summary:0
[16879117ms] [ERROR] Failed to load resource: Could not connect to the server. @ http://localhost:4401/api/billing/ai-credits/summary:0
[16879321ms] [ERROR] Failed to load resource: Could not connect to the server. @ http://localhost:4401/api/billing/ai-credits/summary:0
[16879929ms] [ERROR] Failed to load resource: Could not connect to the server. @ http://localhost:4401/api/billing/ai-credits/summary:0
[16908000ms] [ERROR] Failed to load resource: Could not connect to the server. @ http://localhost:4401/dashboard/overview:0
[16908015ms] [ERROR] Failed to load resource: Could not connect to the server. @ http://localhost:4401/dashboard/alerts?limit=6:0
[16908208ms] [ERROR] Failed to load resource: Could not connect to the server. @ http://localhost:4401/dashboard/overview:0
[16908220ms] [ERROR] Failed to load resource: Could not connect to the server. @ http://localhost:4401/dashboard/alerts?limit=6:0
[16908812ms] [ERROR] Failed to load resource: Could not connect to the server. @ http://localhost:4401/dashboard/overview:0
[16908824ms] [ERROR] Failed to load resource: Could not connect to the server. @ http://localhost:4401/dashboard/alerts?limit=6:0
[16909118ms] [ERROR] Failed to load resource: Could not connect to the server. @ http://localhost:4401/api/billing/ai-credits/summary:0
[16909323ms] [ERROR] Failed to load resource: Could not connect to the server. @ http://localhost:4401/api/billing/ai-credits/summary:0
[16909927ms] [ERROR] Failed to load resource: Could not connect to the server. @ http://localhost:4401/api/billing/ai-credits/summary:0
[16939128ms] [ERROR] Failed to load resource: Could not connect to the server. @ http://localhost:4401/api/billing/ai-credits/summary:0
[16939335ms] [ERROR] Failed to load resource: Could not connect to the server. @ http://localhost:4401/api/billing/ai-credits/summary:0
[16939942ms] [ERROR] Failed to load resource: Could not connect to the server. @ http://localhost:4401/api/billing/ai-credits/summary:0
[16968015ms] [ERROR] Failed to load resource: Could not connect to the server. @ http://localhost:4401/dashboard/overview:0
[16968020ms] [ERROR] Failed to load resource: Could not connect to the server. @ http://localhost:4401/dashboard/alerts?limit=6:0
[16968218ms] [ERROR] Failed to load resource: Could not connect to the server. @ http://localhost:4401/dashboard/overview:0
[16968222ms] [ERROR] Failed to load resource: Could not connect to the server. @ http://localhost:4401/dashboard/alerts?limit=6:0
[16968831ms] [ERROR] Failed to load resource: Could not connect to the server. @ http://localhost:4401/dashboard/overview:0
[16968832ms] [ERROR] Failed to load resource: Could not connect to the server. @ http://localhost:4401/dashboard/alerts?limit=6:0
[16969131ms] [ERROR] Failed to load resource: Could not connect to the server. @ http://localhost:4401/api/billing/ai-credits/summary:0
[16969335ms] [ERROR] Failed to load resource: Could not connect to the server. @ http://localhost:4401/api/billing/ai-credits/summary:0
[16969941ms] [ERROR] Failed to load resource: Could not connect to the server. @ http://localhost:4401/api/billing/ai-credits/summary:0
[16999132ms] [ERROR] Failed to load resource: Could not connect to the server. @ http://localhost:4401/api/billing/ai-credits/summary:0
[16999342ms] [ERROR] Failed to load resource: Could not connect to the server. @ http://localhost:4401/api/billing/ai-credits/summary:0
[16999953ms] [ERROR] Failed to load resource: Could not connect to the server. @ http://localhost:4401/api/billing/ai-credits/summary:0
[17028067ms] [ERROR] Failed to load resource: Could not connect to the server. @ http://localhost:4401/dashboard/overview:0
[17028068ms] [ERROR] Failed to load resource: Could not connect to the server. @ http://localhost:4401/dashboard/alerts?limit=6:0
[17028282ms] [ERROR] Failed to load resource: Could not connect to the server. @ http://localhost:4401/dashboard/overview:0
[17028283ms] [ERROR] Failed to load resource: Could not connect to the server. @ http://localhost:4401/dashboard/alerts?limit=6:0
[17028891ms] [ERROR] Failed to load resource: Could not connect to the server. @ http://localhost:4401/dashboard/overview:0
[17028893ms] [ERROR] Failed to load resource: Could not connect to the server. @ http://localhost:4401/dashboard/alerts?limit=6:0
[17029137ms] [ERROR] Failed to load resource: Could not connect to the server. @ http://localhost:4401/api/billing/ai-credits/summary:0
[17029342ms] [ERROR] Failed to load resource: Could not connect to the server. @ http://localhost:4401/api/billing/ai-credits/summary:0
[17029949ms] [ERROR] Failed to load resource: Could not connect to the server. @ http://localhost:4401/api/billing/ai-credits/summary:0
[17059143ms] [ERROR] Failed to load resource: Could not connect to the server. @ http://localhost:4401/api/billing/ai-credits/summary:0
[17059350ms] [ERROR] Failed to load resource: Could not connect to the server. @ http://localhost:4401/api/billing/ai-credits/summary:0
[17059960ms] [ERROR] Failed to load resource: Could not connect to the server. @ http://localhost:4401/api/billing/ai-credits/summary:0
[17088016ms] [ERROR] Failed to load resource: Could not connect to the server. @ http://localhost:4401/dashboard/overview:0
[17088056ms] [ERROR] Failed to load resource: Could not connect to the server. @ http://localhost:4401/dashboard/alerts?limit=6:0
[17088220ms] [ERROR] Failed to load resource: Could not connect to the server. @ http://localhost:4401/dashboard/overview:0
[17088259ms] [ERROR] Failed to load resource: Could not connect to the server. @ http://localhost:4401/dashboard/alerts?limit=6:0
[17088831ms] [ERROR] Failed to load resource: Could not connect to the server. @ http://localhost:4401/dashboard/overview:0
[17088864ms] [ERROR] Failed to load resource: Could not connect to the server. @ http://localhost:4401/dashboard/alerts?limit=6:0
[17089148ms] [ERROR] Failed to load resource: Could not connect to the server. @ http://localhost:4401/api/billing/ai-credits/summary:0
[17089352ms] [ERROR] Failed to load resource: Could not connect to the server. @ http://localhost:4401/api/billing/ai-credits/summary:0
[17089963ms] [ERROR] Failed to load resource: Could not connect to the server. @ http://localhost:4401/api/billing/ai-credits/summary:0
[17119159ms] [ERROR] Failed to load resource: Could not connect to the server. @ http://localhost:4401/api/billing/ai-credits/summary:0
[17119369ms] [ERROR] Failed to load resource: Could not connect to the server. @ http://localhost:4401/api/billing/ai-credits/summary:0
[17119981ms] [ERROR] Failed to load resource: Could not connect to the server. @ http://localhost:4401/api/billing/ai-credits/summary:0
[17148028ms] [ERROR] Failed to load resource: Could not connect to the server. @ http://localhost:4401/dashboard/overview:0
[17148063ms] [ERROR] Failed to load resource: Could not connect to the server. @ http://localhost:4401/dashboard/alerts?limit=6:0
[17148239ms] [ERROR] Failed to load resource: Could not connect to the server. @ http://localhost:4401/dashboard/overview:0
[17148268ms] [ERROR] Failed to load resource: Could not connect to the server. @ http://localhost:4401/dashboard/alerts?limit=6:0
[17148845ms] [ERROR] Failed to load resource: Could not connect to the server. @ http://localhost:4401/dashboard/overview:0
[17148874ms] [ERROR] Failed to load resource: Could not connect to the server. @ http://localhost:4401/dashboard/alerts?limit=6:0
[17149160ms] [ERROR] Failed to load resource: Could not connect to the server. @ http://localhost:4401/api/billing/ai-credits/summary:0
[17149370ms] [ERROR] Failed to load resource: Could not connect to the server. @ http://localhost:4401/api/billing/ai-credits/summary:0
[17149976ms] [ERROR] Failed to load resource: Could not connect to the server. @ http://localhost:4401/api/billing/ai-credits/summary:0
[17179168ms] [ERROR] Failed to load resource: Could not connect to the server. @ http://localhost:4401/api/billing/ai-credits/summary:0
[17179378ms] [ERROR] Failed to load resource: Could not connect to the server. @ http://localhost:4401/api/billing/ai-credits/summary:0
[17179989ms] [ERROR] Failed to load resource: Could not connect to the server. @ http://localhost:4401/api/billing/ai-credits/summary:0
[17208033ms] [ERROR] Failed to load resource: Could not connect to the server. @ http://localhost:4401/dashboard/overview:0
[17208068ms] [ERROR] Failed to load resource: Could not connect to the server. @ http://localhost:4401/dashboard/alerts?limit=6:0
[17208243ms] [ERROR] Failed to load resource: Could not connect to the server. @ http://localhost:4401/dashboard/overview:0
[17208276ms] [ERROR] Failed to load resource: Could not connect to the server. @ http://localhost:4401/dashboard/alerts?limit=6:0
[17208854ms] [ERROR] Failed to load resource: Could not connect to the server. @ http://localhost:4401/dashboard/overview:0
[17208884ms] [ERROR] Failed to load resource: Could not connect to the server. @ http://localhost:4401/dashboard/alerts?limit=6:0
[17209166ms] [ERROR] Failed to load resource: Could not connect to the server. @ http://localhost:4401/api/billing/ai-credits/summary:0
[17209369ms] [ERROR] Failed to load resource: Could not connect to the server. @ http://localhost:4401/api/billing/ai-credits/summary:0
[17209979ms] [ERROR] Failed to load resource: Could not connect to the server. @ http://localhost:4401/api/billing/ai-credits/summary:0
[17239170ms] [ERROR] Failed to load resource: Could not connect to the server. @ http://localhost:4401/api/billing/ai-credits/summary:0
[17239379ms] [ERROR] Failed to load resource: Could not connect to the server. @ http://localhost:4401/api/billing/ai-credits/summary:0
[17239990ms] [ERROR] Failed to load resource: Could not connect to the server. @ http://localhost:4401/api/billing/ai-credits/summary:0
[17268038ms] [ERROR] Failed to load resource: Could not connect to the server. @ http://localhost:4401/dashboard/overview:0
[17268073ms] [ERROR] Failed to load resource: Could not connect to the server. @ http://localhost:4401/dashboard/alerts?limit=6:0
[17268244ms] [ERROR] Failed to load resource: Could not connect to the server. @ http://localhost:4401/dashboard/overview:0
[17268277ms] [ERROR] Failed to load resource: Could not connect to the server. @ http://localhost:4401/dashboard/alerts?limit=6:0
[17268854ms] [ERROR] Failed to load resource: Could not connect to the server. @ http://localhost:4401/dashboard/overview:0
[17268882ms] [ERROR] Failed to load resource: Could not connect to the server. @ http://localhost:4401/dashboard/alerts?limit=6:0
[17269180ms] [ERROR] Failed to load resource: Could not connect to the server. @ http://localhost:4401/api/billing/ai-credits/summary:0
[17269384ms] [ERROR] Failed to load resource: Could not connect to the server. @ http://localhost:4401/api/billing/ai-credits/summary:0
[17269995ms] [ERROR] Failed to load resource: Could not connect to the server. @ http://localhost:4401/api/billing/ai-credits/summary:0
[17299185ms] [ERROR] Failed to load resource: Could not connect to the server. @ http://localhost:4401/api/billing/ai-credits/summary:0
[17299396ms] [ERROR] Failed to load resource: Could not connect to the server. @ http://localhost:4401/api/billing/ai-credits/summary:0
[17300006ms] [ERROR] Failed to load resource: Could not connect to the server. @ http://localhost:4401/api/billing/ai-credits/summary:0
[17328042ms] [ERROR] Failed to load resource: Could not connect to the server. @ http://localhost:4401/dashboard/overview:0
[17328081ms] [ERROR] Failed to load resource: Could not connect to the server. @ http://localhost:4401/dashboard/alerts?limit=6:0
[17328252ms] [ERROR] Failed to load resource: Could not connect to the server. @ http://localhost:4401/dashboard/overview:0
[17328291ms] [ERROR] Failed to load resource: Could not connect to the server. @ http://localhost:4401/dashboard/alerts?limit=6:0
[17328862ms] [ERROR] Failed to load resource: Could not connect to the server. @ http://localhost:4401/dashboard/overview:0
[17328902ms] [ERROR] Failed to load resource: Could not connect to the server. @ http://localhost:4401/dashboard/alerts?limit=6:0
[17329184ms] [ERROR] Failed to load resource: Could not connect to the server. @ http://localhost:4401/api/billing/ai-credits/summary:0
[17329387ms] [ERROR] Failed to load resource: Could not connect to the server. @ http://localhost:4401/api/billing/ai-credits/summary:0
[17329998ms] [ERROR] Failed to load resource: Could not connect to the server. @ http://localhost:4401/api/billing/ai-credits/summary:0
[17359194ms] [ERROR] Failed to load resource: Could not connect to the server. @ http://localhost:4401/api/billing/ai-credits/summary:0
[17359404ms] [ERROR] Failed to load resource: Could not connect to the server. @ http://localhost:4401/api/billing/ai-credits/summary:0
[17360008ms] [ERROR] Failed to load resource: Could not connect to the server. @ http://localhost:4401/api/billing/ai-credits/summary:0
[17388046ms] [ERROR] Failed to load resource: Could not connect to the server. @ http://localhost:4401/dashboard/overview:0
[17388085ms] [ERROR] Failed to load resource: Could not connect to the server. @ http://localhost:4401/dashboard/alerts?limit=6:0
[17388253ms] [ERROR] Failed to load resource: Could not connect to the server. @ http://localhost:4401/dashboard/overview:0
[17388289ms] [ERROR] Failed to load resource: Could not connect to the server. @ http://localhost:4401/dashboard/alerts?limit=6:0
[17388862ms] [ERROR] Failed to load resource: Could not connect to the server. @ http://localhost:4401/dashboard/overview:0
[17388901ms] [ERROR] Failed to load resource: Could not connect to the server. @ http://localhost:4401/dashboard/alerts?limit=6:0
[17389192ms] [ERROR] Failed to load resource: Could not connect to the server. @ http://localhost:4401/api/billing/ai-credits/summary:0
[17389396ms] [ERROR] Failed to load resource: Could not connect to the server. @ http://localhost:4401/api/billing/ai-credits/summary:0
[17390005ms] [ERROR] Failed to load resource: Could not connect to the server. @ http://localhost:4401/api/billing/ai-credits/summary:0
[17419205ms] [ERROR] Failed to load resource: Could not connect to the server. @ http://localhost:4401/api/billing/ai-credits/summary:0
[17419415ms] [ERROR] Failed to load resource: Could not connect to the server. @ http://localhost:4401/api/billing/ai-credits/summary:0
[17420025ms] [ERROR] Failed to load resource: Could not connect to the server. @ http://localhost:4401/api/billing/ai-credits/summary:0
[17448054ms] [ERROR] Failed to load resource: Could not connect to the server. @ http://localhost:4401/dashboard/overview:0
[17448089ms] [ERROR] Failed to load resource: Could not connect to the server. @ http://localhost:4401/dashboard/alerts?limit=6:0
[17448259ms] [ERROR] Failed to load resource: Could not connect to the server. @ http://localhost:4401/dashboard/overview:0
[17448293ms] [ERROR] Failed to load resource: Could not connect to the server. @ http://localhost:4401/dashboard/alerts?limit=6:0
[17448870ms] [ERROR] Failed to load resource: Could not connect to the server. @ http://localhost:4401/dashboard/overview:0
[17448899ms] [ERROR] Failed to load resource: Could not connect to the server. @ http://localhost:4401/dashboard/alerts?limit=6:0
[17449206ms] [ERROR] Failed to load resource: Could not connect to the server. @ http://localhost:4401/api/billing/ai-credits/summary:0
[17449411ms] [ERROR] Failed to load resource: Could not connect to the server. @ http://localhost:4401/api/billing/ai-credits/summary:0
[17450022ms] [ERROR] Failed to load resource: Could not connect to the server. @ http://localhost:4401/api/billing/ai-credits/summary:0
[17479212ms] [ERROR] Failed to load resource: Could not connect to the server. @ http://localhost:4401/api/billing/ai-credits/summary:0
[17479424ms] [ERROR] Failed to load resource: Could not connect to the server. @ http://localhost:4401/api/billing/ai-credits/summary:0
[17480028ms] [ERROR] Failed to load resource: Could not connect to the server. @ http://localhost:4401/api/billing/ai-credits/summary:0
[17508057ms] [ERROR] Failed to load resource: Could not connect to the server. @ http://localhost:4401/dashboard/overview:0
[17508095ms] [ERROR] Failed to load resource: Could not connect to the server. @ http://localhost:4401/dashboard/alerts?limit=6:0
[17508268ms] [ERROR] Failed to load resource: Could not connect to the server. @ http://localhost:4401/dashboard/overview:0
[17508305ms] [ERROR] Failed to load resource: Could not connect to the server. @ http://localhost:4401/dashboard/alerts?limit=6:0
[17508877ms] [ERROR] Failed to load resource: Could not connect to the server. @ http://localhost:4401/dashboard/overview:0
[17508915ms] [ERROR] Failed to load resource: Could not connect to the server. @ http://localhost:4401/dashboard/alerts?limit=6:0
[17509216ms] [ERROR] Failed to load resource: Could not connect to the server. @ http://localhost:4401/api/billing/ai-credits/summary:0
[17509420ms] [ERROR] Failed to load resource: Could not connect to the server. @ http://localhost:4401/api/billing/ai-credits/summary:0
[17510030ms] [ERROR] Failed to load resource: Could not connect to the server. @ http://localhost:4401/api/billing/ai-credits/summary:0
[17539223ms] [ERROR] Failed to load resource: Could not connect to the server. @ http://localhost:4401/api/billing/ai-credits/summary:0
[17539430ms] [ERROR] Failed to load resource: Could not connect to the server. @ http://localhost:4401/api/billing/ai-credits/summary:0
[17540038ms] [ERROR] Failed to load resource: Could not connect to the server. @ http://localhost:4401/api/billing/ai-credits/summary:0
[17568055ms] [ERROR] Failed to load resource: Could not connect to the server. @ http://localhost:4401/dashboard/overview:0
[17568096ms] [ERROR] Failed to load resource: Could not connect to the server. @ http://localhost:4401/dashboard/alerts?limit=6:0
[17568259ms] [ERROR] Failed to load resource: Could not connect to the server. @ http://localhost:4401/dashboard/overview:0
[17568300ms] [ERROR] Failed to load resource: Could not connect to the server. @ http://localhost:4401/dashboard/alerts?limit=6:0
[17568870ms] [ERROR] Failed to load resource: Could not connect to the server. @ http://localhost:4401/dashboard/overview:0
[17568909ms] [ERROR] Failed to load resource: Could not connect to the server. @ http://localhost:4401/dashboard/alerts?limit=6:0
[17569222ms] [ERROR] Failed to load resource: Could not connect to the server. @ http://localhost:4401/api/billing/ai-credits/summary:0
[17569426ms] [ERROR] Failed to load resource: Could not connect to the server. @ http://localhost:4401/api/billing/ai-credits/summary:0
[17570039ms] [ERROR] Failed to load resource: Could not connect to the server. @ http://localhost:4401/api/billing/ai-credits/summary:0
[17599233ms] [ERROR] Failed to load resource: Could not connect to the server. @ http://localhost:4401/api/billing/ai-credits/summary:0
[17599443ms] [ERROR] Failed to load resource: Could not connect to the server. @ http://localhost:4401/api/billing/ai-credits/summary:0
[17600054ms] [ERROR] Failed to load resource: Could not connect to the server. @ http://localhost:4401/api/billing/ai-credits/summary:0
[17628068ms] [ERROR] Failed to load resource: Could not connect to the server. @ http://localhost:4401/dashboard/overview:0
[17628104ms] [ERROR] Failed to load resource: Could not connect to the server. @ http://localhost:4401/dashboard/alerts?limit=6:0
[17628279ms] [ERROR] Failed to load resource: Could not connect to the server. @ http://localhost:4401/dashboard/overview:0
[17628314ms] [ERROR] Failed to load resource: Could not connect to the server. @ http://localhost:4401/dashboard/alerts?limit=6:0
[17628885ms] [ERROR] Failed to load resource: Could not connect to the server. @ http://localhost:4401/dashboard/overview:0
[17628919ms] [ERROR] Failed to load resource: Could not connect to the server. @ http://localhost:4401/dashboard/alerts?limit=6:0
[17629232ms] [ERROR] Failed to load resource: Could not connect to the server. @ http://localhost:4401/api/billing/ai-credits/summary:0
[17629445ms] [ERROR] Failed to load resource: Could not connect to the server. @ http://localhost:4401/api/billing/ai-credits/summary:0
[17630050ms] [ERROR] Failed to load resource: Could not connect to the server. @ http://localhost:4401/api/billing/ai-credits/summary:0
[17659240ms] [ERROR] Failed to load resource: Could not connect to the server. @ http://localhost:4401/api/billing/ai-credits/summary:0
[17659448ms] [ERROR] Failed to load resource: Could not connect to the server. @ http://localhost:4401/api/billing/ai-credits/summary:0
[17660053ms] [ERROR] Failed to load resource: Could not connect to the server. @ http://localhost:4401/api/billing/ai-credits/summary:0
[17688073ms] [ERROR] Failed to load resource: Could not connect to the server. @ http://localhost:4401/dashboard/overview:0
[17688107ms] [ERROR] Failed to load resource: Could not connect to the server. @ http://localhost:4401/dashboard/alerts?limit=6:0
[17688280ms] [ERROR] Failed to load resource: Could not connect to the server. @ http://localhost:4401/dashboard/overview:0
[17688317ms] [ERROR] Failed to load resource: Could not connect to the server. @ http://localhost:4401/dashboard/alerts?limit=6:0
[17688890ms] [ERROR] Failed to load resource: Could not connect to the server. @ http://localhost:4401/dashboard/overview:0
[17688925ms] [ERROR] Failed to load resource: Could not connect to the server. @ http://localhost:4401/dashboard/alerts?limit=6:0
[17689238ms] [ERROR] Failed to load resource: Could not connect to the server. @ http://localhost:4401/api/billing/ai-credits/summary:0
[17689442ms] [ERROR] Failed to load resource: Could not connect to the server. @ http://localhost:4401/api/billing/ai-credits/summary:0
[17690048ms] [ERROR] Failed to load resource: Could not connect to the server. @ http://localhost:4401/api/billing/ai-credits/summary:0
[17719250ms] [ERROR] Failed to load resource: Could not connect to the server. @ http://localhost:4401/api/billing/ai-credits/summary:0
[17719459ms] [ERROR] Failed to load resource: Could not connect to the server. @ http://localhost:4401/api/billing/ai-credits/summary:0
[17720069ms] [ERROR] Failed to load resource: Could not connect to the server. @ http://localhost:4401/api/billing/ai-credits/summary:0
[17748069ms] [ERROR] Failed to load resource: Could not connect to the server. @ http://localhost:4401/dashboard/overview:0
[17748110ms] [ERROR] Failed to load resource: Could not connect to the server. @ http://localhost:4401/dashboard/alerts?limit=6:0
[17748272ms] [ERROR] Failed to load resource: Could not connect to the server. @ http://localhost:4401/dashboard/overview:0
[17748313ms] [ERROR] Failed to load resource: Could not connect to the server. @ http://localhost:4401/dashboard/alerts?limit=6:0
[17748882ms] [ERROR] Failed to load resource: Could not connect to the server. @ http://localhost:4401/dashboard/overview:0
[17748921ms] [ERROR] Failed to load resource: Could not connect to the server. @ http://localhost:4401/dashboard/alerts?limit=6:0
[17749248ms] [ERROR] Failed to load resource: Could not connect to the server. @ http://localhost:4401/api/billing/ai-credits/summary:0
[17749451ms] [ERROR] Failed to load resource: Could not connect to the server. @ http://localhost:4401/api/billing/ai-credits/summary:0
[17750062ms] [ERROR] Failed to load resource: Could not connect to the server. @ http://localhost:4401/api/billing/ai-credits/summary:0
[17779257ms] [ERROR] Failed to load resource: Could not connect to the server. @ http://localhost:4401/api/billing/ai-credits/summary:0
[17779469ms] [ERROR] Failed to load resource: Could not connect to the server. @ http://localhost:4401/api/billing/ai-credits/summary:0
[17780079ms] [ERROR] Failed to load resource: Could not connect to the server. @ http://localhost:4401/api/billing/ai-credits/summary:0
[17808082ms] [ERROR] Failed to load resource: Could not connect to the server. @ http://localhost:4401/dashboard/overview:0
[17808117ms] [ERROR] Failed to load resource: Could not connect to the server. @ http://localhost:4401/dashboard/alerts?limit=6:0
[17808290ms] [ERROR] Failed to load resource: Could not connect to the server. @ http://localhost:4401/dashboard/overview:0
[17808325ms] [ERROR] Failed to load resource: Could not connect to the server. @ http://localhost:4401/dashboard/alerts?limit=6:0
[17808896ms] [ERROR] Failed to load resource: Could not connect to the server. @ http://localhost:4401/dashboard/overview:0
[17808930ms] [ERROR] Failed to load resource: Could not connect to the server. @ http://localhost:4401/dashboard/alerts?limit=6:0
[17809260ms] [ERROR] Failed to load resource: Could not connect to the server. @ http://localhost:4401/api/billing/ai-credits/summary:0
[17809468ms] [ERROR] Failed to load resource: Could not connect to the server. @ http://localhost:4401/api/billing/ai-credits/summary:0
[17810079ms] [ERROR] Failed to load resource: Could not connect to the server. @ http://localhost:4401/api/billing/ai-credits/summary:0
[17839259ms] [ERROR] Failed to load resource: Could not connect to the server. @ http://localhost:4401/api/billing/ai-credits/summary:0
[17839466ms] [ERROR] Failed to load resource: Could not connect to the server. @ http://localhost:4401/api/billing/ai-credits/summary:0
[17840075ms] [ERROR] Failed to load resource: Could not connect to the server. @ http://localhost:4401/api/billing/ai-credits/summary:0
[17868088ms] [ERROR] Failed to load resource: Could not connect to the server. @ http://localhost:4401/dashboard/overview:0
[17868122ms] [ERROR] Failed to load resource: Could not connect to the server. @ http://localhost:4401/dashboard/alerts?limit=6:0
[17868299ms] [ERROR] Failed to load resource: Could not connect to the server. @ http://localhost:4401/dashboard/overview:0
[17868331ms] [ERROR] Failed to load resource: Could not connect to the server. @ http://localhost:4401/dashboard/alerts?limit=6:0
[17868909ms] [ERROR] Failed to load resource: Could not connect to the server. @ http://localhost:4401/dashboard/overview:0
[17868940ms] [ERROR] Failed to load resource: Could not connect to the server. @ http://localhost:4401/dashboard/alerts?limit=6:0
[17869265ms] [ERROR] Failed to load resource: Could not connect to the server. @ http://localhost:4401/api/billing/ai-credits/summary:0
[17869469ms] [ERROR] Failed to load resource: Could not connect to the server. @ http://localhost:4401/api/billing/ai-credits/summary:0
[17870080ms] [ERROR] Failed to load resource: Could not connect to the server. @ http://localhost:4401/api/billing/ai-credits/summary:0
[17899276ms] [ERROR] Failed to load resource: Could not connect to the server. @ http://localhost:4401/api/billing/ai-credits/summary:0
[17899486ms] [ERROR] Failed to load resource: Could not connect to the server. @ http://localhost:4401/api/billing/ai-credits/summary:0
[17900095ms] [ERROR] Failed to load resource: Could not connect to the server. @ http://localhost:4401/api/billing/ai-credits/summary:0
[17928094ms] [ERROR] Failed to load resource: Could not connect to the server. @ http://localhost:4401/dashboard/overview:0
[17928128ms] [ERROR] Failed to load resource: Could not connect to the server. @ http://localhost:4401/dashboard/alerts?limit=6:0
[17928304ms] [ERROR] Failed to load resource: Could not connect to the server. @ http://localhost:4401/dashboard/overview:0
[17928334ms] [ERROR] Failed to load resource: Could not connect to the server. @ http://localhost:4401/dashboard/alerts?limit=6:0
[17928915ms] [ERROR] Failed to load resource: Could not connect to the server. @ http://localhost:4401/dashboard/overview:0
[17928940ms] [ERROR] Failed to load resource: Could not connect to the server. @ http://localhost:4401/dashboard/alerts?limit=6:0
[17929279ms] [ERROR] Failed to load resource: Could not connect to the server. @ http://localhost:4401/api/billing/ai-credits/summary:0
[17929484ms] [ERROR] Failed to load resource: Could not connect to the server. @ http://localhost:4401/api/billing/ai-credits/summary:0
[17930096ms] [ERROR] Failed to load resource: Could not connect to the server. @ http://localhost:4401/api/billing/ai-credits/summary:0
[17959286ms] [ERROR] Failed to load resource: Could not connect to the server. @ http://localhost:4401/api/billing/ai-credits/summary:0
[17959496ms] [ERROR] Failed to load resource: Could not connect to the server. @ http://localhost:4401/api/billing/ai-credits/summary:0
[17960106ms] [ERROR] Failed to load resource: Could not connect to the server. @ http://localhost:4401/api/billing/ai-credits/summary:0
[17988091ms] [ERROR] Failed to load resource: Could not connect to the server. @ http://localhost:4401/dashboard/overview:0
[17988129ms] [ERROR] Failed to load resource: Could not connect to the server. @ http://localhost:4401/dashboard/alerts?limit=6:0
[17988296ms] [ERROR] Failed to load resource: Could not connect to the server. @ http://localhost:4401/dashboard/overview:0
[17988333ms] [ERROR] Failed to load resource: Could not connect to the server. @ http://localhost:4401/dashboard/alerts?limit=6:0
[17988907ms] [ERROR] Failed to load resource: Could not connect to the server. @ http://localhost:4401/dashboard/overview:0
[17988942ms] [ERROR] Failed to load resource: Could not connect to the server. @ http://localhost:4401/dashboard/alerts?limit=6:0
[17989282ms] [ERROR] Failed to load resource: Could not connect to the server. @ http://localhost:4401/api/billing/ai-credits/summary:0
[17989487ms] [ERROR] Failed to load resource: Could not connect to the server. @ http://localhost:4401/api/billing/ai-credits/summary:0
[17990099ms] [ERROR] Failed to load resource: Could not connect to the server. @ http://localhost:4401/api/billing/ai-credits/summary:0
[18019289ms] [ERROR] Failed to load resource: Could not connect to the server. @ http://localhost:4401/api/billing/ai-credits/summary:0
[18019493ms] [ERROR] Failed to load resource: Could not connect to the server. @ http://localhost:4401/api/billing/ai-credits/summary:0
[18020104ms] [ERROR] Failed to load resource: Could not connect to the server. @ http://localhost:4401/api/billing/ai-credits/summary:0
[18048101ms] [ERROR] Failed to load resource: Could not connect to the server. @ http://localhost:4401/dashboard/overview:0
[18048140ms] [ERROR] Failed to load resource: Could not connect to the server. @ http://localhost:4401/dashboard/alerts?limit=6:0
[18048309ms] [ERROR] Failed to load resource: Could not connect to the server. @ http://localhost:4401/dashboard/overview:0
[18048351ms] [ERROR] Failed to load resource: Could not connect to the server. @ http://localhost:4401/dashboard/alerts?limit=6:0
[18048922ms] [ERROR] Failed to load resource: Could not connect to the server. @ http://localhost:4401/dashboard/overview:0
[18048961ms] [ERROR] Failed to load resource: Could not connect to the server. @ http://localhost:4401/dashboard/alerts?limit=6:0
[18049291ms] [ERROR] Failed to load resource: Could not connect to the server. @ http://localhost:4401/api/billing/ai-credits/summary:0
[18049495ms] [ERROR] Failed to load resource: Could not connect to the server. @ http://localhost:4401/api/billing/ai-credits/summary:0
[18050106ms] [ERROR] Failed to load resource: Could not connect to the server. @ http://localhost:4401/api/billing/ai-credits/summary:0
[18079270ms] [ERROR] Failed to load resource: Could not connect to the server. @ http://localhost:4401/api/billing/ai-credits/summary:0
[18079475ms] [ERROR] Failed to load resource: Could not connect to the server. @ http://localhost:4401/api/billing/ai-credits/summary:0
[18080082ms] [ERROR] Failed to load resource: Could not connect to the server. @ http://localhost:4401/api/billing/ai-credits/summary:0
[18108063ms] [ERROR] Failed to load resource: Could not connect to the server. @ http://localhost:4401/dashboard/overview:0
[18108096ms] [ERROR] Failed to load resource: Could not connect to the server. @ http://localhost:4401/dashboard/alerts?limit=6:0
[18108268ms] [ERROR] Failed to load resource: Could not connect to the server. @ http://localhost:4401/dashboard/overview:0
[18108300ms] [ERROR] Failed to load resource: Could not connect to the server. @ http://localhost:4401/dashboard/alerts?limit=6:0
[18108880ms] [ERROR] Failed to load resource: Could not connect to the server. @ http://localhost:4401/dashboard/overview:0
[18108905ms] [ERROR] Failed to load resource: Could not connect to the server. @ http://localhost:4401/dashboard/alerts?limit=6:0
[18109257ms] [ERROR] Failed to load resource: Could not connect to the server. @ http://localhost:4401/api/billing/ai-credits/summary:0
[18109461ms] [ERROR] Failed to load resource: Could not connect to the server. @ http://localhost:4401/api/billing/ai-credits/summary:0
[18110072ms] [ERROR] Failed to load resource: Could not connect to the server. @ http://localhost:4401/api/billing/ai-credits/summary:0
[18139267ms] [ERROR] Failed to load resource: Could not connect to the server. @ http://localhost:4401/api/billing/ai-credits/summary:0
[18139477ms] [ERROR] Failed to load resource: Could not connect to the server. @ http://localhost:4401/api/billing/ai-credits/summary:0
[18140087ms] [ERROR] Failed to load resource: Could not connect to the server. @ http://localhost:4401/api/billing/ai-credits/summary:0
[18168064ms] [ERROR] Failed to load resource: Could not connect to the server. @ http://localhost:4401/dashboard/overview:0
[18168105ms] [ERROR] Failed to load resource: Could not connect to the server. @ http://localhost:4401/dashboard/alerts?limit=6:0
[18168272ms] [ERROR] Failed to load resource: Could not connect to the server. @ http://localhost:4401/dashboard/overview:0
[18168312ms] [ERROR] Failed to load resource: Could not connect to the server. @ http://localhost:4401/dashboard/alerts?limit=6:0
[18168881ms] [ERROR] Failed to load resource: Could not connect to the server. @ http://localhost:4401/dashboard/overview:0
[18168919ms] [ERROR] Failed to load resource: Could not connect to the server. @ http://localhost:4401/dashboard/alerts?limit=6:0
[18169263ms] [ERROR] Failed to load resource: Could not connect to the server. @ http://localhost:4401/api/billing/ai-credits/summary:0
[18169466ms] [ERROR] Failed to load resource: Could not connect to the server. @ http://localhost:4401/api/billing/ai-credits/summary:0
[18170078ms] [ERROR] Failed to load resource: Could not connect to the server. @ http://localhost:4401/api/billing/ai-credits/summary:0
[18199272ms] [ERROR] Failed to load resource: Could not connect to the server. @ http://localhost:4401/api/billing/ai-credits/summary:0
[18199484ms] [ERROR] Failed to load resource: Could not connect to the server. @ http://localhost:4401/api/billing/ai-credits/summary:0
[18200095ms] [ERROR] Failed to load resource: Could not connect to the server. @ http://localhost:4401/api/billing/ai-credits/summary:0
[18228070ms] [ERROR] Failed to load resource: Could not connect to the server. @ http://localhost:4401/dashboard/overview:0
[18228105ms] [ERROR] Failed to load resource: Could not connect to the server. @ http://localhost:4401/dashboard/alerts?limit=6:0
[18228281ms] [ERROR] Failed to load resource: Could not connect to the server. @ http://localhost:4401/dashboard/overview:0
[18228315ms] [ERROR] Failed to load resource: Could not connect to the server. @ http://localhost:4401/dashboard/alerts?limit=6:0
[18228884ms] [ERROR] Failed to load resource: Could not connect to the server. @ http://localhost:4401/dashboard/overview:0
[18228919ms] [ERROR] Failed to load resource: Could not connect to the server. @ http://localhost:4401/dashboard/alerts?limit=6:0
[18229278ms] [ERROR] Failed to load resource: Could not connect to the server. @ http://localhost:4401/api/billing/ai-credits/summary:0
[18229490ms] [ERROR] Failed to load resource: Could not connect to the server. @ http://localhost:4401/api/billing/ai-credits/summary:0
[18230095ms] [ERROR] Failed to load resource: Could not connect to the server. @ http://localhost:4401/api/billing/ai-credits/summary:0
[18259282ms] [ERROR] Failed to load resource: Could not connect to the server. @ http://localhost:4401/api/billing/ai-credits/summary:0
[18259494ms] [ERROR] Failed to load resource: Could not connect to the server. @ http://localhost:4401/api/billing/ai-credits/summary:0
[18260105ms] [ERROR] Failed to load resource: Could not connect to the server. @ http://localhost:4401/api/billing/ai-credits/summary:0
[18288075ms] [ERROR] Failed to load resource: Could not connect to the server. @ http://localhost:4401/dashboard/overview:0
[18288109ms] [ERROR] Failed to load resource: Could not connect to the server. @ http://localhost:4401/dashboard/alerts?limit=6:0
[18288279ms] [ERROR] Failed to load resource: Could not connect to the server. @ http://localhost:4401/dashboard/overview:0
[18288313ms] [ERROR] Failed to load resource: Could not connect to the server. @ http://localhost:4401/dashboard/alerts?limit=6:0
[18288885ms] [ERROR] Failed to load resource: Could not connect to the server. @ http://localhost:4401/dashboard/overview:0
[18288918ms] [ERROR] Failed to load resource: Could not connect to the server. @ http://localhost:4401/dashboard/alerts?limit=6:0
[18289278ms] [ERROR] Failed to load resource: Could not connect to the server. @ http://localhost:4401/api/billing/ai-credits/summary:0
[18289482ms] [ERROR] Failed to load resource: Could not connect to the server. @ http://localhost:4401/api/billing/ai-credits/summary:0
[18290092ms] [ERROR] Failed to load resource: Could not connect to the server. @ http://localhost:4401/api/billing/ai-credits/summary:0
[18319288ms] [ERROR] Failed to load resource: Could not connect to the server. @ http://localhost:4401/api/billing/ai-credits/summary:0
[18319499ms] [ERROR] Failed to load resource: Could not connect to the server. @ http://localhost:4401/api/billing/ai-credits/summary:0
[18320110ms] [ERROR] Failed to load resource: Could not connect to the server. @ http://localhost:4401/api/billing/ai-credits/summary:0
[18348077ms] [ERROR] Failed to load resource: Could not connect to the server. @ http://localhost:4401/dashboard/overview:0
[18348112ms] [ERROR] Failed to load resource: Could not connect to the server. @ http://localhost:4401/dashboard/alerts?limit=6:0
[18348285ms] [ERROR] Failed to load resource: Could not connect to the server. @ http://localhost:4401/dashboard/overview:0
[18348322ms] [ERROR] Failed to load resource: Could not connect to the server. @ http://localhost:4401/dashboard/alerts?limit=6:0
[18348896ms] [ERROR] Failed to load resource: Could not connect to the server. @ http://localhost:4401/dashboard/overview:0
[18348930ms] [ERROR] Failed to load resource: Could not connect to the server. @ http://localhost:4401/dashboard/alerts?limit=6:0
[18349285ms] [ERROR] Failed to load resource: Could not connect to the server. @ http://localhost:4401/api/billing/ai-credits/summary:0
[18349489ms] [ERROR] Failed to load resource: Could not connect to the server. @ http://localhost:4401/api/billing/ai-credits/summary:0
[18350100ms] [ERROR] Failed to load resource: Could not connect to the server. @ http://localhost:4401/api/billing/ai-credits/summary:0
[18379297ms] [ERROR] Failed to load resource: Could not connect to the server. @ http://localhost:4401/api/billing/ai-credits/summary:0
[18379506ms] [ERROR] Failed to load resource: Could not connect to the server. @ http://localhost:4401/api/billing/ai-credits/summary:0
[18380114ms] [ERROR] Failed to load resource: Could not connect to the server. @ http://localhost:4401/api/billing/ai-credits/summary:0
[18408074ms] [ERROR] Failed to load resource: Could not connect to the server. @ http://localhost:4401/dashboard/overview:0
[18408114ms] [ERROR] Failed to load resource: Could not connect to the server. @ http://localhost:4401/dashboard/alerts?limit=6:0
[18408278ms] [ERROR] Failed to load resource: Could not connect to the server. @ http://localhost:4401/dashboard/overview:0
[18408316ms] [ERROR] Failed to load resource: Could not connect to the server. @ http://localhost:4401/dashboard/alerts?limit=6:0
[18408888ms] [ERROR] Failed to load resource: Could not connect to the server. @ http://localhost:4401/dashboard/overview:0
[18408924ms] [ERROR] Failed to load resource: Could not connect to the server. @ http://localhost:4401/dashboard/alerts?limit=6:0
[18409293ms] [ERROR] Failed to load resource: Could not connect to the server. @ http://localhost:4401/api/billing/ai-credits/summary:0
[18409497ms] [ERROR] Failed to load resource: Could not connect to the server. @ http://localhost:4401/api/billing/ai-credits/summary:0
[18410109ms] [ERROR] Failed to load resource: Could not connect to the server. @ http://localhost:4401/api/billing/ai-credits/summary:0
[18439304ms] [ERROR] Failed to load resource: Could not connect to the server. @ http://localhost:4401/api/billing/ai-credits/summary:0
[18439512ms] [ERROR] Failed to load resource: Could not connect to the server. @ http://localhost:4401/api/billing/ai-credits/summary:0
[18440123ms] [ERROR] Failed to load resource: Could not connect to the server. @ http://localhost:4401/api/billing/ai-credits/summary:0
[18468079ms] [ERROR] Failed to load resource: Could not connect to the server. @ http://localhost:4401/dashboard/overview:0
[18468118ms] [ERROR] Failed to load resource: Could not connect to the server. @ http://localhost:4401/dashboard/alerts?limit=6:0
[18468282ms] [ERROR] Failed to load resource: Could not connect to the server. @ http://localhost:4401/dashboard/overview:0
[18468321ms] [ERROR] Failed to load resource: Could not connect to the server. @ http://localhost:4401/dashboard/alerts?limit=6:0
[18468893ms] [ERROR] Failed to load resource: Could not connect to the server. @ http://localhost:4401/dashboard/overview:0
[18468931ms] [ERROR] Failed to load resource: Could not connect to the server. @ http://localhost:4401/dashboard/alerts?limit=6:0
[18469302ms] [ERROR] Failed to load resource: Could not connect to the server. @ http://localhost:4401/api/billing/ai-credits/summary:0
[18469506ms] [ERROR] Failed to load resource: Could not connect to the server. @ http://localhost:4401/api/billing/ai-credits/summary:0
[18470117ms] [ERROR] Failed to load resource: Could not connect to the server. @ http://localhost:4401/api/billing/ai-credits/summary:0
[18499318ms] [ERROR] Failed to load resource: Could not connect to the server. @ http://localhost:4401/api/billing/ai-credits/summary:0
[18499528ms] [ERROR] Failed to load resource: Could not connect to the server. @ http://localhost:4401/api/billing/ai-credits/summary:0
[18500132ms] [ERROR] Failed to load resource: Could not connect to the server. @ http://localhost:4401/api/billing/ai-credits/summary:0
[18528091ms] [ERROR] Failed to load resource: Could not connect to the server. @ http://localhost:4401/dashboard/overview:0
[18528124ms] [ERROR] Failed to load resource: Could not connect to the server. @ http://localhost:4401/dashboard/alerts?limit=6:0
[18528300ms] [ERROR] Failed to load resource: Could not connect to the server. @ http://localhost:4401/dashboard/overview:0
[18528330ms] [ERROR] Failed to load resource: Could not connect to the server. @ http://localhost:4401/dashboard/alerts?limit=6:0
[18528907ms] [ERROR] Failed to load resource: Could not connect to the server. @ http://localhost:4401/dashboard/overview:0
[18528938ms] [ERROR] Failed to load resource: Could not connect to the server. @ http://localhost:4401/dashboard/alerts?limit=6:0
[18529313ms] [ERROR] Failed to load resource: Could not connect to the server. @ http://localhost:4401/api/billing/ai-credits/summary:0
[18529519ms] [ERROR] Failed to load resource: Could not connect to the server. @ http://localhost:4401/api/billing/ai-credits/summary:0
[18530126ms] [ERROR] Failed to load resource: Could not connect to the server. @ http://localhost:4401/api/billing/ai-credits/summary:0
[18559319ms] [ERROR] Failed to load resource: Could not connect to the server. @ http://localhost:4401/api/billing/ai-credits/summary:0
[18559525ms] [ERROR] Failed to load resource: Could not connect to the server. @ http://localhost:4401/api/billing/ai-credits/summary:0
[18560134ms] [ERROR] Failed to load resource: Could not connect to the server. @ http://localhost:4401/api/billing/ai-credits/summary:0
[18588090ms] [ERROR] Failed to load resource: Could not connect to the server. @ http://localhost:4401/dashboard/overview:0
[18588129ms] [ERROR] Failed to load resource: Could not connect to the server. @ http://localhost:4401/dashboard/alerts?limit=6:0
[18588297ms] [ERROR] Failed to load resource: Could not connect to the server. @ http://localhost:4401/dashboard/overview:0
[18588335ms] [ERROR] Failed to load resource: Could not connect to the server. @ http://localhost:4401/dashboard/alerts?limit=6:0
[18588905ms] [ERROR] Failed to load resource: Could not connect to the server. @ http://localhost:4401/dashboard/overview:0
[18588945ms] [ERROR] Failed to load resource: Could not connect to the server. @ http://localhost:4401/dashboard/alerts?limit=6:0
[18589321ms] [ERROR] Failed to load resource: Could not connect to the server. @ http://localhost:4401/api/billing/ai-credits/summary:0
[18589529ms] [ERROR] Failed to load resource: Could not connect to the server. @ http://localhost:4401/api/billing/ai-credits/summary:0
[18590139ms] [ERROR] Failed to load resource: Could not connect to the server. @ http://localhost:4401/api/billing/ai-credits/summary:0
[18619333ms] [ERROR] Failed to load resource: Could not connect to the server. @ http://localhost:4401/api/billing/ai-credits/summary:0
[18619542ms] [ERROR] Failed to load resource: Could not connect to the server. @ http://localhost:4401/api/billing/ai-credits/summary:0
[18620151ms] [ERROR] Failed to load resource: Could not connect to the server. @ http://localhost:4401/api/billing/ai-credits/summary:0
[18648095ms] [ERROR] Failed to load resource: Could not connect to the server. @ http://localhost:4401/dashboard/overview:0
[18648133ms] [ERROR] Failed to load resource: Could not connect to the server. @ http://localhost:4401/dashboard/alerts?limit=6:0
[18648303ms] [ERROR] Failed to load resource: Could not connect to the server. @ http://localhost:4401/dashboard/overview:0
[18648341ms] [ERROR] Failed to load resource: Could not connect to the server. @ http://localhost:4401/dashboard/alerts?limit=6:0
[18648909ms] [ERROR] Failed to load resource: Could not connect to the server. @ http://localhost:4401/dashboard/overview:0
[18648948ms] [ERROR] Failed to load resource: Could not connect to the server. @ http://localhost:4401/dashboard/alerts?limit=6:0
[18649329ms] [ERROR] Failed to load resource: Could not connect to the server. @ http://localhost:4401/api/billing/ai-credits/summary:0
[18649535ms] [ERROR] Failed to load resource: Could not connect to the server. @ http://localhost:4401/api/billing/ai-credits/summary:0
[18650142ms] [ERROR] Failed to load resource: Could not connect to the server. @ http://localhost:4401/api/billing/ai-credits/summary:0
[18679336ms] [ERROR] Failed to load resource: Could not connect to the server. @ http://localhost:4401/api/billing/ai-credits/summary:0
[18679543ms] [ERROR] Failed to load resource: Could not connect to the server. @ http://localhost:4401/api/billing/ai-credits/summary:0
[18680150ms] [ERROR] Failed to load resource: Could not connect to the server. @ http://localhost:4401/api/billing/ai-credits/summary:0
[18708101ms] [ERROR] Failed to load resource: Could not connect to the server. @ http://localhost:4401/dashboard/overview:0
[18708138ms] [ERROR] Failed to load resource: Could not connect to the server. @ http://localhost:4401/dashboard/alerts?limit=6:0
[18708311ms] [ERROR] Failed to load resource: Could not connect to the server. @ http://localhost:4401/dashboard/overview:0
[18708345ms] [ERROR] Failed to load resource: Could not connect to the server. @ http://localhost:4401/dashboard/alerts?limit=6:0
[18708920ms] [ERROR] Failed to load resource: Could not connect to the server. @ http://localhost:4401/dashboard/overview:0
[18708952ms] [ERROR] Failed to load resource: Could not connect to the server. @ http://localhost:4401/dashboard/alerts?limit=6:0
[18709336ms] [ERROR] Failed to load resource: Could not connect to the server. @ http://localhost:4401/api/billing/ai-credits/summary:0
[18709543ms] [ERROR] Failed to load resource: Could not connect to the server. @ http://localhost:4401/api/billing/ai-credits/summary:0
[18710150ms] [ERROR] Failed to load resource: Could not connect to the server. @ http://localhost:4401/api/billing/ai-credits/summary:0
[18739343ms] [ERROR] Failed to load resource: Could not connect to the server. @ http://localhost:4401/api/billing/ai-credits/summary:0
[18739549ms] [ERROR] Failed to load resource: Could not connect to the server. @ http://localhost:4401/api/billing/ai-credits/summary:0
[18740155ms] [ERROR] Failed to load resource: Could not connect to the server. @ http://localhost:4401/api/billing/ai-credits/summary:0
[18768104ms] [ERROR] Failed to load resource: Could not connect to the server. @ http://localhost:4401/dashboard/overview:0
[18768143ms] [ERROR] Failed to load resource: Could not connect to the server. @ http://localhost:4401/dashboard/alerts?limit=6:0
[18768313ms] [ERROR] Failed to load resource: Could not connect to the server. @ http://localhost:4401/dashboard/overview:0
[18768352ms] [ERROR] Failed to load resource: Could not connect to the server. @ http://localhost:4401/dashboard/alerts?limit=6:0
[18768922ms] [ERROR] Failed to load resource: Could not connect to the server. @ http://localhost:4401/dashboard/overview:0
[18768961ms] [ERROR] Failed to load resource: Could not connect to the server. @ http://localhost:4401/dashboard/alerts?limit=6:0
[18769346ms] [ERROR] Failed to load resource: Could not connect to the server. @ http://localhost:4401/api/billing/ai-credits/summary:0
[18769554ms] [ERROR] Failed to load resource: Could not connect to the server. @ http://localhost:4401/api/billing/ai-credits/summary:0
[18770162ms] [ERROR] Failed to load resource: Could not connect to the server. @ http://localhost:4401/api/billing/ai-credits/summary:0
[18799350ms] [ERROR] Failed to load resource: Could not connect to the server. @ http://localhost:4401/api/billing/ai-credits/summary:0
[18799559ms] [ERROR] Failed to load resource: Could not connect to the server. @ http://localhost:4401/api/billing/ai-credits/summary:0
[18800167ms] [ERROR] Failed to load resource: Could not connect to the server. @ http://localhost:4401/api/billing/ai-credits/summary:0
[18828108ms] [ERROR] Failed to load resource: Could not connect to the server. @ http://localhost:4401/dashboard/overview:0
[18828145ms] [ERROR] Failed to load resource: Could not connect to the server. @ http://localhost:4401/dashboard/alerts?limit=6:0
[18828314ms] [ERROR] Failed to load resource: Could not connect to the server. @ http://localhost:4401/dashboard/overview:0
[18828350ms] [ERROR] Failed to load resource: Could not connect to the server. @ http://localhost:4401/dashboard/alerts?limit=6:0
[18828921ms] [ERROR] Failed to load resource: Could not connect to the server. @ http://localhost:4401/dashboard/overview:0
[18828958ms] [ERROR] Failed to load resource: Could not connect to the server. @ http://localhost:4401/dashboard/alerts?limit=6:0
[18829353ms] [ERROR] Failed to load resource: Could not connect to the server. @ http://localhost:4401/api/billing/ai-credits/summary:0
[18829561ms] [ERROR] Failed to load resource: Could not connect to the server. @ http://localhost:4401/api/billing/ai-credits/summary:0
[18830167ms] [ERROR] Failed to load resource: Could not connect to the server. @ http://localhost:4401/api/billing/ai-credits/summary:0
[18859361ms] [ERROR] Failed to load resource: Could not connect to the server. @ http://localhost:4401/api/billing/ai-credits/summary:0
[18859571ms] [ERROR] Failed to load resource: Could not connect to the server. @ http://localhost:4401/api/billing/ai-credits/summary:0
[18860180ms] [ERROR] Failed to load resource: Could not connect to the server. @ http://localhost:4401/api/billing/ai-credits/summary:0
[18888112ms] [ERROR] Failed to load resource: Could not connect to the server. @ http://localhost:4401/dashboard/overview:0
[18888151ms] [ERROR] Failed to load resource: Could not connect to the server. @ http://localhost:4401/dashboard/alerts?limit=6:0
[18888320ms] [ERROR] Failed to load resource: Could not connect to the server. @ http://localhost:4401/dashboard/overview:0
[18888358ms] [ERROR] Failed to load resource: Could not connect to the server. @ http://localhost:4401/dashboard/alerts?limit=6:0
[18888928ms] [ERROR] Failed to load resource: Could not connect to the server. @ http://localhost:4401/dashboard/overview:0
[18888967ms] [ERROR] Failed to load resource: Could not connect to the server. @ http://localhost:4401/dashboard/alerts?limit=6:0
[18889362ms] [ERROR] Failed to load resource: Could not connect to the server. @ http://localhost:4401/api/billing/ai-credits/summary:0
[18889569ms] [ERROR] Failed to load resource: Could not connect to the server. @ http://localhost:4401/api/billing/ai-credits/summary:0
[18890178ms] [ERROR] Failed to load resource: Could not connect to the server. @ http://localhost:4401/api/billing/ai-credits/summary:0
[18919369ms] [ERROR] Failed to load resource: Could not connect to the server. @ http://localhost:4401/api/billing/ai-credits/summary:0
[18919576ms] [ERROR] Failed to load resource: Could not connect to the server. @ http://localhost:4401/api/billing/ai-credits/summary:0
[18920182ms] [ERROR] Failed to load resource: Could not connect to the server. @ http://localhost:4401/api/billing/ai-credits/summary:0
[18948115ms] [ERROR] Failed to load resource: Could not connect to the server. @ http://localhost:4401/dashboard/overview:0
[18948153ms] [ERROR] Failed to load resource: Could not connect to the server. @ http://localhost:4401/dashboard/alerts?limit=6:0
[18948324ms] [ERROR] Failed to load resource: Could not connect to the server. @ http://localhost:4401/dashboard/overview:0
[18948363ms] [ERROR] Failed to load resource: Could not connect to the server. @ http://localhost:4401/dashboard/alerts?limit=6:0
[18948933ms] [ERROR] Failed to load resource: Could not connect to the server. @ http://localhost:4401/dashboard/overview:0
[18948972ms] [ERROR] Failed to load resource: Could not connect to the server. @ http://localhost:4401/dashboard/alerts?limit=6:0
[18949370ms] [ERROR] Failed to load resource: Could not connect to the server. @ http://localhost:4401/api/billing/ai-credits/summary:0
[18949577ms] [ERROR] Failed to load resource: Could not connect to the server. @ http://localhost:4401/api/billing/ai-credits/summary:0
[18950182ms] [ERROR] Failed to load resource: Could not connect to the server. @ http://localhost:4401/api/billing/ai-credits/summary:0
[18979378ms] [ERROR] Failed to load resource: Could not connect to the server. @ http://localhost:4401/api/billing/ai-credits/summary:0
[18979587ms] [ERROR] Failed to load resource: Could not connect to the server. @ http://localhost:4401/api/billing/ai-credits/summary:0
[18980196ms] [ERROR] Failed to load resource: Could not connect to the server. @ http://localhost:4401/api/billing/ai-credits/summary:0
[19008118ms] [ERROR] Failed to load resource: Could not connect to the server. @ http://localhost:4401/dashboard/overview:0
[19008158ms] [ERROR] Failed to load resource: Could not connect to the server. @ http://localhost:4401/dashboard/alerts?limit=6:0
[19008325ms] [ERROR] Failed to load resource: Could not connect to the server. @ http://localhost:4401/dashboard/overview:0
[19008364ms] [ERROR] Failed to load resource: Could not connect to the server. @ http://localhost:4401/dashboard/alerts?limit=6:0
[19008932ms] [ERROR] Failed to load resource: Could not connect to the server. @ http://localhost:4401/dashboard/overview:0
[19008973ms] [ERROR] Failed to load resource: Could not connect to the server. @ http://localhost:4401/dashboard/alerts?limit=6:0
[19009378ms] [ERROR] Failed to load resource: Could not connect to the server. @ http://localhost:4401/api/billing/ai-credits/summary:0
[19009585ms] [ERROR] Failed to load resource: Could not connect to the server. @ http://localhost:4401/api/billing/ai-credits/summary:0
[19010190ms] [ERROR] Failed to load resource: Could not connect to the server. @ http://localhost:4401/api/billing/ai-credits/summary:0
[19039391ms] [ERROR] Failed to load resource: Could not connect to the server. @ http://localhost:4401/api/billing/ai-credits/summary:0
[19039598ms] [ERROR] Failed to load resource: Could not connect to the server. @ http://localhost:4401/api/billing/ai-credits/summary:0
[19040208ms] [ERROR] Failed to load resource: Could not connect to the server. @ http://localhost:4401/api/billing/ai-credits/summary:0
[19068121ms] [ERROR] Failed to load resource: Could not connect to the server. @ http://localhost:4401/dashboard/overview:0
[19068161ms] [ERROR] Failed to load resource: Could not connect to the server. @ http://localhost:4401/dashboard/alerts?limit=6:0
[19068329ms] [ERROR] Failed to load resource: Could not connect to the server. @ http://localhost:4401/dashboard/overview:0
[19068367ms] [ERROR] Failed to load resource: Could not connect to the server. @ http://localhost:4401/dashboard/alerts?limit=6:0
[19068935ms] [ERROR] Failed to load resource: Could not connect to the server. @ http://localhost:4401/dashboard/overview:0
[19068973ms] [ERROR] Failed to load resource: Could not connect to the server. @ http://localhost:4401/dashboard/alerts?limit=6:0
[19069386ms] [ERROR] Failed to load resource: Could not connect to the server. @ http://localhost:4401/api/billing/ai-credits/summary:0
[19069595ms] [ERROR] Failed to load resource: Could not connect to the server. @ http://localhost:4401/api/billing/ai-credits/summary:0
[19070202ms] [ERROR] Failed to load resource: Could not connect to the server. @ http://localhost:4401/api/billing/ai-credits/summary:0
[19099390ms] [ERROR] Failed to load resource: Could not connect to the server. @ http://localhost:4401/api/billing/ai-credits/summary:0
[19099599ms] [ERROR] Failed to load resource: Could not connect to the server. @ http://localhost:4401/api/billing/ai-credits/summary:0
[19100206ms] [ERROR] Failed to load resource: Could not connect to the server. @ http://localhost:4401/api/billing/ai-credits/summary:0
[19128126ms] [ERROR] Failed to load resource: Could not connect to the server. @ http://localhost:4401/dashboard/overview:0
[19128166ms] [ERROR] Failed to load resource: Could not connect to the server. @ http://localhost:4401/dashboard/alerts?limit=6:0
[19128335ms] [ERROR] Failed to load resource: Could not connect to the server. @ http://localhost:4401/dashboard/overview:0
[19128374ms] [ERROR] Failed to load resource: Could not connect to the server. @ http://localhost:4401/dashboard/alerts?limit=6:0
[19128944ms] [ERROR] Failed to load resource: Could not connect to the server. @ http://localhost:4401/dashboard/overview:0
[19128981ms] [ERROR] Failed to load resource: Could not connect to the server. @ http://localhost:4401/dashboard/alerts?limit=6:0
[19129392ms] [ERROR] Failed to load resource: Could not connect to the server. @ http://localhost:4401/api/billing/ai-credits/summary:0
[19129597ms] [ERROR] Failed to load resource: Could not connect to the server. @ http://localhost:4401/api/billing/ai-credits/summary:0
[19130204ms] [ERROR] Failed to load resource: Could not connect to the server. @ http://localhost:4401/api/billing/ai-credits/summary:0
[19159401ms] [ERROR] Failed to load resource: Could not connect to the server. @ http://localhost:4401/api/billing/ai-credits/summary:0
[19159609ms] [ERROR] Failed to load resource: Could not connect to the server. @ http://localhost:4401/api/billing/ai-credits/summary:0
[19160216ms] [ERROR] Failed to load resource: Could not connect to the server. @ http://localhost:4401/api/billing/ai-credits/summary:0
[19188132ms] [ERROR] Failed to load resource: Could not connect to the server. @ http://localhost:4401/dashboard/overview:0
[19188169ms] [ERROR] Failed to load resource: Could not connect to the server. @ http://localhost:4401/dashboard/alerts?limit=6:0
[19188340ms] [ERROR] Failed to load resource: Could not connect to the server. @ http://localhost:4401/dashboard/overview:0
[19188376ms] [ERROR] Failed to load resource: Could not connect to the server. @ http://localhost:4401/dashboard/alerts?limit=6:0
[19188946ms] [ERROR] Failed to load resource: Could not connect to the server. @ http://localhost:4401/dashboard/overview:0
[19188982ms] [ERROR] Failed to load resource: Could not connect to the server. @ http://localhost:4401/dashboard/alerts?limit=6:0
[19189401ms] [ERROR] Failed to load resource: Could not connect to the server. @ http://localhost:4401/api/billing/ai-credits/summary:0
[19189607ms] [ERROR] Failed to load resource: Could not connect to the server. @ http://localhost:4401/api/billing/ai-credits/summary:0
[19190215ms] [ERROR] Failed to load resource: Could not connect to the server. @ http://localhost:4401/api/billing/ai-credits/summary:0
[19219408ms] [ERROR] Failed to load resource: Could not connect to the server. @ http://localhost:4401/api/billing/ai-credits/summary:0
[19219615ms] [ERROR] Failed to load resource: Could not connect to the server. @ http://localhost:4401/api/billing/ai-credits/summary:0
[19220222ms] [ERROR] Failed to load resource: Could not connect to the server. @ http://localhost:4401/api/billing/ai-credits/summary:0
[19248141ms] [ERROR] Failed to load resource: Could not connect to the server. @ http://localhost:4401/dashboard/overview:0
[19248174ms] [ERROR] Failed to load resource: Could not connect to the server. @ http://localhost:4401/dashboard/alerts?limit=6:0
[19248351ms] [ERROR] Failed to load resource: Could not connect to the server. @ http://localhost:4401/dashboard/overview:0
[19248381ms] [ERROR] Failed to load resource: Could not connect to the server. @ http://localhost:4401/dashboard/alerts?limit=6:0
[19248959ms] [ERROR] Failed to load resource: Could not connect to the server. @ http://localhost:4401/dashboard/overview:0
[19248991ms] [ERROR] Failed to load resource: Could not connect to the server. @ http://localhost:4401/dashboard/alerts?limit=6:0
[19249412ms] [ERROR] Failed to load resource: Could not connect to the server. @ http://localhost:4401/api/billing/ai-credits/summary:0
[19249619ms] [ERROR] Failed to load resource: Could not connect to the server. @ http://localhost:4401/api/billing/ai-credits/summary:0
[19250226ms] [ERROR] Failed to load resource: Could not connect to the server. @ http://localhost:4401/api/billing/ai-credits/summary:0
[19279416ms] [ERROR] Failed to load resource: Could not connect to the server. @ http://localhost:4401/api/billing/ai-credits/summary:0
[19279622ms] [ERROR] Failed to load resource: Could not connect to the server. @ http://localhost:4401/api/billing/ai-credits/summary:0
[19280230ms] [ERROR] Failed to load resource: Could not connect to the server. @ http://localhost:4401/api/billing/ai-credits/summary:0
[19308143ms] [ERROR] Failed to load resource: Could not connect to the server. @ http://localhost:4401/dashboard/overview:0
[19308178ms] [ERROR] Failed to load resource: Could not connect to the server. @ http://localhost:4401/dashboard/alerts?limit=6:0
[19308353ms] [ERROR] Failed to load resource: Could not connect to the server. @ http://localhost:4401/dashboard/overview:0
[19308385ms] [ERROR] Failed to load resource: Could not connect to the server. @ http://localhost:4401/dashboard/alerts?limit=6:0
[19308960ms] [ERROR] Failed to load resource: Could not connect to the server. @ http://localhost:4401/dashboard/overview:0
[19308991ms] [ERROR] Failed to load resource: Could not connect to the server. @ http://localhost:4401/dashboard/alerts?limit=6:0
[19309418ms] [ERROR] Failed to load resource: Could not connect to the server. @ http://localhost:4401/api/billing/ai-credits/summary:0
[19309626ms] [ERROR] Failed to load resource: Could not connect to the server. @ http://localhost:4401/api/billing/ai-credits/summary:0
[19310235ms] [ERROR] Failed to load resource: Could not connect to the server. @ http://localhost:4401/api/billing/ai-credits/summary:0
[19339424ms] [ERROR] Failed to load resource: Could not connect to the server. @ http://localhost:4401/api/billing/ai-credits/summary:0
[19339632ms] [ERROR] Failed to load resource: Could not connect to the server. @ http://localhost:4401/api/billing/ai-credits/summary:0
[19340240ms] [ERROR] Failed to load resource: Could not connect to the server. @ http://localhost:4401/api/billing/ai-credits/summary:0
[19368143ms] [ERROR] Failed to load resource: Could not connect to the server. @ http://localhost:4401/dashboard/overview:0
[19368182ms] [ERROR] Failed to load resource: Could not connect to the server. @ http://localhost:4401/dashboard/alerts?limit=6:0
[19368350ms] [ERROR] Failed to load resource: Could not connect to the server. @ http://localhost:4401/dashboard/overview:0
[19368389ms] [ERROR] Failed to load resource: Could not connect to the server. @ http://localhost:4401/dashboard/alerts?limit=6:0
[19368958ms] [ERROR] Failed to load resource: Could not connect to the server. @ http://localhost:4401/dashboard/overview:0
[19368998ms] [ERROR] Failed to load resource: Could not connect to the server. @ http://localhost:4401/dashboard/alerts?limit=6:0
[19369425ms] [ERROR] Failed to load resource: Could not connect to the server. @ http://localhost:4401/api/billing/ai-credits/summary:0
[19369632ms] [ERROR] Failed to load resource: Could not connect to the server. @ http://localhost:4401/api/billing/ai-credits/summary:0
[19370240ms] [ERROR] Failed to load resource: Could not connect to the server. @ http://localhost:4401/api/billing/ai-credits/summary:0
[19399430ms] [ERROR] Failed to load resource: Could not connect to the server. @ http://localhost:4401/api/billing/ai-credits/summary:0
[19399638ms] [ERROR] Failed to load resource: Could not connect to the server. @ http://localhost:4401/api/billing/ai-credits/summary:0
[19400245ms] [ERROR] Failed to load resource: Could not connect to the server. @ http://localhost:4401/api/billing/ai-credits/summary:0
[19428185ms] [ERROR] Failed to load resource: Could not connect to the server. @ http://localhost:4401/dashboard/overview:0
[19428185ms] [ERROR] Failed to load resource: Could not connect to the server. @ http://localhost:4401/dashboard/alerts?limit=6:0
[19428395ms] [ERROR] Failed to load resource: Could not connect to the server. @ http://localhost:4401/dashboard/overview:0
[19428396ms] [ERROR] Failed to load resource: Could not connect to the server. @ http://localhost:4401/dashboard/alerts?limit=6:0
[19429002ms] [ERROR] Failed to load resource: Could not connect to the server. @ http://localhost:4401/dashboard/overview:0
[19429004ms] [ERROR] Failed to load resource: Could not connect to the server. @ http://localhost:4401/dashboard/alerts?limit=6:0
[19429436ms] [ERROR] Failed to load resource: Could not connect to the server. @ http://localhost:4401/api/billing/ai-credits/summary:0
[19429645ms] [ERROR] Failed to load resource: Could not connect to the server. @ http://localhost:4401/api/billing/ai-credits/summary:0
[19430252ms] [ERROR] Failed to load resource: Could not connect to the server. @ http://localhost:4401/api/billing/ai-credits/summary:0
[19459440ms] [ERROR] Failed to load resource: Could not connect to the server. @ http://localhost:4401/api/billing/ai-credits/summary:0
[19459646ms] [ERROR] Failed to load resource: Could not connect to the server. @ http://localhost:4401/api/billing/ai-credits/summary:0
[19460253ms] [ERROR] Failed to load resource: Could not connect to the server. @ http://localhost:4401/api/billing/ai-credits/summary:0
[19488158ms] [ERROR] Failed to load resource: Could not connect to the server. @ http://localhost:4401/dashboard/overview:0
[19488188ms] [ERROR] Failed to load resource: Could not connect to the server. @ http://localhost:4401/dashboard/alerts?limit=6:0
[19488367ms] [ERROR] Failed to load resource: Could not connect to the server. @ http://localhost:4401/dashboard/overview:0
[19488396ms] [ERROR] Failed to load resource: Could not connect to the server. @ http://localhost:4401/dashboard/alerts?limit=6:0
[19488975ms] [ERROR] Failed to load resource: Could not connect to the server. @ http://localhost:4401/dashboard/overview:0
[19489003ms] [ERROR] Failed to load resource: Could not connect to the server. @ http://localhost:4401/dashboard/alerts?limit=6:0
[19489445ms] [ERROR] Failed to load resource: Could not connect to the server. @ http://localhost:4401/api/billing/ai-credits/summary:0
[19489652ms] [ERROR] Failed to load resource: Could not connect to the server. @ http://localhost:4401/api/billing/ai-credits/summary:0
[19490260ms] [ERROR] Failed to load resource: Could not connect to the server. @ http://localhost:4401/api/billing/ai-credits/summary:0
[19519449ms] [ERROR] Failed to load resource: Could not connect to the server. @ http://localhost:4401/api/billing/ai-credits/summary:0
[19519655ms] [ERROR] Failed to load resource: Could not connect to the server. @ http://localhost:4401/api/billing/ai-credits/summary:0
[19520262ms] [ERROR] Failed to load resource: Could not connect to the server. @ http://localhost:4401/api/billing/ai-credits/summary:0
[19548155ms] [ERROR] Failed to load resource: Could not connect to the server. @ http://localhost:4401/dashboard/overview:0
[19548194ms] [ERROR] Failed to load resource: Could not connect to the server. @ http://localhost:4401/dashboard/alerts?limit=6:0
[19548362ms] [ERROR] Failed to load resource: Could not connect to the server. @ http://localhost:4401/dashboard/overview:0
[19548400ms] [ERROR] Failed to load resource: Could not connect to the server. @ http://localhost:4401/dashboard/alerts?limit=6:0
[19548968ms] [ERROR] Failed to load resource: Could not connect to the server. @ http://localhost:4401/dashboard/overview:0
[19549007ms] [ERROR] Failed to load resource: Could not connect to the server. @ http://localhost:4401/dashboard/alerts?limit=6:0
[19549450ms] [ERROR] Failed to load resource: Could not connect to the server. @ http://localhost:4401/api/billing/ai-credits/summary:0
[19549656ms] [ERROR] Failed to load resource: Could not connect to the server. @ http://localhost:4401/api/billing/ai-credits/summary:0
[19550262ms] [ERROR] Failed to load resource: Could not connect to the server. @ http://localhost:4401/api/billing/ai-credits/summary:0
[19579458ms] [ERROR] Failed to load resource: Could not connect to the server. @ http://localhost:4401/api/billing/ai-credits/summary:0
[19579665ms] [ERROR] Failed to load resource: Could not connect to the server. @ http://localhost:4401/api/billing/ai-credits/summary:0
[19580272ms] [ERROR] Failed to load resource: Could not connect to the server. @ http://localhost:4401/api/billing/ai-credits/summary:0
[19608159ms] [ERROR] Failed to load resource: Could not connect to the server. @ http://localhost:4401/dashboard/overview:0
[19608199ms] [ERROR] Failed to load resource: Could not connect to the server. @ http://localhost:4401/dashboard/alerts?limit=6:0
[19608366ms] [ERROR] Failed to load resource: Could not connect to the server. @ http://localhost:4401/dashboard/overview:0
[19608406ms] [ERROR] Failed to load resource: Could not connect to the server. @ http://localhost:4401/dashboard/alerts?limit=6:0
[19608975ms] [ERROR] Failed to load resource: Could not connect to the server. @ http://localhost:4401/dashboard/overview:0
[19609013ms] [ERROR] Failed to load resource: Could not connect to the server. @ http://localhost:4401/dashboard/alerts?limit=6:0
[19609460ms] [ERROR] Failed to load resource: Could not connect to the server. @ http://localhost:4401/api/billing/ai-credits/summary:0
[19609669ms] [ERROR] Failed to load resource: Could not connect to the server. @ http://localhost:4401/api/billing/ai-credits/summary:0
[19610276ms] [ERROR] Failed to load resource: Could not connect to the server. @ http://localhost:4401/api/billing/ai-credits/summary:0
[19639467ms] [ERROR] Failed to load resource: Could not connect to the server. @ http://localhost:4401/api/billing/ai-credits/summary:0
[19639676ms] [ERROR] Failed to load resource: Could not connect to the server. @ http://localhost:4401/api/billing/ai-credits/summary:0
[19640284ms] [ERROR] Failed to load resource: Could not connect to the server. @ http://localhost:4401/api/billing/ai-credits/summary:0
[19668166ms] [ERROR] Failed to load resource: Could not connect to the server. @ http://localhost:4401/dashboard/overview:0
[19668205ms] [ERROR] Failed to load resource: Could not connect to the server. @ http://localhost:4401/dashboard/alerts?limit=6:0
[19668373ms] [ERROR] Failed to load resource: Could not connect to the server. @ http://localhost:4401/dashboard/overview:0
[19668412ms] [ERROR] Failed to load resource: Could not connect to the server. @ http://localhost:4401/dashboard/alerts?limit=6:0
[19668981ms] [ERROR] Failed to load resource: Could not connect to the server. @ http://localhost:4401/dashboard/overview:0
[19669016ms] [ERROR] Failed to load resource: Could not connect to the server. @ http://localhost:4401/dashboard/alerts?limit=6:0
[19669466ms] [ERROR] Failed to load resource: Could not connect to the server. @ http://localhost:4401/api/billing/ai-credits/summary:0
[19669674ms] [ERROR] Failed to load resource: Could not connect to the server. @ http://localhost:4401/api/billing/ai-credits/summary:0
[19670281ms] [ERROR] Failed to load resource: Could not connect to the server. @ http://localhost:4401/api/billing/ai-credits/summary:0
[19699473ms] [ERROR] Failed to load resource: Could not connect to the server. @ http://localhost:4401/api/billing/ai-credits/summary:0
[19699679ms] [ERROR] Failed to load resource: Could not connect to the server. @ http://localhost:4401/api/billing/ai-credits/summary:0
[19700288ms] [ERROR] Failed to load resource: Could not connect to the server. @ http://localhost:4401/api/billing/ai-credits/summary:0
[19728170ms] [ERROR] Failed to load resource: Could not connect to the server. @ http://localhost:4401/dashboard/overview:0
[19728206ms] [ERROR] Failed to load resource: Could not connect to the server. @ http://localhost:4401/dashboard/alerts?limit=6:0
[19728376ms] [ERROR] Failed to load resource: Could not connect to the server. @ http://localhost:4401/dashboard/overview:0
[19728414ms] [ERROR] Failed to load resource: Could not connect to the server. @ http://localhost:4401/dashboard/alerts?limit=6:0
[19728982ms] [ERROR] Failed to load resource: Could not connect to the server. @ http://localhost:4401/dashboard/overview:0
[19729020ms] [ERROR] Failed to load resource: Could not connect to the server. @ http://localhost:4401/dashboard/alerts?limit=6:0
[19729474ms] [ERROR] Failed to load resource: Could not connect to the server. @ http://localhost:4401/api/billing/ai-credits/summary:0
[19729680ms] [ERROR] Failed to load resource: Could not connect to the server. @ http://localhost:4401/api/billing/ai-credits/summary:0
[19730287ms] [ERROR] Failed to load resource: Could not connect to the server. @ http://localhost:4401/api/billing/ai-credits/summary:0
[19759480ms] [ERROR] Failed to load resource: Could not connect to the server. @ http://localhost:4401/api/billing/ai-credits/summary:0
[19759686ms] [ERROR] Failed to load resource: Could not connect to the server. @ http://localhost:4401/api/billing/ai-credits/summary:0
[19760293ms] [ERROR] Failed to load resource: Could not connect to the server. @ http://localhost:4401/api/billing/ai-credits/summary:0
[19788173ms] [ERROR] Failed to load resource: Could not connect to the server. @ http://localhost:4401/dashboard/overview:0
[19788212ms] [ERROR] Failed to load resource: Could not connect to the server. @ http://localhost:4401/dashboard/alerts?limit=6:0
[19788380ms] [ERROR] Failed to load resource: Could not connect to the server. @ http://localhost:4401/dashboard/overview:0
[19788418ms] [ERROR] Failed to load resource: Could not connect to the server. @ http://localhost:4401/dashboard/alerts?limit=6:0
[19788988ms] [ERROR] Failed to load resource: Could not connect to the server. @ http://localhost:4401/dashboard/overview:0
[19789025ms] [ERROR] Failed to load resource: Could not connect to the server. @ http://localhost:4401/dashboard/alerts?limit=6:0
[19789484ms] [ERROR] Failed to load resource: Could not connect to the server. @ http://localhost:4401/api/billing/ai-credits/summary:0
[19789691ms] [ERROR] Failed to load resource: Could not connect to the server. @ http://localhost:4401/api/billing/ai-credits/summary:0
[19790298ms] [ERROR] Failed to load resource: Could not connect to the server. @ http://localhost:4401/api/billing/ai-credits/summary:0
[19819488ms] [ERROR] Failed to load resource: Could not connect to the server. @ http://localhost:4401/api/billing/ai-credits/summary:0
[19819700ms] [ERROR] Failed to load resource: Could not connect to the server. @ http://localhost:4401/api/billing/ai-credits/summary:0
[19820327ms] [ERROR] Failed to load resource: Could not connect to the server. @ http://localhost:4401/api/billing/ai-credits/summary:0
[19848181ms] [ERROR] Failed to load resource: Could not connect to the server. @ http://localhost:4401/dashboard/overview:0
[19848215ms] [ERROR] Failed to load resource: Could not connect to the server. @ http://localhost:4401/dashboard/alerts?limit=6:0
[19848388ms] [ERROR] Failed to load resource: Could not connect to the server. @ http://localhost:4401/dashboard/overview:0
[19848420ms] [ERROR] Failed to load resource: Could not connect to the server. @ http://localhost:4401/dashboard/alerts?limit=6:0
[19848995ms] [ERROR] Failed to load resource: Could not connect to the server. @ http://localhost:4401/dashboard/overview:0
[19849027ms] [ERROR] Failed to load resource: Could not connect to the server. @ http://localhost:4401/dashboard/alerts?limit=6:0
[19849492ms] [ERROR] Failed to load resource: Could not connect to the server. @ http://localhost:4401/api/billing/ai-credits/summary:0
[19849700ms] [ERROR] Failed to load resource: Could not connect to the server. @ http://localhost:4401/api/billing/ai-credits/summary:0
[19850306ms] [ERROR] Failed to load resource: Could not connect to the server. @ http://localhost:4401/api/billing/ai-credits/summary:0
[19879496ms] [ERROR] Failed to load resource: Could not connect to the server. @ http://localhost:4401/api/billing/ai-credits/summary:0
[19879702ms] [ERROR] Failed to load resource: Could not connect to the server. @ http://localhost:4401/api/billing/ai-credits/summary:0
[19880309ms] [ERROR] Failed to load resource: Could not connect to the server. @ http://localhost:4401/api/billing/ai-credits/summary:0
[19908180ms] [ERROR] Failed to load resource: Could not connect to the server. @ http://localhost:4401/dashboard/overview:0
[19908220ms] [ERROR] Failed to load resource: Could not connect to the server. @ http://localhost:4401/dashboard/alerts?limit=6:0
[19908386ms] [ERROR] Failed to load resource: Could not connect to the server. @ http://localhost:4401/dashboard/overview:0
[19908427ms] [ERROR] Failed to load resource: Could not connect to the server. @ http://localhost:4401/dashboard/alerts?limit=6:0
[19908993ms] [ERROR] Failed to load resource: Could not connect to the server. @ http://localhost:4401/dashboard/overview:0
[19909034ms] [ERROR] Failed to load resource: Could not connect to the server. @ http://localhost:4401/dashboard/alerts?limit=6:0
[19909499ms] [ERROR] Failed to load resource: Could not connect to the server. @ http://localhost:4401/api/billing/ai-credits/summary:0
[19909705ms] [ERROR] Failed to load resource: Could not connect to the server. @ http://localhost:4401/api/billing/ai-credits/summary:0
[19910312ms] [ERROR] Failed to load resource: Could not connect to the server. @ http://localhost:4401/api/billing/ai-credits/summary:0
[19939507ms] [ERROR] Failed to load resource: Could not connect to the server. @ http://localhost:4401/api/billing/ai-credits/summary:0
[19939713ms] [ERROR] Failed to load resource: Could not connect to the server. @ http://localhost:4401/api/billing/ai-credits/summary:0
[19940319ms] [ERROR] Failed to load resource: Could not connect to the server. @ http://localhost:4401/api/billing/ai-credits/summary:0
[19968201ms] [ERROR] Failed to load resource: Could not connect to the server. @ http://localhost:4401/dashboard/overview:0
[19968239ms] [ERROR] Failed to load resource: Could not connect to the server. @ http://localhost:4401/dashboard/alerts?limit=6:0
[19968409ms] [ERROR] Failed to load resource: Could not connect to the server. @ http://localhost:4401/dashboard/overview:0
[19968445ms] [ERROR] Failed to load resource: Could not connect to the server. @ http://localhost:4401/dashboard/alerts?limit=6:0
[19969015ms] [ERROR] Failed to load resource: Could not connect to the server. @ http://localhost:4401/dashboard/overview:0
[19969052ms] [ERROR] Failed to load resource: Could not connect to the server. @ http://localhost:4401/dashboard/alerts?limit=6:0
[19969522ms] [ERROR] Failed to load resource: Could not connect to the server. @ http://localhost:4401/api/billing/ai-credits/summary:0
[19969728ms] [ERROR] Failed to load resource: Could not connect to the server. @ http://localhost:4401/api/billing/ai-credits/summary:0
[19970333ms] [ERROR] Failed to load resource: Could not connect to the server. @ http://localhost:4401/api/billing/ai-credits/summary:0
[19999533ms] [ERROR] Failed to load resource: Could not connect to the server. @ http://localhost:4401/api/billing/ai-credits/summary:0
[19999739ms] [ERROR] Failed to load resource: Could not connect to the server. @ http://localhost:4401/api/billing/ai-credits/summary:0
[20000345ms] [ERROR] Failed to load resource: Could not connect to the server. @ http://localhost:4401/api/billing/ai-credits/summary:0
[20028209ms] [ERROR] Failed to load resource: Could not connect to the server. @ http://localhost:4401/dashboard/overview:0
[20028252ms] [ERROR] Failed to load resource: Could not connect to the server. @ http://localhost:4401/dashboard/alerts?limit=6:0
[20028416ms] [ERROR] Failed to load resource: Could not connect to the server. @ http://localhost:4401/dashboard/overview:0
[20028458ms] [ERROR] Failed to load resource: Could not connect to the server. @ http://localhost:4401/dashboard/alerts?limit=6:0
[20029024ms] [ERROR] Failed to load resource: Could not connect to the server. @ http://localhost:4401/dashboard/overview:0
[20029064ms] [ERROR] Failed to load resource: Could not connect to the server. @ http://localhost:4401/dashboard/alerts?limit=6:0
[20029537ms] [ERROR] Failed to load resource: Could not connect to the server. @ http://localhost:4401/api/billing/ai-credits/summary:0
[20029744ms] [ERROR] Failed to load resource: Could not connect to the server. @ http://localhost:4401/api/billing/ai-credits/summary:0
[20030350ms] [ERROR] Failed to load resource: Could not connect to the server. @ http://localhost:4401/api/billing/ai-credits/summary:0
[20059541ms] [ERROR] Failed to load resource: Could not connect to the server. @ http://localhost:4401/api/billing/ai-credits/summary:0
[20059747ms] [ERROR] Failed to load resource: Could not connect to the server. @ http://localhost:4401/api/billing/ai-credits/summary:0
[20060353ms] [ERROR] Failed to load resource: Could not connect to the server. @ http://localhost:4401/api/billing/ai-credits/summary:0
[20088216ms] [ERROR] Failed to load resource: Could not connect to the server. @ http://localhost:4401/dashboard/overview:0
[20088255ms] [ERROR] Failed to load resource: Could not connect to the server. @ http://localhost:4401/dashboard/alerts?limit=6:0
[20088422ms] [ERROR] Failed to load resource: Could not connect to the server. @ http://localhost:4401/dashboard/overview:0
[20088461ms] [ERROR] Failed to load resource: Could not connect to the server. @ http://localhost:4401/dashboard/alerts?limit=6:0
[20089030ms] [ERROR] Failed to load resource: Could not connect to the server. @ http://localhost:4401/dashboard/overview:0
[20089071ms] [ERROR] Failed to load resource: Could not connect to the server. @ http://localhost:4401/dashboard/alerts?limit=6:0
[20089545ms] [ERROR] Failed to load resource: Could not connect to the server. @ http://localhost:4401/api/billing/ai-credits/summary:0
[20089753ms] [ERROR] Failed to load resource: Could not connect to the server. @ http://localhost:4401/api/billing/ai-credits/summary:0
[20090361ms] [ERROR] Failed to load resource: Could not connect to the server. @ http://localhost:4401/api/billing/ai-credits/summary:0
[20119552ms] [ERROR] Failed to load resource: Could not connect to the server. @ http://localhost:4401/api/billing/ai-credits/summary:0
[20119760ms] [ERROR] Failed to load resource: Could not connect to the server. @ http://localhost:4401/api/billing/ai-credits/summary:0
[20120368ms] [ERROR] Failed to load resource: Could not connect to the server. @ http://localhost:4401/api/billing/ai-credits/summary:0
[20148218ms] [ERROR] Failed to load resource: Could not connect to the server. @ http://localhost:4401/dashboard/overview:0
[20148260ms] [ERROR] Failed to load resource: Could not connect to the server. @ http://localhost:4401/dashboard/alerts?limit=6:0
[20148424ms] [ERROR] Failed to load resource: Could not connect to the server. @ http://localhost:4401/dashboard/overview:0
[20148466ms] [ERROR] Failed to load resource: Could not connect to the server. @ http://localhost:4401/dashboard/alerts?limit=6:0
[20149030ms] [ERROR] Failed to load resource: Could not connect to the server. @ http://localhost:4401/dashboard/overview:0
[20149072ms] [ERROR] Failed to load resource: Could not connect to the server. @ http://localhost:4401/dashboard/alerts?limit=6:0
[20149554ms] [ERROR] Failed to load resource: Could not connect to the server. @ http://localhost:4401/api/billing/ai-credits/summary:0
[20149761ms] [ERROR] Failed to load resource: Could not connect to the server. @ http://localhost:4401/api/billing/ai-credits/summary:0
[20150367ms] [ERROR] Failed to load resource: Could not connect to the server. @ http://localhost:4401/api/billing/ai-credits/summary:0
[20179559ms] [ERROR] Failed to load resource: Could not connect to the server. @ http://localhost:4401/api/billing/ai-credits/summary:0
[20179766ms] [ERROR] Failed to load resource: Could not connect to the server. @ http://localhost:4401/api/billing/ai-credits/summary:0
[20180373ms] [ERROR] Failed to load resource: Could not connect to the server. @ http://localhost:4401/api/billing/ai-credits/summary:0
[20208231ms] [ERROR] Failed to load resource: Could not connect to the server. @ http://localhost:4401/dashboard/overview:0
[20208264ms] [ERROR] Failed to load resource: Could not connect to the server. @ http://localhost:4401/dashboard/alerts?limit=6:0
[20208438ms] [ERROR] Failed to load resource: Could not connect to the server. @ http://localhost:4401/dashboard/overview:0
[20208472ms] [ERROR] Failed to load resource: Could not connect to the server. @ http://localhost:4401/dashboard/alerts?limit=6:0
[20209046ms] [ERROR] Failed to load resource: Could not connect to the server. @ http://localhost:4401/dashboard/overview:0
[20209079ms] [ERROR] Failed to load resource: Could not connect to the server. @ http://localhost:4401/dashboard/alerts?limit=6:0
[20209562ms] [ERROR] Failed to load resource: Could not connect to the server. @ http://localhost:4401/api/billing/ai-credits/summary:0
[20209771ms] [ERROR] Failed to load resource: Could not connect to the server. @ http://localhost:4401/api/billing/ai-credits/summary:0
[20210378ms] [ERROR] Failed to load resource: Could not connect to the server. @ http://localhost:4401/api/billing/ai-credits/summary:0
[20239568ms] [ERROR] Failed to load resource: Could not connect to the server. @ http://localhost:4401/api/billing/ai-credits/summary:0
[20239775ms] [ERROR] Failed to load resource: Could not connect to the server. @ http://localhost:4401/api/billing/ai-credits/summary:0
[20240385ms] [ERROR] Failed to load resource: Could not connect to the server. @ http://localhost:4401/api/billing/ai-credits/summary:0
[20268228ms] [ERROR] Failed to load resource: Could not connect to the server. @ http://localhost:4401/dashboard/overview:0
[20268266ms] [ERROR] Failed to load resource: Could not connect to the server. @ http://localhost:4401/dashboard/alerts?limit=6:0
[20268435ms] [ERROR] Failed to load resource: Could not connect to the server. @ http://localhost:4401/dashboard/overview:0
[20268472ms] [ERROR] Failed to load resource: Could not connect to the server. @ http://localhost:4401/dashboard/alerts?limit=6:0
[20269041ms] [ERROR] Failed to load resource: Could not connect to the server. @ http://localhost:4401/dashboard/overview:0
[20269078ms] [ERROR] Failed to load resource: Could not connect to the server. @ http://localhost:4401/dashboard/alerts?limit=6:0
[20269574ms] [ERROR] Failed to load resource: Could not connect to the server. @ http://localhost:4401/api/billing/ai-credits/summary:0
[20269780ms] [ERROR] Failed to load resource: Could not connect to the server. @ http://localhost:4401/api/billing/ai-credits/summary:0
[20270386ms] [ERROR] Failed to load resource: Could not connect to the server. @ http://localhost:4401/api/billing/ai-credits/summary:0
[20299582ms] [ERROR] Failed to load resource: Could not connect to the server. @ http://localhost:4401/api/billing/ai-credits/summary:0
[20299789ms] [ERROR] Failed to load resource: Could not connect to the server. @ http://localhost:4401/api/billing/ai-credits/summary:0
[20300396ms] [ERROR] Failed to load resource: Could not connect to the server. @ http://localhost:4401/api/billing/ai-credits/summary:0
[20328236ms] [ERROR] Failed to load resource: Could not connect to the server. @ http://localhost:4401/dashboard/overview:0
[20328272ms] [ERROR] Failed to load resource: Could not connect to the server. @ http://localhost:4401/dashboard/alerts?limit=6:0
[20328444ms] [ERROR] Failed to load resource: Could not connect to the server. @ http://localhost:4401/dashboard/overview:0
[20328479ms] [ERROR] Failed to load resource: Could not connect to the server. @ http://localhost:4401/dashboard/alerts?limit=6:0
[20329052ms] [ERROR] Failed to load resource: Could not connect to the server. @ http://localhost:4401/dashboard/overview:0
[20329086ms] [ERROR] Failed to load resource: Could not connect to the server. @ http://localhost:4401/dashboard/alerts?limit=6:0
[20329579ms] [ERROR] Failed to load resource: Could not connect to the server. @ http://localhost:4401/api/billing/ai-credits/summary:0
[20329787ms] [ERROR] Failed to load resource: Could not connect to the server. @ http://localhost:4401/api/billing/ai-credits/summary:0
[20330393ms] [ERROR] Failed to load resource: Could not connect to the server. @ http://localhost:4401/api/billing/ai-credits/summary:0
[20359584ms] [ERROR] Failed to load resource: Could not connect to the server. @ http://localhost:4401/api/billing/ai-credits/summary:0
[20359791ms] [ERROR] Failed to load resource: Could not connect to the server. @ http://localhost:4401/api/billing/ai-credits/summary:0
[20360396ms] [ERROR] Failed to load resource: Could not connect to the server. @ http://localhost:4401/api/billing/ai-credits/summary:0
[20388238ms] [ERROR] Failed to load resource: Could not connect to the server. @ http://localhost:4401/dashboard/overview:0
[20388276ms] [ERROR] Failed to load resource: Could not connect to the server. @ http://localhost:4401/dashboard/alerts?limit=6:0
[20388445ms] [ERROR] Failed to load resource: Could not connect to the server. @ http://localhost:4401/dashboard/overview:0
[20388482ms] [ERROR] Failed to load resource: Could not connect to the server. @ http://localhost:4401/dashboard/alerts?limit=6:0
[20389052ms] [ERROR] Failed to load resource: Could not connect to the server. @ http://localhost:4401/dashboard/overview:0
[20389089ms] [ERROR] Failed to load resource: Could not connect to the server. @ http://localhost:4401/dashboard/alerts?limit=6:0
[20389588ms] [ERROR] Failed to load resource: Could not connect to the server. @ http://localhost:4401/api/billing/ai-credits/summary:0
[20389794ms] [ERROR] Failed to load resource: Could not connect to the server. @ http://localhost:4401/api/billing/ai-credits/summary:0
[20390403ms] [ERROR] Failed to load resource: Could not connect to the server. @ http://localhost:4401/api/billing/ai-credits/summary:0
[20419593ms] [ERROR] Failed to load resource: Could not connect to the server. @ http://localhost:4401/api/billing/ai-credits/summary:0
[20419798ms] [ERROR] Failed to load resource: Could not connect to the server. @ http://localhost:4401/api/billing/ai-credits/summary:0
[20420404ms] [ERROR] Failed to load resource: Could not connect to the server. @ http://localhost:4401/api/billing/ai-credits/summary:0
[20448244ms] [ERROR] Failed to load resource: Could not connect to the server. @ http://localhost:4401/dashboard/overview:0
[20448281ms] [ERROR] Failed to load resource: Could not connect to the server. @ http://localhost:4401/dashboard/alerts?limit=6:0
[20448451ms] [ERROR] Failed to load resource: Could not connect to the server. @ http://localhost:4401/dashboard/overview:0
[20448489ms] [ERROR] Failed to load resource: Could not connect to the server. @ http://localhost:4401/dashboard/alerts?limit=6:0
[20449057ms] [ERROR] Failed to load resource: Could not connect to the server. @ http://localhost:4401/dashboard/overview:0
[20449095ms] [ERROR] Failed to load resource: Could not connect to the server. @ http://localhost:4401/dashboard/alerts?limit=6:0
[20449596ms] [ERROR] Failed to load resource: Could not connect to the server. @ http://localhost:4401/api/billing/ai-credits/summary:0
[20449803ms] [ERROR] Failed to load resource: Could not connect to the server. @ http://localhost:4401/api/billing/ai-credits/summary:0
[20450410ms] [ERROR] Failed to load resource: Could not connect to the server. @ http://localhost:4401/api/billing/ai-credits/summary:0
[20479602ms] [ERROR] Failed to load resource: Could not connect to the server. @ http://localhost:4401/api/billing/ai-credits/summary:0
[20479807ms] [ERROR] Failed to load resource: Could not connect to the server. @ http://localhost:4401/api/billing/ai-credits/summary:0
[20480413ms] [ERROR] Failed to load resource: Could not connect to the server. @ http://localhost:4401/api/billing/ai-credits/summary:0
[20508245ms] [ERROR] Failed to load resource: Could not connect to the server. @ http://localhost:4401/dashboard/overview:0
[20508285ms] [ERROR] Failed to load resource: Could not connect to the server. @ http://localhost:4401/dashboard/alerts?limit=6:0
[20508453ms] [ERROR] Failed to load resource: Could not connect to the server. @ http://localhost:4401/dashboard/overview:0
[20508491ms] [ERROR] Failed to load resource: Could not connect to the server. @ http://localhost:4401/dashboard/alerts?limit=6:0
[20509060ms] [ERROR] Failed to load resource: Could not connect to the server. @ http://localhost:4401/dashboard/overview:0
[20509098ms] [ERROR] Failed to load resource: Could not connect to the server. @ http://localhost:4401/dashboard/alerts?limit=6:0
[20509606ms] [ERROR] Failed to load resource: Could not connect to the server. @ http://localhost:4401/api/billing/ai-credits/summary:0
[20509814ms] [ERROR] Failed to load resource: Could not connect to the server. @ http://localhost:4401/api/billing/ai-credits/summary:0
[20510421ms] [ERROR] Failed to load resource: Could not connect to the server. @ http://localhost:4401/api/billing/ai-credits/summary:0
[20539611ms] [ERROR] Failed to load resource: Could not connect to the server. @ http://localhost:4401/api/billing/ai-credits/summary:0
[20539818ms] [ERROR] Failed to load resource: Could not connect to the server. @ http://localhost:4401/api/billing/ai-credits/summary:0
[20540424ms] [ERROR] Failed to load resource: Could not connect to the server. @ http://localhost:4401/api/billing/ai-credits/summary:0
[20568250ms] [ERROR] Failed to load resource: Could not connect to the server. @ http://localhost:4401/dashboard/overview:0
[20568290ms] [ERROR] Failed to load resource: Could not connect to the server. @ http://localhost:4401/dashboard/alerts?limit=6:0
[20568456ms] [ERROR] Failed to load resource: Could not connect to the server. @ http://localhost:4401/dashboard/overview:0
[20568497ms] [ERROR] Failed to load resource: Could not connect to the server. @ http://localhost:4401/dashboard/alerts?limit=6:0
[20569063ms] [ERROR] Failed to load resource: Could not connect to the server. @ http://localhost:4401/dashboard/overview:0
[20569104ms] [ERROR] Failed to load resource: Could not connect to the server. @ http://localhost:4401/dashboard/alerts?limit=6:0
[20569614ms] [ERROR] Failed to load resource: Could not connect to the server. @ http://localhost:4401/api/billing/ai-credits/summary:0
[20569820ms] [ERROR] Failed to load resource: Could not connect to the server. @ http://localhost:4401/api/billing/ai-credits/summary:0
[20570428ms] [ERROR] Failed to load resource: Could not connect to the server. @ http://localhost:4401/api/billing/ai-credits/summary:0
[20599621ms] [ERROR] Failed to load resource: Could not connect to the server. @ http://localhost:4401/api/billing/ai-credits/summary:0
[20599829ms] [ERROR] Failed to load resource: Could not connect to the server. @ http://localhost:4401/api/billing/ai-credits/summary:0
[20600435ms] [ERROR] Failed to load resource: Could not connect to the server. @ http://localhost:4401/api/billing/ai-credits/summary:0
[20628254ms] [ERROR] Failed to load resource: Could not connect to the server. @ http://localhost:4401/dashboard/overview:0
[20628294ms] [ERROR] Failed to load resource: Could not connect to the server. @ http://localhost:4401/dashboard/alerts?limit=6:0
[20628460ms] [ERROR] Failed to load resource: Could not connect to the server. @ http://localhost:4401/dashboard/overview:0
[20628501ms] [ERROR] Failed to load resource: Could not connect to the server. @ http://localhost:4401/dashboard/alerts?limit=6:0
[20629065ms] [ERROR] Failed to load resource: Could not connect to the server. @ http://localhost:4401/dashboard/overview:0
[20629106ms] [ERROR] Failed to load resource: Could not connect to the server. @ http://localhost:4401/dashboard/alerts?limit=6:0
[20629621ms] [ERROR] Failed to load resource: Could not connect to the server. @ http://localhost:4401/api/billing/ai-credits/summary:0
[20629828ms] [ERROR] Failed to load resource: Could not connect to the server. @ http://localhost:4401/api/billing/ai-credits/summary:0
[20630435ms] [ERROR] Failed to load resource: Could not connect to the server. @ http://localhost:4401/api/billing/ai-credits/summary:0
[20659629ms] [ERROR] Failed to load resource: Could not connect to the server. @ http://localhost:4401/api/billing/ai-credits/summary:0
[20659835ms] [ERROR] Failed to load resource: Could not connect to the server. @ http://localhost:4401/api/billing/ai-credits/summary:0
[20660441ms] [ERROR] Failed to load resource: Could not connect to the server. @ http://localhost:4401/api/billing/ai-credits/summary:0
[20688262ms] [ERROR] Failed to load resource: Could not connect to the server. @ http://localhost:4401/dashboard/overview:0
[20688299ms] [ERROR] Failed to load resource: Could not connect to the server. @ http://localhost:4401/dashboard/alerts?limit=6:0
[20688468ms] [ERROR] Failed to load resource: Could not connect to the server. @ http://localhost:4401/dashboard/overview:0
[20688505ms] [ERROR] Failed to load resource: Could not connect to the server. @ http://localhost:4401/dashboard/alerts?limit=6:0
[20689075ms] [ERROR] Failed to load resource: Could not connect to the server. @ http://localhost:4401/dashboard/overview:0
[20689110ms] [ERROR] Failed to load resource: Could not connect to the server. @ http://localhost:4401/dashboard/alerts?limit=6:0
[20689630ms] [ERROR] Failed to load resource: Could not connect to the server. @ http://localhost:4401/api/billing/ai-credits/summary:0
[20689836ms] [ERROR] Failed to load resource: Could not connect to the server. @ http://localhost:4401/api/billing/ai-credits/summary:0
[20690443ms] [ERROR] Failed to load resource: Could not connect to the server. @ http://localhost:4401/api/billing/ai-credits/summary:0
[20719635ms] [ERROR] Failed to load resource: Could not connect to the server. @ http://localhost:4401/api/billing/ai-credits/summary:0
[20719840ms] [ERROR] Failed to load resource: Could not connect to the server. @ http://localhost:4401/api/billing/ai-credits/summary:0
[20720447ms] [ERROR] Failed to load resource: Could not connect to the server. @ http://localhost:4401/api/billing/ai-credits/summary:0
[20748263ms] [ERROR] Failed to load resource: Could not connect to the server. @ http://localhost:4401/dashboard/overview:0
[20748302ms] [ERROR] Failed to load resource: Could not connect to the server. @ http://localhost:4401/dashboard/alerts?limit=6:0
[20748469ms] [ERROR] Failed to load resource: Could not connect to the server. @ http://localhost:4401/dashboard/overview:0
[20748509ms] [ERROR] Failed to load resource: Could not connect to the server. @ http://localhost:4401/dashboard/alerts?limit=6:0
[20749076ms] [ERROR] Failed to load resource: Could not connect to the server. @ http://localhost:4401/dashboard/overview:0
[20749116ms] [ERROR] Failed to load resource: Could not connect to the server. @ http://localhost:4401/dashboard/alerts?limit=6:0
[20749639ms] [ERROR] Failed to load resource: Could not connect to the server. @ http://localhost:4401/api/billing/ai-credits/summary:0
[20749847ms] [ERROR] Failed to load resource: Could not connect to the server. @ http://localhost:4401/api/billing/ai-credits/summary:0
[20750453ms] [ERROR] Failed to load resource: Could not connect to the server. @ http://localhost:4401/api/billing/ai-credits/summary:0
[20779644ms] [ERROR] Failed to load resource: Could not connect to the server. @ http://localhost:4401/api/billing/ai-credits/summary:0
[20779851ms] [ERROR] Failed to load resource: Could not connect to the server. @ http://localhost:4401/api/billing/ai-credits/summary:0
[20780459ms] [ERROR] Failed to load resource: Could not connect to the server. @ http://localhost:4401/api/billing/ai-credits/summary:0
[20808268ms] [ERROR] Failed to load resource: Could not connect to the server. @ http://localhost:4401/dashboard/overview:0
[20808307ms] [ERROR] Failed to load resource: Could not connect to the server. @ http://localhost:4401/dashboard/alerts?limit=6:0
[20808476ms] [ERROR] Failed to load resource: Could not connect to the server. @ http://localhost:4401/dashboard/overview:0
[20808515ms] [ERROR] Failed to load resource: Could not connect to the server. @ http://localhost:4401/dashboard/alerts?limit=6:0
[20809082ms] [ERROR] Failed to load resource: Could not connect to the server. @ http://localhost:4401/dashboard/overview:0
[20809122ms] [ERROR] Failed to load resource: Could not connect to the server. @ http://localhost:4401/dashboard/alerts?limit=6:0
[20809647ms] [ERROR] Failed to load resource: Could not connect to the server. @ http://localhost:4401/api/billing/ai-credits/summary:0
[20809854ms] [ERROR] Failed to load resource: Could not connect to the server. @ http://localhost:4401/api/billing/ai-credits/summary:0
[20810461ms] [ERROR] Failed to load resource: Could not connect to the server. @ http://localhost:4401/api/billing/ai-credits/summary:0
[20839653ms] [ERROR] Failed to load resource: Could not connect to the server. @ http://localhost:4401/api/billing/ai-credits/summary:0
[20839860ms] [ERROR] Failed to load resource: Could not connect to the server. @ http://localhost:4401/api/billing/ai-credits/summary:0
[20840468ms] [ERROR] Failed to load resource: Could not connect to the server. @ http://localhost:4401/api/billing/ai-credits/summary:0
[20868274ms] [ERROR] Failed to load resource: Could not connect to the server. @ http://localhost:4401/dashboard/overview:0
[20868314ms] [ERROR] Failed to load resource: Could not connect to the server. @ http://localhost:4401/dashboard/alerts?limit=6:0
[20868482ms] [ERROR] Failed to load resource: Could not connect to the server. @ http://localhost:4401/dashboard/overview:0
[20868522ms] [ERROR] Failed to load resource: Could not connect to the server. @ http://localhost:4401/dashboard/alerts?limit=6:0
[20869088ms] [ERROR] Failed to load resource: Could not connect to the server. @ http://localhost:4401/dashboard/overview:0
[20869128ms] [ERROR] Failed to load resource: Could not connect to the server. @ http://localhost:4401/dashboard/alerts?limit=6:0
[20869658ms] [ERROR] Failed to load resource: Could not connect to the server. @ http://localhost:4401/api/billing/ai-credits/summary:0
[20869865ms] [ERROR] Failed to load resource: Could not connect to the server. @ http://localhost:4401/api/billing/ai-credits/summary:0
[20870471ms] [ERROR] Failed to load resource: Could not connect to the server. @ http://localhost:4401/api/billing/ai-credits/summary:0
[20899662ms] [ERROR] Failed to load resource: Could not connect to the server. @ http://localhost:4401/api/billing/ai-credits/summary:0
[20899868ms] [ERROR] Failed to load resource: Could not connect to the server. @ http://localhost:4401/api/billing/ai-credits/summary:0
[20900476ms] [ERROR] Failed to load resource: Could not connect to the server. @ http://localhost:4401/api/billing/ai-credits/summary:0
[20928285ms] [ERROR] Failed to load resource: Could not connect to the server. @ http://localhost:4401/dashboard/overview:0
[20928314ms] [ERROR] Failed to load resource: Could not connect to the server. @ http://localhost:4401/dashboard/alerts?limit=6:0
[20928495ms] [ERROR] Failed to load resource: Could not connect to the server. @ http://localhost:4401/dashboard/overview:0
[20928522ms] [ERROR] Failed to load resource: Could not connect to the server. @ http://localhost:4401/dashboard/alerts?limit=6:0
[20929102ms] [ERROR] Failed to load resource: Could not connect to the server. @ http://localhost:4401/dashboard/overview:0
[20929129ms] [ERROR] Failed to load resource: Could not connect to the server. @ http://localhost:4401/dashboard/alerts?limit=6:0
[20929665ms] [ERROR] Failed to load resource: Could not connect to the server. @ http://localhost:4401/api/billing/ai-credits/summary:0
[20929872ms] [ERROR] Failed to load resource: Could not connect to the server. @ http://localhost:4401/api/billing/ai-credits/summary:0
[20930480ms] [ERROR] Failed to load resource: Could not connect to the server. @ http://localhost:4401/api/billing/ai-credits/summary:0
[20959671ms] [ERROR] Failed to load resource: Could not connect to the server. @ http://localhost:4401/api/billing/ai-credits/summary:0
[20959879ms] [ERROR] Failed to load resource: Could not connect to the server. @ http://localhost:4401/api/billing/ai-credits/summary:0
[20960487ms] [ERROR] Failed to load resource: Could not connect to the server. @ http://localhost:4401/api/billing/ai-credits/summary:0
[20988285ms] [ERROR] Failed to load resource: Could not connect to the server. @ http://localhost:4401/dashboard/overview:0
[20988323ms] [ERROR] Failed to load resource: Could not connect to the server. @ http://localhost:4401/dashboard/alerts?limit=6:0
[20988493ms] [ERROR] Failed to load resource: Could not connect to the server. @ http://localhost:4401/dashboard/overview:0
[20988531ms] [ERROR] Failed to load resource: Could not connect to the server. @ http://localhost:4401/dashboard/alerts?limit=6:0
[20989099ms] [ERROR] Failed to load resource: Could not connect to the server. @ http://localhost:4401/dashboard/overview:0
[20989137ms] [ERROR] Failed to load resource: Could not connect to the server. @ http://localhost:4401/dashboard/alerts?limit=6:0
[20989674ms] [ERROR] Failed to load resource: Could not connect to the server. @ http://localhost:4401/api/billing/ai-credits/summary:0
[20989882ms] [ERROR] Failed to load resource: Could not connect to the server. @ http://localhost:4401/api/billing/ai-credits/summary:0
[20990489ms] [ERROR] Failed to load resource: Could not connect to the server. @ http://localhost:4401/api/billing/ai-credits/summary:0
[21019681ms] [ERROR] Failed to load resource: Could not connect to the server. @ http://localhost:4401/api/billing/ai-credits/summary:0
[21019888ms] [ERROR] Failed to load resource: Could not connect to the server. @ http://localhost:4401/api/billing/ai-credits/summary:0
[21020495ms] [ERROR] Failed to load resource: Could not connect to the server. @ http://localhost:4401/api/billing/ai-credits/summary:0
[21048288ms] [ERROR] Failed to load resource: Could not connect to the server. @ http://localhost:4401/dashboard/overview:0
[21048327ms] [ERROR] Failed to load resource: Could not connect to the server. @ http://localhost:4401/dashboard/alerts?limit=6:0
[21048495ms] [ERROR] Failed to load resource: Could not connect to the server. @ http://localhost:4401/dashboard/overview:0
[21048534ms] [ERROR] Failed to load resource: Could not connect to the server. @ http://localhost:4401/dashboard/alerts?limit=6:0
[21049102ms] [ERROR] Failed to load resource: Could not connect to the server. @ http://localhost:4401/dashboard/overview:0
[21049142ms] [ERROR] Failed to load resource: Could not connect to the server. @ http://localhost:4401/dashboard/alerts?limit=6:0
[21049683ms] [ERROR] Failed to load resource: Could not connect to the server. @ http://localhost:4401/api/billing/ai-credits/summary:0
[21049890ms] [ERROR] Failed to load resource: Could not connect to the server. @ http://localhost:4401/api/billing/ai-credits/summary:0
[21050496ms] [ERROR] Failed to load resource: Could not connect to the server. @ http://localhost:4401/api/billing/ai-credits/summary:0
[21079692ms] [ERROR] Failed to load resource: Could not connect to the server. @ http://localhost:4401/api/billing/ai-credits/summary:0
[21079898ms] [ERROR] Failed to load resource: Could not connect to the server. @ http://localhost:4401/api/billing/ai-credits/summary:0
[21080504ms] [ERROR] Failed to load resource: Could not connect to the server. @ http://localhost:4401/api/billing/ai-credits/summary:0
[21108295ms] [ERROR] Failed to load resource: Could not connect to the server. @ http://localhost:4401/dashboard/overview:0
[21108331ms] [ERROR] Failed to load resource: Could not connect to the server. @ http://localhost:4401/dashboard/alerts?limit=6:0
[21108500ms] [ERROR] Failed to load resource: Could not connect to the server. @ http://localhost:4401/dashboard/overview:0
[21108538ms] [ERROR] Failed to load resource: Could not connect to the server. @ http://localhost:4401/dashboard/alerts?limit=6:0
[21439740ms] [ERROR] Failed to load resource: Could not connect to the server. @ http://localhost:4401/api/billing/ai-credits/summary:0
[21439947ms] [ERROR] Failed to load resource: Could not connect to the server. @ http://localhost:4401/api/billing/ai-credits/summary:0
[21440553ms] [ERROR] Failed to load resource: Could not connect to the server. @ http://localhost:4401/api/billing/ai-credits/summary:0
[21468318ms] [ERROR] Failed to load resource: Could not connect to the server. @ http://localhost:4401/dashboard/overview:0
[21468359ms] [ERROR] Failed to load resource: Could not connect to the server. @ http://localhost:4401/dashboard/alerts?limit=6:0
[21468526ms] [ERROR] Failed to load resource: Could not connect to the server. @ http://localhost:4401/dashboard/overview:0
[21468565ms] [ERROR] Failed to load resource: Could not connect to the server. @ http://localhost:4401/dashboard/alerts?limit=6:0
[21469133ms] [ERROR] Failed to load resource: Could not connect to the server. @ http://localhost:4401/dashboard/overview:0
[21469173ms] [ERROR] Failed to load resource: Could not connect to the server. @ http://localhost:4401/dashboard/alerts?limit=6:0
[21469742ms] [ERROR] Failed to load resource: Could not connect to the server. @ http://localhost:4401/api/billing/ai-credits/summary:0
[21469947ms] [ERROR] Failed to load resource: Could not connect to the server. @ http://localhost:4401/api/billing/ai-credits/summary:0
[21470555ms] [ERROR] Failed to load resource: Could not connect to the server. @ http://localhost:4401/api/billing/ai-credits/summary:0
[21499749ms] [ERROR] Failed to load resource: Could not connect to the server. @ http://localhost:4401/api/billing/ai-credits/summary:0
[21499954ms] [ERROR] Failed to load resource: Could not connect to the server. @ http://localhost:4401/api/billing/ai-credits/summary:0
[21500562ms] [ERROR] Failed to load resource: Could not connect to the server. @ http://localhost:4401/api/billing/ai-credits/summary:0
[21528323ms] [ERROR] Failed to load resource: Could not connect to the server. @ http://localhost:4401/dashboard/overview:0
[21528362ms] [ERROR] Failed to load resource: Could not connect to the server. @ http://localhost:4401/dashboard/alerts?limit=6:0
[21528529ms] [ERROR] Failed to load resource: Could not connect to the server. @ http://localhost:4401/dashboard/overview:0
[21528568ms] [ERROR] Failed to load resource: Could not connect to the server. @ http://localhost:4401/dashboard/alerts?limit=6:0
[21529135ms] [ERROR] Failed to load resource: Could not connect to the server. @ http://localhost:4401/dashboard/overview:0
[21529175ms] [ERROR] Failed to load resource: Could not connect to the server. @ http://localhost:4401/dashboard/alerts?limit=6:0
[21529750ms] [ERROR] Failed to load resource: Could not connect to the server. @ http://localhost:4401/api/billing/ai-credits/summary:0
[21529958ms] [ERROR] Failed to load resource: Could not connect to the server. @ http://localhost:4401/api/billing/ai-credits/summary:0
[21530565ms] [ERROR] Failed to load resource: Could not connect to the server. @ http://localhost:4401/api/billing/ai-credits/summary:0
[21559757ms] [ERROR] Failed to load resource: Could not connect to the server. @ http://localhost:4401/api/billing/ai-credits/summary:0
[21559962ms] [ERROR] Failed to load resource: Could not connect to the server. @ http://localhost:4401/api/billing/ai-credits/summary:0
[21560568ms] [ERROR] Failed to load resource: Could not connect to the server. @ http://localhost:4401/api/billing/ai-credits/summary:0
[21588328ms] [ERROR] Failed to load resource: Could not connect to the server. @ http://localhost:4401/dashboard/overview:0
[21588367ms] [ERROR] Failed to load resource: Could not connect to the server. @ http://localhost:4401/dashboard/alerts?limit=6:0
[21588534ms] [ERROR] Failed to load resource: Could not connect to the server. @ http://localhost:4401/dashboard/overview:0
[21588572ms] [ERROR] Failed to load resource: Could not connect to the server. @ http://localhost:4401/dashboard/alerts?limit=6:0
[21589140ms] [ERROR] Failed to load resource: Could not connect to the server. @ http://localhost:4401/dashboard/overview:0
[21589178ms] [ERROR] Failed to load resource: Could not connect to the server. @ http://localhost:4401/dashboard/alerts?limit=6:0
[21589758ms] [ERROR] Failed to load resource: Could not connect to the server. @ http://localhost:4401/api/billing/ai-credits/summary:0
[21589965ms] [ERROR] Failed to load resource: Could not connect to the server. @ http://localhost:4401/api/billing/ai-credits/summary:0
[21590571ms] [ERROR] Failed to load resource: Could not connect to the server. @ http://localhost:4401/api/billing/ai-credits/summary:0
[21619764ms] [ERROR] Failed to load resource: Could not connect to the server. @ http://localhost:4401/api/billing/ai-credits/summary:0
[21619970ms] [ERROR] Failed to load resource: Could not connect to the server. @ http://localhost:4401/api/billing/ai-credits/summary:0
[21620577ms] [ERROR] Failed to load resource: Could not connect to the server. @ http://localhost:4401/api/billing/ai-credits/summary:0
[21648334ms] [ERROR] Failed to load resource: Could not connect to the server. @ http://localhost:4401/dashboard/overview:0
[21648372ms] [ERROR] Failed to load resource: Could not connect to the server. @ http://localhost:4401/dashboard/alerts?limit=6:0
[21648541ms] [ERROR] Failed to load resource: Could not connect to the server. @ http://localhost:4401/dashboard/overview:0
[21648578ms] [ERROR] Failed to load resource: Could not connect to the server. @ http://localhost:4401/dashboard/alerts?limit=6:0
[21649148ms] [ERROR] Failed to load resource: Could not connect to the server. @ http://localhost:4401/dashboard/overview:0
[21649187ms] [ERROR] Failed to load resource: Could not connect to the server. @ http://localhost:4401/dashboard/alerts?limit=6:0
[21649767ms] [ERROR] Failed to load resource: Could not connect to the server. @ http://localhost:4401/api/billing/ai-credits/summary:0
[21649976ms] [ERROR] Failed to load resource: Could not connect to the server. @ http://localhost:4401/api/billing/ai-credits/summary:0
[21650581ms] [ERROR] Failed to load resource: Could not connect to the server. @ http://localhost:4401/api/billing/ai-credits/summary:0
[21679772ms] [ERROR] Failed to load resource: Could not connect to the server. @ http://localhost:4401/api/billing/ai-credits/summary:0
[21679978ms] [ERROR] Failed to load resource: Could not connect to the server. @ http://localhost:4401/api/billing/ai-credits/summary:0
[21680585ms] [ERROR] Failed to load resource: Could not connect to the server. @ http://localhost:4401/api/billing/ai-credits/summary:0
[21708337ms] [ERROR] Failed to load resource: Could not connect to the server. @ http://localhost:4401/dashboard/overview:0
[21708376ms] [ERROR] Failed to load resource: Could not connect to the server. @ http://localhost:4401/dashboard/alerts?limit=6:0
[21708545ms] [ERROR] Failed to load resource: Could not connect to the server. @ http://localhost:4401/dashboard/overview:0
[21708582ms] [ERROR] Failed to load resource: Could not connect to the server. @ http://localhost:4401/dashboard/alerts?limit=6:0
[21709151ms] [ERROR] Failed to load resource: Could not connect to the server. @ http://localhost:4401/dashboard/overview:0
[21709189ms] [ERROR] Failed to load resource: Could not connect to the server. @ http://localhost:4401/dashboard/alerts?limit=6:0
[21709776ms] [ERROR] Failed to load resource: Could not connect to the server. @ http://localhost:4401/api/billing/ai-credits/summary:0
[21709985ms] [ERROR] Failed to load resource: Could not connect to the server. @ http://localhost:4401/api/billing/ai-credits/summary:0
[21710591ms] [ERROR] Failed to load resource: Could not connect to the server. @ http://localhost:4401/api/billing/ai-credits/summary:0
[21739781ms] [ERROR] Failed to load resource: Could not connect to the server. @ http://localhost:4401/api/billing/ai-credits/summary:0
[21739987ms] [ERROR] Failed to load resource: Could not connect to the server. @ http://localhost:4401/api/billing/ai-credits/summary:0
[21740594ms] [ERROR] Failed to load resource: Could not connect to the server. @ http://localhost:4401/api/billing/ai-credits/summary:0
[21768344ms] [ERROR] Failed to load resource: Could not connect to the server. @ http://localhost:4401/dashboard/overview:0
[21768382ms] [ERROR] Failed to load resource: Could not connect to the server. @ http://localhost:4401/dashboard/alerts?limit=6:0
[21768551ms] [ERROR] Failed to load resource: Could not connect to the server. @ http://localhost:4401/dashboard/overview:0
[21768588ms] [ERROR] Failed to load resource: Could not connect to the server. @ http://localhost:4401/dashboard/alerts?limit=6:0
[21769158ms] [ERROR] Failed to load resource: Could not connect to the server. @ http://localhost:4401/dashboard/overview:0
[21769194ms] [ERROR] Failed to load resource: Could not connect to the server. @ http://localhost:4401/dashboard/alerts?limit=6:0
[21769785ms] [ERROR] Failed to load resource: Could not connect to the server. @ http://localhost:4401/api/billing/ai-credits/summary:0
[21769992ms] [ERROR] Failed to load resource: Could not connect to the server. @ http://localhost:4401/api/billing/ai-credits/summary:0
[21770598ms] [ERROR] Failed to load resource: Could not connect to the server. @ http://localhost:4401/api/billing/ai-credits/summary:0
[21799813ms] [ERROR] Failed to load resource: Could not connect to the server. @ http://localhost:4401/api/billing/ai-credits/summary:0
[21800020ms] [ERROR] Failed to load resource: Could not connect to the server. @ http://localhost:4401/api/billing/ai-credits/summary:0
[21800631ms] [ERROR] Failed to load resource: Could not connect to the server. @ http://localhost:4401/api/billing/ai-credits/summary:0
[21828382ms] [ERROR] Failed to load resource: Could not connect to the server. @ http://localhost:4401/dashboard/overview:0
[21828416ms] [ERROR] Failed to load resource: Could not connect to the server. @ http://localhost:4401/dashboard/alerts?limit=6:0
[21828592ms] [ERROR] Failed to load resource: Could not connect to the server. @ http://localhost:4401/dashboard/overview:0
[21828626ms] [ERROR] Failed to load resource: Could not connect to the server. @ http://localhost:4401/dashboard/alerts?limit=6:0
[21829203ms] [ERROR] Failed to load resource: Could not connect to the server. @ http://localhost:4401/dashboard/overview:0
[21829235ms] [ERROR] Failed to load resource: Could not connect to the server. @ http://localhost:4401/dashboard/alerts?limit=6:0
[21829825ms] [ERROR] Failed to load resource: Could not connect to the server. @ http://localhost:4401/api/billing/ai-credits/summary:0
[21830036ms] [ERROR] Failed to load resource: Could not connect to the server. @ http://localhost:4401/api/billing/ai-credits/summary:0
[21830647ms] [ERROR] Failed to load resource: Could not connect to the server. @ http://localhost:4401/api/billing/ai-credits/summary:0
[21859835ms] [ERROR] Failed to load resource: Could not connect to the server. @ http://localhost:4401/api/billing/ai-credits/summary:0
[21860045ms] [ERROR] Failed to load resource: Could not connect to the server. @ http://localhost:4401/api/billing/ai-credits/summary:0
[21860653ms] [ERROR] Failed to load resource: Could not connect to the server. @ http://localhost:4401/api/billing/ai-credits/summary:0
[21888385ms] [ERROR] Failed to load resource: Could not connect to the server. @ http://localhost:4401/dashboard/overview:0
[21888425ms] [ERROR] Failed to load resource: Could not connect to the server. @ http://localhost:4401/dashboard/alerts?limit=6:0
[21888592ms] [ERROR] Failed to load resource: Could not connect to the server. @ http://localhost:4401/dashboard/overview:0
[21888636ms] [ERROR] Failed to load resource: Could not connect to the server. @ http://localhost:4401/dashboard/alerts?limit=6:0
[21889201ms] [ERROR] Failed to load resource: Could not connect to the server. @ http://localhost:4401/dashboard/overview:0
[21889244ms] [ERROR] Failed to load resource: Could not connect to the server. @ http://localhost:4401/dashboard/alerts?limit=6:0
[21889837ms] [ERROR] Failed to load resource: Could not connect to the server. @ http://localhost:4401/api/billing/ai-credits/summary:0
[21890045ms] [ERROR] Failed to load resource: Could not connect to the server. @ http://localhost:4401/api/billing/ai-credits/summary:0
[21890657ms] [ERROR] Failed to load resource: Could not connect to the server. @ http://localhost:4401/api/billing/ai-credits/summary:0
[21919845ms] [ERROR] Failed to load resource: Could not connect to the server. @ http://localhost:4401/api/billing/ai-credits/summary:0
[21920055ms] [ERROR] Failed to load resource: Could not connect to the server. @ http://localhost:4401/api/billing/ai-credits/summary:0
[21920665ms] [ERROR] Failed to load resource: Could not connect to the server. @ http://localhost:4401/api/billing/ai-credits/summary:0
[21948390ms] [ERROR] Failed to load resource: Could not connect to the server. @ http://localhost:4401/dashboard/overview:0
[21948430ms] [ERROR] Failed to load resource: Could not connect to the server. @ http://localhost:4401/dashboard/alerts?limit=6:0
[21948600ms] [ERROR] Failed to load resource: Could not connect to the server. @ http://localhost:4401/dashboard/overview:0
[21948638ms] [ERROR] Failed to load resource: Could not connect to the server. @ http://localhost:4401/dashboard/alerts?limit=6:0
[21949210ms] [ERROR] Failed to load resource: Could not connect to the server. @ http://localhost:4401/dashboard/overview:0
[21949247ms] [ERROR] Failed to load resource: Could not connect to the server. @ http://localhost:4401/dashboard/alerts?limit=6:0
[21949844ms] [ERROR] Failed to load resource: Could not connect to the server. @ http://localhost:4401/api/billing/ai-credits/summary:0
[21950053ms] [ERROR] Failed to load resource: Could not connect to the server. @ http://localhost:4401/api/billing/ai-credits/summary:0
[21950660ms] [ERROR] Failed to load resource: Could not connect to the server. @ http://localhost:4401/api/billing/ai-credits/summary:0
[21979853ms] [ERROR] Failed to load resource: Could not connect to the server. @ http://localhost:4401/api/billing/ai-credits/summary:0
[21980065ms] [ERROR] Failed to load resource: Could not connect to the server. @ http://localhost:4401/api/billing/ai-credits/summary:0
[21980676ms] [ERROR] Failed to load resource: Could not connect to the server. @ http://localhost:4401/api/billing/ai-credits/summary:0
[22008400ms] [ERROR] Failed to load resource: Could not connect to the server. @ http://localhost:4401/dashboard/overview:0
[22008436ms] [ERROR] Failed to load resource: Could not connect to the server. @ http://localhost:4401/dashboard/alerts?limit=6:0
[22008612ms] [ERROR] Failed to load resource: Could not connect to the server. @ http://localhost:4401/dashboard/overview:0
[22008646ms] [ERROR] Failed to load resource: Could not connect to the server. @ http://localhost:4401/dashboard/alerts?limit=6:0
[22009223ms] [ERROR] Failed to load resource: Could not connect to the server. @ http://localhost:4401/dashboard/overview:0
[22009256ms] [ERROR] Failed to load resource: Could not connect to the server. @ http://localhost:4401/dashboard/alerts?limit=6:0
[22009851ms] [ERROR] Failed to load resource: Could not connect to the server. @ http://localhost:4401/api/billing/ai-credits/summary:0
[22010059ms] [ERROR] Failed to load resource: Could not connect to the server. @ http://localhost:4401/api/billing/ai-credits/summary:0
[22010669ms] [ERROR] Failed to load resource: Could not connect to the server. @ http://localhost:4401/api/billing/ai-credits/summary:0
[22039859ms] [ERROR] Failed to load resource: Could not connect to the server. @ http://localhost:4401/api/billing/ai-credits/summary:0
[22040066ms] [ERROR] Failed to load resource: Could not connect to the server. @ http://localhost:4401/api/billing/ai-credits/summary:0
[22040675ms] [ERROR] Failed to load resource: Could not connect to the server. @ http://localhost:4401/api/billing/ai-credits/summary:0
[22068401ms] [ERROR] Failed to load resource: Could not connect to the server. @ http://localhost:4401/dashboard/overview:0
[22068439ms] [ERROR] Failed to load resource: Could not connect to the server. @ http://localhost:4401/dashboard/alerts?limit=6:0
[22068612ms] [ERROR] Failed to load resource: Could not connect to the server. @ http://localhost:4401/dashboard/overview:0
[22068648ms] [ERROR] Failed to load resource: Could not connect to the server. @ http://localhost:4401/dashboard/alerts?limit=6:0
[22069222ms] [ERROR] Failed to load resource: Could not connect to the server. @ http://localhost:4401/dashboard/overview:0
[22069258ms] [ERROR] Failed to load resource: Could not connect to the server. @ http://localhost:4401/dashboard/alerts?limit=6:0
[22069867ms] [ERROR] Failed to load resource: Could not connect to the server. @ http://localhost:4401/api/billing/ai-credits/summary:0
[22070079ms] [ERROR] Failed to load resource: Could not connect to the server. @ http://localhost:4401/api/billing/ai-credits/summary:0
[22070688ms] [ERROR] Failed to load resource: Could not connect to the server. @ http://localhost:4401/api/billing/ai-credits/summary:0
[22099870ms] [ERROR] Failed to load resource: Could not connect to the server. @ http://localhost:4401/api/billing/ai-credits/summary:0
[22100078ms] [ERROR] Failed to load resource: Could not connect to the server. @ http://localhost:4401/api/billing/ai-credits/summary:0
[22100688ms] [ERROR] Failed to load resource: Could not connect to the server. @ http://localhost:4401/api/billing/ai-credits/summary:0
[22128407ms] [ERROR] Failed to load resource: Could not connect to the server. @ http://localhost:4401/dashboard/overview:0
[22128443ms] [ERROR] Failed to load resource: Could not connect to the server. @ http://localhost:4401/dashboard/alerts?limit=6:0
[22128615ms] [ERROR] Failed to load resource: Could not connect to the server. @ http://localhost:4401/dashboard/overview:0
[22128650ms] [ERROR] Failed to load resource: Could not connect to the server. @ http://localhost:4401/dashboard/alerts?limit=6:0
[22129223ms] [ERROR] Failed to load resource: Could not connect to the server. @ http://localhost:4401/dashboard/overview:0
[22129258ms] [ERROR] Failed to load resource: Could not connect to the server. @ http://localhost:4401/dashboard/alerts?limit=6:0
[22129872ms] [ERROR] Failed to load resource: Could not connect to the server. @ http://localhost:4401/api/billing/ai-credits/summary:0
[22130078ms] [ERROR] Failed to load resource: Could not connect to the server. @ http://localhost:4401/api/billing/ai-credits/summary:0
[22130687ms] [ERROR] Failed to load resource: Could not connect to the server. @ http://localhost:4401/api/billing/ai-credits/summary:0
[22159877ms] [ERROR] Failed to load resource: Could not connect to the server. @ http://localhost:4401/api/billing/ai-credits/summary:0
[22160083ms] [ERROR] Failed to load resource: Could not connect to the server. @ http://localhost:4401/api/billing/ai-credits/summary:0
[22160694ms] [ERROR] Failed to load resource: Could not connect to the server. @ http://localhost:4401/api/billing/ai-credits/summary:0
[22188413ms] [ERROR] Failed to load resource: Could not connect to the server. @ http://localhost:4401/dashboard/overview:0
[22188450ms] [ERROR] Failed to load resource: Could not connect to the server. @ http://localhost:4401/dashboard/alerts?limit=6:0
[22188619ms] [ERROR] Failed to load resource: Could not connect to the server. @ http://localhost:4401/dashboard/overview:0
[22188660ms] [ERROR] Failed to load resource: Could not connect to the server. @ http://localhost:4401/dashboard/alerts?limit=6:0
[22189226ms] [ERROR] Failed to load resource: Could not connect to the server. @ http://localhost:4401/dashboard/overview:0
[22189267ms] [ERROR] Failed to load resource: Could not connect to the server. @ http://localhost:4401/dashboard/alerts?limit=6:0
[22189880ms] [ERROR] Failed to load resource: Could not connect to the server. @ http://localhost:4401/api/billing/ai-credits/summary:0
[22190085ms] [ERROR] Failed to load resource: Could not connect to the server. @ http://localhost:4401/api/billing/ai-credits/summary:0
[22190692ms] [ERROR] Failed to load resource: Could not connect to the server. @ http://localhost:4401/api/billing/ai-credits/summary:0
[22219885ms] [ERROR] Failed to load resource: Could not connect to the server. @ http://localhost:4401/api/billing/ai-credits/summary:0
[22220094ms] [ERROR] Failed to load resource: Could not connect to the server. @ http://localhost:4401/api/billing/ai-credits/summary:0
[22220705ms] [ERROR] Failed to load resource: Could not connect to the server. @ http://localhost:4401/api/billing/ai-credits/summary:0
[22248424ms] [ERROR] Failed to load resource: Could not connect to the server. @ http://localhost:4401/dashboard/overview:0
[22248451ms] [ERROR] Failed to load resource: Could not connect to the server. @ http://localhost:4401/dashboard/alerts?limit=6:0
[22248635ms] [ERROR] Failed to load resource: Could not connect to the server. @ http://localhost:4401/dashboard/overview:0
[22248656ms] [ERROR] Failed to load resource: Could not connect to the server. @ http://localhost:4401/dashboard/alerts?limit=6:0
[22249243ms] [ERROR] Failed to load resource: Could not connect to the server. @ http://localhost:4401/dashboard/overview:0
[22249265ms] [ERROR] Failed to load resource: Could not connect to the server. @ http://localhost:4401/dashboard/alerts?limit=6:0
[22249887ms] [ERROR] Failed to load resource: Could not connect to the server. @ http://localhost:4401/api/billing/ai-credits/summary:0
[22250098ms] [ERROR] Failed to load resource: Could not connect to the server. @ http://localhost:4401/api/billing/ai-credits/summary:0
[22250708ms] [ERROR] Failed to load resource: Could not connect to the server. @ http://localhost:4401/api/billing/ai-credits/summary:0
[22279894ms] [ERROR] Failed to load resource: Could not connect to the server. @ http://localhost:4401/api/billing/ai-credits/summary:0
[22280102ms] [ERROR] Failed to load resource: Could not connect to the server. @ http://localhost:4401/api/billing/ai-credits/summary:0
[22280712ms] [ERROR] Failed to load resource: Could not connect to the server. @ http://localhost:4401/api/billing/ai-credits/summary:0
[22308420ms] [ERROR] Failed to load resource: Could not connect to the server. @ http://localhost:4401/dashboard/overview:0
[22308458ms] [ERROR] Failed to load resource: Could not connect to the server. @ http://localhost:4401/dashboard/alerts?limit=6:0
[22308630ms] [ERROR] Failed to load resource: Could not connect to the server. @ http://localhost:4401/dashboard/overview:0
[22308668ms] [ERROR] Failed to load resource: Could not connect to the server. @ http://localhost:4401/dashboard/alerts?limit=6:0
[22309237ms] [ERROR] Failed to load resource: Could not connect to the server. @ http://localhost:4401/dashboard/overview:0
[22309275ms] [ERROR] Failed to load resource: Could not connect to the server. @ http://localhost:4401/dashboard/alerts?limit=6:0
[22309898ms] [ERROR] Failed to load resource: Could not connect to the server. @ http://localhost:4401/api/billing/ai-credits/summary:0
[22310107ms] [ERROR] Failed to load resource: Could not connect to the server. @ http://localhost:4401/api/billing/ai-credits/summary:0
[22310713ms] [ERROR] Failed to load resource: Could not connect to the server. @ http://localhost:4401/api/billing/ai-credits/summary:0
[22339906ms] [ERROR] Failed to load resource: Could not connect to the server. @ http://localhost:4401/api/billing/ai-credits/summary:0
[22340114ms] [ERROR] Failed to load resource: Could not connect to the server. @ http://localhost:4401/api/billing/ai-credits/summary:0
[22340724ms] [ERROR] Failed to load resource: Could not connect to the server. @ http://localhost:4401/api/billing/ai-credits/summary:0
[22368429ms] [ERROR] Failed to load resource: Could not connect to the server. @ http://localhost:4401/dashboard/overview:0
[22368460ms] [ERROR] Failed to load resource: Could not connect to the server. @ http://localhost:4401/dashboard/alerts?limit=6:0
[22368639ms] [ERROR] Failed to load resource: Could not connect to the server. @ http://localhost:4401/dashboard/overview:0
[22368669ms] [ERROR] Failed to load resource: Could not connect to the server. @ http://localhost:4401/dashboard/alerts?limit=6:0
[22369249ms] [ERROR] Failed to load resource: Could not connect to the server. @ http://localhost:4401/dashboard/overview:0
[22369277ms] [ERROR] Failed to load resource: Could not connect to the server. @ http://localhost:4401/dashboard/alerts?limit=6:0
[22369909ms] [ERROR] Failed to load resource: Could not connect to the server. @ http://localhost:4401/api/billing/ai-credits/summary:0
[22370119ms] [ERROR] Failed to load resource: Could not connect to the server. @ http://localhost:4401/api/billing/ai-credits/summary:0
[22370727ms] [ERROR] Failed to load resource: Could not connect to the server. @ http://localhost:4401/api/billing/ai-credits/summary:0
[22399916ms] [ERROR] Failed to load resource: Could not connect to the server. @ http://localhost:4401/api/billing/ai-credits/summary:0
[22400121ms] [ERROR] Failed to load resource: Could not connect to the server. @ http://localhost:4401/api/billing/ai-credits/summary:0
[22400732ms] [ERROR] Failed to load resource: Could not connect to the server. @ http://localhost:4401/api/billing/ai-credits/summary:0
[22428443ms] [ERROR] Failed to load resource: Could not connect to the server. @ http://localhost:4401/dashboard/overview:0
[22428466ms] [ERROR] Failed to load resource: Could not connect to the server. @ http://localhost:4401/dashboard/alerts?limit=6:0
[22428654ms] [ERROR] Failed to load resource: Could not connect to the server. @ http://localhost:4401/dashboard/overview:0
[22428674ms] [ERROR] Failed to load resource: Could not connect to the server. @ http://localhost:4401/dashboard/alerts?limit=6:0
[22429271ms] [ERROR] Failed to load resource: Could not connect to the server. @ http://localhost:4401/dashboard/overview:0
[22429288ms] [ERROR] Failed to load resource: Could not connect to the server. @ http://localhost:4401/dashboard/alerts?limit=6:0
[22429923ms] [ERROR] Failed to load resource: Could not connect to the server. @ http://localhost:4401/api/billing/ai-credits/summary:0
[22430134ms] [ERROR] Failed to load resource: Could not connect to the server. @ http://localhost:4401/api/billing/ai-credits/summary:0
[22430745ms] [ERROR] Failed to load resource: Could not connect to the server. @ http://localhost:4401/api/billing/ai-credits/summary:0
[22459927ms] [ERROR] Failed to load resource: Could not connect to the server. @ http://localhost:4401/api/billing/ai-credits/summary:0
[22460136ms] [ERROR] Failed to load resource: Could not connect to the server. @ http://localhost:4401/api/billing/ai-credits/summary:0
[22460749ms] [ERROR] Failed to load resource: Could not connect to the server. @ http://localhost:4401/api/billing/ai-credits/summary:0
[22488439ms] [ERROR] Failed to load resource: Could not connect to the server. @ http://localhost:4401/dashboard/overview:0
[22488479ms] [ERROR] Failed to load resource: Could not connect to the server. @ http://localhost:4401/dashboard/alerts?limit=6:0
[22488651ms] [ERROR] Failed to load resource: Could not connect to the server. @ http://localhost:4401/dashboard/overview:0
[22488689ms] [ERROR] Failed to load resource: Could not connect to the server. @ http://localhost:4401/dashboard/alerts?limit=6:0
[22489264ms] [ERROR] Failed to load resource: Could not connect to the server. @ http://localhost:4401/dashboard/overview:0
[22489298ms] [ERROR] Failed to load resource: Could not connect to the server. @ http://localhost:4401/dashboard/alerts?limit=6:0
[22489928ms] [ERROR] Failed to load resource: Could not connect to the server. @ http://localhost:4401/api/billing/ai-credits/summary:0
[22490136ms] [ERROR] Failed to load resource: Could not connect to the server. @ http://localhost:4401/api/billing/ai-credits/summary:0
[22490748ms] [ERROR] Failed to load resource: Could not connect to the server. @ http://localhost:4401/api/billing/ai-credits/summary:0
[22519935ms] [ERROR] Failed to load resource: Could not connect to the server. @ http://localhost:4401/api/billing/ai-credits/summary:0
[22520146ms] [ERROR] Failed to load resource: Could not connect to the server. @ http://localhost:4401/api/billing/ai-credits/summary:0
[22520754ms] [ERROR] Failed to load resource: Could not connect to the server. @ http://localhost:4401/api/billing/ai-credits/summary:0
[22548442ms] [ERROR] Failed to load resource: Could not connect to the server. @ http://localhost:4401/dashboard/overview:0
[22548482ms] [ERROR] Failed to load resource: Could not connect to the server. @ http://localhost:4401/dashboard/alerts?limit=6:0
[22548651ms] [ERROR] Failed to load resource: Could not connect to the server. @ http://localhost:4401/dashboard/overview:0
[22548693ms] [ERROR] Failed to load resource: Could not connect to the server. @ http://localhost:4401/dashboard/alerts?limit=6:0
[22549260ms] [ERROR] Failed to load resource: Could not connect to the server. @ http://localhost:4401/dashboard/overview:0
[22549302ms] [ERROR] Failed to load resource: Could not connect to the server. @ http://localhost:4401/dashboard/alerts?limit=6:0
[22549934ms] [ERROR] Failed to load resource: Could not connect to the server. @ http://localhost:4401/api/billing/ai-credits/summary:0
[22550144ms] [ERROR] Failed to load resource: Could not connect to the server. @ http://localhost:4401/api/billing/ai-credits/summary:0
[22550753ms] [ERROR] Failed to load resource: Could not connect to the server. @ http://localhost:4401/api/billing/ai-credits/summary:0
[22579943ms] [ERROR] Failed to load resource: Could not connect to the server. @ http://localhost:4401/api/billing/ai-credits/summary:0
[22580151ms] [ERROR] Failed to load resource: Could not connect to the server. @ http://localhost:4401/api/billing/ai-credits/summary:0
[22580764ms] [ERROR] Failed to load resource: Could not connect to the server. @ http://localhost:4401/api/billing/ai-credits/summary:0
[22608446ms] [ERROR] Failed to load resource: Could not connect to the server. @ http://localhost:4401/dashboard/overview:0
[22608485ms] [ERROR] Failed to load resource: Could not connect to the server. @ http://localhost:4401/dashboard/alerts?limit=6:0
[22608657ms] [ERROR] Failed to load resource: Could not connect to the server. @ http://localhost:4401/dashboard/overview:0
[22608695ms] [ERROR] Failed to load resource: Could not connect to the server. @ http://localhost:4401/dashboard/alerts?limit=6:0
[22609267ms] [ERROR] Failed to load resource: Could not connect to the server. @ http://localhost:4401/dashboard/overview:0
[22609305ms] [ERROR] Failed to load resource: Could not connect to the server. @ http://localhost:4401/dashboard/alerts?limit=6:0
[22609946ms] [ERROR] Failed to load resource: Could not connect to the server. @ http://localhost:4401/api/billing/ai-credits/summary:0
[22610157ms] [ERROR] Failed to load resource: Could not connect to the server. @ http://localhost:4401/api/billing/ai-credits/summary:0
[22610767ms] [ERROR] Failed to load resource: Could not connect to the server. @ http://localhost:4401/api/billing/ai-credits/summary:0
[22639951ms] [ERROR] Failed to load resource: Could not connect to the server. @ http://localhost:4401/api/billing/ai-credits/summary:0
[22640162ms] [ERROR] Failed to load resource: Could not connect to the server. @ http://localhost:4401/api/billing/ai-credits/summary:0
[22640772ms] [ERROR] Failed to load resource: Could not connect to the server. @ http://localhost:4401/api/billing/ai-credits/summary:0
[22668455ms] [ERROR] Failed to load resource: Could not connect to the server. @ http://localhost:4401/dashboard/overview:0
[22668490ms] [ERROR] Failed to load resource: Could not connect to the server. @ http://localhost:4401/dashboard/alerts?limit=6:0
[22668666ms] [ERROR] Failed to load resource: Could not connect to the server. @ http://localhost:4401/dashboard/overview:0
[22668697ms] [ERROR] Failed to load resource: Could not connect to the server. @ http://localhost:4401/dashboard/alerts?limit=6:0
[22669276ms] [ERROR] Failed to load resource: Could not connect to the server. @ http://localhost:4401/dashboard/overview:0
[22669306ms] [ERROR] Failed to load resource: Could not connect to the server. @ http://localhost:4401/dashboard/alerts?limit=6:0
[22669955ms] [ERROR] Failed to load resource: Could not connect to the server. @ http://localhost:4401/api/billing/ai-credits/summary:0
[22670168ms] [ERROR] Failed to load resource: Could not connect to the server. @ http://localhost:4401/api/billing/ai-credits/summary:0
[22670775ms] [ERROR] Failed to load resource: Could not connect to the server. @ http://localhost:4401/api/billing/ai-credits/summary:0
[22699962ms] [ERROR] Failed to load resource: Could not connect to the server. @ http://localhost:4401/api/billing/ai-credits/summary:0
[22700172ms] [ERROR] Failed to load resource: Could not connect to the server. @ http://localhost:4401/api/billing/ai-credits/summary:0
[22700782ms] [ERROR] Failed to load resource: Could not connect to the server. @ http://localhost:4401/api/billing/ai-credits/summary:0
[22728459ms] [ERROR] Failed to load resource: Could not connect to the server. @ http://localhost:4401/dashboard/overview:0
[22728493ms] [ERROR] Failed to load resource: Could not connect to the server. @ http://localhost:4401/dashboard/alerts?limit=6:0
[22728670ms] [ERROR] Failed to load resource: Could not connect to the server. @ http://localhost:4401/dashboard/overview:0
[22728702ms] [ERROR] Failed to load resource: Could not connect to the server. @ http://localhost:4401/dashboard/alerts?limit=6:0
[22729279ms] [ERROR] Failed to load resource: Could not connect to the server. @ http://localhost:4401/dashboard/overview:0
[22729312ms] [ERROR] Failed to load resource: Could not connect to the server. @ http://localhost:4401/dashboard/alerts?limit=6:0
[22729963ms] [ERROR] Failed to load resource: Could not connect to the server. @ http://localhost:4401/api/billing/ai-credits/summary:0
[22730172ms] [ERROR] Failed to load resource: Could not connect to the server. @ http://localhost:4401/api/billing/ai-credits/summary:0
[22730781ms] [ERROR] Failed to load resource: Could not connect to the server. @ http://localhost:4401/api/billing/ai-credits/summary:0
[22759970ms] [ERROR] Failed to load resource: Could not connect to the server. @ http://localhost:4401/api/billing/ai-credits/summary:0
[22760176ms] [ERROR] Failed to load resource: Could not connect to the server. @ http://localhost:4401/api/billing/ai-credits/summary:0
[22760782ms] [ERROR] Failed to load resource: Could not connect to the server. @ http://localhost:4401/api/billing/ai-credits/summary:0
[22788469ms] [ERROR] Failed to load resource: Could not connect to the server. @ http://localhost:4401/dashboard/overview:0
[22788497ms] [ERROR] Failed to load resource: Could not connect to the server. @ http://localhost:4401/dashboard/alerts?limit=6:0
[22788679ms] [ERROR] Failed to load resource: Could not connect to the server. @ http://localhost:4401/dashboard/overview:0
[22788709ms] [ERROR] Failed to load resource: Could not connect to the server. @ http://localhost:4401/dashboard/alerts?limit=6:0
[23748499ms] [ERROR] Failed to load resource: Could not connect to the server. @ http://localhost:4401/dashboard/overview:0
[23748536ms] [ERROR] Failed to load resource: Could not connect to the server. @ http://localhost:4401/dashboard/alerts?limit=6:0
[23748709ms] [ERROR] Failed to load resource: Could not connect to the server. @ http://localhost:4401/dashboard/overview:0
[23748749ms] [ERROR] Failed to load resource: Could not connect to the server. @ http://localhost:4401/dashboard/alerts?limit=6:0
[23749317ms] [ERROR] Failed to load resource: Could not connect to the server. @ http://localhost:4401/dashboard/overview:0
[23749356ms] [ERROR] Failed to load resource: Could not connect to the server. @ http://localhost:4401/dashboard/alerts?limit=6:0
[23750073ms] [ERROR] Failed to load resource: Could not connect to the server. @ http://localhost:4401/api/billing/ai-credits/summary:0
[23750279ms] [ERROR] Failed to load resource: Could not connect to the server. @ http://localhost:4401/api/billing/ai-credits/summary:0
[23750889ms] [ERROR] Failed to load resource: Could not connect to the server. @ http://localhost:4401/api/billing/ai-credits/summary:0
[23780076ms] [ERROR] Failed to load resource: Could not connect to the server. @ http://localhost:4401/api/billing/ai-credits/summary:0
[23780286ms] [ERROR] Failed to load resource: Could not connect to the server. @ http://localhost:4401/api/billing/ai-credits/summary:0
[23780898ms] [ERROR] Failed to load resource: Could not connect to the server. @ http://localhost:4401/api/billing/ai-credits/summary:0
[23808506ms] [ERROR] Failed to load resource: Could not connect to the server. @ http://localhost:4401/dashboard/overview:0
[23808542ms] [ERROR] Failed to load resource: Could not connect to the server. @ http://localhost:4401/dashboard/alerts?limit=6:0
[23808718ms] [ERROR] Failed to load resource: Could not connect to the server. @ http://localhost:4401/dashboard/overview:0
[23808750ms] [ERROR] Failed to load resource: Could not connect to the server. @ http://localhost:4401/dashboard/alerts?limit=6:0
[23809328ms] [ERROR] Failed to load resource: Could not connect to the server. @ http://localhost:4401/dashboard/overview:0
[23809358ms] [ERROR] Failed to load resource: Could not connect to the server. @ http://localhost:4401/dashboard/alerts?limit=6:0
[23810083ms] [ERROR] Failed to load resource: Could not connect to the server. @ http://localhost:4401/api/billing/ai-credits/summary:0
[23810290ms] [ERROR] Failed to load resource: Could not connect to the server. @ http://localhost:4401/api/billing/ai-credits/summary:0
[23810901ms] [ERROR] Failed to load resource: Could not connect to the server. @ http://localhost:4401/api/billing/ai-credits/summary:0
[23840088ms] [ERROR] Failed to load resource: Could not connect to the server. @ http://localhost:4401/api/billing/ai-credits/summary:0
[23840295ms] [ERROR] Failed to load resource: Could not connect to the server. @ http://localhost:4401/api/billing/ai-credits/summary:0
[23840900ms] [ERROR] Failed to load resource: Could not connect to the server. @ http://localhost:4401/api/billing/ai-credits/summary:0
