[     674ms] [LOG] [HMR] connected @ http://localhost:3301/_next/static/chunks/node_modules_next_dist_1ybzpk2._.js:2489
[     775ms] [ERROR] Failed to load resource: the server responded with a status of 404 (Not Found) @ http://localhost:4401/system/settings:0
[   81366ms] [LOG] [Fast Refresh] rebuilding @ http://localhost:3301/_next/static/chunks/node_modules_next_dist_1ybzpk2._.js:2489
[   81430ms] [LOG] [Fast Refresh] done in 135ms @ http://localhost:3301/_next/static/chunks/node_modules_next_dist_1ybzpk2._.js:2489
[   81646ms] [LOG] [Fast Refresh] rebuilding @ http://localhost:3301/_next/static/chunks/node_modules_next_dist_1ybzpk2._.js:2489
[   81706ms] [LOG] [Fast Refresh] done in 113ms @ http://localhost:3301/_next/static/chunks/node_modules_next_dist_1ybzpk2._.js:2489
[  132743ms] [LOG] [Fast Refresh] rebuilding @ http://localhost:3301/_next/static/chunks/node_modules_next_dist_1ybzpk2._.js:2489
[  132750ms] [LOG] [Fast Refresh] done in 108ms @ http://localhost:3301/_next/static/chunks/node_modules_next_dist_1ybzpk2._.js:2489
[  203707ms] [LOG] [Fast Refresh] rebuilding @ http://localhost:3301/_next/static/chunks/node_modules_next_dist_1ybzpk2._.js:2489
[  203775ms] [LOG] [Fast Refresh] done in 133ms @ http://localhost:3301/_next/static/chunks/node_modules_next_dist_1ybzpk2._.js:2489
[  238594ms] [LOG] [HMR] connected @ http://localhost:3301/_next/static/chunks/node_modules_next_dist_1ybzpk2._.js:2489
[  238713ms] [ERROR] Failed to load resource: the server responded with a status of 404 (Not Found) @ http://localhost:4401/api/billing/ai-credits/summary:0
[  238714ms] [ERROR] Failed to load resource: the server responded with a status of 404 (Not Found) @ http://localhost:4401/system/settings:0
[  470314ms] [LOG] [Fast Refresh] rebuilding @ http://localhost:3301/_next/static/chunks/node_modules_next_dist_1ybzpk2._.js:2489
[  470417ms] [LOG] [Fast Refresh] done in 81ms @ http://localhost:3301/_next/static/chunks/node_modules_next_dist_1ybzpk2._.js:2489
[  681209ms] [LOG] [Fast Refresh] rebuilding @ http://localhost:3301/_next/static/chunks/node_modules_next_dist_1ybzpk2._.js:2489
[  681245ms] [LOG] [Fast Refresh] done in 85ms @ http://localhost:3301/_next/static/chunks/node_modules_next_dist_1ybzpk2._.js:2489
[ 1008575ms] [LOG] [Fast Refresh] rebuilding @ http://localhost:3301/_next/static/chunks/node_modules_next_dist_1ybzpk2._.js:2489
[ 1008603ms] [LOG] [Fast Refresh] done in 41ms @ http://localhost:3301/_next/static/chunks/node_modules_next_dist_1ybzpk2._.js:2489
[ 1044478ms] [LOG] [Fast Refresh] rebuilding @ http://localhost:3301/_next/static/chunks/node_modules_next_dist_1ybzpk2._.js:2489
[ 1044558ms] [LOG] [Fast Refresh] done in 181ms @ http://localhost:3301/_next/static/chunks/node_modules_next_dist_1ybzpk2._.js:2489
[ 1695173ms] [LOG] [Fast Refresh] rebuilding @ http://localhost:3301/_next/static/chunks/node_modules_next_dist_1ybzpk2._.js:2489
[ 1695272ms] [LOG] [Fast Refresh] done in 142ms @ http://localhost:3301/_next/static/chunks/node_modules_next_dist_1ybzpk2._.js:2489
[ 1721644ms] [LOG] [Fast Refresh] rebuilding @ http://localhost:3301/_next/static/chunks/node_modules_next_dist_1ybzpk2._.js:2489
[ 1721649ms] [LOG] [Fast Refresh] done in 105ms @ http://localhost:3301/_next/static/chunks/node_modules_next_dist_1ybzpk2._.js:2489
[ 1722152ms] [LOG] [Fast Refresh] rebuilding @ http://localhost:3301/_next/static/chunks/node_modules_next_dist_1ybzpk2._.js:2489
[ 1722209ms] [LOG] [Fast Refresh] done in 158ms @ http://localhost:3301/_next/static/chunks/node_modules_next_dist_1ybzpk2._.js:2489
[ 1722309ms] [LOG] [Fast Refresh] rebuilding @ http://localhost:3301/_next/static/chunks/node_modules_next_dist_1ybzpk2._.js:2489
[ 1722332ms] [LOG] [Fast Refresh] done in 123ms @ http://localhost:3301/_next/static/chunks/node_modules_next_dist_1ybzpk2._.js:2489
[ 1754988ms] [ERROR] WebSocket connection to 'ws://localhost:3301/_next/webpack-hmr?id=GjtoMreUqfF58cHThSxId' failed: The network connection was lost. @ :0
[ 1756098ms] [ERROR] WebSocket connection to 'ws://localhost:3301/_next/webpack-hmr?id=GjtoMreUqfF58cHThSxId' failed: Could not connect to the server. @ :0
[ 1757158ms] [ERROR] WebSocket connection to 'ws://localhost:3301/_next/webpack-hmr?id=GjtoMreUqfF58cHThSxId' failed: Could not connect to the server. @ :0
[ 1758263ms] [ERROR] WebSocket connection to 'ws://localhost:3301/_next/webpack-hmr?id=GjtoMreUqfF58cHThSxId' failed: Could not connect to the server. @ :0
[ 1759324ms] [ERROR] WebSocket connection to 'ws://localhost:3301/_next/webpack-hmr?id=GjtoMreUqfF58cHThSxId' failed: Could not connect to the server. @ :0
[ 1760355ms] [ERROR] WebSocket connection to 'ws://localhost:3301/_next/webpack-hmr?id=GjtoMreUqfF58cHThSxId' failed: Could not connect to the server. @ :0
[ 1765448ms] [ERROR] WebSocket connection to 'ws://localhost:3301/_next/webpack-hmr?id=GjtoMreUqfF58cHThSxId' failed: Could not connect to the server. @ :0
[ 1770528ms] [ERROR] WebSocket connection to 'ws://localhost:3301/_next/webpack-hmr?id=GjtoMreUqfF58cHThSxId' failed: Could not connect to the server. @ :0
[ 1775609ms] [ERROR] WebSocket connection to 'ws://localhost:3301/_next/webpack-hmr?id=GjtoMreUqfF58cHThSxId' failed: Could not connect to the server. @ :0
[ 1780656ms] [ERROR] WebSocket connection to 'ws://localhost:3301/_next/webpack-hmr?id=GjtoMreUqfF58cHThSxId' failed: Could not connect to the server. @ :0
[ 1785694ms] [ERROR] WebSocket connection to 'ws://localhost:3301/_next/webpack-hmr?id=GjtoMreUqfF58cHThSxId' failed: Could not connect to the server. @ :0
[ 1790727ms] [ERROR] WebSocket connection to 'ws://localhost:3301/_next/webpack-hmr?id=GjtoMreUqfF58cHThSxId' failed: Could not connect to the server. @ :0
[ 1795824ms] [ERROR] WebSocket connection to 'ws://localhost:3301/_next/webpack-hmr?id=GjtoMreUqfF58cHThSxId' failed: Could not connect to the server. @ :0
[ 1795848ms] [ERROR] Failed to load resource: Could not connect to the server. @ http://localhost:3301/de/admin/system/ui-components:0
[ 2218805ms] [ERROR] Failed to load resource: Could not connect to the server. @ http://localhost:4401/dashboard/overview:0
[ 2218807ms] [ERROR] Failed to load resource: Could not connect to the server. @ http://localhost:4401/dashboard/alerts?limit=6:0
[ 2218931ms] [ERROR] Failed to load resource: Could not connect to the server. @ http://localhost:4401/api/billing/ai-credits/summary:0
[ 2219010ms] [ERROR] Failed to load resource: Could not connect to the server. @ http://localhost:4401/dashboard/overview:0
[ 2219011ms] [ERROR] Failed to load resource: Could not connect to the server. @ http://localhost:4401/dashboard/alerts?limit=6:0
[ 2219134ms] [ERROR] Failed to load resource: Could not connect to the server. @ http://localhost:4401/api/billing/ai-credits/summary:0
[ 2219614ms] [ERROR] Failed to load resource: Could not connect to the server. @ http://localhost:4401/dashboard/overview:0
[ 2219615ms] [ERROR] Failed to load resource: Could not connect to the server. @ http://localhost:4401/dashboard/alerts?limit=6:0
[ 2219738ms] [ERROR] Failed to load resource: Could not connect to the server. @ http://localhost:4401/api/billing/ai-credits/summary:0
[ 2248939ms] [ERROR] Failed to load resource: Could not connect to the server. @ http://localhost:4401/api/billing/ai-credits/summary:0
[ 2249146ms] [ERROR] Failed to load resource: Could not connect to the server. @ http://localhost:4401/api/billing/ai-credits/summary:0
[ 2249750ms] [ERROR] Failed to load resource: Could not connect to the server. @ http://localhost:4401/api/billing/ai-credits/summary:0
[ 2278814ms] [ERROR] Failed to load resource: Could not connect to the server. @ http://localhost:4401/dashboard/overview:0
[ 2278815ms] [ERROR] Failed to load resource: Could not connect to the server. @ http://localhost:4401/dashboard/alerts?limit=6:0
[ 2278944ms] [ERROR] Failed to load resource: Could not connect to the server. @ http://localhost:4401/api/billing/ai-credits/summary:0
[ 2279019ms] [ERROR] Failed to load resource: Could not connect to the server. @ http://localhost:4401/dashboard/overview:0
[ 2279019ms] [ERROR] Failed to load resource: Could not connect to the server. @ http://localhost:4401/dashboard/alerts?limit=6:0
[ 2279147ms] [ERROR] Failed to load resource: Could not connect to the server. @ http://localhost:4401/api/billing/ai-credits/summary:0
[ 2279625ms] [ERROR] Failed to load resource: Could not connect to the server. @ http://localhost:4401/dashboard/overview:0
[ 2279627ms] [ERROR] Failed to load resource: Could not connect to the server. @ http://localhost:4401/dashboard/alerts?limit=6:0
[ 2279753ms] [ERROR] Failed to load resource: Could not connect to the server. @ http://localhost:4401/api/billing/ai-credits/summary:0
[ 2308947ms] [ERROR] Failed to load resource: Could not connect to the server. @ http://localhost:4401/api/billing/ai-credits/summary:0
[ 2309151ms] [ERROR] Failed to load resource: Could not connect to the server. @ http://localhost:4401/api/billing/ai-credits/summary:0
[ 2309755ms] [ERROR] Failed to load resource: Could not connect to the server. @ http://localhost:4401/api/billing/ai-credits/summary:0
[ 2338822ms] [ERROR] Failed to load resource: Could not connect to the server. @ http://localhost:4401/dashboard/overview:0
[ 2338824ms] [ERROR] Failed to load resource: Could not connect to the server. @ http://localhost:4401/dashboard/alerts?limit=6:0
[ 2338951ms] [ERROR] Failed to load resource: Could not connect to the server. @ http://localhost:4401/api/billing/ai-credits/summary:0
[ 2339034ms] [ERROR] Failed to load resource: Could not connect to the server. @ http://localhost:4401/dashboard/overview:0
[ 2339036ms] [ERROR] Failed to load resource: Could not connect to the server. @ http://localhost:4401/dashboard/alerts?limit=6:0
[ 2339157ms] [ERROR] Failed to load resource: Could not connect to the server. @ http://localhost:4401/api/billing/ai-credits/summary:0
[ 2339642ms] [ERROR] Failed to load resource: Could not connect to the server. @ http://localhost:4401/dashboard/overview:0
[ 2339642ms] [ERROR] Failed to load resource: Could not connect to the server. @ http://localhost:4401/dashboard/alerts?limit=6:0
[ 2339767ms] [ERROR] Failed to load resource: Could not connect to the server. @ http://localhost:4401/api/billing/ai-credits/summary:0
[ 2368959ms] [ERROR] Failed to load resource: Could not connect to the server. @ http://localhost:4401/api/billing/ai-credits/summary:0
[ 2369172ms] [ERROR] Failed to load resource: Could not connect to the server. @ http://localhost:4401/api/billing/ai-credits/summary:0
[ 2369777ms] [ERROR] Failed to load resource: Could not connect to the server. @ http://localhost:4401/api/billing/ai-credits/summary:0
[ 2398817ms] [ERROR] Failed to load resource: Could not connect to the server. @ http://localhost:4401/dashboard/overview:0
[ 2398818ms] [ERROR] Failed to load resource: Could not connect to the server. @ http://localhost:4401/dashboard/alerts?limit=6:0
[ 2398958ms] [ERROR] Failed to load resource: Could not connect to the server. @ http://localhost:4401/api/billing/ai-credits/summary:0
[ 2399026ms] [ERROR] Failed to load resource: Could not connect to the server. @ http://localhost:4401/dashboard/overview:0
[ 2399027ms] [ERROR] Failed to load resource: Could not connect to the server. @ http://localhost:4401/dashboard/alerts?limit=6:0
[ 2399169ms] [ERROR] Failed to load resource: Could not connect to the server. @ http://localhost:4401/api/billing/ai-credits/summary:0
[ 2399639ms] [ERROR] Failed to load resource: Could not connect to the server. @ http://localhost:4401/dashboard/overview:0
[ 2399640ms] [ERROR] Failed to load resource: Could not connect to the server. @ http://localhost:4401/dashboard/alerts?limit=6:0
[ 2399775ms] [ERROR] Failed to load resource: Could not connect to the server. @ http://localhost:4401/api/billing/ai-credits/summary:0
[ 2428962ms] [ERROR] Failed to load resource: Could not connect to the server. @ http://localhost:4401/api/billing/ai-credits/summary:0
[ 2429177ms] [ERROR] Failed to load resource: Could not connect to the server. @ http://localhost:4401/api/billing/ai-credits/summary:0
[ 2429783ms] [ERROR] Failed to load resource: Could not connect to the server. @ http://localhost:4401/api/billing/ai-credits/summary:0
[ 2458825ms] [ERROR] Failed to load resource: Could not connect to the server. @ http://localhost:4401/dashboard/overview:0
[ 2458826ms] [ERROR] Failed to load resource: Could not connect to the server. @ http://localhost:4401/dashboard/alerts?limit=6:0
[ 2458968ms] [ERROR] Failed to load resource: Could not connect to the server. @ http://localhost:4401/api/billing/ai-credits/summary:0
[ 2459037ms] [ERROR] Failed to load resource: Could not connect to the server. @ http://localhost:4401/dashboard/overview:0
[ 2459038ms] [ERROR] Failed to load resource: Could not connect to the server. @ http://localhost:4401/dashboard/alerts?limit=6:0
[ 2459178ms] [ERROR] Failed to load resource: Could not connect to the server. @ http://localhost:4401/api/billing/ai-credits/summary:0
[ 2459641ms] [ERROR] Failed to load resource: Could not connect to the server. @ http://localhost:4401/dashboard/overview:0
[ 2459642ms] [ERROR] Failed to load resource: Could not connect to the server. @ http://localhost:4401/dashboard/alerts?limit=6:0
[ 2459782ms] [ERROR] Failed to load resource: Could not connect to the server. @ http://localhost:4401/api/billing/ai-credits/summary:0
[ 2488978ms] [ERROR] Failed to load resource: Could not connect to the server. @ http://localhost:4401/api/billing/ai-credits/summary:0
[ 2489183ms] [ERROR] Failed to load resource: Could not connect to the server. @ http://localhost:4401/api/billing/ai-credits/summary:0
[ 2489794ms] [ERROR] Failed to load resource: Could not connect to the server. @ http://localhost:4401/api/billing/ai-credits/summary:0
[ 2518827ms] [ERROR] Failed to load resource: Could not connect to the server. @ http://localhost:4401/dashboard/overview:0
[ 2518827ms] [ERROR] Failed to load resource: Could not connect to the server. @ http://localhost:4401/dashboard/alerts?limit=6:0
[ 2518976ms] [ERROR] Failed to load resource: Could not connect to the server. @ http://localhost:4401/api/billing/ai-credits/summary:0
[ 2519037ms] [ERROR] Failed to load resource: Could not connect to the server. @ http://localhost:4401/dashboard/overview:0
[ 2519038ms] [ERROR] Failed to load resource: Could not connect to the server. @ http://localhost:4401/dashboard/alerts?limit=6:0
[ 2519185ms] [ERROR] Failed to load resource: Could not connect to the server. @ http://localhost:4401/api/billing/ai-credits/summary:0
[ 2519643ms] [ERROR] Failed to load resource: Could not connect to the server. @ http://localhost:4401/dashboard/overview:0
[ 2519644ms] [ERROR] Failed to load resource: Could not connect to the server. @ http://localhost:4401/dashboard/alerts?limit=6:0
[ 2519788ms] [ERROR] Failed to load resource: Could not connect to the server. @ http://localhost:4401/api/billing/ai-credits/summary:0
[ 2548982ms] [ERROR] Failed to load resource: Could not connect to the server. @ http://localhost:4401/api/billing/ai-credits/summary:0
[ 2549186ms] [ERROR] Failed to load resource: Could not connect to the server. @ http://localhost:4401/api/billing/ai-credits/summary:0
[ 2549799ms] [ERROR] Failed to load resource: Could not connect to the server. @ http://localhost:4401/api/billing/ai-credits/summary:0
[ 2578839ms] [ERROR] Failed to load resource: Could not connect to the server. @ http://localhost:4401/dashboard/overview:0
[ 2578840ms] [ERROR] Failed to load resource: Could not connect to the server. @ http://localhost:4401/dashboard/alerts?limit=6:0
[ 2578987ms] [ERROR] Failed to load resource: Could not connect to the server. @ http://localhost:4401/api/billing/ai-credits/summary:0
[ 2579052ms] [ERROR] Failed to load resource: Could not connect to the server. @ http://localhost:4401/dashboard/overview:0
[ 2579053ms] [ERROR] Failed to load resource: Could not connect to the server. @ http://localhost:4401/dashboard/alerts?limit=6:0
[ 2579192ms] [ERROR] Failed to load resource: Could not connect to the server. @ http://localhost:4401/api/billing/ai-credits/summary:0
[ 2579663ms] [ERROR] Failed to load resource: Could not connect to the server. @ http://localhost:4401/dashboard/overview:0
[ 2579665ms] [ERROR] Failed to load resource: Could not connect to the server. @ http://localhost:4401/dashboard/alerts?limit=6:0
[ 2579801ms] [ERROR] Failed to load resource: Could not connect to the server. @ http://localhost:4401/api/billing/ai-credits/summary:0
[ 2608990ms] [ERROR] Failed to load resource: Could not connect to the server. @ http://localhost:4401/api/billing/ai-credits/summary:0
[ 2609194ms] [ERROR] Failed to load resource: Could not connect to the server. @ http://localhost:4401/api/billing/ai-credits/summary:0
[ 2609805ms] [ERROR] Failed to load resource: Could not connect to the server. @ http://localhost:4401/api/billing/ai-credits/summary:0
[ 2638845ms] [ERROR] Failed to load resource: Could not connect to the server. @ http://localhost:4401/dashboard/overview:0
[ 2638846ms] [ERROR] Failed to load resource: Could not connect to the server. @ http://localhost:4401/dashboard/alerts?limit=6:0
[ 2638994ms] [ERROR] Failed to load resource: Could not connect to the server. @ http://localhost:4401/api/billing/ai-credits/summary:0
[ 2639059ms] [ERROR] Failed to load resource: Could not connect to the server. @ http://localhost:4401/dashboard/overview:0
[ 2639060ms] [ERROR] Failed to load resource: Could not connect to the server. @ http://localhost:4401/dashboard/alerts?limit=6:0
[ 2639204ms] [ERROR] Failed to load resource: Could not connect to the server. @ http://localhost:4401/api/billing/ai-credits/summary:0
[ 2639664ms] [ERROR] Failed to load resource: Could not connect to the server. @ http://localhost:4401/dashboard/overview:0
[ 2639665ms] [ERROR] Failed to load resource: Could not connect to the server. @ http://localhost:4401/dashboard/alerts?limit=6:0
[ 2639811ms] [ERROR] Failed to load resource: Could not connect to the server. @ http://localhost:4401/api/billing/ai-credits/summary:0
[ 2669000ms] [ERROR] Failed to load resource: Could not connect to the server. @ http://localhost:4401/api/billing/ai-credits/summary:0
[ 2669205ms] [ERROR] Failed to load resource: Could not connect to the server. @ http://localhost:4401/api/billing/ai-credits/summary:0
[ 2669817ms] [ERROR] Failed to load resource: Could not connect to the server. @ http://localhost:4401/api/billing/ai-credits/summary:0
[ 2698845ms] [ERROR] Failed to load resource: Could not connect to the server. @ http://localhost:4401/dashboard/overview:0
[ 2698846ms] [ERROR] Failed to load resource: Could not connect to the server. @ http://localhost:4401/dashboard/alerts?limit=6:0
[ 2699003ms] [ERROR] Failed to load resource: Could not connect to the server. @ http://localhost:4401/api/billing/ai-credits/summary:0
[ 2699056ms] [ERROR] Failed to load resource: Could not connect to the server. @ http://localhost:4401/dashboard/overview:0
[ 2699057ms] [ERROR] Failed to load resource: Could not connect to the server. @ http://localhost:4401/dashboard/alerts?limit=6:0
[ 2699214ms] [ERROR] Failed to load resource: Could not connect to the server. @ http://localhost:4401/api/billing/ai-credits/summary:0
[ 2699660ms] [ERROR] Failed to load resource: Could not connect to the server. @ http://localhost:4401/dashboard/overview:0
[ 2699661ms] [ERROR] Failed to load resource: Could not connect to the server. @ http://localhost:4401/dashboard/alerts?limit=6:0
[ 2699819ms] [ERROR] Failed to load resource: Could not connect to the server. @ http://localhost:4401/api/billing/ai-credits/summary:0
[ 2729006ms] [ERROR] Failed to load resource: Could not connect to the server. @ http://localhost:4401/api/billing/ai-credits/summary:0
[ 2729209ms] [ERROR] Failed to load resource: Could not connect to the server. @ http://localhost:4401/api/billing/ai-credits/summary:0
[ 2729822ms] [ERROR] Failed to load resource: Could not connect to the server. @ http://localhost:4401/api/billing/ai-credits/summary:0
[ 2758853ms] [ERROR] Failed to load resource: Could not connect to the server. @ http://localhost:4401/dashboard/overview:0
[ 2758854ms] [ERROR] Failed to load resource: Could not connect to the server. @ http://localhost:4401/dashboard/alerts?limit=6:0
[ 2759010ms] [ERROR] Failed to load resource: Could not connect to the server. @ http://localhost:4401/api/billing/ai-credits/summary:0
[ 2759064ms] [ERROR] Failed to load resource: Could not connect to the server. @ http://localhost:4401/dashboard/overview:0
[ 2759065ms] [ERROR] Failed to load resource: Could not connect to the server. @ http://localhost:4401/dashboard/alerts?limit=6:0
[ 2759216ms] [ERROR] Failed to load resource: Could not connect to the server. @ http://localhost:4401/api/billing/ai-credits/summary:0
[ 2759669ms] [ERROR] Failed to load resource: Could not connect to the server. @ http://localhost:4401/dashboard/overview:0
[ 2759669ms] [ERROR] Failed to load resource: Could not connect to the server. @ http://localhost:4401/dashboard/alerts?limit=6:0
[ 2759827ms] [ERROR] Failed to load resource: Could not connect to the server. @ http://localhost:4401/api/billing/ai-credits/summary:0
[ 2789016ms] [ERROR] Failed to load resource: Could not connect to the server. @ http://localhost:4401/api/billing/ai-credits/summary:0
[ 2789221ms] [ERROR] Failed to load resource: Could not connect to the server. @ http://localhost:4401/api/billing/ai-credits/summary:0
[ 2789833ms] [ERROR] Failed to load resource: Could not connect to the server. @ http://localhost:4401/api/billing/ai-credits/summary:0
[ 2818853ms] [ERROR] Failed to load resource: Could not connect to the server. @ http://localhost:4401/dashboard/overview:0
[ 2818854ms] [ERROR] Failed to load resource: Could not connect to the server. @ http://localhost:4401/dashboard/alerts?limit=6:0
[ 2819019ms] [ERROR] Failed to load resource: Could not connect to the server. @ http://localhost:4401/api/billing/ai-credits/summary:0
[ 2819061ms] [ERROR] Failed to load resource: Could not connect to the server. @ http://localhost:4401/dashboard/overview:0
[ 2819062ms] [ERROR] Failed to load resource: Could not connect to the server. @ http://localhost:4401/dashboard/alerts?limit=6:0
[ 2819224ms] [ERROR] Failed to load resource: Could not connect to the server. @ http://localhost:4401/api/billing/ai-credits/summary:0
[ 2819665ms] [ERROR] Failed to load resource: Could not connect to the server. @ http://localhost:4401/dashboard/overview:0
[ 2819666ms] [ERROR] Failed to load resource: Could not connect to the server. @ http://localhost:4401/dashboard/alerts?limit=6:0
[ 2819835ms] [ERROR] Failed to load resource: Could not connect to the server. @ http://localhost:4401/api/billing/ai-credits/summary:0
[ 2849034ms] [ERROR] Failed to load resource: Could not connect to the server. @ http://localhost:4401/api/billing/ai-credits/summary:0
[ 2849245ms] [ERROR] Failed to load resource: Could not connect to the server. @ http://localhost:4401/api/billing/ai-credits/summary:0
[ 2849856ms] [ERROR] Failed to load resource: Could not connect to the server. @ http://localhost:4401/api/billing/ai-credits/summary:0
[ 2878878ms] [ERROR] Failed to load resource: Could not connect to the server. @ http://localhost:4401/dashboard/overview:0
[ 2878879ms] [ERROR] Failed to load resource: Could not connect to the server. @ http://localhost:4401/dashboard/alerts?limit=6:0
[ 2879043ms] [ERROR] Failed to load resource: Could not connect to the server. @ http://localhost:4401/api/billing/ai-credits/summary:0
[ 2879090ms] [ERROR] Failed to load resource: Could not connect to the server. @ http://localhost:4401/dashboard/overview:0
[ 2879091ms] [ERROR] Failed to load resource: Could not connect to the server. @ http://localhost:4401/dashboard/alerts?limit=6:0
[ 2879248ms] [ERROR] Failed to load resource: Could not connect to the server. @ http://localhost:4401/api/billing/ai-credits/summary:0
[ 2879695ms] [ERROR] Failed to load resource: Could not connect to the server. @ http://localhost:4401/dashboard/overview:0
[ 2879696ms] [ERROR] Failed to load resource: Could not connect to the server. @ http://localhost:4401/dashboard/alerts?limit=6:0
[ 2879859ms] [ERROR] Failed to load resource: Could not connect to the server. @ http://localhost:4401/api/billing/ai-credits/summary:0
[ 2909048ms] [ERROR] Failed to load resource: Could not connect to the server. @ http://localhost:4401/api/billing/ai-credits/summary:0
[ 2909259ms] [ERROR] Failed to load resource: Could not connect to the server. @ http://localhost:4401/api/billing/ai-credits/summary:0
[ 2909864ms] [ERROR] Failed to load resource: Could not connect to the server. @ http://localhost:4401/api/billing/ai-credits/summary:0
[ 2938886ms] [ERROR] Failed to load resource: Could not connect to the server. @ http://localhost:4401/dashboard/overview:0
[ 2938887ms] [ERROR] Failed to load resource: Could not connect to the server. @ http://localhost:4401/dashboard/alerts?limit=6:0
[ 2939053ms] [ERROR] Failed to load resource: Could not connect to the server. @ http://localhost:4401/api/billing/ai-credits/summary:0
[ 2939094ms] [ERROR] Failed to load resource: Could not connect to the server. @ http://localhost:4401/dashboard/overview:0
[ 2939095ms] [ERROR] Failed to load resource: Could not connect to the server. @ http://localhost:4401/dashboard/alerts?limit=6:0
[ 2939257ms] [ERROR] Failed to load resource: Could not connect to the server. @ http://localhost:4401/api/billing/ai-credits/summary:0
[ 2939700ms] [ERROR] Failed to load resource: Could not connect to the server. @ http://localhost:4401/dashboard/overview:0
[ 2939701ms] [ERROR] Failed to load resource: Could not connect to the server. @ http://localhost:4401/dashboard/alerts?limit=6:0
[ 2939868ms] [ERROR] Failed to load resource: Could not connect to the server. @ http://localhost:4401/api/billing/ai-credits/summary:0
[ 2969057ms] [ERROR] Failed to load resource: Could not connect to the server. @ http://localhost:4401/api/billing/ai-credits/summary:0
[ 2969269ms] [ERROR] Failed to load resource: Could not connect to the server. @ http://localhost:4401/api/billing/ai-credits/summary:0
[ 2969875ms] [ERROR] Failed to load resource: Could not connect to the server. @ http://localhost:4401/api/billing/ai-credits/summary:0
[ 2998880ms] [ERROR] Failed to load resource: Could not connect to the server. @ http://localhost:4401/dashboard/overview:0
[ 2998881ms] [ERROR] Failed to load resource: Could not connect to the server. @ http://localhost:4401/dashboard/alerts?limit=6:0
[ 2999061ms] [ERROR] Failed to load resource: Could not connect to the server. @ http://localhost:4401/api/billing/ai-credits/summary:0
[ 2999088ms] [ERROR] Failed to load resource: Could not connect to the server. @ http://localhost:4401/dashboard/overview:0
[ 2999089ms] [ERROR] Failed to load resource: Could not connect to the server. @ http://localhost:4401/dashboard/alerts?limit=6:0
[ 2999270ms] [ERROR] Failed to load resource: Could not connect to the server. @ http://localhost:4401/api/billing/ai-credits/summary:0
[ 2999693ms] [ERROR] Failed to load resource: Could not connect to the server. @ http://localhost:4401/dashboard/overview:0
[ 2999694ms] [ERROR] Failed to load resource: Could not connect to the server. @ http://localhost:4401/dashboard/alerts?limit=6:0
[ 2999874ms] [ERROR] Failed to load resource: Could not connect to the server. @ http://localhost:4401/api/billing/ai-credits/summary:0
[ 3029064ms] [ERROR] Failed to load resource: Could not connect to the server. @ http://localhost:4401/api/billing/ai-credits/summary:0
[ 3029273ms] [ERROR] Failed to load resource: Could not connect to the server. @ http://localhost:4401/api/billing/ai-credits/summary:0
[ 3029876ms] [ERROR] Failed to load resource: Could not connect to the server. @ http://localhost:4401/api/billing/ai-credits/summary:0
[ 3058894ms] [ERROR] Failed to load resource: Could not connect to the server. @ http://localhost:4401/dashboard/overview:0
[ 3058895ms] [ERROR] Failed to load resource: Could not connect to the server. @ http://localhost:4401/dashboard/alerts?limit=6:0
[ 3059072ms] [ERROR] Failed to load resource: Could not connect to the server. @ http://localhost:4401/api/billing/ai-credits/summary:0
[ 3059105ms] [ERROR] Failed to load resource: Could not connect to the server. @ http://localhost:4401/dashboard/overview:0
[ 3059106ms] [ERROR] Failed to load resource: Could not connect to the server. @ http://localhost:4401/dashboard/alerts?limit=6:0
[ 3059277ms] [ERROR] Failed to load resource: Could not connect to the server. @ http://localhost:4401/api/billing/ai-credits/summary:0
[ 3059709ms] [ERROR] Failed to load resource: Could not connect to the server. @ http://localhost:4401/dashboard/overview:0
[ 3059710ms] [ERROR] Failed to load resource: Could not connect to the server. @ http://localhost:4401/dashboard/alerts?limit=6:0
[ 3059887ms] [ERROR] Failed to load resource: Could not connect to the server. @ http://localhost:4401/api/billing/ai-credits/summary:0
[ 3089077ms] [ERROR] Failed to load resource: Could not connect to the server. @ http://localhost:4401/api/billing/ai-credits/summary:0
[ 3089283ms] [ERROR] Failed to load resource: Could not connect to the server. @ http://localhost:4401/api/billing/ai-credits/summary:0
[ 3089890ms] [ERROR] Failed to load resource: Could not connect to the server. @ http://localhost:4401/api/billing/ai-credits/summary:0
[ 3118888ms] [ERROR] Failed to load resource: Could not connect to the server. @ http://localhost:4401/dashboard/overview:0
[ 3118889ms] [ERROR] Failed to load resource: Could not connect to the server. @ http://localhost:4401/dashboard/alerts?limit=6:0
[ 3119079ms] [ERROR] Failed to load resource: Could not connect to the server. @ http://localhost:4401/api/billing/ai-credits/summary:0
[ 3119095ms] [ERROR] Failed to load resource: Could not connect to the server. @ http://localhost:4401/dashboard/overview:0
[ 3119096ms] [ERROR] Failed to load resource: Could not connect to the server. @ http://localhost:4401/dashboard/alerts?limit=6:0
[ 3119292ms] [ERROR] Failed to load resource: Could not connect to the server. @ http://localhost:4401/api/billing/ai-credits/summary:0
[ 3119709ms] [ERROR] Failed to load resource: Could not connect to the server. @ http://localhost:4401/dashboard/overview:0
[ 3119709ms] [ERROR] Failed to load resource: Could not connect to the server. @ http://localhost:4401/dashboard/alerts?limit=6:0
[ 3119905ms] [ERROR] Failed to load resource: Could not connect to the server. @ http://localhost:4401/api/billing/ai-credits/summary:0
[ 3149084ms] [ERROR] Failed to load resource: Could not connect to the server. @ http://localhost:4401/api/billing/ai-credits/summary:0
[ 3149289ms] [ERROR] Failed to load resource: Could not connect to the server. @ http://localhost:4401/api/billing/ai-credits/summary:0
[ 3149900ms] [ERROR] Failed to load resource: Could not connect to the server. @ http://localhost:4401/api/billing/ai-credits/summary:0
[ 3178902ms] [ERROR] Failed to load resource: Could not connect to the server. @ http://localhost:4401/dashboard/overview:0
[ 3178903ms] [ERROR] Failed to load resource: Could not connect to the server. @ http://localhost:4401/dashboard/alerts?limit=6:0
[ 3179091ms] [ERROR] Failed to load resource: Could not connect to the server. @ http://localhost:4401/api/billing/ai-credits/summary:0
[ 3179109ms] [ERROR] Failed to load resource: Could not connect to the server. @ http://localhost:4401/dashboard/overview:0
[ 3179110ms] [ERROR] Failed to load resource: Could not connect to the server. @ http://localhost:4401/dashboard/alerts?limit=6:0
[ 3179303ms] [ERROR] Failed to load resource: Could not connect to the server. @ http://localhost:4401/api/billing/ai-credits/summary:0
[ 3179713ms] [ERROR] Failed to load resource: Could not connect to the server. @ http://localhost:4401/dashboard/overview:0
[ 3179714ms] [ERROR] Failed to load resource: Could not connect to the server. @ http://localhost:4401/dashboard/alerts?limit=6:0
[ 3179913ms] [ERROR] Failed to load resource: Could not connect to the server. @ http://localhost:4401/api/billing/ai-credits/summary:0
[ 3209097ms] [ERROR] Failed to load resource: Could not connect to the server. @ http://localhost:4401/api/billing/ai-credits/summary:0
[ 3209302ms] [ERROR] Failed to load resource: Could not connect to the server. @ http://localhost:4401/api/billing/ai-credits/summary:0
[ 3209913ms] [ERROR] Failed to load resource: Could not connect to the server. @ http://localhost:4401/api/billing/ai-credits/summary:0
[ 3238909ms] [ERROR] Failed to load resource: Could not connect to the server. @ http://localhost:4401/dashboard/overview:0
[ 3238910ms] [ERROR] Failed to load resource: Could not connect to the server. @ http://localhost:4401/dashboard/alerts?limit=6:0
[ 3239100ms] [ERROR] Failed to load resource: Could not connect to the server. @ http://localhost:4401/api/billing/ai-credits/summary:0
[ 3239116ms] [ERROR] Failed to load resource: Could not connect to the server. @ http://localhost:4401/dashboard/overview:0
[ 3239117ms] [ERROR] Failed to load resource: Could not connect to the server. @ http://localhost:4401/dashboard/alerts?limit=6:0
[ 3239306ms] [ERROR] Failed to load resource: Could not connect to the server. @ http://localhost:4401/api/billing/ai-credits/summary:0
[ 3239722ms] [ERROR] Failed to load resource: Could not connect to the server. @ http://localhost:4401/dashboard/overview:0
[ 3239723ms] [ERROR] Failed to load resource: Could not connect to the server. @ http://localhost:4401/dashboard/alerts?limit=6:0
[ 3239918ms] [ERROR] Failed to load resource: Could not connect to the server. @ http://localhost:4401/api/billing/ai-credits/summary:0
[ 3269102ms] [ERROR] Failed to load resource: Could not connect to the server. @ http://localhost:4401/api/billing/ai-credits/summary:0
[ 3269307ms] [ERROR] Failed to load resource: Could not connect to the server. @ http://localhost:4401/api/billing/ai-credits/summary:0
[ 3269915ms] [ERROR] Failed to load resource: Could not connect to the server. @ http://localhost:4401/api/billing/ai-credits/summary:0
[ 3298911ms] [ERROR] Failed to load resource: Could not connect to the server. @ http://localhost:4401/dashboard/overview:0
[ 3298912ms] [ERROR] Failed to load resource: Could not connect to the server. @ http://localhost:4401/dashboard/alerts?limit=6:0
[ 3299108ms] [ERROR] Failed to load resource: Could not connect to the server. @ http://localhost:4401/api/billing/ai-credits/summary:0
[ 3299117ms] [ERROR] Failed to load resource: Could not connect to the server. @ http://localhost:4401/dashboard/overview:0
[ 3299117ms] [ERROR] Failed to load resource: Could not connect to the server. @ http://localhost:4401/dashboard/alerts?limit=6:0
[ 3299319ms] [ERROR] Failed to load resource: Could not connect to the server. @ http://localhost:4401/api/billing/ai-credits/summary:0
[ 3299721ms] [ERROR] Failed to load resource: Could not connect to the server. @ http://localhost:4401/dashboard/overview:0
[ 3299722ms] [ERROR] Failed to load resource: Could not connect to the server. @ http://localhost:4401/dashboard/alerts?limit=6:0
[ 3299925ms] [ERROR] Failed to load resource: Could not connect to the server. @ http://localhost:4401/api/billing/ai-credits/summary:0
[ 3329115ms] [ERROR] Failed to load resource: Could not connect to the server. @ http://localhost:4401/api/billing/ai-credits/summary:0
[ 3329321ms] [ERROR] Failed to load resource: Could not connect to the server. @ http://localhost:4401/api/billing/ai-credits/summary:0
[ 3329932ms] [ERROR] Failed to load resource: Could not connect to the server. @ http://localhost:4401/api/billing/ai-credits/summary:0
[ 3358918ms] [ERROR] Failed to load resource: Could not connect to the server. @ http://localhost:4401/dashboard/overview:0
[ 3358920ms] [ERROR] Failed to load resource: Could not connect to the server. @ http://localhost:4401/dashboard/alerts?limit=6:0
[ 3359112ms] [ERROR] Failed to load resource: Could not connect to the server. @ http://localhost:4401/api/billing/ai-credits/summary:0
[ 3359123ms] [ERROR] Failed to load resource: Could not connect to the server. @ http://localhost:4401/dashboard/overview:0
[ 3359124ms] [ERROR] Failed to load resource: Could not connect to the server. @ http://localhost:4401/dashboard/alerts?limit=6:0
[ 3359315ms] [ERROR] Failed to load resource: Could not connect to the server. @ http://localhost:4401/api/billing/ai-credits/summary:0
[ 3359738ms] [ERROR] Failed to load resource: Could not connect to the server. @ http://localhost:4401/dashboard/overview:0
[ 3359740ms] [ERROR] Failed to load resource: Could not connect to the server. @ http://localhost:4401/dashboard/alerts?limit=6:0
[ 3359927ms] [ERROR] Failed to load resource: Could not connect to the server. @ http://localhost:4401/api/billing/ai-credits/summary:0
[ 3389122ms] [ERROR] Failed to load resource: Could not connect to the server. @ http://localhost:4401/api/billing/ai-credits/summary:0
[ 3389327ms] [ERROR] Failed to load resource: Could not connect to the server. @ http://localhost:4401/api/billing/ai-credits/summary:0
[ 3389937ms] [ERROR] Failed to load resource: Could not connect to the server. @ http://localhost:4401/api/billing/ai-credits/summary:0
[ 3418923ms] [ERROR] Failed to load resource: Could not connect to the server. @ http://localhost:4401/dashboard/overview:0
[ 3418925ms] [ERROR] Failed to load resource: Could not connect to the server. @ http://localhost:4401/dashboard/alerts?limit=6:0
[ 3419120ms] [ERROR] Failed to load resource: Could not connect to the server. @ http://localhost:4401/api/billing/ai-credits/summary:0
[ 3419127ms] [ERROR] Failed to load resource: Could not connect to the server. @ http://localhost:4401/dashboard/overview:0
[ 3419128ms] [ERROR] Failed to load resource: Could not connect to the server. @ http://localhost:4401/dashboard/alerts?limit=6:0
[ 3419323ms] [ERROR] Failed to load resource: Could not connect to the server. @ http://localhost:4401/api/billing/ai-credits/summary:0
[ 3419738ms] [ERROR] Failed to load resource: Could not connect to the server. @ http://localhost:4401/dashboard/overview:0
[ 3419740ms] [ERROR] Failed to load resource: Could not connect to the server. @ http://localhost:4401/dashboard/alerts?limit=6:0
[ 3419934ms] [ERROR] Failed to load resource: Could not connect to the server. @ http://localhost:4401/api/billing/ai-credits/summary:0
[ 3449127ms] [ERROR] Failed to load resource: Could not connect to the server. @ http://localhost:4401/api/billing/ai-credits/summary:0
[ 3449331ms] [ERROR] Failed to load resource: Could not connect to the server. @ http://localhost:4401/api/billing/ai-credits/summary:0
[ 3449941ms] [ERROR] Failed to load resource: Could not connect to the server. @ http://localhost:4401/api/billing/ai-credits/summary:0
[ 3478927ms] [ERROR] Failed to load resource: Could not connect to the server. @ http://localhost:4401/dashboard/overview:0
[ 3478928ms] [ERROR] Failed to load resource: Could not connect to the server. @ http://localhost:4401/dashboard/alerts?limit=6:0
[ 3479132ms] [ERROR] Failed to load resource: Could not connect to the server. @ http://localhost:4401/api/billing/ai-credits/summary:0
[ 3479134ms] [ERROR] Failed to load resource: Could not connect to the server. @ http://localhost:4401/dashboard/overview:0
[ 3479135ms] [ERROR] Failed to load resource: Could not connect to the server. @ http://localhost:4401/dashboard/alerts?limit=6:0
[ 3479338ms] [ERROR] Failed to load resource: Could not connect to the server. @ http://localhost:4401/api/billing/ai-credits/summary:0
[ 3479739ms] [ERROR] Failed to load resource: Could not connect to the server. @ http://localhost:4401/dashboard/overview:0
[ 3479740ms] [ERROR] Failed to load resource: Could not connect to the server. @ http://localhost:4401/dashboard/alerts?limit=6:0
[ 3479948ms] [ERROR] Failed to load resource: Could not connect to the server. @ http://localhost:4401/api/billing/ai-credits/summary:0
[ 3509134ms] [ERROR] Failed to load resource: Could not connect to the server. @ http://localhost:4401/api/billing/ai-credits/summary:0
[ 3509342ms] [ERROR] Failed to load resource: Could not connect to the server. @ http://localhost:4401/api/billing/ai-credits/summary:0
[ 3509948ms] [ERROR] Failed to load resource: Could not connect to the server. @ http://localhost:4401/api/billing/ai-credits/summary:0
[ 3538931ms] [ERROR] Failed to load resource: Could not connect to the server. @ http://localhost:4401/dashboard/overview:0
[ 3538933ms] [ERROR] Failed to load resource: Could not connect to the server. @ http://localhost:4401/dashboard/alerts?limit=6:0
[ 3539137ms] [ERROR] Failed to load resource: Could not connect to the server. @ http://localhost:4401/dashboard/overview:0
[ 3539137ms] [ERROR] Failed to load resource: Could not connect to the server. @ http://localhost:4401/dashboard/alerts?limit=6:0
[ 3539138ms] [ERROR] Failed to load resource: Could not connect to the server. @ http://localhost:4401/api/billing/ai-credits/summary:0
[ 3539342ms] [ERROR] Failed to load resource: Could not connect to the server. @ http://localhost:4401/api/billing/ai-credits/summary:0
[ 3539751ms] [ERROR] Failed to load resource: Could not connect to the server. @ http://localhost:4401/dashboard/overview:0
[ 3539753ms] [ERROR] Failed to load resource: Could not connect to the server. @ http://localhost:4401/dashboard/alerts?limit=6:0
[ 3539953ms] [ERROR] Failed to load resource: Could not connect to the server. @ http://localhost:4401/api/billing/ai-credits/summary:0
[ 3569143ms] [ERROR] Failed to load resource: Could not connect to the server. @ http://localhost:4401/api/billing/ai-credits/summary:0
[ 3569346ms] [ERROR] Failed to load resource: Could not connect to the server. @ http://localhost:4401/api/billing/ai-credits/summary:0
[ 3569956ms] [ERROR] Failed to load resource: Could not connect to the server. @ http://localhost:4401/api/billing/ai-credits/summary:0
[ 3598936ms] [ERROR] Failed to load resource: Could not connect to the server. @ http://localhost:4401/dashboard/overview:0
[ 3598936ms] [ERROR] Failed to load resource: Could not connect to the server. @ http://localhost:4401/dashboard/alerts?limit=6:0
[ 3599150ms] [ERROR] Failed to load resource: Could not connect to the server. @ http://localhost:4401/dashboard/overview:0
[ 3599152ms] [ERROR] Failed to load resource: Could not connect to the server. @ http://localhost:4401/dashboard/alerts?limit=6:0
[ 3599153ms] [ERROR] Failed to load resource: Could not connect to the server. @ http://localhost:4401/api/billing/ai-credits/summary:0
[ 3599369ms] [ERROR] Failed to load resource: Could not connect to the server. @ http://localhost:4401/api/billing/ai-credits/summary:0
[ 3599754ms] [ERROR] Failed to load resource: Could not connect to the server. @ http://localhost:4401/dashboard/overview:0
[ 3599754ms] [ERROR] Failed to load resource: Could not connect to the server. @ http://localhost:4401/dashboard/alerts?limit=6:0
[ 3599975ms] [ERROR] Failed to load resource: Could not connect to the server. @ http://localhost:4401/api/billing/ai-credits/summary:0
[ 3629154ms] [ERROR] Failed to load resource: Could not connect to the server. @ http://localhost:4401/api/billing/ai-credits/summary:0
[ 3629365ms] [ERROR] Failed to load resource: Could not connect to the server. @ http://localhost:4401/api/billing/ai-credits/summary:0
[ 3629974ms] [ERROR] Failed to load resource: Could not connect to the server. @ http://localhost:4401/api/billing/ai-credits/summary:0
[ 3658933ms] [ERROR] Failed to load resource: Could not connect to the server. @ http://localhost:4401/dashboard/overview:0
[ 3658934ms] [ERROR] Failed to load resource: Could not connect to the server. @ http://localhost:4401/dashboard/alerts?limit=6:0
[ 3659147ms] [ERROR] Failed to load resource: Could not connect to the server. @ http://localhost:4401/dashboard/overview:0
[ 3659148ms] [ERROR] Failed to load resource: Could not connect to the server. @ http://localhost:4401/dashboard/alerts?limit=6:0
[ 3659156ms] [ERROR] Failed to load resource: Could not connect to the server. @ http://localhost:4401/api/billing/ai-credits/summary:0
[ 3659369ms] [ERROR] Failed to load resource: Could not connect to the server. @ http://localhost:4401/api/billing/ai-credits/summary:0
[ 3659751ms] [ERROR] Failed to load resource: Could not connect to the server. @ http://localhost:4401/dashboard/overview:0
[ 3659752ms] [ERROR] Failed to load resource: Could not connect to the server. @ http://localhost:4401/dashboard/alerts?limit=6:0
[ 3659973ms] [ERROR] Failed to load resource: Could not connect to the server. @ http://localhost:4401/api/billing/ai-credits/summary:0
[ 3689165ms] [ERROR] Failed to load resource: Could not connect to the server. @ http://localhost:4401/api/billing/ai-credits/summary:0
[ 3689371ms] [ERROR] Failed to load resource: Could not connect to the server. @ http://localhost:4401/api/billing/ai-credits/summary:0
[ 3689980ms] [ERROR] Failed to load resource: Could not connect to the server. @ http://localhost:4401/api/billing/ai-credits/summary:0
[ 3718945ms] [ERROR] Failed to load resource: Could not connect to the server. @ http://localhost:4401/dashboard/overview:0
[ 3718946ms] [ERROR] Failed to load resource: Could not connect to the server. @ http://localhost:4401/dashboard/alerts?limit=6:0
[ 3719158ms] [ERROR] Failed to load resource: Could not connect to the server. @ http://localhost:4401/dashboard/overview:0
[ 3719159ms] [ERROR] Failed to load resource: Could not connect to the server. @ http://localhost:4401/dashboard/alerts?limit=6:0
[ 3719165ms] [ERROR] Failed to load resource: Could not connect to the server. @ http://localhost:4401/api/billing/ai-credits/summary:0
[ 3719370ms] [ERROR] Failed to load resource: Could not connect to the server. @ http://localhost:4401/api/billing/ai-credits/summary:0
[ 3719762ms] [ERROR] Failed to load resource: Could not connect to the server. @ http://localhost:4401/dashboard/overview:0
[ 3719762ms] [ERROR] Failed to load resource: Could not connect to the server. @ http://localhost:4401/dashboard/alerts?limit=6:0
[ 3719981ms] [ERROR] Failed to load resource: Could not connect to the server. @ http://localhost:4401/api/billing/ai-credits/summary:0
[ 3749178ms] [ERROR] Failed to load resource: Could not connect to the server. @ http://localhost:4401/api/billing/ai-credits/summary:0
[ 3749387ms] [ERROR] Failed to load resource: Could not connect to the server. @ http://localhost:4401/api/billing/ai-credits/summary:0
[ 3749997ms] [ERROR] Failed to load resource: Could not connect to the server. @ http://localhost:4401/api/billing/ai-credits/summary:0
[ 3778950ms] [ERROR] Failed to load resource: Could not connect to the server. @ http://localhost:4401/dashboard/overview:0
[ 3778951ms] [ERROR] Failed to load resource: Could not connect to the server. @ http://localhost:4401/dashboard/alerts?limit=6:0
[ 3779161ms] [ERROR] Failed to load resource: Could not connect to the server. @ http://localhost:4401/dashboard/overview:0
[ 3779162ms] [ERROR] Failed to load resource: Could not connect to the server. @ http://localhost:4401/dashboard/alerts?limit=6:0
[ 3779174ms] [ERROR] Failed to load resource: Could not connect to the server. @ http://localhost:4401/api/billing/ai-credits/summary:0
[ 3779384ms] [ERROR] Failed to load resource: Could not connect to the server. @ http://localhost:4401/api/billing/ai-credits/summary:0
[ 3779764ms] [ERROR] Failed to load resource: Could not connect to the server. @ http://localhost:4401/dashboard/overview:0
[ 3779765ms] [ERROR] Failed to load resource: Could not connect to the server. @ http://localhost:4401/dashboard/alerts?limit=6:0
[ 3779992ms] [ERROR] Failed to load resource: Could not connect to the server. @ http://localhost:4401/api/billing/ai-credits/summary:0
[ 3809187ms] [ERROR] Failed to load resource: Could not connect to the server. @ http://localhost:4401/api/billing/ai-credits/summary:0
[ 3809398ms] [ERROR] Failed to load resource: Could not connect to the server. @ http://localhost:4401/api/billing/ai-credits/summary:0
[ 3810007ms] [ERROR] Failed to load resource: Could not connect to the server. @ http://localhost:4401/api/billing/ai-credits/summary:0
[ 3838948ms] [ERROR] Failed to load resource: Could not connect to the server. @ http://localhost:4401/dashboard/overview:0
[ 3838949ms] [ERROR] Failed to load resource: Could not connect to the server. @ http://localhost:4401/dashboard/alerts?limit=6:0
[ 3839163ms] [ERROR] Failed to load resource: Could not connect to the server. @ http://localhost:4401/dashboard/overview:0
[ 3839164ms] [ERROR] Failed to load resource: Could not connect to the server. @ http://localhost:4401/dashboard/alerts?limit=6:0
[ 3839184ms] [ERROR] Failed to load resource: Could not connect to the server. @ http://localhost:4401/api/billing/ai-credits/summary:0
[ 3839396ms] [ERROR] Failed to load resource: Could not connect to the server. @ http://localhost:4401/api/billing/ai-credits/summary:0
[ 3839768ms] [ERROR] Failed to load resource: Could not connect to the server. @ http://localhost:4401/dashboard/overview:0
[ 3839769ms] [ERROR] Failed to load resource: Could not connect to the server. @ http://localhost:4401/dashboard/alerts?limit=6:0
[ 3840001ms] [ERROR] Failed to load resource: Could not connect to the server. @ http://localhost:4401/api/billing/ai-credits/summary:0
[ 3869193ms] [ERROR] Failed to load resource: Could not connect to the server. @ http://localhost:4401/api/billing/ai-credits/summary:0
[ 3869398ms] [ERROR] Failed to load resource: Could not connect to the server. @ http://localhost:4401/api/billing/ai-credits/summary:0
[ 3870009ms] [ERROR] Failed to load resource: Could not connect to the server. @ http://localhost:4401/api/billing/ai-credits/summary:0
[ 3898960ms] [ERROR] Failed to load resource: Could not connect to the server. @ http://localhost:4401/dashboard/overview:0
[ 3898961ms] [ERROR] Failed to load resource: Could not connect to the server. @ http://localhost:4401/dashboard/alerts?limit=6:0
[ 3899174ms] [ERROR] Failed to load resource: Could not connect to the server. @ http://localhost:4401/dashboard/overview:0
[ 3899175ms] [ERROR] Failed to load resource: Could not connect to the server. @ http://localhost:4401/dashboard/alerts?limit=6:0
[ 3899191ms] [ERROR] Failed to load resource: Could not connect to the server. @ http://localhost:4401/api/billing/ai-credits/summary:0
[ 3899402ms] [ERROR] Failed to load resource: Could not connect to the server. @ http://localhost:4401/api/billing/ai-credits/summary:0
[ 3899777ms] [ERROR] Failed to load resource: Could not connect to the server. @ http://localhost:4401/dashboard/overview:0
[ 3899778ms] [ERROR] Failed to load resource: Could not connect to the server. @ http://localhost:4401/dashboard/alerts?limit=6:0
[ 3900008ms] [ERROR] Failed to load resource: Could not connect to the server. @ http://localhost:4401/api/billing/ai-credits/summary:0
[ 3929202ms] [ERROR] Failed to load resource: Could not connect to the server. @ http://localhost:4401/api/billing/ai-credits/summary:0
[ 3929408ms] [ERROR] Failed to load resource: Could not connect to the server. @ http://localhost:4401/api/billing/ai-credits/summary:0
[ 3930018ms] [ERROR] Failed to load resource: Could not connect to the server. @ http://localhost:4401/api/billing/ai-credits/summary:0
[ 3958965ms] [ERROR] Failed to load resource: Could not connect to the server. @ http://localhost:4401/dashboard/overview:0
[ 3958966ms] [ERROR] Failed to load resource: Could not connect to the server. @ http://localhost:4401/dashboard/alerts?limit=6:0
[ 3959169ms] [ERROR] Failed to load resource: Could not connect to the server. @ http://localhost:4401/dashboard/overview:0
[ 3959170ms] [ERROR] Failed to load resource: Could not connect to the server. @ http://localhost:4401/dashboard/alerts?limit=6:0
[ 3959199ms] [ERROR] Failed to load resource: Could not connect to the server. @ http://localhost:4401/api/billing/ai-credits/summary:0
[ 3959403ms] [ERROR] Failed to load resource: Could not connect to the server. @ http://localhost:4401/api/billing/ai-credits/summary:0
[ 3959781ms] [ERROR] Failed to load resource: Could not connect to the server. @ http://localhost:4401/dashboard/overview:0
[ 3959782ms] [ERROR] Failed to load resource: Could not connect to the server. @ http://localhost:4401/dashboard/alerts?limit=6:0
[ 3960011ms] [ERROR] Failed to load resource: Could not connect to the server. @ http://localhost:4401/api/billing/ai-credits/summary:0
[ 3989205ms] [ERROR] Failed to load resource: Could not connect to the server. @ http://localhost:4401/api/billing/ai-credits/summary:0
[ 3989416ms] [ERROR] Failed to load resource: Could not connect to the server. @ http://localhost:4401/api/billing/ai-credits/summary:0
[ 3990019ms] [ERROR] Failed to load resource: Could not connect to the server. @ http://localhost:4401/api/billing/ai-credits/summary:0
[ 4018968ms] [ERROR] Failed to load resource: Could not connect to the server. @ http://localhost:4401/dashboard/overview:0
[ 4018970ms] [ERROR] Failed to load resource: Could not connect to the server. @ http://localhost:4401/dashboard/alerts?limit=6:0
[ 4019180ms] [ERROR] Failed to load resource: Could not connect to the server. @ http://localhost:4401/dashboard/overview:0
[ 4019182ms] [ERROR] Failed to load resource: Could not connect to the server. @ http://localhost:4401/dashboard/alerts?limit=6:0
[ 4019211ms] [ERROR] Failed to load resource: Could not connect to the server. @ http://localhost:4401/api/billing/ai-credits/summary:0
[ 4019421ms] [ERROR] Failed to load resource: Could not connect to the server. @ http://localhost:4401/api/billing/ai-credits/summary:0
[ 4019784ms] [ERROR] Failed to load resource: Could not connect to the server. @ http://localhost:4401/dashboard/overview:0
[ 4019785ms] [ERROR] Failed to load resource: Could not connect to the server. @ http://localhost:4401/dashboard/alerts?limit=6:0
[ 4020031ms] [ERROR] Failed to load resource: Could not connect to the server. @ http://localhost:4401/api/billing/ai-credits/summary:0
[ 4049214ms] [ERROR] Failed to load resource: Could not connect to the server. @ http://localhost:4401/api/billing/ai-credits/summary:0
[ 4049418ms] [ERROR] Failed to load resource: Could not connect to the server. @ http://localhost:4401/api/billing/ai-credits/summary:0
[ 4050028ms] [ERROR] Failed to load resource: Could not connect to the server. @ http://localhost:4401/api/billing/ai-credits/summary:0
[ 4078974ms] [ERROR] Failed to load resource: Could not connect to the server. @ http://localhost:4401/dashboard/overview:0
[ 4078975ms] [ERROR] Failed to load resource: Could not connect to the server. @ http://localhost:4401/dashboard/alerts?limit=6:0
[ 4079183ms] [ERROR] Failed to load resource: Could not connect to the server. @ http://localhost:4401/dashboard/overview:0
[ 4079185ms] [ERROR] Failed to load resource: Could not connect to the server. @ http://localhost:4401/dashboard/alerts?limit=6:0
[ 4079221ms] [ERROR] Failed to load resource: Could not connect to the server. @ http://localhost:4401/api/billing/ai-credits/summary:0
[ 4079430ms] [ERROR] Failed to load resource: Could not connect to the server. @ http://localhost:4401/api/billing/ai-credits/summary:0
[ 4079787ms] [ERROR] Failed to load resource: Could not connect to the server. @ http://localhost:4401/dashboard/overview:0
[ 4079788ms] [ERROR] Failed to load resource: Could not connect to the server. @ http://localhost:4401/dashboard/alerts?limit=6:0
[ 4080040ms] [ERROR] Failed to load resource: Could not connect to the server. @ http://localhost:4401/api/billing/ai-credits/summary:0
[ 4109228ms] [ERROR] Failed to load resource: Could not connect to the server. @ http://localhost:4401/api/billing/ai-credits/summary:0
[ 4109434ms] [ERROR] Failed to load resource: Could not connect to the server. @ http://localhost:4401/api/billing/ai-credits/summary:0
[ 4110044ms] [ERROR] Failed to load resource: Could not connect to the server. @ http://localhost:4401/api/billing/ai-credits/summary:0
[ 4138970ms] [ERROR] Failed to load resource: Could not connect to the server. @ http://localhost:4401/dashboard/overview:0
[ 4138970ms] [ERROR] Failed to load resource: Could not connect to the server. @ http://localhost:4401/dashboard/alerts?limit=6:0
[ 4139177ms] [ERROR] Failed to load resource: Could not connect to the server. @ http://localhost:4401/dashboard/overview:0
[ 4139178ms] [ERROR] Failed to load resource: Could not connect to the server. @ http://localhost:4401/dashboard/alerts?limit=6:0
[ 4139230ms] [ERROR] Failed to load resource: Could not connect to the server. @ http://localhost:4401/api/billing/ai-credits/summary:0
[ 4139437ms] [ERROR] Failed to load resource: Could not connect to the server. @ http://localhost:4401/api/billing/ai-credits/summary:0
[ 4139795ms] [ERROR] Failed to load resource: Could not connect to the server. @ http://localhost:4401/dashboard/overview:0
[ 4139796ms] [ERROR] Failed to load resource: Could not connect to the server. @ http://localhost:4401/dashboard/alerts?limit=6:0
[ 4140043ms] [ERROR] Failed to load resource: Could not connect to the server. @ http://localhost:4401/api/billing/ai-credits/summary:0
[ 4169238ms] [ERROR] Failed to load resource: Could not connect to the server. @ http://localhost:4401/api/billing/ai-credits/summary:0
[ 4169448ms] [ERROR] Failed to load resource: Could not connect to the server. @ http://localhost:4401/api/billing/ai-credits/summary:0
[ 4170054ms] [ERROR] Failed to load resource: Could not connect to the server. @ http://localhost:4401/api/billing/ai-credits/summary:0
[ 4198984ms] [ERROR] Failed to load resource: Could not connect to the server. @ http://localhost:4401/dashboard/overview:0
[ 4198985ms] [ERROR] Failed to load resource: Could not connect to the server. @ http://localhost:4401/dashboard/alerts?limit=6:0
[ 4199196ms] [ERROR] Failed to load resource: Could not connect to the server. @ http://localhost:4401/dashboard/overview:0
[ 4199197ms] [ERROR] Failed to load resource: Could not connect to the server. @ http://localhost:4401/dashboard/alerts?limit=6:0
[ 4199237ms] [ERROR] Failed to load resource: Could not connect to the server. @ http://localhost:4401/api/billing/ai-credits/summary:0
[ 4199449ms] [ERROR] Failed to load resource: Could not connect to the server. @ http://localhost:4401/api/billing/ai-credits/summary:0
[ 4199800ms] [ERROR] Failed to load resource: Could not connect to the server. @ http://localhost:4401/dashboard/overview:0
[ 4199801ms] [ERROR] Failed to load resource: Could not connect to the server. @ http://localhost:4401/dashboard/alerts?limit=6:0
[ 4200054ms] [ERROR] Failed to load resource: Could not connect to the server. @ http://localhost:4401/api/billing/ai-credits/summary:0
[ 4229240ms] [ERROR] Failed to load resource: Could not connect to the server. @ http://localhost:4401/api/billing/ai-credits/summary:0
[ 4229444ms] [ERROR] Failed to load resource: Could not connect to the server. @ http://localhost:4401/api/billing/ai-credits/summary:0
[ 4230051ms] [ERROR] Failed to load resource: Could not connect to the server. @ http://localhost:4401/api/billing/ai-credits/summary:0
[ 4258982ms] [ERROR] Failed to load resource: Could not connect to the server. @ http://localhost:4401/dashboard/overview:0
[ 4258982ms] [ERROR] Failed to load resource: Could not connect to the server. @ http://localhost:4401/dashboard/alerts?limit=6:0
[ 4259185ms] [ERROR] Failed to load resource: Could not connect to the server. @ http://localhost:4401/dashboard/overview:0
[ 4259186ms] [ERROR] Failed to load resource: Could not connect to the server. @ http://localhost:4401/dashboard/alerts?limit=6:0
[ 4259243ms] [ERROR] Failed to load resource: Could not connect to the server. @ http://localhost:4401/api/billing/ai-credits/summary:0
[ 4259449ms] [ERROR] Failed to load resource: Could not connect to the server. @ http://localhost:4401/api/billing/ai-credits/summary:0
[ 4259798ms] [ERROR] Failed to load resource: Could not connect to the server. @ http://localhost:4401/dashboard/overview:0
[ 4259799ms] [ERROR] Failed to load resource: Could not connect to the server. @ http://localhost:4401/dashboard/alerts?limit=6:0
[ 4260053ms] [ERROR] Failed to load resource: Could not connect to the server. @ http://localhost:4401/api/billing/ai-credits/summary:0
[ 4289257ms] [ERROR] Failed to load resource: Could not connect to the server. @ http://localhost:4401/api/billing/ai-credits/summary:0
[ 4289462ms] [ERROR] Failed to load resource: Could not connect to the server. @ http://localhost:4401/api/billing/ai-credits/summary:0
[ 4290073ms] [ERROR] Failed to load resource: Could not connect to the server. @ http://localhost:4401/api/billing/ai-credits/summary:0
[ 4318993ms] [ERROR] Failed to load resource: Could not connect to the server. @ http://localhost:4401/dashboard/overview:0
[ 4318994ms] [ERROR] Failed to load resource: Could not connect to the server. @ http://localhost:4401/dashboard/alerts?limit=6:0
[ 4319206ms] [ERROR] Failed to load resource: Could not connect to the server. @ http://localhost:4401/dashboard/overview:0
[ 4319207ms] [ERROR] Failed to load resource: Could not connect to the server. @ http://localhost:4401/dashboard/alerts?limit=6:0
[ 4319258ms] [ERROR] Failed to load resource: Could not connect to the server. @ http://localhost:4401/api/billing/ai-credits/summary:0
[ 4319470ms] [ERROR] Failed to load resource: Could not connect to the server. @ http://localhost:4401/api/billing/ai-credits/summary:0
[ 4319810ms] [ERROR] Failed to load resource: Could not connect to the server. @ http://localhost:4401/dashboard/overview:0
[ 4319811ms] [ERROR] Failed to load resource: Could not connect to the server. @ http://localhost:4401/dashboard/alerts?limit=6:0
[ 4320080ms] [ERROR] Failed to load resource: Could not connect to the server. @ http://localhost:4401/api/billing/ai-credits/summary:0
[ 4349257ms] [ERROR] Failed to load resource: Could not connect to the server. @ http://localhost:4401/api/billing/ai-credits/summary:0
[ 4349460ms] [ERROR] Failed to load resource: Could not connect to the server. @ http://localhost:4401/api/billing/ai-credits/summary:0
[ 4350070ms] [ERROR] Failed to load resource: Could not connect to the server. @ http://localhost:4401/api/billing/ai-credits/summary:0
[ 4378998ms] [ERROR] Failed to load resource: Could not connect to the server. @ http://localhost:4401/dashboard/overview:0
[ 4378999ms] [ERROR] Failed to load resource: Could not connect to the server. @ http://localhost:4401/dashboard/alerts?limit=6:0
[ 4379211ms] [ERROR] Failed to load resource: Could not connect to the server. @ http://localhost:4401/dashboard/overview:0
[ 4379212ms] [ERROR] Failed to load resource: Could not connect to the server. @ http://localhost:4401/dashboard/alerts?limit=6:0
[ 4379266ms] [ERROR] Failed to load resource: Could not connect to the server. @ http://localhost:4401/api/billing/ai-credits/summary:0
[ 4379474ms] [ERROR] Failed to load resource: Could not connect to the server. @ http://localhost:4401/api/billing/ai-credits/summary:0
[ 4379816ms] [ERROR] Failed to load resource: Could not connect to the server. @ http://localhost:4401/dashboard/overview:0
[ 4379816ms] [ERROR] Failed to load resource: Could not connect to the server. @ http://localhost:4401/dashboard/alerts?limit=6:0
[ 4380082ms] [ERROR] Failed to load resource: Could not connect to the server. @ http://localhost:4401/api/billing/ai-credits/summary:0
[ 4409274ms] [ERROR] Failed to load resource: Could not connect to the server. @ http://localhost:4401/api/billing/ai-credits/summary:0
[ 4409484ms] [ERROR] Failed to load resource: Could not connect to the server. @ http://localhost:4401/api/billing/ai-credits/summary:0
[ 4410093ms] [ERROR] Failed to load resource: Could not connect to the server. @ http://localhost:4401/api/billing/ai-credits/summary:0
[ 4439004ms] [ERROR] Failed to load resource: Could not connect to the server. @ http://localhost:4401/dashboard/overview:0
[ 4439005ms] [ERROR] Failed to load resource: Could not connect to the server. @ http://localhost:4401/dashboard/alerts?limit=6:0
[ 4439215ms] [ERROR] Failed to load resource: Could not connect to the server. @ http://localhost:4401/dashboard/overview:0
[ 4439216ms] [ERROR] Failed to load resource: Could not connect to the server. @ http://localhost:4401/dashboard/alerts?limit=6:0
[ 4439271ms] [ERROR] Failed to load resource: Could not connect to the server. @ http://localhost:4401/api/billing/ai-credits/summary:0
[ 4439474ms] [ERROR] Failed to load resource: Could not connect to the server. @ http://localhost:4401/api/billing/ai-credits/summary:0
[ 4439828ms] [ERROR] Failed to load resource: Could not connect to the server. @ http://localhost:4401/dashboard/overview:0
[ 4439829ms] [ERROR] Failed to load resource: Could not connect to the server. @ http://localhost:4401/dashboard/alerts?limit=6:0
[ 4440083ms] [ERROR] Failed to load resource: Could not connect to the server. @ http://localhost:4401/api/billing/ai-credits/summary:0
[ 4469281ms] [ERROR] Failed to load resource: Could not connect to the server. @ http://localhost:4401/api/billing/ai-credits/summary:0
[ 4469487ms] [ERROR] Failed to load resource: Could not connect to the server. @ http://localhost:4401/api/billing/ai-credits/summary:0
[ 4470099ms] [ERROR] Failed to load resource: Could not connect to the server. @ http://localhost:4401/api/billing/ai-credits/summary:0
[ 4499007ms] [ERROR] Failed to load resource: Could not connect to the server. @ http://localhost:4401/dashboard/overview:0
[ 4499008ms] [ERROR] Failed to load resource: Could not connect to the server. @ http://localhost:4401/dashboard/alerts?limit=6:0
[ 4499219ms] [ERROR] Failed to load resource: Could not connect to the server. @ http://localhost:4401/dashboard/overview:0
[ 4499220ms] [ERROR] Failed to load resource: Could not connect to the server. @ http://localhost:4401/dashboard/alerts?limit=6:0
[ 4499285ms] [ERROR] Failed to load resource: Could not connect to the server. @ http://localhost:4401/api/billing/ai-credits/summary:0
[ 4499496ms] [ERROR] Failed to load resource: Could not connect to the server. @ http://localhost:4401/api/billing/ai-credits/summary:0
[ 4499823ms] [ERROR] Failed to load resource: Could not connect to the server. @ http://localhost:4401/dashboard/overview:0
[ 4499824ms] [ERROR] Failed to load resource: Could not connect to the server. @ http://localhost:4401/dashboard/alerts?limit=6:0
[ 4500101ms] [ERROR] Failed to load resource: Could not connect to the server. @ http://localhost:4401/api/billing/ai-credits/summary:0
[ 4529285ms] [ERROR] Failed to load resource: Could not connect to the server. @ http://localhost:4401/api/billing/ai-credits/summary:0
[ 4529499ms] [ERROR] Failed to load resource: Could not connect to the server. @ http://localhost:4401/api/billing/ai-credits/summary:0
[ 4530106ms] [ERROR] Failed to load resource: Could not connect to the server. @ http://localhost:4401/api/billing/ai-credits/summary:0
[ 4559013ms] [ERROR] Failed to load resource: Could not connect to the server. @ http://localhost:4401/dashboard/overview:0
[ 4559014ms] [ERROR] Failed to load resource: Could not connect to the server. @ http://localhost:4401/dashboard/alerts?limit=6:0
[ 4559217ms] [ERROR] Failed to load resource: Could not connect to the server. @ http://localhost:4401/dashboard/overview:0
[ 4559218ms] [ERROR] Failed to load resource: Could not connect to the server. @ http://localhost:4401/dashboard/alerts?limit=6:0
[ 4559286ms] [ERROR] Failed to load resource: Could not connect to the server. @ http://localhost:4401/api/billing/ai-credits/summary:0
[ 4559490ms] [ERROR] Failed to load resource: Could not connect to the server. @ http://localhost:4401/api/billing/ai-credits/summary:0
[ 4559829ms] [ERROR] Failed to load resource: Could not connect to the server. @ http://localhost:4401/dashboard/overview:0
[ 4559830ms] [ERROR] Failed to load resource: Could not connect to the server. @ http://localhost:4401/dashboard/alerts?limit=6:0
[ 4560101ms] [ERROR] Failed to load resource: Could not connect to the server. @ http://localhost:4401/api/billing/ai-credits/summary:0
[ 4589302ms] [ERROR] Failed to load resource: Could not connect to the server. @ http://localhost:4401/api/billing/ai-credits/summary:0
[ 4589507ms] [ERROR] Failed to load resource: Could not connect to the server. @ http://localhost:4401/api/billing/ai-credits/summary:0
[ 4590118ms] [ERROR] Failed to load resource: Could not connect to the server. @ http://localhost:4401/api/billing/ai-credits/summary:0
[ 4619017ms] [ERROR] Failed to load resource: Could not connect to the server. @ http://localhost:4401/dashboard/overview:0
[ 4619018ms] [ERROR] Failed to load resource: Could not connect to the server. @ http://localhost:4401/dashboard/alerts?limit=6:0
[ 4619229ms] [ERROR] Failed to load resource: Could not connect to the server. @ http://localhost:4401/dashboard/overview:0
[ 4619230ms] [ERROR] Failed to load resource: Could not connect to the server. @ http://localhost:4401/dashboard/alerts?limit=6:0
[ 4619300ms] [ERROR] Failed to load resource: Could not connect to the server. @ http://localhost:4401/api/billing/ai-credits/summary:0
[ 4619509ms] [ERROR] Failed to load resource: Could not connect to the server. @ http://localhost:4401/api/billing/ai-credits/summary:0
[ 4619833ms] [ERROR] Failed to load resource: Could not connect to the server. @ http://localhost:4401/dashboard/overview:0
[ 4619834ms] [ERROR] Failed to load resource: Could not connect to the server. @ http://localhost:4401/dashboard/alerts?limit=6:0
[ 4620114ms] [ERROR] Failed to load resource: Could not connect to the server. @ http://localhost:4401/api/billing/ai-credits/summary:0
[ 4649301ms] [ERROR] Failed to load resource: Could not connect to the server. @ http://localhost:4401/api/billing/ai-credits/summary:0
[ 4649506ms] [ERROR] Failed to load resource: Could not connect to the server. @ http://localhost:4401/api/billing/ai-credits/summary:0
[ 4650111ms] [ERROR] Failed to load resource: Could not connect to the server. @ http://localhost:4401/api/billing/ai-credits/summary:0
[ 4679013ms] [ERROR] Failed to load resource: Could not connect to the server. @ http://localhost:4401/dashboard/overview:0
[ 4679014ms] [ERROR] Failed to load resource: Could not connect to the server. @ http://localhost:4401/dashboard/alerts?limit=6:0
[ 4679225ms] [ERROR] Failed to load resource: Could not connect to the server. @ http://localhost:4401/dashboard/overview:0
[ 4679227ms] [ERROR] Failed to load resource: Could not connect to the server. @ http://localhost:4401/dashboard/alerts?limit=6:0
[ 4679312ms] [ERROR] Failed to load resource: Could not connect to the server. @ http://localhost:4401/api/billing/ai-credits/summary:0
[ 4679522ms] [ERROR] Failed to load resource: Could not connect to the server. @ http://localhost:4401/api/billing/ai-credits/summary:0
[ 4679831ms] [ERROR] Failed to load resource: Could not connect to the server. @ http://localhost:4401/dashboard/overview:0
[ 4679832ms] [ERROR] Failed to load resource: Could not connect to the server. @ http://localhost:4401/dashboard/alerts?limit=6:0
[ 4680128ms] [ERROR] Failed to load resource: Could not connect to the server. @ http://localhost:4401/api/billing/ai-credits/summary:0
[ 4709317ms] [ERROR] Failed to load resource: Could not connect to the server. @ http://localhost:4401/api/billing/ai-credits/summary:0
[ 4709528ms] [ERROR] Failed to load resource: Could not connect to the server. @ http://localhost:4401/api/billing/ai-credits/summary:0
[ 4710133ms] [ERROR] Failed to load resource: Could not connect to the server. @ http://localhost:4401/api/billing/ai-credits/summary:0
[ 4739029ms] [ERROR] Failed to load resource: Could not connect to the server. @ http://localhost:4401/dashboard/overview:0
[ 4739030ms] [ERROR] Failed to load resource: Could not connect to the server. @ http://localhost:4401/dashboard/alerts?limit=6:0
[ 4739241ms] [ERROR] Failed to load resource: Could not connect to the server. @ http://localhost:4401/dashboard/overview:0
[ 4739242ms] [ERROR] Failed to load resource: Could not connect to the server. @ http://localhost:4401/dashboard/alerts?limit=6:0
[ 4739322ms] [ERROR] Failed to load resource: Could not connect to the server. @ http://localhost:4401/api/billing/ai-credits/summary:0
[ 4739532ms] [ERROR] Failed to load resource: Could not connect to the server. @ http://localhost:4401/api/billing/ai-credits/summary:0
[ 4739844ms] [ERROR] Failed to load resource: Could not connect to the server. @ http://localhost:4401/dashboard/overview:0
[ 4739845ms] [ERROR] Failed to load resource: Could not connect to the server. @ http://localhost:4401/dashboard/alerts?limit=6:0
[ 4740140ms] [ERROR] Failed to load resource: Could not connect to the server. @ http://localhost:4401/api/billing/ai-credits/summary:0
[ 4769326ms] [ERROR] Failed to load resource: Could not connect to the server. @ http://localhost:4401/api/billing/ai-credits/summary:0
[ 4769530ms] [ERROR] Failed to load resource: Could not connect to the server. @ http://localhost:4401/api/billing/ai-credits/summary:0
[ 4770133ms] [ERROR] Failed to load resource: Could not connect to the server. @ http://localhost:4401/api/billing/ai-credits/summary:0
[ 4799033ms] [ERROR] Failed to load resource: Could not connect to the server. @ http://localhost:4401/dashboard/overview:0
[ 4799034ms] [ERROR] Failed to load resource: Could not connect to the server. @ http://localhost:4401/dashboard/alerts?limit=6:0
[ 4799245ms] [ERROR] Failed to load resource: Could not connect to the server. @ http://localhost:4401/dashboard/overview:0
[ 4799246ms] [ERROR] Failed to load resource: Could not connect to the server. @ http://localhost:4401/dashboard/alerts?limit=6:0
[ 4799328ms] [ERROR] Failed to load resource: Could not connect to the server. @ http://localhost:4401/api/billing/ai-credits/summary:0
[ 4799538ms] [ERROR] Failed to load resource: Could not connect to the server. @ http://localhost:4401/api/billing/ai-credits/summary:0
[ 4799848ms] [ERROR] Failed to load resource: Could not connect to the server. @ http://localhost:4401/dashboard/overview:0
[ 4799849ms] [ERROR] Failed to load resource: Could not connect to the server. @ http://localhost:4401/dashboard/alerts?limit=6:0
[ 4800145ms] [ERROR] Failed to load resource: Could not connect to the server. @ http://localhost:4401/api/billing/ai-credits/summary:0
[ 4829335ms] [ERROR] Failed to load resource: Could not connect to the server. @ http://localhost:4401/api/billing/ai-credits/summary:0
[ 4829538ms] [ERROR] Failed to load resource: Could not connect to the server. @ http://localhost:4401/api/billing/ai-credits/summary:0
[ 4830149ms] [ERROR] Failed to load resource: Could not connect to the server. @ http://localhost:4401/api/billing/ai-credits/summary:0
[ 4859029ms] [ERROR] Failed to load resource: Could not connect to the server. @ http://localhost:4401/dashboard/overview:0
[ 4859029ms] [ERROR] Failed to load resource: Could not connect to the server. @ http://localhost:4401/dashboard/alerts?limit=6:0
[ 4859233ms] [ERROR] Failed to load resource: Could not connect to the server. @ http://localhost:4401/dashboard/overview:0
[ 4859234ms] [ERROR] Failed to load resource: Could not connect to the server. @ http://localhost:4401/dashboard/alerts?limit=6:0
[ 4859334ms] [ERROR] Failed to load resource: Could not connect to the server. @ http://localhost:4401/api/billing/ai-credits/summary:0
[ 4859545ms] [ERROR] Failed to load resource: Could not connect to the server. @ http://localhost:4401/api/billing/ai-credits/summary:0
[ 4859838ms] [ERROR] Failed to load resource: Could not connect to the server. @ http://localhost:4401/dashboard/overview:0
[ 4859839ms] [ERROR] Failed to load resource: Could not connect to the server. @ http://localhost:4401/dashboard/alerts?limit=6:0
[ 4860158ms] [ERROR] Failed to load resource: Could not connect to the server. @ http://localhost:4401/api/billing/ai-credits/summary:0
[ 4889348ms] [ERROR] Failed to load resource: Could not connect to the server. @ http://localhost:4401/api/billing/ai-credits/summary:0
[ 4889552ms] [ERROR] Failed to load resource: Could not connect to the server. @ http://localhost:4401/api/billing/ai-credits/summary:0
[ 4890160ms] [ERROR] Failed to load resource: Could not connect to the server. @ http://localhost:4401/api/billing/ai-credits/summary:0
[ 4919043ms] [ERROR] Failed to load resource: Could not connect to the server. @ http://localhost:4401/dashboard/overview:0
[ 4919045ms] [ERROR] Failed to load resource: Could not connect to the server. @ http://localhost:4401/dashboard/alerts?limit=6:0
[ 4919257ms] [ERROR] Failed to load resource: Could not connect to the server. @ http://localhost:4401/dashboard/overview:0
[ 4919258ms] [ERROR] Failed to load resource: Could not connect to the server. @ http://localhost:4401/dashboard/alerts?limit=6:0
[ 4919347ms] [ERROR] Failed to load resource: Could not connect to the server. @ http://localhost:4401/api/billing/ai-credits/summary:0
[ 4919559ms] [ERROR] Failed to load resource: Could not connect to the server. @ http://localhost:4401/api/billing/ai-credits/summary:0
[ 4919862ms] [ERROR] Failed to load resource: Could not connect to the server. @ http://localhost:4401/dashboard/overview:0
[ 4919862ms] [ERROR] Failed to load resource: Could not connect to the server. @ http://localhost:4401/dashboard/alerts?limit=6:0
[ 4920170ms] [ERROR] Failed to load resource: Could not connect to the server. @ http://localhost:4401/api/billing/ai-credits/summary:0
[ 4949347ms] [ERROR] Failed to load resource: Could not connect to the server. @ http://localhost:4401/api/billing/ai-credits/summary:0
[ 4949551ms] [ERROR] Failed to load resource: Could not connect to the server. @ http://localhost:4401/api/billing/ai-credits/summary:0
[ 4950155ms] [ERROR] Failed to load resource: Could not connect to the server. @ http://localhost:4401/api/billing/ai-credits/summary:0
[ 4979042ms] [ERROR] Failed to load resource: Could not connect to the server. @ http://localhost:4401/dashboard/overview:0
[ 4979043ms] [ERROR] Failed to load resource: Could not connect to the server. @ http://localhost:4401/dashboard/alerts?limit=6:0
[ 4979255ms] [ERROR] Failed to load resource: Could not connect to the server. @ http://localhost:4401/dashboard/overview:0
[ 4979257ms] [ERROR] Failed to load resource: Could not connect to the server. @ http://localhost:4401/dashboard/alerts?limit=6:0
[ 4979357ms] [ERROR] Failed to load resource: Could not connect to the server. @ http://localhost:4401/api/billing/ai-credits/summary:0
[ 4979568ms] [ERROR] Failed to load resource: Could not connect to the server. @ http://localhost:4401/api/billing/ai-credits/summary:0
[ 4979860ms] [ERROR] Failed to load resource: Could not connect to the server. @ http://localhost:4401/dashboard/overview:0
[ 4979861ms] [ERROR] Failed to load resource: Could not connect to the server. @ http://localhost:4401/dashboard/alerts?limit=6:0
[ 4980179ms] [ERROR] Failed to load resource: Could not connect to the server. @ http://localhost:4401/api/billing/ai-credits/summary:0
[ 5009355ms] [ERROR] Failed to load resource: Could not connect to the server. @ http://localhost:4401/api/billing/ai-credits/summary:0
[ 5009561ms] [ERROR] Failed to load resource: Could not connect to the server. @ http://localhost:4401/api/billing/ai-credits/summary:0
[ 5010168ms] [ERROR] Failed to load resource: Could not connect to the server. @ http://localhost:4401/api/billing/ai-credits/summary:0
[ 5039054ms] [ERROR] Failed to load resource: Could not connect to the server. @ http://localhost:4401/dashboard/overview:0
[ 5039055ms] [ERROR] Failed to load resource: Could not connect to the server. @ http://localhost:4401/dashboard/alerts?limit=6:0
[ 5039268ms] [ERROR] Failed to load resource: Could not connect to the server. @ http://localhost:4401/dashboard/overview:0
[ 5039269ms] [ERROR] Failed to load resource: Could not connect to the server. @ http://localhost:4401/dashboard/alerts?limit=6:0
[ 5039367ms] [ERROR] Failed to load resource: Could not connect to the server. @ http://localhost:4401/api/billing/ai-credits/summary:0
[ 5039579ms] [ERROR] Failed to load resource: Could not connect to the server. @ http://localhost:4401/api/billing/ai-credits/summary:0
[ 5039873ms] [ERROR] Failed to load resource: Could not connect to the server. @ http://localhost:4401/dashboard/overview:0
[ 5039874ms] [ERROR] Failed to load resource: Could not connect to the server. @ http://localhost:4401/dashboard/alerts?limit=6:0
[ 5040192ms] [ERROR] Failed to load resource: Could not connect to the server. @ http://localhost:4401/api/billing/ai-credits/summary:0
[ 5069367ms] [ERROR] Failed to load resource: Could not connect to the server. @ http://localhost:4401/api/billing/ai-credits/summary:0
[ 5069578ms] [ERROR] Failed to load resource: Could not connect to the server. @ http://localhost:4401/api/billing/ai-credits/summary:0
[ 5070189ms] [ERROR] Failed to load resource: Could not connect to the server. @ http://localhost:4401/api/billing/ai-credits/summary:0
[ 5099057ms] [ERROR] Failed to load resource: Could not connect to the server. @ http://localhost:4401/dashboard/overview:0
[ 5099058ms] [ERROR] Failed to load resource: Could not connect to the server. @ http://localhost:4401/dashboard/alerts?limit=6:0
[ 5099264ms] [ERROR] Failed to load resource: Could not connect to the server. @ http://localhost:4401/dashboard/overview:0
[ 5099265ms] [ERROR] Failed to load resource: Could not connect to the server. @ http://localhost:4401/dashboard/alerts?limit=6:0
[ 5099373ms] [ERROR] Failed to load resource: Could not connect to the server. @ http://localhost:4401/api/billing/ai-credits/summary:0
[ 5099576ms] [ERROR] Failed to load resource: Could not connect to the server. @ http://localhost:4401/api/billing/ai-credits/summary:0
[ 5099874ms] [ERROR] Failed to load resource: Could not connect to the server. @ http://localhost:4401/dashboard/overview:0
[ 5099875ms] [ERROR] Failed to load resource: Could not connect to the server. @ http://localhost:4401/dashboard/alerts?limit=6:0
[ 5100186ms] [ERROR] Failed to load resource: Could not connect to the server. @ http://localhost:4401/api/billing/ai-credits/summary:0
[ 5129382ms] [ERROR] Failed to load resource: Could not connect to the server. @ http://localhost:4401/api/billing/ai-credits/summary:0
[ 5129588ms] [ERROR] Failed to load resource: Could not connect to the server. @ http://localhost:4401/api/billing/ai-credits/summary:0
[ 5130202ms] [ERROR] Failed to load resource: Could not connect to the server. @ http://localhost:4401/api/billing/ai-credits/summary:0
[ 5159058ms] [ERROR] Failed to load resource: Could not connect to the server. @ http://localhost:4401/dashboard/overview:0
[ 5159059ms] [ERROR] Failed to load resource: Could not connect to the server. @ http://localhost:4401/dashboard/alerts?limit=6:0
[ 5159262ms] [ERROR] Failed to load resource: Could not connect to the server. @ http://localhost:4401/dashboard/overview:0
[ 5159263ms] [ERROR] Failed to load resource: Could not connect to the server. @ http://localhost:4401/dashboard/alerts?limit=6:0
[ 5159379ms] [ERROR] Failed to load resource: Could not connect to the server. @ http://localhost:4401/api/billing/ai-credits/summary:0
[ 5159587ms] [ERROR] Failed to load resource: Could not connect to the server. @ http://localhost:4401/api/billing/ai-credits/summary:0
[ 5159874ms] [ERROR] Failed to load resource: Could not connect to the server. @ http://localhost:4401/dashboard/overview:0
[ 5159875ms] [ERROR] Failed to load resource: Could not connect to the server. @ http://localhost:4401/dashboard/alerts?limit=6:0
[ 5160190ms] [ERROR] Failed to load resource: Could not connect to the server. @ http://localhost:4401/api/billing/ai-credits/summary:0
[ 5189390ms] [ERROR] Failed to load resource: Could not connect to the server. @ http://localhost:4401/api/billing/ai-credits/summary:0
[ 5189602ms] [ERROR] Failed to load resource: Could not connect to the server. @ http://localhost:4401/api/billing/ai-credits/summary:0
[ 5190214ms] [ERROR] Failed to load resource: Could not connect to the server. @ http://localhost:4401/api/billing/ai-credits/summary:0
[ 5219070ms] [ERROR] Failed to load resource: Could not connect to the server. @ http://localhost:4401/dashboard/overview:0
[ 5219071ms] [ERROR] Failed to load resource: Could not connect to the server. @ http://localhost:4401/dashboard/alerts?limit=6:0
[ 5219284ms] [ERROR] Failed to load resource: Could not connect to the server. @ http://localhost:4401/dashboard/overview:0
[ 5219285ms] [ERROR] Failed to load resource: Could not connect to the server. @ http://localhost:4401/dashboard/alerts?limit=6:0
[ 5219395ms] [ERROR] Failed to load resource: Could not connect to the server. @ http://localhost:4401/api/billing/ai-credits/summary:0
[ 5219608ms] [ERROR] Failed to load resource: Could not connect to the server. @ http://localhost:4401/api/billing/ai-credits/summary:0
[ 5219887ms] [ERROR] Failed to load resource: Could not connect to the server. @ http://localhost:4401/dashboard/overview:0
[ 5219888ms] [ERROR] Failed to load resource: Could not connect to the server. @ http://localhost:4401/dashboard/alerts?limit=6:0
[ 5220217ms] [ERROR] Failed to load resource: Could not connect to the server. @ http://localhost:4401/api/billing/ai-credits/summary:0
[ 5249391ms] [ERROR] Failed to load resource: Could not connect to the server. @ http://localhost:4401/api/billing/ai-credits/summary:0
[ 5249603ms] [ERROR] Failed to load resource: Could not connect to the server. @ http://localhost:4401/api/billing/ai-credits/summary:0
[ 5250214ms] [ERROR] Failed to load resource: Could not connect to the server. @ http://localhost:4401/api/billing/ai-credits/summary:0
[ 5279074ms] [ERROR] Failed to load resource: Could not connect to the server. @ http://localhost:4401/dashboard/overview:0
[ 5279075ms] [ERROR] Failed to load resource: Could not connect to the server. @ http://localhost:4401/dashboard/alerts?limit=6:0
[ 5279281ms] [ERROR] Failed to load resource: Could not connect to the server. @ http://localhost:4401/dashboard/overview:0
[ 5279282ms] [ERROR] Failed to load resource: Could not connect to the server. @ http://localhost:4401/dashboard/alerts?limit=6:0
[ 5279396ms] [ERROR] Failed to load resource: Could not connect to the server. @ http://localhost:4401/api/billing/ai-credits/summary:0
[ 5279601ms] [ERROR] Failed to load resource: Could not connect to the server. @ http://localhost:4401/api/billing/ai-credits/summary:0
[ 5279894ms] [ERROR] Failed to load resource: Could not connect to the server. @ http://localhost:4401/dashboard/overview:0
[ 5279895ms] [ERROR] Failed to load resource: Could not connect to the server. @ http://localhost:4401/dashboard/alerts?limit=6:0
[ 5280215ms] [ERROR] Failed to load resource: Could not connect to the server. @ http://localhost:4401/api/billing/ai-credits/summary:0
[ 5309407ms] [ERROR] Failed to load resource: Could not connect to the server. @ http://localhost:4401/api/billing/ai-credits/summary:0
[ 5309612ms] [ERROR] Failed to load resource: Could not connect to the server. @ http://localhost:4401/api/billing/ai-credits/summary:0
[ 5310223ms] [ERROR] Failed to load resource: Could not connect to the server. @ http://localhost:4401/api/billing/ai-credits/summary:0
[ 5339076ms] [ERROR] Failed to load resource: Could not connect to the server. @ http://localhost:4401/dashboard/overview:0
[ 5339077ms] [ERROR] Failed to load resource: Could not connect to the server. @ http://localhost:4401/dashboard/alerts?limit=6:0
[ 5339289ms] [ERROR] Failed to load resource: Could not connect to the server. @ http://localhost:4401/dashboard/overview:0
[ 5339290ms] [ERROR] Failed to load resource: Could not connect to the server. @ http://localhost:4401/dashboard/alerts?limit=6:0
[ 5339413ms] [ERROR] Failed to load resource: Could not connect to the server. @ http://localhost:4401/api/billing/ai-credits/summary:0
[ 5339624ms] [ERROR] Failed to load resource: Could not connect to the server. @ http://localhost:4401/api/billing/ai-credits/summary:0
[ 5339894ms] [ERROR] Failed to load resource: Could not connect to the server. @ http://localhost:4401/dashboard/overview:0
[ 5339895ms] [ERROR] Failed to load resource: Could not connect to the server. @ http://localhost:4401/dashboard/alerts?limit=6:0
[ 5340234ms] [ERROR] Failed to load resource: Could not connect to the server. @ http://localhost:4401/api/billing/ai-credits/summary:0
[ 5369418ms] [ERROR] Failed to load resource: Could not connect to the server. @ http://localhost:4401/api/billing/ai-credits/summary:0
[ 5369630ms] [ERROR] Failed to load resource: Could not connect to the server. @ http://localhost:4401/api/billing/ai-credits/summary:0
[ 5370235ms] [ERROR] Failed to load resource: Could not connect to the server. @ http://localhost:4401/api/billing/ai-credits/summary:0
[ 5399083ms] [ERROR] Failed to load resource: Could not connect to the server. @ http://localhost:4401/dashboard/overview:0
[ 5399084ms] [ERROR] Failed to load resource: Could not connect to the server. @ http://localhost:4401/dashboard/alerts?limit=6:0
[ 5399296ms] [ERROR] Failed to load resource: Could not connect to the server. @ http://localhost:4401/dashboard/overview:0
[ 5399297ms] [ERROR] Failed to load resource: Could not connect to the server. @ http://localhost:4401/dashboard/alerts?limit=6:0
[ 5399422ms] [ERROR] Failed to load resource: Could not connect to the server. @ http://localhost:4401/api/billing/ai-credits/summary:0
[ 5399626ms] [ERROR] Failed to load resource: Could not connect to the server. @ http://localhost:4401/api/billing/ai-credits/summary:0
[ 5399899ms] [ERROR] Failed to load resource: Could not connect to the server. @ http://localhost:4401/dashboard/overview:0
[ 5399899ms] [ERROR] Failed to load resource: Could not connect to the server. @ http://localhost:4401/dashboard/alerts?limit=6:0
[ 5400237ms] [ERROR] Failed to load resource: Could not connect to the server. @ http://localhost:4401/api/billing/ai-credits/summary:0
[ 5429421ms] [ERROR] Failed to load resource: Could not connect to the server. @ http://localhost:4401/api/billing/ai-credits/summary:0
[ 5429628ms] [ERROR] Failed to load resource: Could not connect to the server. @ http://localhost:4401/api/billing/ai-credits/summary:0
[ 5430291ms] [ERROR] Failed to load resource: Could not connect to the server. @ http://localhost:4401/api/billing/ai-credits/summary:0
[ 5459486ms] [ERROR] Failed to load resource: Could not connect to the server. @ http://localhost:4401/dashboard/overview:0
[ 5459497ms] [ERROR] Failed to load resource: Could not connect to the server. @ http://localhost:4401/dashboard/alerts?limit=6:0
[ 5459500ms] [ERROR] Failed to load resource: Could not connect to the server. @ http://localhost:4401/api/billing/ai-credits/summary:0
[ 5459726ms] [ERROR] Failed to load resource: Could not connect to the server. @ http://localhost:4401/dashboard/overview:0
[ 5459848ms] [ERROR] Failed to load resource: Could not connect to the server. @ http://localhost:4401/dashboard/alerts?limit=6:0
[ 5459995ms] [ERROR] Failed to load resource: Could not connect to the server. @ http://localhost:4401/api/billing/ai-credits/summary:0
[ 5460772ms] [ERROR] Failed to load resource: Could not connect to the server. @ http://localhost:4401/dashboard/overview:0
[ 5460970ms] [ERROR] Failed to load resource: Could not connect to the server. @ http://localhost:4401/dashboard/alerts?limit=6:0
[ 5460995ms] [ERROR] Failed to load resource: Could not connect to the server. @ http://localhost:4401/api/billing/ai-credits/summary:0
[ 5489433ms] [ERROR] Failed to load resource: Could not connect to the server. @ http://localhost:4401/api/billing/ai-credits/summary:0
[ 5489637ms] [ERROR] Failed to load resource: Could not connect to the server. @ http://localhost:4401/api/billing/ai-credits/summary:0
[ 5490245ms] [ERROR] Failed to load resource: Could not connect to the server. @ http://localhost:4401/api/billing/ai-credits/summary:0
[ 5519100ms] [ERROR] Failed to load resource: Could not connect to the server. @ http://localhost:4401/dashboard/overview:0
[ 5519101ms] [ERROR] Failed to load resource: Could not connect to the server. @ http://localhost:4401/dashboard/alerts?limit=6:0
[ 5519308ms] [ERROR] Failed to load resource: Could not connect to the server. @ http://localhost:4401/dashboard/overview:0
[ 5519309ms] [ERROR] Failed to load resource: Could not connect to the server. @ http://localhost:4401/dashboard/alerts?limit=6:0
[ 5519436ms] [ERROR] Failed to load resource: Could not connect to the server. @ http://localhost:4401/api/billing/ai-credits/summary:0
[ 5519647ms] [ERROR] Failed to load resource: Could not connect to the server. @ http://localhost:4401/api/billing/ai-credits/summary:0
[ 5519913ms] [ERROR] Failed to load resource: Could not connect to the server. @ http://localhost:4401/dashboard/overview:0
[ 5519914ms] [ERROR] Failed to load resource: Could not connect to the server. @ http://localhost:4401/dashboard/alerts?limit=6:0
[ 5520258ms] [ERROR] Failed to load resource: Could not connect to the server. @ http://localhost:4401/api/billing/ai-credits/summary:0
[ 5549437ms] [ERROR] Failed to load resource: Could not connect to the server. @ http://localhost:4401/api/billing/ai-credits/summary:0
[ 5549643ms] [ERROR] Failed to load resource: Could not connect to the server. @ http://localhost:4401/api/billing/ai-credits/summary:0
[ 5550254ms] [ERROR] Failed to load resource: Could not connect to the server. @ http://localhost:4401/api/billing/ai-credits/summary:0
[ 5579089ms] [ERROR] Failed to load resource: Could not connect to the server. @ http://localhost:4401/dashboard/overview:0
[ 5579090ms] [ERROR] Failed to load resource: Could not connect to the server. @ http://localhost:4401/dashboard/alerts?limit=6:0
[ 5579294ms] [ERROR] Failed to load resource: Could not connect to the server. @ http://localhost:4401/dashboard/overview:0
[ 5579295ms] [ERROR] Failed to load resource: Could not connect to the server. @ http://localhost:4401/dashboard/alerts?limit=6:0
[ 5579442ms] [ERROR] Failed to load resource: Could not connect to the server. @ http://localhost:4401/api/billing/ai-credits/summary:0
[ 5579647ms] [ERROR] Failed to load resource: Could not connect to the server. @ http://localhost:4401/api/billing/ai-credits/summary:0
[ 5579907ms] [ERROR] Failed to load resource: Could not connect to the server. @ http://localhost:4401/dashboard/overview:0
[ 5579908ms] [ERROR] Failed to load resource: Could not connect to the server. @ http://localhost:4401/dashboard/alerts?limit=6:0
[ 5580254ms] [ERROR] Failed to load resource: Could not connect to the server. @ http://localhost:4401/api/billing/ai-credits/summary:0
[ 5609445ms] [ERROR] Failed to load resource: Could not connect to the server. @ http://localhost:4401/api/billing/ai-credits/summary:0
[ 5609649ms] [ERROR] Failed to load resource: Could not connect to the server. @ http://localhost:4401/api/billing/ai-credits/summary:0
[ 5610256ms] [ERROR] Failed to load resource: Could not connect to the server. @ http://localhost:4401/api/billing/ai-credits/summary:0
[ 5639102ms] [ERROR] Failed to load resource: Could not connect to the server. @ http://localhost:4401/dashboard/overview:0
[ 5639103ms] [ERROR] Failed to load resource: Could not connect to the server. @ http://localhost:4401/dashboard/alerts?limit=6:0
[ 5639316ms] [ERROR] Failed to load resource: Could not connect to the server. @ http://localhost:4401/dashboard/overview:0
[ 5639317ms] [ERROR] Failed to load resource: Could not connect to the server. @ http://localhost:4401/dashboard/alerts?limit=6:0
[ 5639458ms] [ERROR] Failed to load resource: Could not connect to the server. @ http://localhost:4401/api/billing/ai-credits/summary:0
[ 5639670ms] [ERROR] Failed to load resource: Could not connect to the server. @ http://localhost:4401/api/billing/ai-credits/summary:0
[ 5639920ms] [ERROR] Failed to load resource: Could not connect to the server. @ http://localhost:4401/dashboard/overview:0
[ 5639921ms] [ERROR] Failed to load resource: Could not connect to the server. @ http://localhost:4401/dashboard/alerts?limit=6:0
[ 5640280ms] [ERROR] Failed to load resource: Could not connect to the server. @ http://localhost:4401/api/billing/ai-credits/summary:0
[ 5669462ms] [ERROR] Failed to load resource: Could not connect to the server. @ http://localhost:4401/api/billing/ai-credits/summary:0
[ 5669669ms] [ERROR] Failed to load resource: Could not connect to the server. @ http://localhost:4401/api/billing/ai-credits/summary:0
[ 5670279ms] [ERROR] Failed to load resource: Could not connect to the server. @ http://localhost:4401/api/billing/ai-credits/summary:0
[ 5699098ms] [ERROR] Failed to load resource: Could not connect to the server. @ http://localhost:4401/dashboard/overview:0
[ 5699099ms] [ERROR] Failed to load resource: Could not connect to the server. @ http://localhost:4401/dashboard/alerts?limit=6:0
[ 5699301ms] [ERROR] Failed to load resource: Could not connect to the server. @ http://localhost:4401/dashboard/overview:0
[ 5699302ms] [ERROR] Failed to load resource: Could not connect to the server. @ http://localhost:4401/dashboard/alerts?limit=6:0
[ 5699458ms] [ERROR] Failed to load resource: Could not connect to the server. @ http://localhost:4401/api/billing/ai-credits/summary:0
[ 5699667ms] [ERROR] Failed to load resource: Could not connect to the server. @ http://localhost:4401/api/billing/ai-credits/summary:0
[ 5699911ms] [ERROR] Failed to load resource: Could not connect to the server. @ http://localhost:4401/dashboard/overview:0
[ 5699912ms] [ERROR] Failed to load resource: Could not connect to the server. @ http://localhost:4401/dashboard/alerts?limit=6:0
[ 5700272ms] [ERROR] Failed to load resource: Could not connect to the server. @ http://localhost:4401/api/billing/ai-credits/summary:0
[ 5729463ms] [ERROR] Failed to load resource: Could not connect to the server. @ http://localhost:4401/api/billing/ai-credits/summary:0
[ 5729668ms] [ERROR] Failed to load resource: Could not connect to the server. @ http://localhost:4401/api/billing/ai-credits/summary:0
[ 5730279ms] [ERROR] Failed to load resource: Could not connect to the server. @ http://localhost:4401/api/billing/ai-credits/summary:0
[ 5759113ms] [ERROR] Failed to load resource: Could not connect to the server. @ http://localhost:4401/dashboard/overview:0
[ 5759113ms] [ERROR] Failed to load resource: Could not connect to the server. @ http://localhost:4401/dashboard/alerts?limit=6:0
[ 5759324ms] [ERROR] Failed to load resource: Could not connect to the server. @ http://localhost:4401/dashboard/overview:0
[ 5759325ms] [ERROR] Failed to load resource: Could not connect to the server. @ http://localhost:4401/dashboard/alerts?limit=6:0
[ 5759466ms] [ERROR] Failed to load resource: Could not connect to the server. @ http://localhost:4401/api/billing/ai-credits/summary:0
[ 5759670ms] [ERROR] Failed to load resource: Could not connect to the server. @ http://localhost:4401/api/billing/ai-credits/summary:0
[ 5759933ms] [ERROR] Failed to load resource: Could not connect to the server. @ http://localhost:4401/dashboard/overview:0
[ 5759935ms] [ERROR] Failed to load resource: Could not connect to the server. @ http://localhost:4401/dashboard/alerts?limit=6:0
[ 5760280ms] [ERROR] Failed to load resource: Could not connect to the server. @ http://localhost:4401/api/billing/ai-credits/summary:0
[ 5789479ms] [ERROR] Failed to load resource: Could not connect to the server. @ http://localhost:4401/api/billing/ai-credits/summary:0
[ 5789689ms] [ERROR] Failed to load resource: Could not connect to the server. @ http://localhost:4401/api/billing/ai-credits/summary:0
[ 5790294ms] [ERROR] Failed to load resource: Could not connect to the server. @ http://localhost:4401/api/billing/ai-credits/summary:0
[ 5819116ms] [ERROR] Failed to load resource: Could not connect to the server. @ http://localhost:4401/dashboard/overview:0
[ 5819117ms] [ERROR] Failed to load resource: Could not connect to the server. @ http://localhost:4401/dashboard/alerts?limit=6:0
[ 5819330ms] [ERROR] Failed to load resource: Could not connect to the server. @ http://localhost:4401/dashboard/overview:0
[ 5819332ms] [ERROR] Failed to load resource: Could not connect to the server. @ http://localhost:4401/dashboard/alerts?limit=6:0
[ 5819473ms] [ERROR] Failed to load resource: Could not connect to the server. @ http://localhost:4401/api/billing/ai-credits/summary:0
[ 5819676ms] [ERROR] Failed to load resource: Could not connect to the server. @ http://localhost:4401/api/billing/ai-credits/summary:0
[ 5819943ms] [ERROR] Failed to load resource: Could not connect to the server. @ http://localhost:4401/dashboard/overview:0
[ 5819945ms] [ERROR] Failed to load resource: Could not connect to the server. @ http://localhost:4401/dashboard/alerts?limit=6:0
[ 5820289ms] [ERROR] Failed to load resource: Could not connect to the server. @ http://localhost:4401/api/billing/ai-credits/summary:0
[ 5849490ms] [ERROR] Failed to load resource: Could not connect to the server. @ http://localhost:4401/api/billing/ai-credits/summary:0
[ 5849696ms] [ERROR] Failed to load resource: Could not connect to the server. @ http://localhost:4401/api/billing/ai-credits/summary:0
[ 5850307ms] [ERROR] Failed to load resource: Could not connect to the server. @ http://localhost:4401/api/billing/ai-credits/summary:0
[ 5879120ms] [ERROR] Failed to load resource: Could not connect to the server. @ http://localhost:4401/dashboard/overview:0
[ 5879121ms] [ERROR] Failed to load resource: Could not connect to the server. @ http://localhost:4401/dashboard/alerts?limit=6:0
[ 5879334ms] [ERROR] Failed to load resource: Could not connect to the server. @ http://localhost:4401/dashboard/overview:0
[ 5879335ms] [ERROR] Failed to load resource: Could not connect to the server. @ http://localhost:4401/dashboard/alerts?limit=6:0
[ 5879491ms] [ERROR] Failed to load resource: Could not connect to the server. @ http://localhost:4401/api/billing/ai-credits/summary:0
[ 5879704ms] [ERROR] Failed to load resource: Could not connect to the server. @ http://localhost:4401/api/billing/ai-credits/summary:0
[ 5879942ms] [ERROR] Failed to load resource: Could not connect to the server. @ http://localhost:4401/dashboard/overview:0
[ 5879943ms] [ERROR] Failed to load resource: Could not connect to the server. @ http://localhost:4401/dashboard/alerts?limit=6:0
[ 5880307ms] [ERROR] Failed to load resource: Could not connect to the server. @ http://localhost:4401/api/billing/ai-credits/summary:0
[ 5909492ms] [ERROR] Failed to load resource: Could not connect to the server. @ http://localhost:4401/api/billing/ai-credits/summary:0
[ 5909696ms] [ERROR] Failed to load resource: Could not connect to the server. @ http://localhost:4401/api/billing/ai-credits/summary:0
[ 5910309ms] [ERROR] Failed to load resource: Could not connect to the server. @ http://localhost:4401/api/billing/ai-credits/summary:0
[ 5939125ms] [ERROR] Failed to load resource: Could not connect to the server. @ http://localhost:4401/dashboard/overview:0
[ 5939126ms] [ERROR] Failed to load resource: Could not connect to the server. @ http://localhost:4401/dashboard/alerts?limit=6:0
[ 5939340ms] [ERROR] Failed to load resource: Could not connect to the server. @ http://localhost:4401/dashboard/overview:0
[ 5939341ms] [ERROR] Failed to load resource: Could not connect to the server. @ http://localhost:4401/dashboard/alerts?limit=6:0
[ 5939500ms] [ERROR] Failed to load resource: Could not connect to the server. @ http://localhost:4401/api/billing/ai-credits/summary:0
[ 5939712ms] [ERROR] Failed to load resource: Could not connect to the server. @ http://localhost:4401/api/billing/ai-credits/summary:0
[ 5939947ms] [ERROR] Failed to load resource: Could not connect to the server. @ http://localhost:4401/dashboard/overview:0
[ 5939949ms] [ERROR] Failed to load resource: Could not connect to the server. @ http://localhost:4401/dashboard/alerts?limit=6:0
[ 5940325ms] [ERROR] Failed to load resource: Could not connect to the server. @ http://localhost:4401/api/billing/ai-credits/summary:0
[ 5969507ms] [ERROR] Failed to load resource: Could not connect to the server. @ http://localhost:4401/api/billing/ai-credits/summary:0
[ 5969711ms] [ERROR] Failed to load resource: Could not connect to the server. @ http://localhost:4401/api/billing/ai-credits/summary:0
[ 5970321ms] [ERROR] Failed to load resource: Could not connect to the server. @ http://localhost:4401/api/billing/ai-credits/summary:0
[ 5999126ms] [ERROR] Failed to load resource: Could not connect to the server. @ http://localhost:4401/dashboard/overview:0
[ 5999127ms] [ERROR] Failed to load resource: Could not connect to the server. @ http://localhost:4401/dashboard/alerts?limit=6:0
[ 5999341ms] [ERROR] Failed to load resource: Could not connect to the server. @ http://localhost:4401/dashboard/overview:0
[ 5999342ms] [ERROR] Failed to load resource: Could not connect to the server. @ http://localhost:4401/dashboard/alerts?limit=6:0
[ 5999509ms] [ERROR] Failed to load resource: Could not connect to the server. @ http://localhost:4401/api/billing/ai-credits/summary:0
[ 5999719ms] [ERROR] Failed to load resource: Could not connect to the server. @ http://localhost:4401/api/billing/ai-credits/summary:0
[ 5999948ms] [ERROR] Failed to load resource: Could not connect to the server. @ http://localhost:4401/dashboard/overview:0
[ 5999949ms] [ERROR] Failed to load resource: Could not connect to the server. @ http://localhost:4401/dashboard/alerts?limit=6:0
[ 6000332ms] [ERROR] Failed to load resource: Could not connect to the server. @ http://localhost:4401/api/billing/ai-credits/summary:0
[ 6029509ms] [ERROR] Failed to load resource: Could not connect to the server. @ http://localhost:4401/api/billing/ai-credits/summary:0
[ 6029712ms] [ERROR] Failed to load resource: Could not connect to the server. @ http://localhost:4401/api/billing/ai-credits/summary:0
[ 6030321ms] [ERROR] Failed to load resource: Could not connect to the server. @ http://localhost:4401/api/billing/ai-credits/summary:0
[ 6059136ms] [ERROR] Failed to load resource: Could not connect to the server. @ http://localhost:4401/dashboard/overview:0
[ 6059137ms] [ERROR] Failed to load resource: Could not connect to the server. @ http://localhost:4401/dashboard/alerts?limit=6:0
[ 6059346ms] [ERROR] Failed to load resource: Could not connect to the server. @ http://localhost:4401/dashboard/overview:0
[ 6059347ms] [ERROR] Failed to load resource: Could not connect to the server. @ http://localhost:4401/dashboard/alerts?limit=6:0
[ 6059511ms] [ERROR] Failed to load resource: Could not connect to the server. @ http://localhost:4401/api/billing/ai-credits/summary:0
[ 6059720ms] [ERROR] Failed to load resource: Could not connect to the server. @ http://localhost:4401/api/billing/ai-credits/summary:0
[ 6059952ms] [ERROR] Failed to load resource: Could not connect to the server. @ http://localhost:4401/dashboard/overview:0
[ 6059953ms] [ERROR] Failed to load resource: Could not connect to the server. @ http://localhost:4401/dashboard/alerts?limit=6:0
[ 6060326ms] [ERROR] Failed to load resource: Could not connect to the server. @ http://localhost:4401/api/billing/ai-credits/summary:0
[ 6089522ms] [ERROR] Failed to load resource: Could not connect to the server. @ http://localhost:4401/api/billing/ai-credits/summary:0
[ 6089726ms] [ERROR] Failed to load resource: Could not connect to the server. @ http://localhost:4401/api/billing/ai-credits/summary:0
[ 6090339ms] [ERROR] Failed to load resource: Could not connect to the server. @ http://localhost:4401/api/billing/ai-credits/summary:0
[ 6119140ms] [ERROR] Failed to load resource: Could not connect to the server. @ http://localhost:4401/dashboard/overview:0
[ 6119141ms] [ERROR] Failed to load resource: Could not connect to the server. @ http://localhost:4401/dashboard/alerts?limit=6:0
[ 6119355ms] [ERROR] Failed to load resource: Could not connect to the server. @ http://localhost:4401/dashboard/overview:0
[ 6119356ms] [ERROR] Failed to load resource: Could not connect to the server. @ http://localhost:4401/dashboard/alerts?limit=6:0
[ 6119527ms] [ERROR] Failed to load resource: Could not connect to the server. @ http://localhost:4401/api/billing/ai-credits/summary:0
[ 6119737ms] [ERROR] Failed to load resource: Could not connect to the server. @ http://localhost:4401/api/billing/ai-credits/summary:0
[ 6119961ms] [ERROR] Failed to load resource: Could not connect to the server. @ http://localhost:4401/dashboard/overview:0
[ 6119962ms] [ERROR] Failed to load resource: Could not connect to the server. @ http://localhost:4401/dashboard/alerts?limit=6:0
[ 6120351ms] [ERROR] Failed to load resource: Could not connect to the server. @ http://localhost:4401/api/billing/ai-credits/summary:0
[ 6149526ms] [ERROR] Failed to load resource: Could not connect to the server. @ http://localhost:4401/api/billing/ai-credits/summary:0
[ 6149729ms] [ERROR] Failed to load resource: Could not connect to the server. @ http://localhost:4401/api/billing/ai-credits/summary:0
[ 6150343ms] [ERROR] Failed to load resource: Could not connect to the server. @ http://localhost:4401/api/billing/ai-credits/summary:0
[ 6179144ms] [ERROR] Failed to load resource: Could not connect to the server. @ http://localhost:4401/dashboard/overview:0
[ 6179145ms] [ERROR] Failed to load resource: Could not connect to the server. @ http://localhost:4401/dashboard/alerts?limit=6:0
[ 6179358ms] [ERROR] Failed to load resource: Could not connect to the server. @ http://localhost:4401/dashboard/overview:0
[ 6179359ms] [ERROR] Failed to load resource: Could not connect to the server. @ http://localhost:4401/dashboard/alerts?limit=6:0
[ 6179537ms] [ERROR] Failed to load resource: Could not connect to the server. @ http://localhost:4401/api/billing/ai-credits/summary:0
[ 6179750ms] [ERROR] Failed to load resource: Could not connect to the server. @ http://localhost:4401/api/billing/ai-credits/summary:0
[ 6179963ms] [ERROR] Failed to load resource: Could not connect to the server. @ http://localhost:4401/dashboard/overview:0
[ 6179964ms] [ERROR] Failed to load resource: Could not connect to the server. @ http://localhost:4401/dashboard/alerts?limit=6:0
[ 6180355ms] [ERROR] Failed to load resource: Could not connect to the server. @ http://localhost:4401/api/billing/ai-credits/summary:0
[ 6209535ms] [ERROR] Failed to load resource: Could not connect to the server. @ http://localhost:4401/api/billing/ai-credits/summary:0
[ 6209739ms] [ERROR] Failed to load resource: Could not connect to the server. @ http://localhost:4401/api/billing/ai-credits/summary:0
[ 6210351ms] [ERROR] Failed to load resource: Could not connect to the server. @ http://localhost:4401/api/billing/ai-credits/summary:0
[ 6239151ms] [ERROR] Failed to load resource: Could not connect to the server. @ http://localhost:4401/dashboard/overview:0
[ 6239152ms] [ERROR] Failed to load resource: Could not connect to the server. @ http://localhost:4401/dashboard/alerts?limit=6:0
[ 6239361ms] [ERROR] Failed to load resource: Could not connect to the server. @ http://localhost:4401/dashboard/overview:0
[ 6239362ms] [ERROR] Failed to load resource: Could not connect to the server. @ http://localhost:4401/dashboard/alerts?limit=6:0
[ 6239535ms] [ERROR] Failed to load resource: Could not connect to the server. @ http://localhost:4401/api/billing/ai-credits/summary:0
[ 6239741ms] [ERROR] Failed to load resource: Could not connect to the server. @ http://localhost:4401/api/billing/ai-credits/summary:0
[ 6239975ms] [ERROR] Failed to load resource: Could not connect to the server. @ http://localhost:4401/dashboard/overview:0
[ 6239977ms] [ERROR] Failed to load resource: Could not connect to the server. @ http://localhost:4401/dashboard/alerts?limit=6:0
[ 6240355ms] [ERROR] Failed to load resource: Could not connect to the server. @ http://localhost:4401/api/billing/ai-credits/summary:0
[ 6269544ms] [ERROR] Failed to load resource: Could not connect to the server. @ http://localhost:4401/api/billing/ai-credits/summary:0
[ 6269747ms] [ERROR] Failed to load resource: Could not connect to the server. @ http://localhost:4401/api/billing/ai-credits/summary:0
[ 6270359ms] [ERROR] Failed to load resource: Could not connect to the server. @ http://localhost:4401/api/billing/ai-credits/summary:0
[ 6299154ms] [ERROR] Failed to load resource: Could not connect to the server. @ http://localhost:4401/dashboard/overview:0
[ 6299155ms] [ERROR] Failed to load resource: Could not connect to the server. @ http://localhost:4401/dashboard/alerts?limit=6:0
[ 6299367ms] [ERROR] Failed to load resource: Could not connect to the server. @ http://localhost:4401/dashboard/overview:0
[ 6299368ms] [ERROR] Failed to load resource: Could not connect to the server. @ http://localhost:4401/dashboard/alerts?limit=6:0
[ 6299553ms] [ERROR] Failed to load resource: Could not connect to the server. @ http://localhost:4401/api/billing/ai-credits/summary:0
[ 6299764ms] [ERROR] Failed to load resource: Could not connect to the server. @ http://localhost:4401/api/billing/ai-credits/summary:0
[ 6299980ms] [ERROR] Failed to load resource: Could not connect to the server. @ http://localhost:4401/dashboard/overview:0
[ 6299981ms] [ERROR] Failed to load resource: Could not connect to the server. @ http://localhost:4401/dashboard/alerts?limit=6:0
[ 6300369ms] [ERROR] Failed to load resource: Could not connect to the server. @ http://localhost:4401/api/billing/ai-credits/summary:0
[ 6329553ms] [ERROR] Failed to load resource: Could not connect to the server. @ http://localhost:4401/api/billing/ai-credits/summary:0
[ 6329758ms] [ERROR] Failed to load resource: Could not connect to the server. @ http://localhost:4401/api/billing/ai-credits/summary:0
[ 6330369ms] [ERROR] Failed to load resource: Could not connect to the server. @ http://localhost:4401/api/billing/ai-credits/summary:0
[ 6359157ms] [ERROR] Failed to load resource: Could not connect to the server. @ http://localhost:4401/dashboard/overview:0
[ 6359158ms] [ERROR] Failed to load resource: Could not connect to the server. @ http://localhost:4401/dashboard/alerts?limit=6:0
[ 6359367ms] [ERROR] Failed to load resource: Could not connect to the server. @ http://localhost:4401/dashboard/overview:0
[ 6359368ms] [ERROR] Failed to load resource: Could not connect to the server. @ http://localhost:4401/dashboard/alerts?limit=6:0
[ 6359559ms] [ERROR] Failed to load resource: Could not connect to the server. @ http://localhost:4401/api/billing/ai-credits/summary:0
[ 6359768ms] [ERROR] Failed to load resource: Could not connect to the server. @ http://localhost:4401/api/billing/ai-credits/summary:0
[ 6359973ms] [ERROR] Failed to load resource: Could not connect to the server. @ http://localhost:4401/dashboard/overview:0
[ 6359973ms] [ERROR] Failed to load resource: Could not connect to the server. @ http://localhost:4401/dashboard/alerts?limit=6:0
[ 6360375ms] [ERROR] Failed to load resource: Could not connect to the server. @ http://localhost:4401/api/billing/ai-credits/summary:0
[ 6389560ms] [ERROR] Failed to load resource: Could not connect to the server. @ http://localhost:4401/api/billing/ai-credits/summary:0
[ 6389763ms] [ERROR] Failed to load resource: Could not connect to the server. @ http://localhost:4401/api/billing/ai-credits/summary:0
[ 6390375ms] [ERROR] Failed to load resource: Could not connect to the server. @ http://localhost:4401/api/billing/ai-credits/summary:0
[ 6419161ms] [ERROR] Failed to load resource: Could not connect to the server. @ http://localhost:4401/dashboard/overview:0
[ 6419162ms] [ERROR] Failed to load resource: Could not connect to the server. @ http://localhost:4401/dashboard/alerts?limit=6:0
[ 6419375ms] [ERROR] Failed to load resource: Could not connect to the server. @ http://localhost:4401/dashboard/overview:0
[ 6419376ms] [ERROR] Failed to load resource: Could not connect to the server. @ http://localhost:4401/dashboard/alerts?limit=6:0
[ 6419571ms] [ERROR] Failed to load resource: Could not connect to the server. @ http://localhost:4401/api/billing/ai-credits/summary:0
[ 6419782ms] [ERROR] Failed to load resource: Could not connect to the server. @ http://localhost:4401/api/billing/ai-credits/summary:0
[ 6419983ms] [ERROR] Failed to load resource: Could not connect to the server. @ http://localhost:4401/dashboard/overview:0
[ 6419984ms] [ERROR] Failed to load resource: Could not connect to the server. @ http://localhost:4401/dashboard/alerts?limit=6:0
[ 6420387ms] [ERROR] Failed to load resource: Could not connect to the server. @ http://localhost:4401/api/billing/ai-credits/summary:0
[ 6449576ms] [ERROR] Failed to load resource: Could not connect to the server. @ http://localhost:4401/api/billing/ai-credits/summary:0
[ 6449780ms] [ERROR] Failed to load resource: Could not connect to the server. @ http://localhost:4401/api/billing/ai-credits/summary:0
[ 6450393ms] [ERROR] Failed to load resource: Could not connect to the server. @ http://localhost:4401/api/billing/ai-credits/summary:0
[ 6479170ms] [ERROR] Failed to load resource: Could not connect to the server. @ http://localhost:4401/dashboard/overview:0
[ 6479171ms] [ERROR] Failed to load resource: Could not connect to the server. @ http://localhost:4401/dashboard/alerts?limit=6:0
[ 6479381ms] [ERROR] Failed to load resource: Could not connect to the server. @ http://localhost:4401/dashboard/overview:0
[ 6479382ms] [ERROR] Failed to load resource: Could not connect to the server. @ http://localhost:4401/dashboard/alerts?limit=6:0
[ 6479581ms] [ERROR] Failed to load resource: Could not connect to the server. @ http://localhost:4401/api/billing/ai-credits/summary:0
[ 6479791ms] [ERROR] Failed to load resource: Could not connect to the server. @ http://localhost:4401/api/billing/ai-credits/summary:0
[ 6479992ms] [ERROR] Failed to load resource: Could not connect to the server. @ http://localhost:4401/dashboard/overview:0
[ 6479993ms] [ERROR] Failed to load resource: Could not connect to the server. @ http://localhost:4401/dashboard/alerts?limit=6:0
[ 6480395ms] [ERROR] Failed to load resource: Could not connect to the server. @ http://localhost:4401/api/billing/ai-credits/summary:0
[ 6509583ms] [ERROR] Failed to load resource: Could not connect to the server. @ http://localhost:4401/api/billing/ai-credits/summary:0
[ 6509788ms] [ERROR] Failed to load resource: Could not connect to the server. @ http://localhost:4401/api/billing/ai-credits/summary:0
[ 6510400ms] [ERROR] Failed to load resource: Could not connect to the server. @ http://localhost:4401/api/billing/ai-credits/summary:0
[ 6539172ms] [ERROR] Failed to load resource: Could not connect to the server. @ http://localhost:4401/dashboard/overview:0
[ 6539173ms] [ERROR] Failed to load resource: Could not connect to the server. @ http://localhost:4401/dashboard/alerts?limit=6:0
[ 6539384ms] [ERROR] Failed to load resource: Could not connect to the server. @ http://localhost:4401/dashboard/overview:0
[ 6539385ms] [ERROR] Failed to load resource: Could not connect to the server. @ http://localhost:4401/dashboard/alerts?limit=6:0
[ 6539588ms] [ERROR] Failed to load resource: Could not connect to the server. @ http://localhost:4401/api/billing/ai-credits/summary:0
[ 6539799ms] [ERROR] Failed to load resource: Could not connect to the server. @ http://localhost:4401/api/billing/ai-credits/summary:0
[ 6539991ms] [ERROR] Failed to load resource: Could not connect to the server. @ http://localhost:4401/dashboard/overview:0
[ 6539992ms] [ERROR] Failed to load resource: Could not connect to the server. @ http://localhost:4401/dashboard/alerts?limit=6:0
[ 6540406ms] [ERROR] Failed to load resource: Could not connect to the server. @ http://localhost:4401/api/billing/ai-credits/summary:0
[ 6569593ms] [ERROR] Failed to load resource: Could not connect to the server. @ http://localhost:4401/api/billing/ai-credits/summary:0
[ 6569798ms] [ERROR] Failed to load resource: Could not connect to the server. @ http://localhost:4401/api/billing/ai-credits/summary:0
[ 6570413ms] [ERROR] Failed to load resource: Could not connect to the server. @ http://localhost:4401/api/billing/ai-credits/summary:0
[ 6599173ms] [ERROR] Failed to load resource: Could not connect to the server. @ http://localhost:4401/dashboard/overview:0
[ 6599174ms] [ERROR] Failed to load resource: Could not connect to the server. @ http://localhost:4401/dashboard/alerts?limit=6:0
[ 6599387ms] [ERROR] Failed to load resource: Could not connect to the server. @ http://localhost:4401/dashboard/overview:0
[ 6599388ms] [ERROR] Failed to load resource: Could not connect to the server. @ http://localhost:4401/dashboard/alerts?limit=6:0
[ 6599597ms] [ERROR] Failed to load resource: Could not connect to the server. @ http://localhost:4401/api/billing/ai-credits/summary:0
[ 6599808ms] [ERROR] Failed to load resource: Could not connect to the server. @ http://localhost:4401/api/billing/ai-credits/summary:0
[ 6599994ms] [ERROR] Failed to load resource: Could not connect to the server. @ http://localhost:4401/dashboard/overview:0
[ 6599995ms] [ERROR] Failed to load resource: Could not connect to the server. @ http://localhost:4401/dashboard/alerts?limit=6:0
[ 6600414ms] [ERROR] Failed to load resource: Could not connect to the server. @ http://localhost:4401/api/billing/ai-credits/summary:0
[ 6629602ms] [ERROR] Failed to load resource: Could not connect to the server. @ http://localhost:4401/api/billing/ai-credits/summary:0
[ 6629807ms] [ERROR] Failed to load resource: Could not connect to the server. @ http://localhost:4401/api/billing/ai-credits/summary:0
[ 6630419ms] [ERROR] Failed to load resource: Could not connect to the server. @ http://localhost:4401/api/billing/ai-credits/summary:0
[ 6659181ms] [ERROR] Failed to load resource: Could not connect to the server. @ http://localhost:4401/dashboard/overview:0
[ 6659182ms] [ERROR] Failed to load resource: Could not connect to the server. @ http://localhost:4401/dashboard/alerts?limit=6:0
[ 6659394ms] [ERROR] Failed to load resource: Could not connect to the server. @ http://localhost:4401/dashboard/overview:0
[ 6659395ms] [ERROR] Failed to load resource: Could not connect to the server. @ http://localhost:4401/dashboard/alerts?limit=6:0
[ 6659606ms] [ERROR] Failed to load resource: Could not connect to the server. @ http://localhost:4401/api/billing/ai-credits/summary:0
[ 6659812ms] [ERROR] Failed to load resource: Could not connect to the server. @ http://localhost:4401/api/billing/ai-credits/summary:0
[ 6660000ms] [ERROR] Failed to load resource: Could not connect to the server. @ http://localhost:4401/dashboard/overview:0
[ 6660001ms] [ERROR] Failed to load resource: Could not connect to the server. @ http://localhost:4401/dashboard/alerts?limit=6:0
[ 6660418ms] [ERROR] Failed to load resource: Could not connect to the server. @ http://localhost:4401/api/billing/ai-credits/summary:0
[ 6689604ms] [ERROR] Failed to load resource: Could not connect to the server. @ http://localhost:4401/api/billing/ai-credits/summary:0
[ 6689809ms] [ERROR] Failed to load resource: Could not connect to the server. @ http://localhost:4401/api/billing/ai-credits/summary:0
[ 6690423ms] [ERROR] Failed to load resource: Could not connect to the server. @ http://localhost:4401/api/billing/ai-credits/summary:0
[ 6719184ms] [ERROR] Failed to load resource: Could not connect to the server. @ http://localhost:4401/dashboard/overview:0
[ 6719185ms] [ERROR] Failed to load resource: Could not connect to the server. @ http://localhost:4401/dashboard/alerts?limit=6:0
[ 6719398ms] [ERROR] Failed to load resource: Could not connect to the server. @ http://localhost:4401/dashboard/overview:0
[ 6719399ms] [ERROR] Failed to load resource: Could not connect to the server. @ http://localhost:4401/dashboard/alerts?limit=6:0
[ 6719615ms] [ERROR] Failed to load resource: Could not connect to the server. @ http://localhost:4401/api/billing/ai-credits/summary:0
[ 6719826ms] [ERROR] Failed to load resource: Could not connect to the server. @ http://localhost:4401/api/billing/ai-credits/summary:0
[ 6720011ms] [ERROR] Failed to load resource: Could not connect to the server. @ http://localhost:4401/dashboard/overview:0
[ 6720012ms] [ERROR] Failed to load resource: Could not connect to the server. @ http://localhost:4401/dashboard/alerts?limit=6:0
[ 6720431ms] [ERROR] Failed to load resource: Could not connect to the server. @ http://localhost:4401/api/billing/ai-credits/summary:0
[ 6749612ms] [ERROR] Failed to load resource: Could not connect to the server. @ http://localhost:4401/api/billing/ai-credits/summary:0
[ 6749817ms] [ERROR] Failed to load resource: Could not connect to the server. @ http://localhost:4401/api/billing/ai-credits/summary:0
[ 6750428ms] [ERROR] Failed to load resource: Could not connect to the server. @ http://localhost:4401/api/billing/ai-credits/summary:0
[ 6779190ms] [ERROR] Failed to load resource: Could not connect to the server. @ http://localhost:4401/dashboard/overview:0
[ 6779191ms] [ERROR] Failed to load resource: Could not connect to the server. @ http://localhost:4401/dashboard/alerts?limit=6:0
[ 6779404ms] [ERROR] Failed to load resource: Could not connect to the server. @ http://localhost:4401/dashboard/overview:0
[ 6779406ms] [ERROR] Failed to load resource: Could not connect to the server. @ http://localhost:4401/dashboard/alerts?limit=6:0
[ 6779624ms] [ERROR] Failed to load resource: Could not connect to the server. @ http://localhost:4401/api/billing/ai-credits/summary:0
[ 6779827ms] [ERROR] Failed to load resource: Could not connect to the server. @ http://localhost:4401/api/billing/ai-credits/summary:0
[ 6780009ms] [ERROR] Failed to load resource: Could not connect to the server. @ http://localhost:4401/dashboard/overview:0
[ 6780010ms] [ERROR] Failed to load resource: Could not connect to the server. @ http://localhost:4401/dashboard/alerts?limit=6:0
[ 6780437ms] [ERROR] Failed to load resource: Could not connect to the server. @ http://localhost:4401/api/billing/ai-credits/summary:0
[ 6809630ms] [ERROR] Failed to load resource: Could not connect to the server. @ http://localhost:4401/api/billing/ai-credits/summary:0
[ 6809835ms] [ERROR] Failed to load resource: Could not connect to the server. @ http://localhost:4401/api/billing/ai-credits/summary:0
[ 6810447ms] [ERROR] Failed to load resource: Could not connect to the server. @ http://localhost:4401/api/billing/ai-credits/summary:0
[ 6839193ms] [ERROR] Failed to load resource: Could not connect to the server. @ http://localhost:4401/dashboard/overview:0
[ 6839194ms] [ERROR] Failed to load resource: Could not connect to the server. @ http://localhost:4401/dashboard/alerts?limit=6:0
[ 6839406ms] [ERROR] Failed to load resource: Could not connect to the server. @ http://localhost:4401/dashboard/overview:0
[ 6839407ms] [ERROR] Failed to load resource: Could not connect to the server. @ http://localhost:4401/dashboard/alerts?limit=6:0
[ 6839626ms] [ERROR] Failed to load resource: Could not connect to the server. @ http://localhost:4401/api/billing/ai-credits/summary:0
[ 6839831ms] [ERROR] Failed to load resource: Could not connect to the server. @ http://localhost:4401/api/billing/ai-credits/summary:0
[ 6840018ms] [ERROR] Failed to load resource: Could not connect to the server. @ http://localhost:4401/dashboard/overview:0
[ 6840019ms] [ERROR] Failed to load resource: Could not connect to the server. @ http://localhost:4401/dashboard/alerts?limit=6:0
[ 6840444ms] [ERROR] Failed to load resource: Could not connect to the server. @ http://localhost:4401/api/billing/ai-credits/summary:0
[ 6869637ms] [ERROR] Failed to load resource: Could not connect to the server. @ http://localhost:4401/api/billing/ai-credits/summary:0
[ 6869847ms] [ERROR] Failed to load resource: Could not connect to the server. @ http://localhost:4401/api/billing/ai-credits/summary:0
[ 6870454ms] [ERROR] Failed to load resource: Could not connect to the server. @ http://localhost:4401/api/billing/ai-credits/summary:0
[ 6899202ms] [ERROR] Failed to load resource: Could not connect to the server. @ http://localhost:4401/dashboard/overview:0
[ 6899203ms] [ERROR] Failed to load resource: Could not connect to the server. @ http://localhost:4401/dashboard/alerts?limit=6:0
[ 6899414ms] [ERROR] Failed to load resource: Could not connect to the server. @ http://localhost:4401/dashboard/overview:0
[ 6899416ms] [ERROR] Failed to load resource: Could not connect to the server. @ http://localhost:4401/dashboard/alerts?limit=6:0
[ 6899645ms] [ERROR] Failed to load resource: Could not connect to the server. @ http://localhost:4401/api/billing/ai-credits/summary:0
[ 6899857ms] [ERROR] Failed to load resource: Could not connect to the server. @ http://localhost:4401/api/billing/ai-credits/summary:0
[ 6900025ms] [ERROR] Failed to load resource: Could not connect to the server. @ http://localhost:4401/dashboard/overview:0
[ 6900026ms] [ERROR] Failed to load resource: Could not connect to the server. @ http://localhost:4401/dashboard/alerts?limit=6:0
[ 6900465ms] [ERROR] Failed to load resource: Could not connect to the server. @ http://localhost:4401/api/billing/ai-credits/summary:0
[ 6929646ms] [ERROR] Failed to load resource: Could not connect to the server. @ http://localhost:4401/api/billing/ai-credits/summary:0
[ 6929851ms] [ERROR] Failed to load resource: Could not connect to the server. @ http://localhost:4401/api/billing/ai-credits/summary:0
[ 6930464ms] [ERROR] Failed to load resource: Could not connect to the server. @ http://localhost:4401/api/billing/ai-credits/summary:0
[ 6959200ms] [ERROR] Failed to load resource: Could not connect to the server. @ http://localhost:4401/dashboard/overview:0
[ 6959201ms] [ERROR] Failed to load resource: Could not connect to the server. @ http://localhost:4401/dashboard/alerts?limit=6:0
[ 6959404ms] [ERROR] Failed to load resource: Could not connect to the server. @ http://localhost:4401/dashboard/overview:0
[ 6959404ms] [ERROR] Failed to load resource: Could not connect to the server. @ http://localhost:4401/dashboard/alerts?limit=6:0
[ 6959647ms] [ERROR] Failed to load resource: Could not connect to the server. @ http://localhost:4401/api/billing/ai-credits/summary:0
[ 6959855ms] [ERROR] Failed to load resource: Could not connect to the server. @ http://localhost:4401/api/billing/ai-credits/summary:0
[ 6960014ms] [ERROR] Failed to load resource: Could not connect to the server. @ http://localhost:4401/dashboard/overview:0
[ 6960016ms] [ERROR] Failed to load resource: Could not connect to the server. @ http://localhost:4401/dashboard/alerts?limit=6:0
[ 6960458ms] [ERROR] Failed to load resource: Could not connect to the server. @ http://localhost:4401/api/billing/ai-credits/summary:0
[ 6989652ms] [ERROR] Failed to load resource: Could not connect to the server. @ http://localhost:4401/api/billing/ai-credits/summary:0
[ 6989855ms] [ERROR] Failed to load resource: Could not connect to the server. @ http://localhost:4401/api/billing/ai-credits/summary:0
[ 6990468ms] [ERROR] Failed to load resource: Could not connect to the server. @ http://localhost:4401/api/billing/ai-credits/summary:0
[ 7019213ms] [ERROR] Failed to load resource: Could not connect to the server. @ http://localhost:4401/dashboard/overview:0
[ 7019215ms] [ERROR] Failed to load resource: Could not connect to the server. @ http://localhost:4401/dashboard/alerts?limit=6:0
[ 7019427ms] [ERROR] Failed to load resource: Could not connect to the server. @ http://localhost:4401/dashboard/overview:0
[ 7019428ms] [ERROR] Failed to load resource: Could not connect to the server. @ http://localhost:4401/dashboard/alerts?limit=6:0
[ 7019656ms] [ERROR] Failed to load resource: Could not connect to the server. @ http://localhost:4401/api/billing/ai-credits/summary:0
[ 7019864ms] [ERROR] Failed to load resource: Could not connect to the server. @ http://localhost:4401/api/billing/ai-credits/summary:0
[ 7020041ms] [ERROR] Failed to load resource: Could not connect to the server. @ http://localhost:4401/dashboard/overview:0
[ 7020042ms] [ERROR] Failed to load resource: Could not connect to the server. @ http://localhost:4401/dashboard/alerts?limit=6:0
[ 7020469ms] [ERROR] Failed to load resource: Could not connect to the server. @ http://localhost:4401/api/billing/ai-credits/summary:0
[ 7049662ms] [ERROR] Failed to load resource: Could not connect to the server. @ http://localhost:4401/api/billing/ai-credits/summary:0
[ 7049867ms] [ERROR] Failed to load resource: Could not connect to the server. @ http://localhost:4401/api/billing/ai-credits/summary:0
[ 7050478ms] [ERROR] Failed to load resource: Could not connect to the server. @ http://localhost:4401/api/billing/ai-credits/summary:0
[ 7079217ms] [ERROR] Failed to load resource: Could not connect to the server. @ http://localhost:4401/dashboard/overview:0
[ 7079217ms] [ERROR] Failed to load resource: Could not connect to the server. @ http://localhost:4401/dashboard/alerts?limit=6:0
[ 7079430ms] [ERROR] Failed to load resource: Could not connect to the server. @ http://localhost:4401/dashboard/overview:0
[ 7079432ms] [ERROR] Failed to load resource: Could not connect to the server. @ http://localhost:4401/dashboard/alerts?limit=6:0
[ 7079666ms] [ERROR] Failed to load resource: Could not connect to the server. @ http://localhost:4401/api/billing/ai-credits/summary:0
[ 7079872ms] [ERROR] Failed to load resource: Could not connect to the server. @ http://localhost:4401/api/billing/ai-credits/summary:0
[ 7080035ms] [ERROR] Failed to load resource: Could not connect to the server. @ http://localhost:4401/dashboard/overview:0
[ 7080036ms] [ERROR] Failed to load resource: Could not connect to the server. @ http://localhost:4401/dashboard/alerts?limit=6:0
[ 7080483ms] [ERROR] Failed to load resource: Could not connect to the server. @ http://localhost:4401/api/billing/ai-credits/summary:0
[ 7109666ms] [ERROR] Failed to load resource: Could not connect to the server. @ http://localhost:4401/api/billing/ai-credits/summary:0
[ 7109869ms] [ERROR] Failed to load resource: Could not connect to the server. @ http://localhost:4401/api/billing/ai-credits/summary:0
[ 7110480ms] [ERROR] Failed to load resource: Could not connect to the server. @ http://localhost:4401/api/billing/ai-credits/summary:0
[ 7139223ms] [ERROR] Failed to load resource: Could not connect to the server. @ http://localhost:4401/dashboard/overview:0
[ 7139224ms] [ERROR] Failed to load resource: Could not connect to the server. @ http://localhost:4401/dashboard/alerts?limit=6:0
[ 7139436ms] [ERROR] Failed to load resource: Could not connect to the server. @ http://localhost:4401/dashboard/overview:0
[ 7139437ms] [ERROR] Failed to load resource: Could not connect to the server. @ http://localhost:4401/dashboard/alerts?limit=6:0
[ 7139678ms] [ERROR] Failed to load resource: Could not connect to the server. @ http://localhost:4401/api/billing/ai-credits/summary:0
[ 7139886ms] [ERROR] Failed to load resource: Could not connect to the server. @ http://localhost:4401/api/billing/ai-credits/summary:0
[ 7140050ms] [ERROR] Failed to load resource: Could not connect to the server. @ http://localhost:4401/dashboard/overview:0
[ 7140051ms] [ERROR] Failed to load resource: Could not connect to the server. @ http://localhost:4401/dashboard/alerts?limit=6:0
[ 7140490ms] [ERROR] Failed to load resource: Could not connect to the server. @ http://localhost:4401/api/billing/ai-credits/summary:0
[ 7169673ms] [ERROR] Failed to load resource: Could not connect to the server. @ http://localhost:4401/api/billing/ai-credits/summary:0
[ 7169880ms] [ERROR] Failed to load resource: Could not connect to the server. @ http://localhost:4401/api/billing/ai-credits/summary:0
[ 7170487ms] [ERROR] Failed to load resource: Could not connect to the server. @ http://localhost:4401/api/billing/ai-credits/summary:0
[ 7199222ms] [ERROR] Failed to load resource: Could not connect to the server. @ http://localhost:4401/dashboard/overview:0
[ 7199222ms] [ERROR] Failed to load resource: Could not connect to the server. @ http://localhost:4401/dashboard/alerts?limit=6:0
[ 7199436ms] [ERROR] Failed to load resource: Could not connect to the server. @ http://localhost:4401/dashboard/overview:0
[ 7199437ms] [ERROR] Failed to load resource: Could not connect to the server. @ http://localhost:4401/dashboard/alerts?limit=6:0
[ 7199686ms] [ERROR] Failed to load resource: Could not connect to the server. @ http://localhost:4401/api/billing/ai-credits/summary:0
[ 7199894ms] [ERROR] Failed to load resource: Could not connect to the server. @ http://localhost:4401/api/billing/ai-credits/summary:0
[ 7200043ms] [ERROR] Failed to load resource: Could not connect to the server. @ http://localhost:4401/dashboard/overview:0
[ 7200044ms] [ERROR] Failed to load resource: Could not connect to the server. @ http://localhost:4401/dashboard/alerts?limit=6:0
[ 7200506ms] [ERROR] Failed to load resource: Could not connect to the server. @ http://localhost:4401/api/billing/ai-credits/summary:0
[ 7229682ms] [ERROR] Failed to load resource: Could not connect to the server. @ http://localhost:4401/api/billing/ai-credits/summary:0
[ 7229886ms] [ERROR] Failed to load resource: Could not connect to the server. @ http://localhost:4401/api/billing/ai-credits/summary:0
[ 7230498ms] [ERROR] Failed to load resource: Could not connect to the server. @ http://localhost:4401/api/billing/ai-credits/summary:0
[ 7259233ms] [ERROR] Failed to load resource: Could not connect to the server. @ http://localhost:4401/dashboard/overview:0
[ 7259234ms] [ERROR] Failed to load resource: Could not connect to the server. @ http://localhost:4401/dashboard/alerts?limit=6:0
[ 7259448ms] [ERROR] Failed to load resource: Could not connect to the server. @ http://localhost:4401/dashboard/overview:0
[ 7259449ms] [ERROR] Failed to load resource: Could not connect to the server. @ http://localhost:4401/dashboard/alerts?limit=6:0
[ 7259695ms] [ERROR] Failed to load resource: Could not connect to the server. @ http://localhost:4401/api/billing/ai-credits/summary:0
[ 7259908ms] [ERROR] Failed to load resource: Could not connect to the server. @ http://localhost:4401/api/billing/ai-credits/summary:0
[ 7260060ms] [ERROR] Failed to load resource: Could not connect to the server. @ http://localhost:4401/dashboard/overview:0
[ 7260062ms] [ERROR] Failed to load resource: Could not connect to the server. @ http://localhost:4401/dashboard/alerts?limit=6:0
[ 7260512ms] [ERROR] Failed to load resource: Could not connect to the server. @ http://localhost:4401/api/billing/ai-credits/summary:0
[ 7289693ms] [ERROR] Failed to load resource: Could not connect to the server. @ http://localhost:4401/api/billing/ai-credits/summary:0
[ 7289898ms] [ERROR] Failed to load resource: Could not connect to the server. @ http://localhost:4401/api/billing/ai-credits/summary:0
[ 7290509ms] [ERROR] Failed to load resource: Could not connect to the server. @ http://localhost:4401/api/billing/ai-credits/summary:0
[ 7319237ms] [ERROR] Failed to load resource: Could not connect to the server. @ http://localhost:4401/dashboard/overview:0
[ 7319238ms] [ERROR] Failed to load resource: Could not connect to the server. @ http://localhost:4401/dashboard/alerts?limit=6:0
[ 7319451ms] [ERROR] Failed to load resource: Could not connect to the server. @ http://localhost:4401/dashboard/overview:0
[ 7319453ms] [ERROR] Failed to load resource: Could not connect to the server. @ http://localhost:4401/dashboard/alerts?limit=6:0
[ 7319705ms] [ERROR] Failed to load resource: Could not connect to the server. @ http://localhost:4401/api/billing/ai-credits/summary:0
[ 7319916ms] [ERROR] Failed to load resource: Could not connect to the server. @ http://localhost:4401/api/billing/ai-credits/summary:0
[ 7320057ms] [ERROR] Failed to load resource: Could not connect to the server. @ http://localhost:4401/dashboard/overview:0
[ 7320057ms] [ERROR] Failed to load resource: Could not connect to the server. @ http://localhost:4401/dashboard/alerts?limit=6:0
[ 7320528ms] [ERROR] Failed to load resource: Could not connect to the server. @ http://localhost:4401/api/billing/ai-credits/summary:0
[ 7349704ms] [ERROR] Failed to load resource: Could not connect to the server. @ http://localhost:4401/api/billing/ai-credits/summary:0
[ 7349909ms] [ERROR] Failed to load resource: Could not connect to the server. @ http://localhost:4401/api/billing/ai-credits/summary:0
[ 7350520ms] [ERROR] Failed to load resource: Could not connect to the server. @ http://localhost:4401/api/billing/ai-credits/summary:0
[ 7379241ms] [ERROR] Failed to load resource: Could not connect to the server. @ http://localhost:4401/dashboard/overview:0
[ 7379242ms] [ERROR] Failed to load resource: Could not connect to the server. @ http://localhost:4401/dashboard/alerts?limit=6:0
[ 7379452ms] [ERROR] Failed to load resource: Could not connect to the server. @ http://localhost:4401/dashboard/overview:0
[ 7379454ms] [ERROR] Failed to load resource: Could not connect to the server. @ http://localhost:4401/dashboard/alerts?limit=6:0
[ 7379704ms] [ERROR] Failed to load resource: Could not connect to the server. @ http://localhost:4401/api/billing/ai-credits/summary:0
[ 7379916ms] [ERROR] Failed to load resource: Could not connect to the server. @ http://localhost:4401/api/billing/ai-credits/summary:0
[ 7380064ms] [ERROR] Failed to load resource: Could not connect to the server. @ http://localhost:4401/dashboard/overview:0
[ 7380065ms] [ERROR] Failed to load resource: Could not connect to the server. @ http://localhost:4401/dashboard/alerts?limit=6:0
[ 7380522ms] [ERROR] Failed to load resource: Could not connect to the server. @ http://localhost:4401/api/billing/ai-credits/summary:0
[ 7409718ms] [ERROR] Failed to load resource: Could not connect to the server. @ http://localhost:4401/api/billing/ai-credits/summary:0
[ 7409933ms] [ERROR] Failed to load resource: Could not connect to the server. @ http://localhost:4401/api/billing/ai-credits/summary:0
[ 7410538ms] [ERROR] Failed to load resource: Could not connect to the server. @ http://localhost:4401/api/billing/ai-credits/summary:0
[ 7439249ms] [ERROR] Failed to load resource: Could not connect to the server. @ http://localhost:4401/dashboard/overview:0
[ 7439250ms] [ERROR] Failed to load resource: Could not connect to the server. @ http://localhost:4401/dashboard/alerts?limit=6:0
[ 7439460ms] [ERROR] Failed to load resource: Could not connect to the server. @ http://localhost:4401/dashboard/overview:0
[ 7439461ms] [ERROR] Failed to load resource: Could not connect to the server. @ http://localhost:4401/dashboard/alerts?limit=6:0
[ 7439721ms] [ERROR] Failed to load resource: Could not connect to the server. @ http://localhost:4401/api/billing/ai-credits/summary:0
[ 7439934ms] [ERROR] Failed to load resource: Could not connect to the server. @ http://localhost:4401/api/billing/ai-credits/summary:0
[ 7440074ms] [ERROR] Failed to load resource: Could not connect to the server. @ http://localhost:4401/dashboard/overview:0
[ 7440075ms] [ERROR] Failed to load resource: Could not connect to the server. @ http://localhost:4401/dashboard/alerts?limit=6:0
[ 7440539ms] [ERROR] Failed to load resource: Could not connect to the server. @ http://localhost:4401/api/billing/ai-credits/summary:0
[ 7469724ms] [ERROR] Failed to load resource: Could not connect to the server. @ http://localhost:4401/api/billing/ai-credits/summary:0
[ 7469932ms] [ERROR] Failed to load resource: Could not connect to the server. @ http://localhost:4401/api/billing/ai-credits/summary:0
[ 7470539ms] [ERROR] Failed to load resource: Could not connect to the server. @ http://localhost:4401/api/billing/ai-credits/summary:0
[ 7499252ms] [ERROR] Failed to load resource: Could not connect to the server. @ http://localhost:4401/dashboard/overview:0
[ 7499253ms] [ERROR] Failed to load resource: Could not connect to the server. @ http://localhost:4401/dashboard/alerts?limit=6:0
[ 7499461ms] [ERROR] Failed to load resource: Could not connect to the server. @ http://localhost:4401/dashboard/overview:0
[ 7499462ms] [ERROR] Failed to load resource: Could not connect to the server. @ http://localhost:4401/dashboard/alerts?limit=6:0
[ 7499730ms] [ERROR] Failed to load resource: Could not connect to the server. @ http://localhost:4401/api/billing/ai-credits/summary:0
[ 7499941ms] [ERROR] Failed to load resource: Could not connect to the server. @ http://localhost:4401/api/billing/ai-credits/summary:0
[ 7500074ms] [ERROR] Failed to load resource: Could not connect to the server. @ http://localhost:4401/dashboard/overview:0
[ 7500075ms] [ERROR] Failed to load resource: Could not connect to the server. @ http://localhost:4401/dashboard/alerts?limit=6:0
[ 7500548ms] [ERROR] Failed to load resource: Could not connect to the server. @ http://localhost:4401/api/billing/ai-credits/summary:0
[ 7529728ms] [ERROR] Failed to load resource: Could not connect to the server. @ http://localhost:4401/api/billing/ai-credits/summary:0
[ 7529932ms] [ERROR] Failed to load resource: Could not connect to the server. @ http://localhost:4401/api/billing/ai-credits/summary:0
[ 7530546ms] [ERROR] Failed to load resource: Could not connect to the server. @ http://localhost:4401/api/billing/ai-credits/summary:0
[ 7559254ms] [ERROR] Failed to load resource: Could not connect to the server. @ http://localhost:4401/dashboard/overview:0
[ 7559255ms] [ERROR] Failed to load resource: Could not connect to the server. @ http://localhost:4401/dashboard/alerts?limit=6:0
[ 7559464ms] [ERROR] Failed to load resource: Could not connect to the server. @ http://localhost:4401/dashboard/overview:0
[ 7559465ms] [ERROR] Failed to load resource: Could not connect to the server. @ http://localhost:4401/dashboard/alerts?limit=6:0
[ 7559734ms] [ERROR] Failed to load resource: Could not connect to the server. @ http://localhost:4401/api/billing/ai-credits/summary:0
[ 7559939ms] [ERROR] Failed to load resource: Could not connect to the server. @ http://localhost:4401/api/billing/ai-credits/summary:0
[ 7560068ms] [ERROR] Failed to load resource: Could not connect to the server. @ http://localhost:4401/dashboard/overview:0
[ 7560068ms] [ERROR] Failed to load resource: Could not connect to the server. @ http://localhost:4401/dashboard/alerts?limit=6:0
[ 7560548ms] [ERROR] Failed to load resource: Could not connect to the server. @ http://localhost:4401/api/billing/ai-credits/summary:0
[ 7589735ms] [ERROR] Failed to load resource: Could not connect to the server. @ http://localhost:4401/api/billing/ai-credits/summary:0
[ 7589941ms] [ERROR] Failed to load resource: Could not connect to the server. @ http://localhost:4401/api/billing/ai-credits/summary:0
[ 7590553ms] [ERROR] Failed to load resource: Could not connect to the server. @ http://localhost:4401/api/billing/ai-credits/summary:0
[ 7619259ms] [ERROR] Failed to load resource: Could not connect to the server. @ http://localhost:4401/dashboard/overview:0
[ 7619261ms] [ERROR] Failed to load resource: Could not connect to the server. @ http://localhost:4401/dashboard/alerts?limit=6:0
[ 7619463ms] [ERROR] Failed to load resource: Could not connect to the server. @ http://localhost:4401/dashboard/overview:0
[ 7619464ms] [ERROR] Failed to load resource: Could not connect to the server. @ http://localhost:4401/dashboard/alerts?limit=6:0
[ 7619745ms] [ERROR] Failed to load resource: Could not connect to the server. @ http://localhost:4401/api/billing/ai-credits/summary:0
[ 7619955ms] [ERROR] Failed to load resource: Could not connect to the server. @ http://localhost:4401/api/billing/ai-credits/summary:0
[ 7620077ms] [ERROR] Failed to load resource: Could not connect to the server. @ http://localhost:4401/dashboard/overview:0
[ 7620078ms] [ERROR] Failed to load resource: Could not connect to the server. @ http://localhost:4401/dashboard/alerts?limit=6:0
[ 7620561ms] [ERROR] Failed to load resource: Could not connect to the server. @ http://localhost:4401/api/billing/ai-credits/summary:0
[ 7649746ms] [ERROR] Failed to load resource: Could not connect to the server. @ http://localhost:4401/api/billing/ai-credits/summary:0
[ 7649948ms] [ERROR] Failed to load resource: Could not connect to the server. @ http://localhost:4401/api/billing/ai-credits/summary:0
[ 7650555ms] [ERROR] Failed to load resource: Could not connect to the server. @ http://localhost:4401/api/billing/ai-credits/summary:0
[ 7679259ms] [ERROR] Failed to load resource: Could not connect to the server. @ http://localhost:4401/dashboard/overview:0
[ 7679260ms] [ERROR] Failed to load resource: Could not connect to the server. @ http://localhost:4401/dashboard/alerts?limit=6:0
[ 7679462ms] [ERROR] Failed to load resource: Could not connect to the server. @ http://localhost:4401/dashboard/overview:0
[ 7679463ms] [ERROR] Failed to load resource: Could not connect to the server. @ http://localhost:4401/dashboard/alerts?limit=6:0
[ 7679749ms] [ERROR] Failed to load resource: Could not connect to the server. @ http://localhost:4401/api/billing/ai-credits/summary:0
[ 7679959ms] [ERROR] Failed to load resource: Could not connect to the server. @ http://localhost:4401/api/billing/ai-credits/summary:0
[ 7680074ms] [ERROR] Failed to load resource: Could not connect to the server. @ http://localhost:4401/dashboard/overview:0
[ 7680075ms] [ERROR] Failed to load resource: Could not connect to the server. @ http://localhost:4401/dashboard/alerts?limit=6:0
[ 7680564ms] [ERROR] Failed to load resource: Could not connect to the server. @ http://localhost:4401/api/billing/ai-credits/summary:0
[ 7709762ms] [ERROR] Failed to load resource: Could not connect to the server. @ http://localhost:4401/api/billing/ai-credits/summary:0
[ 7709972ms] [ERROR] Failed to load resource: Could not connect to the server. @ http://localhost:4401/api/billing/ai-credits/summary:0
[ 7710578ms] [ERROR] Failed to load resource: Could not connect to the server. @ http://localhost:4401/api/billing/ai-credits/summary:0
[ 7739268ms] [ERROR] Failed to load resource: Could not connect to the server. @ http://localhost:4401/dashboard/overview:0
[ 7739269ms] [ERROR] Failed to load resource: Could not connect to the server. @ http://localhost:4401/dashboard/alerts?limit=6:0
[ 7739478ms] [ERROR] Failed to load resource: Could not connect to the server. @ http://localhost:4401/dashboard/overview:0
[ 7739479ms] [ERROR] Failed to load resource: Could not connect to the server. @ http://localhost:4401/dashboard/alerts?limit=6:0
[ 7739763ms] [ERROR] Failed to load resource: Could not connect to the server. @ http://localhost:4401/api/billing/ai-credits/summary:0
[ 7739975ms] [ERROR] Failed to load resource: Could not connect to the server. @ http://localhost:4401/api/billing/ai-credits/summary:0
[ 7740092ms] [ERROR] Failed to load resource: Could not connect to the server. @ http://localhost:4401/dashboard/overview:0
[ 7740093ms] [ERROR] Failed to load resource: Could not connect to the server. @ http://localhost:4401/dashboard/alerts?limit=6:0
[ 7740580ms] [ERROR] Failed to load resource: Could not connect to the server. @ http://localhost:4401/api/billing/ai-credits/summary:0
[ 7769761ms] [ERROR] Failed to load resource: Could not connect to the server. @ http://localhost:4401/api/billing/ai-credits/summary:0
[ 7769965ms] [ERROR] Failed to load resource: Could not connect to the server. @ http://localhost:4401/api/billing/ai-credits/summary:0
[ 7770578ms] [ERROR] Failed to load resource: Could not connect to the server. @ http://localhost:4401/api/billing/ai-credits/summary:0
[ 7799274ms] [ERROR] Failed to load resource: Could not connect to the server. @ http://localhost:4401/dashboard/overview:0
[ 7799274ms] [ERROR] Failed to load resource: Could not connect to the server. @ http://localhost:4401/dashboard/alerts?limit=6:0
[ 7799487ms] [ERROR] Failed to load resource: Could not connect to the server. @ http://localhost:4401/dashboard/overview:0
[ 7799488ms] [ERROR] Failed to load resource: Could not connect to the server. @ http://localhost:4401/dashboard/alerts?limit=6:0
[ 7799773ms] [ERROR] Failed to load resource: Could not connect to the server. @ http://localhost:4401/api/billing/ai-credits/summary:0
[ 7799982ms] [ERROR] Failed to load resource: Could not connect to the server. @ http://localhost:4401/api/billing/ai-credits/summary:0
[ 7800093ms] [ERROR] Failed to load resource: Could not connect to the server. @ http://localhost:4401/dashboard/overview:0
[ 7800094ms] [ERROR] Failed to load resource: Could not connect to the server. @ http://localhost:4401/dashboard/alerts?limit=6:0
[ 7800594ms] [ERROR] Failed to load resource: Could not connect to the server. @ http://localhost:4401/api/billing/ai-credits/summary:0
[ 7829771ms] [ERROR] Failed to load resource: Could not connect to the server. @ http://localhost:4401/api/billing/ai-credits/summary:0
[ 7829975ms] [ERROR] Failed to load resource: Could not connect to the server. @ http://localhost:4401/api/billing/ai-credits/summary:0
[ 7830586ms] [ERROR] Failed to load resource: Could not connect to the server. @ http://localhost:4401/api/billing/ai-credits/summary:0
[ 7859279ms] [ERROR] Failed to load resource: Could not connect to the server. @ http://localhost:4401/dashboard/overview:0
[ 7859280ms] [ERROR] Failed to load resource: Could not connect to the server. @ http://localhost:4401/dashboard/alerts?limit=6:0
[ 7859491ms] [ERROR] Failed to load resource: Could not connect to the server. @ http://localhost:4401/dashboard/overview:0
[ 7859493ms] [ERROR] Failed to load resource: Could not connect to the server. @ http://localhost:4401/dashboard/alerts?limit=6:0
[ 7859782ms] [ERROR] Failed to load resource: Could not connect to the server. @ http://localhost:4401/api/billing/ai-credits/summary:0
[ 7859993ms] [ERROR] Failed to load resource: Could not connect to the server. @ http://localhost:4401/api/billing/ai-credits/summary:0
[ 7860105ms] [ERROR] Failed to load resource: Could not connect to the server. @ http://localhost:4401/dashboard/overview:0
[ 7860106ms] [ERROR] Failed to load resource: Could not connect to the server. @ http://localhost:4401/dashboard/alerts?limit=6:0
[ 7860597ms] [ERROR] Failed to load resource: Could not connect to the server. @ http://localhost:4401/api/billing/ai-credits/summary:0
[ 7889786ms] [ERROR] Failed to load resource: Could not connect to the server. @ http://localhost:4401/api/billing/ai-credits/summary:0
[ 7890001ms] [ERROR] Failed to load resource: Could not connect to the server. @ http://localhost:4401/api/billing/ai-credits/summary:0
[ 7890607ms] [ERROR] Failed to load resource: Could not connect to the server. @ http://localhost:4401/api/billing/ai-credits/summary:0
[ 7919284ms] [ERROR] Failed to load resource: Could not connect to the server. @ http://localhost:4401/dashboard/overview:0
[ 7919286ms] [ERROR] Failed to load resource: Could not connect to the server. @ http://localhost:4401/dashboard/alerts?limit=6:0
[ 7919489ms] [ERROR] Failed to load resource: Could not connect to the server. @ http://localhost:4401/dashboard/overview:0
[ 7919490ms] [ERROR] Failed to load resource: Could not connect to the server. @ http://localhost:4401/dashboard/alerts?limit=6:0
[ 7919790ms] [ERROR] Failed to load resource: Could not connect to the server. @ http://localhost:4401/api/billing/ai-credits/summary:0
[ 7920002ms] [ERROR] Failed to load resource: Could not connect to the server. @ http://localhost:4401/api/billing/ai-credits/summary:0
[ 7920103ms] [ERROR] Failed to load resource: Could not connect to the server. @ http://localhost:4401/dashboard/overview:0
[ 7920104ms] [ERROR] Failed to load resource: Could not connect to the server. @ http://localhost:4401/dashboard/alerts?limit=6:0
[ 7920607ms] [ERROR] Failed to load resource: Could not connect to the server. @ http://localhost:4401/api/billing/ai-credits/summary:0
[ 7949788ms] [ERROR] Failed to load resource: Could not connect to the server. @ http://localhost:4401/api/billing/ai-credits/summary:0
[ 7949991ms] [ERROR] Failed to load resource: Could not connect to the server. @ http://localhost:4401/api/billing/ai-credits/summary:0
[ 7950602ms] [ERROR] Failed to load resource: Could not connect to the server. @ http://localhost:4401/api/billing/ai-credits/summary:0
[ 7979289ms] [ERROR] Failed to load resource: Could not connect to the server. @ http://localhost:4401/dashboard/overview:0
[ 7979290ms] [ERROR] Failed to load resource: Could not connect to the server. @ http://localhost:4401/dashboard/alerts?limit=6:0
[ 7979502ms] [ERROR] Failed to load resource: Could not connect to the server. @ http://localhost:4401/dashboard/overview:0
[ 7979503ms] [ERROR] Failed to load resource: Could not connect to the server. @ http://localhost:4401/dashboard/alerts?limit=6:0
[ 7979800ms] [ERROR] Failed to load resource: Could not connect to the server. @ http://localhost:4401/api/billing/ai-credits/summary:0
[ 7980012ms] [ERROR] Failed to load resource: Could not connect to the server. @ http://localhost:4401/api/billing/ai-credits/summary:0
[ 7980114ms] [ERROR] Failed to load resource: Could not connect to the server. @ http://localhost:4401/dashboard/overview:0
[ 7980115ms] [ERROR] Failed to load resource: Could not connect to the server. @ http://localhost:4401/dashboard/alerts?limit=6:0
[ 7980617ms] [ERROR] Failed to load resource: Could not connect to the server. @ http://localhost:4401/api/billing/ai-credits/summary:0
[ 8009797ms] [ERROR] Failed to load resource: Could not connect to the server. @ http://localhost:4401/api/billing/ai-credits/summary:0
[ 8010000ms] [ERROR] Failed to load resource: Could not connect to the server. @ http://localhost:4401/api/billing/ai-credits/summary:0
[ 8010613ms] [ERROR] Failed to load resource: Could not connect to the server. @ http://localhost:4401/api/billing/ai-credits/summary:0
[ 8039292ms] [ERROR] Failed to load resource: Could not connect to the server. @ http://localhost:4401/dashboard/overview:0
[ 8039293ms] [ERROR] Failed to load resource: Could not connect to the server. @ http://localhost:4401/dashboard/alerts?limit=6:0
[ 8039499ms] [ERROR] Failed to load resource: Could not connect to the server. @ http://localhost:4401/dashboard/overview:0
[ 8039500ms] [ERROR] Failed to load resource: Could not connect to the server. @ http://localhost:4401/dashboard/alerts?limit=6:0
[ 8039799ms] [ERROR] Failed to load resource: Could not connect to the server. @ http://localhost:4401/api/billing/ai-credits/summary:0
[ 8040002ms] [ERROR] Failed to load resource: Could not connect to the server. @ http://localhost:4401/api/billing/ai-credits/summary:0
[ 8040107ms] [ERROR] Failed to load resource: Could not connect to the server. @ http://localhost:4401/dashboard/overview:0
[ 8040108ms] [ERROR] Failed to load resource: Could not connect to the server. @ http://localhost:4401/dashboard/alerts?limit=6:0
[ 8040614ms] [ERROR] Failed to load resource: Could not connect to the server. @ http://localhost:4401/api/billing/ai-credits/summary:0
[ 8069805ms] [ERROR] Failed to load resource: Could not connect to the server. @ http://localhost:4401/api/billing/ai-credits/summary:0
[ 8070010ms] [ERROR] Failed to load resource: Could not connect to the server. @ http://localhost:4401/api/billing/ai-credits/summary:0
[ 8070620ms] [ERROR] Failed to load resource: Could not connect to the server. @ http://localhost:4401/api/billing/ai-credits/summary:0
[ 8099299ms] [ERROR] Failed to load resource: Could not connect to the server. @ http://localhost:4401/dashboard/overview:0
[ 8099300ms] [ERROR] Failed to load resource: Could not connect to the server. @ http://localhost:4401/dashboard/alerts?limit=6:0
[ 8099513ms] [ERROR] Failed to load resource: Could not connect to the server. @ http://localhost:4401/dashboard/overview:0
[ 8099514ms] [ERROR] Failed to load resource: Could not connect to the server. @ http://localhost:4401/dashboard/alerts?limit=6:0
[ 8099815ms] [ERROR] Failed to load resource: Could not connect to the server. @ http://localhost:4401/api/billing/ai-credits/summary:0
[ 8100021ms] [ERROR] Failed to load resource: Could not connect to the server. @ http://localhost:4401/api/billing/ai-credits/summary:0
[ 8100126ms] [ERROR] Failed to load resource: Could not connect to the server. @ http://localhost:4401/dashboard/overview:0
[ 8100127ms] [ERROR] Failed to load resource: Could not connect to the server. @ http://localhost:4401/dashboard/alerts?limit=6:0
[ 8100626ms] [ERROR] Failed to load resource: Could not connect to the server. @ http://localhost:4401/api/billing/ai-credits/summary:0
[ 8129821ms] [ERROR] Failed to load resource: Could not connect to the server. @ http://localhost:4401/api/billing/ai-credits/summary:0
[ 8130037ms] [ERROR] Failed to load resource: Could not connect to the server. @ http://localhost:4401/api/billing/ai-credits/summary:0
[ 8130643ms] [ERROR] Failed to load resource: Could not connect to the server. @ http://localhost:4401/api/billing/ai-credits/summary:0
[ 8159304ms] [ERROR] Failed to load resource: Could not connect to the server. @ http://localhost:4401/dashboard/overview:0
[ 8159305ms] [ERROR] Failed to load resource: Could not connect to the server. @ http://localhost:4401/dashboard/alerts?limit=6:0
[ 8159509ms] [ERROR] Failed to load resource: Could not connect to the server. @ http://localhost:4401/dashboard/overview:0
[ 8159509ms] [ERROR] Failed to load resource: Could not connect to the server. @ http://localhost:4401/dashboard/alerts?limit=6:0
[ 8159821ms] [ERROR] Failed to load resource: Could not connect to the server. @ http://localhost:4401/api/billing/ai-credits/summary:0
[ 8160032ms] [ERROR] Failed to load resource: Could not connect to the server. @ http://localhost:4401/api/billing/ai-credits/summary:0
[ 8160116ms] [ERROR] Failed to load resource: Could not connect to the server. @ http://localhost:4401/dashboard/overview:0
[ 8160118ms] [ERROR] Failed to load resource: Could not connect to the server. @ http://localhost:4401/dashboard/alerts?limit=6:0
[ 8160636ms] [ERROR] Failed to load resource: Could not connect to the server. @ http://localhost:4401/api/billing/ai-credits/summary:0
[ 8189822ms] [ERROR] Failed to load resource: Could not connect to the server. @ http://localhost:4401/api/billing/ai-credits/summary:0
[ 8190036ms] [ERROR] Failed to load resource: Could not connect to the server. @ http://localhost:4401/api/billing/ai-credits/summary:0
[ 8190643ms] [ERROR] Failed to load resource: Could not connect to the server. @ http://localhost:4401/api/billing/ai-credits/summary:0
[ 8219304ms] [ERROR] Failed to load resource: Could not connect to the server. @ http://localhost:4401/dashboard/overview:0
[ 8219305ms] [ERROR] Failed to load resource: Could not connect to the server. @ http://localhost:4401/dashboard/alerts?limit=6:0
[ 8219512ms] [ERROR] Failed to load resource: Could not connect to the server. @ http://localhost:4401/dashboard/overview:0
[ 8219513ms] [ERROR] Failed to load resource: Could not connect to the server. @ http://localhost:4401/dashboard/alerts?limit=6:0
[ 8219832ms] [ERROR] Failed to load resource: Could not connect to the server. @ http://localhost:4401/api/billing/ai-credits/summary:0
[ 8220044ms] [ERROR] Failed to load resource: Could not connect to the server. @ http://localhost:4401/api/billing/ai-credits/summary:0
[ 8220123ms] [ERROR] Failed to load resource: Could not connect to the server. @ http://localhost:4401/dashboard/overview:0
[ 8220124ms] [ERROR] Failed to load resource: Could not connect to the server. @ http://localhost:4401/dashboard/alerts?limit=6:0
[ 8220648ms] [ERROR] Failed to load resource: Could not connect to the server. @ http://localhost:4401/api/billing/ai-credits/summary:0
[ 8249831ms] [ERROR] Failed to load resource: Could not connect to the server. @ http://localhost:4401/api/billing/ai-credits/summary:0
[ 8250035ms] [ERROR] Failed to load resource: Could not connect to the server. @ http://localhost:4401/api/billing/ai-credits/summary:0
[ 8250646ms] [ERROR] Failed to load resource: Could not connect to the server. @ http://localhost:4401/api/billing/ai-credits/summary:0
[ 8279304ms] [ERROR] Failed to load resource: Could not connect to the server. @ http://localhost:4401/dashboard/overview:0
[ 8279305ms] [ERROR] Failed to load resource: Could not connect to the server. @ http://localhost:4401/dashboard/alerts?limit=6:0
[ 8279518ms] [ERROR] Failed to load resource: Could not connect to the server. @ http://localhost:4401/dashboard/overview:0
[ 8279519ms] [ERROR] Failed to load resource: Could not connect to the server. @ http://localhost:4401/dashboard/alerts?limit=6:0
[ 8279841ms] [ERROR] Failed to load resource: Could not connect to the server. @ http://localhost:4401/api/billing/ai-credits/summary:0
[ 8280054ms] [ERROR] Failed to load resource: Could not connect to the server. @ http://localhost:4401/api/billing/ai-credits/summary:0
[ 8280130ms] [ERROR] Failed to load resource: Could not connect to the server. @ http://localhost:4401/dashboard/overview:0
[ 8280131ms] [ERROR] Failed to load resource: Could not connect to the server. @ http://localhost:4401/dashboard/alerts?limit=6:0
[ 8280657ms] [ERROR] Failed to load resource: Could not connect to the server. @ http://localhost:4401/api/billing/ai-credits/summary:0
[ 8309847ms] [ERROR] Failed to load resource: Could not connect to the server. @ http://localhost:4401/api/billing/ai-credits/summary:0
[ 8310055ms] [ERROR] Failed to load resource: Could not connect to the server. @ http://localhost:4401/api/billing/ai-credits/summary:0
[ 8310665ms] [ERROR] Failed to load resource: Could not connect to the server. @ http://localhost:4401/api/billing/ai-credits/summary:0
[ 8339317ms] [ERROR] Failed to load resource: Could not connect to the server. @ http://localhost:4401/dashboard/overview:0
[ 8339318ms] [ERROR] Failed to load resource: Could not connect to the server. @ http://localhost:4401/dashboard/alerts?limit=6:0
[ 8339529ms] [ERROR] Failed to load resource: Could not connect to the server. @ http://localhost:4401/dashboard/overview:0
[ 8339530ms] [ERROR] Failed to load resource: Could not connect to the server. @ http://localhost:4401/dashboard/alerts?limit=6:0
[ 8339851ms] [ERROR] Failed to load resource: Could not connect to the server. @ http://localhost:4401/api/billing/ai-credits/summary:0
[ 8340065ms] [ERROR] Failed to load resource: Could not connect to the server. @ http://localhost:4401/api/billing/ai-credits/summary:0
[ 8340136ms] [ERROR] Failed to load resource: Could not connect to the server. @ http://localhost:4401/dashboard/overview:0
[ 8340138ms] [ERROR] Failed to load resource: Could not connect to the server. @ http://localhost:4401/dashboard/alerts?limit=6:0
[ 8340669ms] [ERROR] Failed to load resource: Could not connect to the server. @ http://localhost:4401/api/billing/ai-credits/summary:0
[ 8369849ms] [ERROR] Failed to load resource: Could not connect to the server. @ http://localhost:4401/api/billing/ai-credits/summary:0
[ 8370053ms] [ERROR] Failed to load resource: Could not connect to the server. @ http://localhost:4401/api/billing/ai-credits/summary:0
[ 8370664ms] [ERROR] Failed to load resource: Could not connect to the server. @ http://localhost:4401/api/billing/ai-credits/summary:0
[ 8399321ms] [ERROR] Failed to load resource: Could not connect to the server. @ http://localhost:4401/dashboard/overview:0
[ 8399322ms] [ERROR] Failed to load resource: Could not connect to the server. @ http://localhost:4401/dashboard/alerts?limit=6:0
[ 8399534ms] [ERROR] Failed to load resource: Could not connect to the server. @ http://localhost:4401/dashboard/overview:0
[ 8399535ms] [ERROR] Failed to load resource: Could not connect to the server. @ http://localhost:4401/dashboard/alerts?limit=6:0
[ 8399861ms] [ERROR] Failed to load resource: Could not connect to the server. @ http://localhost:4401/api/billing/ai-credits/summary:0
[ 8400065ms] [ERROR] Failed to load resource: Could not connect to the server. @ http://localhost:4401/api/billing/ai-credits/summary:0
[ 8400138ms] [ERROR] Failed to load resource: Could not connect to the server. @ http://localhost:4401/dashboard/overview:0
[ 8400139ms] [ERROR] Failed to load resource: Could not connect to the server. @ http://localhost:4401/dashboard/alerts?limit=6:0
[ 8400675ms] [ERROR] Failed to load resource: Could not connect to the server. @ http://localhost:4401/api/billing/ai-credits/summary:0
[ 8429856ms] [ERROR] Failed to load resource: Could not connect to the server. @ http://localhost:4401/api/billing/ai-credits/summary:0
[ 8430059ms] [ERROR] Failed to load resource: Could not connect to the server. @ http://localhost:4401/api/billing/ai-credits/summary:0
[ 8430671ms] [ERROR] Failed to load resource: Could not connect to the server. @ http://localhost:4401/api/billing/ai-credits/summary:0
[ 8459329ms] [ERROR] Failed to load resource: Could not connect to the server. @ http://localhost:4401/dashboard/overview:0
[ 8459330ms] [ERROR] Failed to load resource: Could not connect to the server. @ http://localhost:4401/dashboard/alerts?limit=6:0
[ 8459537ms] [ERROR] Failed to load resource: Could not connect to the server. @ http://localhost:4401/dashboard/overview:0
[ 8459537ms] [ERROR] Failed to load resource: Could not connect to the server. @ http://localhost:4401/dashboard/alerts?limit=6:0
[ 8459867ms] [ERROR] Failed to load resource: Could not connect to the server. @ http://localhost:4401/api/billing/ai-credits/summary:0
[ 8460079ms] [ERROR] Failed to load resource: Could not connect to the server. @ http://localhost:4401/api/billing/ai-credits/summary:0
[ 8460150ms] [ERROR] Failed to load resource: Could not connect to the server. @ http://localhost:4401/dashboard/overview:0
[ 8460151ms] [ERROR] Failed to load resource: Could not connect to the server. @ http://localhost:4401/dashboard/alerts?limit=6:0
[ 8460684ms] [ERROR] Failed to load resource: Could not connect to the server. @ http://localhost:4401/api/billing/ai-credits/summary:0
[ 8489868ms] [ERROR] Failed to load resource: Could not connect to the server. @ http://localhost:4401/api/billing/ai-credits/summary:0
[ 8490080ms] [ERROR] Failed to load resource: Could not connect to the server. @ http://localhost:4401/api/billing/ai-credits/summary:0
[ 8490684ms] [ERROR] Failed to load resource: Could not connect to the server. @ http://localhost:4401/api/billing/ai-credits/summary:0
[ 8519331ms] [ERROR] Failed to load resource: Could not connect to the server. @ http://localhost:4401/dashboard/overview:0
[ 8519332ms] [ERROR] Failed to load resource: Could not connect to the server. @ http://localhost:4401/dashboard/alerts?limit=6:0
[ 8519543ms] [ERROR] Failed to load resource: Could not connect to the server. @ http://localhost:4401/dashboard/overview:0
[ 8519544ms] [ERROR] Failed to load resource: Could not connect to the server. @ http://localhost:4401/dashboard/alerts?limit=6:0
[ 8519877ms] [ERROR] Failed to load resource: Could not connect to the server. @ http://localhost:4401/api/billing/ai-credits/summary:0
[ 8520092ms] [ERROR] Failed to load resource: Could not connect to the server. @ http://localhost:4401/api/billing/ai-credits/summary:0
[ 8520155ms] [ERROR] Failed to load resource: Could not connect to the server. @ http://localhost:4401/dashboard/overview:0
[ 8520156ms] [ERROR] Failed to load resource: Could not connect to the server. @ http://localhost:4401/dashboard/alerts?limit=6:0
[ 8520697ms] [ERROR] Failed to load resource: Could not connect to the server. @ http://localhost:4401/api/billing/ai-credits/summary:0
[ 8549876ms] [ERROR] Failed to load resource: Could not connect to the server. @ http://localhost:4401/api/billing/ai-credits/summary:0
[ 8550081ms] [ERROR] Failed to load resource: Could not connect to the server. @ http://localhost:4401/api/billing/ai-credits/summary:0
[ 8550688ms] [ERROR] Failed to load resource: Could not connect to the server. @ http://localhost:4401/api/billing/ai-credits/summary:0
[ 8579339ms] [ERROR] Failed to load resource: Could not connect to the server. @ http://localhost:4401/dashboard/overview:0
[ 8579340ms] [ERROR] Failed to load resource: Could not connect to the server. @ http://localhost:4401/dashboard/alerts?limit=6:0
[ 8579545ms] [ERROR] Failed to load resource: Could not connect to the server. @ http://localhost:4401/dashboard/overview:0
[ 8579546ms] [ERROR] Failed to load resource: Could not connect to the server. @ http://localhost:4401/dashboard/alerts?limit=6:0
[ 8579879ms] [ERROR] Failed to load resource: Could not connect to the server. @ http://localhost:4401/api/billing/ai-credits/summary:0
[ 8580092ms] [ERROR] Failed to load resource: Could not connect to the server. @ http://localhost:4401/api/billing/ai-credits/summary:0
[ 8580157ms] [ERROR] Failed to load resource: Could not connect to the server. @ http://localhost:4401/dashboard/overview:0
[ 8580159ms] [ERROR] Failed to load resource: Could not connect to the server. @ http://localhost:4401/dashboard/alerts?limit=6:0
[ 8580698ms] [ERROR] Failed to load resource: Could not connect to the server. @ http://localhost:4401/api/billing/ai-credits/summary:0
[ 8609884ms] [ERROR] Failed to load resource: Could not connect to the server. @ http://localhost:4401/api/billing/ai-credits/summary:0
[ 8610088ms] [ERROR] Failed to load resource: Could not connect to the server. @ http://localhost:4401/api/billing/ai-credits/summary:0
[ 8610700ms] [ERROR] Failed to load resource: Could not connect to the server. @ http://localhost:4401/api/billing/ai-credits/summary:0
[ 8639339ms] [ERROR] Failed to load resource: Could not connect to the server. @ http://localhost:4401/dashboard/overview:0
[ 8639340ms] [ERROR] Failed to load resource: Could not connect to the server. @ http://localhost:4401/dashboard/alerts?limit=6:0
[ 8639553ms] [ERROR] Failed to load resource: Could not connect to the server. @ http://localhost:4401/dashboard/overview:0
[ 8639555ms] [ERROR] Failed to load resource: Could not connect to the server. @ http://localhost:4401/dashboard/alerts?limit=6:0
[ 8639895ms] [ERROR] Failed to load resource: Could not connect to the server. @ http://localhost:4401/api/billing/ai-credits/summary:0
[ 8640108ms] [ERROR] Failed to load resource: Could not connect to the server. @ http://localhost:4401/api/billing/ai-credits/summary:0
[ 8640164ms] [ERROR] Failed to load resource: Could not connect to the server. @ http://localhost:4401/dashboard/overview:0
[ 8640165ms] [ERROR] Failed to load resource: Could not connect to the server. @ http://localhost:4401/dashboard/alerts?limit=6:0
[ 8640712ms] [ERROR] Failed to load resource: Could not connect to the server. @ http://localhost:4401/api/billing/ai-credits/summary:0
[ 8669902ms] [ERROR] Failed to load resource: Could not connect to the server. @ http://localhost:4401/api/billing/ai-credits/summary:0
[ 8670115ms] [ERROR] Failed to load resource: Could not connect to the server. @ http://localhost:4401/api/billing/ai-credits/summary:0
[ 8670720ms] [ERROR] Failed to load resource: Could not connect to the server. @ http://localhost:4401/api/billing/ai-credits/summary:0
[ 8699345ms] [ERROR] Failed to load resource: Could not connect to the server. @ http://localhost:4401/dashboard/overview:0
[ 8699346ms] [ERROR] Failed to load resource: Could not connect to the server. @ http://localhost:4401/dashboard/alerts?limit=6:0
[ 8699553ms] [ERROR] Failed to load resource: Could not connect to the server. @ http://localhost:4401/dashboard/overview:0
[ 8699554ms] [ERROR] Failed to load resource: Could not connect to the server. @ http://localhost:4401/dashboard/alerts?limit=6:0
[ 8699903ms] [ERROR] Failed to load resource: Could not connect to the server. @ http://localhost:4401/api/billing/ai-credits/summary:0
[ 8700117ms] [ERROR] Failed to load resource: Could not connect to the server. @ http://localhost:4401/api/billing/ai-credits/summary:0
[ 8700163ms] [ERROR] Failed to load resource: Could not connect to the server. @ http://localhost:4401/dashboard/overview:0
[ 8700164ms] [ERROR] Failed to load resource: Could not connect to the server. @ http://localhost:4401/dashboard/alerts?limit=6:0
[ 8700728ms] [ERROR] Failed to load resource: Could not connect to the server. @ http://localhost:4401/api/billing/ai-credits/summary:0
[ 8729905ms] [ERROR] Failed to load resource: Could not connect to the server. @ http://localhost:4401/api/billing/ai-credits/summary:0
[ 8730107ms] [ERROR] Failed to load resource: Could not connect to the server. @ http://localhost:4401/api/billing/ai-credits/summary:0
[ 8730719ms] [ERROR] Failed to load resource: Could not connect to the server. @ http://localhost:4401/api/billing/ai-credits/summary:0
[ 8759350ms] [ERROR] Failed to load resource: Could not connect to the server. @ http://localhost:4401/dashboard/overview:0
[ 8759351ms] [ERROR] Failed to load resource: Could not connect to the server. @ http://localhost:4401/dashboard/alerts?limit=6:0
[ 8759558ms] [ERROR] Failed to load resource: Could not connect to the server. @ http://localhost:4401/dashboard/overview:0
[ 8759561ms] [ERROR] Failed to load resource: Could not connect to the server. @ http://localhost:4401/dashboard/alerts?limit=6:0
[ 8759904ms] [ERROR] Failed to load resource: Could not connect to the server. @ http://localhost:4401/api/billing/ai-credits/summary:0
[ 8760109ms] [ERROR] Failed to load resource: Could not connect to the server. @ http://localhost:4401/api/billing/ai-credits/summary:0
[ 8760164ms] [ERROR] Failed to load resource: Could not connect to the server. @ http://localhost:4401/dashboard/overview:0
[ 8760166ms] [ERROR] Failed to load resource: Could not connect to the server. @ http://localhost:4401/dashboard/alerts?limit=6:0
[ 8760716ms] [ERROR] Failed to load resource: Could not connect to the server. @ http://localhost:4401/api/billing/ai-credits/summary:0
[ 8789912ms] [ERROR] Failed to load resource: Could not connect to the server. @ http://localhost:4401/api/billing/ai-credits/summary:0
[ 8790125ms] [ERROR] Failed to load resource: Could not connect to the server. @ http://localhost:4401/api/billing/ai-credits/summary:0
[ 8790730ms] [ERROR] Failed to load resource: Could not connect to the server. @ http://localhost:4401/api/billing/ai-credits/summary:0
[ 8819354ms] [ERROR] Failed to load resource: Could not connect to the server. @ http://localhost:4401/dashboard/overview:0
[ 8819356ms] [ERROR] Failed to load resource: Could not connect to the server. @ http://localhost:4401/dashboard/alerts?limit=6:0
[ 8819567ms] [ERROR] Failed to load resource: Could not connect to the server. @ http://localhost:4401/dashboard/overview:0
[ 8819568ms] [ERROR] Failed to load resource: Could not connect to the server. @ http://localhost:4401/dashboard/alerts?limit=6:0
[ 8819921ms] [ERROR] Failed to load resource: Could not connect to the server. @ http://localhost:4401/api/billing/ai-credits/summary:0
[ 8820134ms] [ERROR] Failed to load resource: Could not connect to the server. @ http://localhost:4401/api/billing/ai-credits/summary:0
[ 8820178ms] [ERROR] Failed to load resource: Could not connect to the server. @ http://localhost:4401/dashboard/overview:0
[ 8820179ms] [ERROR] Failed to load resource: Could not connect to the server. @ http://localhost:4401/dashboard/alerts?limit=6:0
[ 8820739ms] [ERROR] Failed to load resource: Could not connect to the server. @ http://localhost:4401/api/billing/ai-credits/summary:0
[ 8849918ms] [ERROR] Failed to load resource: Could not connect to the server. @ http://localhost:4401/api/billing/ai-credits/summary:0
[ 8850123ms] [ERROR] Failed to load resource: Could not connect to the server. @ http://localhost:4401/api/billing/ai-credits/summary:0
[ 8850733ms] [ERROR] Failed to load resource: Could not connect to the server. @ http://localhost:4401/api/billing/ai-credits/summary:0
[ 8879359ms] [ERROR] Failed to load resource: Could not connect to the server. @ http://localhost:4401/dashboard/overview:0
[ 8879361ms] [ERROR] Failed to load resource: Could not connect to the server. @ http://localhost:4401/dashboard/alerts?limit=6:0
[ 8879572ms] [ERROR] Failed to load resource: Could not connect to the server. @ http://localhost:4401/dashboard/overview:0
[ 8879573ms] [ERROR] Failed to load resource: Could not connect to the server. @ http://localhost:4401/dashboard/alerts?limit=6:0
[ 8879928ms] [ERROR] Failed to load resource: Could not connect to the server. @ http://localhost:4401/api/billing/ai-credits/summary:0
[ 8880141ms] [ERROR] Failed to load resource: Could not connect to the server. @ http://localhost:4401/api/billing/ai-credits/summary:0
[ 8880183ms] [ERROR] Failed to load resource: Could not connect to the server. @ http://localhost:4401/dashboard/overview:0
[ 8880185ms] [ERROR] Failed to load resource: Could not connect to the server. @ http://localhost:4401/dashboard/alerts?limit=6:0
[ 8880746ms] [ERROR] Failed to load resource: Could not connect to the server. @ http://localhost:4401/api/billing/ai-credits/summary:0
[ 8909936ms] [ERROR] Failed to load resource: Could not connect to the server. @ http://localhost:4401/api/billing/ai-credits/summary:0
[ 8910146ms] [ERROR] Failed to load resource: Could not connect to the server. @ http://localhost:4401/api/billing/ai-credits/summary:0
[ 8910756ms] [ERROR] Failed to load resource: Could not connect to the server. @ http://localhost:4401/api/billing/ai-credits/summary:0
[ 8939365ms] [ERROR] Failed to load resource: Could not connect to the server. @ http://localhost:4401/dashboard/overview:0
[ 8939366ms] [ERROR] Failed to load resource: Could not connect to the server. @ http://localhost:4401/dashboard/alerts?limit=6:0
[ 8939579ms] [ERROR] Failed to load resource: Could not connect to the server. @ http://localhost:4401/dashboard/overview:0
[ 8939580ms] [ERROR] Failed to load resource: Could not connect to the server. @ http://localhost:4401/dashboard/alerts?limit=6:0
[ 8939939ms] [ERROR] Failed to load resource: Could not connect to the server. @ http://localhost:4401/api/billing/ai-credits/summary:0
[ 8940150ms] [ERROR] Failed to load resource: Could not connect to the server. @ http://localhost:4401/api/billing/ai-credits/summary:0
[ 8940192ms] [ERROR] Failed to load resource: Could not connect to the server. @ http://localhost:4401/dashboard/overview:0
[ 8940194ms] [ERROR] Failed to load resource: Could not connect to the server. @ http://localhost:4401/dashboard/alerts?limit=6:0
[ 8940755ms] [ERROR] Failed to load resource: Could not connect to the server. @ http://localhost:4401/api/billing/ai-credits/summary:0
[ 8969935ms] [ERROR] Failed to load resource: Could not connect to the server. @ http://localhost:4401/api/billing/ai-credits/summary:0
[ 8970140ms] [ERROR] Failed to load resource: Could not connect to the server. @ http://localhost:4401/api/billing/ai-credits/summary:0
[ 8970758ms] [ERROR] Failed to load resource: Could not connect to the server. @ http://localhost:4401/api/billing/ai-credits/summary:0
[ 8999370ms] [ERROR] Failed to load resource: Could not connect to the server. @ http://localhost:4401/dashboard/overview:0
[ 8999372ms] [ERROR] Failed to load resource: Could not connect to the server. @ http://localhost:4401/dashboard/alerts?limit=6:0
[ 8999578ms] [ERROR] Failed to load resource: Could not connect to the server. @ http://localhost:4401/dashboard/overview:0
[ 8999579ms] [ERROR] Failed to load resource: Could not connect to the server. @ http://localhost:4401/dashboard/alerts?limit=6:0
[ 8999947ms] [ERROR] Failed to load resource: Could not connect to the server. @ http://localhost:4401/api/billing/ai-credits/summary:0
[ 9000160ms] [ERROR] Failed to load resource: Could not connect to the server. @ http://localhost:4401/api/billing/ai-credits/summary:0
[ 9000189ms] [ERROR] Failed to load resource: Could not connect to the server. @ http://localhost:4401/dashboard/overview:0
[ 9000190ms] [ERROR] Failed to load resource: Could not connect to the server. @ http://localhost:4401/dashboard/alerts?limit=6:0
[ 9000765ms] [ERROR] Failed to load resource: Could not connect to the server. @ http://localhost:4401/api/billing/ai-credits/summary:0
[ 9029946ms] [ERROR] Failed to load resource: Could not connect to the server. @ http://localhost:4401/api/billing/ai-credits/summary:0
[ 9030149ms] [ERROR] Failed to load resource: Could not connect to the server. @ http://localhost:4401/api/billing/ai-credits/summary:0
[ 9030761ms] [ERROR] Failed to load resource: Could not connect to the server. @ http://localhost:4401/api/billing/ai-credits/summary:0
[ 9059374ms] [ERROR] Failed to load resource: Could not connect to the server. @ http://localhost:4401/dashboard/overview:0
[ 9059375ms] [ERROR] Failed to load resource: Could not connect to the server. @ http://localhost:4401/dashboard/alerts?limit=6:0
[ 9059584ms] [ERROR] Failed to load resource: Could not connect to the server. @ http://localhost:4401/dashboard/overview:0
[ 9059585ms] [ERROR] Failed to load resource: Could not connect to the server. @ http://localhost:4401/dashboard/alerts?limit=6:0
[ 9059956ms] [ERROR] Failed to load resource: Could not connect to the server. @ http://localhost:4401/api/billing/ai-credits/summary:0
[ 9060168ms] [ERROR] Failed to load resource: Could not connect to the server. @ http://localhost:4401/api/billing/ai-credits/summary:0
[ 9060195ms] [ERROR] Failed to load resource: Could not connect to the server. @ http://localhost:4401/dashboard/overview:0
[ 9060196ms] [ERROR] Failed to load resource: Could not connect to the server. @ http://localhost:4401/dashboard/alerts?limit=6:0
[ 9060773ms] [ERROR] Failed to load resource: Could not connect to the server. @ http://localhost:4401/api/billing/ai-credits/summary:0
[ 9089959ms] [ERROR] Failed to load resource: Could not connect to the server. @ http://localhost:4401/api/billing/ai-credits/summary:0
[ 9090164ms] [ERROR] Failed to load resource: Could not connect to the server. @ http://localhost:4401/api/billing/ai-credits/summary:0
[ 9090776ms] [ERROR] Failed to load resource: Could not connect to the server. @ http://localhost:4401/api/billing/ai-credits/summary:0
[ 9119380ms] [ERROR] Failed to load resource: Could not connect to the server. @ http://localhost:4401/dashboard/overview:0
[ 9119381ms] [ERROR] Failed to load resource: Could not connect to the server. @ http://localhost:4401/dashboard/alerts?limit=6:0
[ 9119589ms] [ERROR] Failed to load resource: Could not connect to the server. @ http://localhost:4401/dashboard/overview:0
[ 9119590ms] [ERROR] Failed to load resource: Could not connect to the server. @ http://localhost:4401/dashboard/alerts?limit=6:0
[ 9119960ms] [ERROR] Failed to load resource: Could not connect to the server. @ http://localhost:4401/api/billing/ai-credits/summary:0
[ 9120172ms] [ERROR] Failed to load resource: Could not connect to the server. @ http://localhost:4401/api/billing/ai-credits/summary:0
[ 9120195ms] [ERROR] Failed to load resource: Could not connect to the server. @ http://localhost:4401/dashboard/overview:0
[ 9120196ms] [ERROR] Failed to load resource: Could not connect to the server. @ http://localhost:4401/dashboard/alerts?limit=6:0
[ 9120778ms] [ERROR] Failed to load resource: Could not connect to the server. @ http://localhost:4401/api/billing/ai-credits/summary:0
[ 9149964ms] [ERROR] Failed to load resource: Could not connect to the server. @ http://localhost:4401/api/billing/ai-credits/summary:0
[ 9150167ms] [ERROR] Failed to load resource: Could not connect to the server. @ http://localhost:4401/api/billing/ai-credits/summary:0
[ 9150779ms] [ERROR] Failed to load resource: Could not connect to the server. @ http://localhost:4401/api/billing/ai-credits/summary:0
[ 9179385ms] [ERROR] Failed to load resource: Could not connect to the server. @ http://localhost:4401/dashboard/overview:0
[ 9179386ms] [ERROR] Failed to load resource: Could not connect to the server. @ http://localhost:4401/dashboard/alerts?limit=6:0
[ 9179596ms] [ERROR] Failed to load resource: Could not connect to the server. @ http://localhost:4401/dashboard/overview:0
[ 9179597ms] [ERROR] Failed to load resource: Could not connect to the server. @ http://localhost:4401/dashboard/alerts?limit=6:0
[ 9179968ms] [ERROR] Failed to load resource: Could not connect to the server. @ http://localhost:4401/api/billing/ai-credits/summary:0
[ 9180182ms] [ERROR] Failed to load resource: Could not connect to the server. @ http://localhost:4401/api/billing/ai-credits/summary:0
[ 9180203ms] [ERROR] Failed to load resource: Could not connect to the server. @ http://localhost:4401/dashboard/overview:0
[ 9180204ms] [ERROR] Failed to load resource: Could not connect to the server. @ http://localhost:4401/dashboard/alerts?limit=6:0
[ 9180787ms] [ERROR] Failed to load resource: Could not connect to the server. @ http://localhost:4401/api/billing/ai-credits/summary:0
[ 9209982ms] [ERROR] Failed to load resource: Could not connect to the server. @ http://localhost:4401/api/billing/ai-credits/summary:0
[ 9210189ms] [ERROR] Failed to load resource: Could not connect to the server. @ http://localhost:4401/api/billing/ai-credits/summary:0
[ 9210803ms] [ERROR] Failed to load resource: Could not connect to the server. @ http://localhost:4401/api/billing/ai-credits/summary:0
[ 9239393ms] [ERROR] Failed to load resource: Could not connect to the server. @ http://localhost:4401/dashboard/overview:0
[ 9239394ms] [ERROR] Failed to load resource: Could not connect to the server. @ http://localhost:4401/dashboard/alerts?limit=6:0
[ 9239607ms] [ERROR] Failed to load resource: Could not connect to the server. @ http://localhost:4401/dashboard/overview:0
[ 9239608ms] [ERROR] Failed to load resource: Could not connect to the server. @ http://localhost:4401/dashboard/alerts?limit=6:0
[ 9239985ms] [ERROR] Failed to load resource: Could not connect to the server. @ http://localhost:4401/api/billing/ai-credits/summary:0
[ 9240198ms] [ERROR] Failed to load resource: Could not connect to the server. @ http://localhost:4401/api/billing/ai-credits/summary:0
[ 9240217ms] [ERROR] Failed to load resource: Could not connect to the server. @ http://localhost:4401/dashboard/overview:0
[ 9240218ms] [ERROR] Failed to load resource: Could not connect to the server. @ http://localhost:4401/dashboard/alerts?limit=6:0
[ 9240801ms] [ERROR] Failed to load resource: Could not connect to the server. @ http://localhost:4401/api/billing/ai-credits/summary:0
[ 9269983ms] [ERROR] Failed to load resource: Could not connect to the server. @ http://localhost:4401/api/billing/ai-credits/summary:0
[ 9270187ms] [ERROR] Failed to load resource: Could not connect to the server. @ http://localhost:4401/api/billing/ai-credits/summary:0
[ 9270800ms] [ERROR] Failed to load resource: Could not connect to the server. @ http://localhost:4401/api/billing/ai-credits/summary:0
[ 9299401ms] [ERROR] Failed to load resource: Could not connect to the server. @ http://localhost:4401/dashboard/overview:0
[ 9299404ms] [ERROR] Failed to load resource: Could not connect to the server. @ http://localhost:4401/dashboard/alerts?limit=6:0
[ 9299612ms] [ERROR] Failed to load resource: Could not connect to the server. @ http://localhost:4401/dashboard/overview:0
[ 9299614ms] [ERROR] Failed to load resource: Could not connect to the server. @ http://localhost:4401/dashboard/alerts?limit=6:0
[ 9299992ms] [ERROR] Failed to load resource: Could not connect to the server. @ http://localhost:4401/api/billing/ai-credits/summary:0
[ 9300198ms] [ERROR] Failed to load resource: Could not connect to the server. @ http://localhost:4401/api/billing/ai-credits/summary:0
[ 9300217ms] [ERROR] Failed to load resource: Could not connect to the server. @ http://localhost:4401/dashboard/overview:0
[ 9300218ms] [ERROR] Failed to load resource: Could not connect to the server. @ http://localhost:4401/dashboard/alerts?limit=6:0
[ 9300801ms] [ERROR] Failed to load resource: Could not connect to the server. @ http://localhost:4401/api/billing/ai-credits/summary:0
[ 9329993ms] [ERROR] Failed to load resource: Could not connect to the server. @ http://localhost:4401/api/billing/ai-credits/summary:0
[ 9330197ms] [ERROR] Failed to load resource: Could not connect to the server. @ http://localhost:4401/api/billing/ai-credits/summary:0
[ 9330809ms] [ERROR] Failed to load resource: Could not connect to the server. @ http://localhost:4401/api/billing/ai-credits/summary:0
[ 9359403ms] [ERROR] Failed to load resource: Could not connect to the server. @ http://localhost:4401/dashboard/overview:0
[ 9359404ms] [ERROR] Failed to load resource: Could not connect to the server. @ http://localhost:4401/dashboard/alerts?limit=6:0
[ 9359613ms] [ERROR] Failed to load resource: Could not connect to the server. @ http://localhost:4401/dashboard/overview:0
[ 9359614ms] [ERROR] Failed to load resource: Could not connect to the server. @ http://localhost:4401/dashboard/alerts?limit=6:0
[ 9359994ms] [ERROR] Failed to load resource: Could not connect to the server. @ http://localhost:4401/api/billing/ai-credits/summary:0
[ 9360199ms] [ERROR] Failed to load resource: Could not connect to the server. @ http://localhost:4401/api/billing/ai-credits/summary:0
[ 9360219ms] [ERROR] Failed to load resource: Could not connect to the server. @ http://localhost:4401/dashboard/overview:0
[ 9360220ms] [ERROR] Failed to load resource: Could not connect to the server. @ http://localhost:4401/dashboard/alerts?limit=6:0
[ 9360808ms] [ERROR] Failed to load resource: Could not connect to the server. @ http://localhost:4401/api/billing/ai-credits/summary:0
[ 9389998ms] [ERROR] Failed to load resource: Could not connect to the server. @ http://localhost:4401/api/billing/ai-credits/summary:0
[ 9390202ms] [ERROR] Failed to load resource: Could not connect to the server. @ http://localhost:4401/api/billing/ai-credits/summary:0
[ 9390809ms] [ERROR] Failed to load resource: Could not connect to the server. @ http://localhost:4401/api/billing/ai-credits/summary:0
[ 9419401ms] [ERROR] Failed to load resource: Could not connect to the server. @ http://localhost:4401/dashboard/overview:0
[ 9419402ms] [ERROR] Failed to load resource: Could not connect to the server. @ http://localhost:4401/dashboard/alerts?limit=6:0
[ 9419614ms] [ERROR] Failed to load resource: Could not connect to the server. @ http://localhost:4401/dashboard/overview:0
[ 9419615ms] [ERROR] Failed to load resource: Could not connect to the server. @ http://localhost:4401/dashboard/alerts?limit=6:0
[ 9420000ms] [ERROR] Failed to load resource: Could not connect to the server. @ http://localhost:4401/api/billing/ai-credits/summary:0
[ 9420212ms] [ERROR] Failed to load resource: Could not connect to the server. @ http://localhost:4401/api/billing/ai-credits/summary:0
[ 9420220ms] [ERROR] Failed to load resource: Could not connect to the server. @ http://localhost:4401/dashboard/overview:0
[ 9420221ms] [ERROR] Failed to load resource: Could not connect to the server. @ http://localhost:4401/dashboard/alerts?limit=6:0
[ 9420818ms] [ERROR] Failed to load resource: Could not connect to the server. @ http://localhost:4401/api/billing/ai-credits/summary:0
[ 9450001ms] [ERROR] Failed to load resource: Could not connect to the server. @ http://localhost:4401/api/billing/ai-credits/summary:0
[ 9450206ms] [ERROR] Failed to load resource: Could not connect to the server. @ http://localhost:4401/api/billing/ai-credits/summary:0
[ 9450817ms] [ERROR] Failed to load resource: Could not connect to the server. @ http://localhost:4401/api/billing/ai-credits/summary:0
[ 9479401ms] [ERROR] Failed to load resource: Could not connect to the server. @ http://localhost:4401/dashboard/overview:0
[ 9479403ms] [ERROR] Failed to load resource: Could not connect to the server. @ http://localhost:4401/dashboard/alerts?limit=6:0
[ 9479615ms] [ERROR] Failed to load resource: Could not connect to the server. @ http://localhost:4401/dashboard/overview:0
[ 9479616ms] [ERROR] Failed to load resource: Could not connect to the server. @ http://localhost:4401/dashboard/alerts?limit=6:0
[ 9480012ms] [ERROR] Failed to load resource: Could not connect to the server. @ http://localhost:4401/api/billing/ai-credits/summary:0
[ 9480226ms] [ERROR] Failed to load resource: Could not connect to the server. @ http://localhost:4401/api/billing/ai-credits/summary:0
[ 9480228ms] [ERROR] Failed to load resource: Could not connect to the server. @ http://localhost:4401/dashboard/overview:0
[ 9480229ms] [ERROR] Failed to load resource: Could not connect to the server. @ http://localhost:4401/dashboard/alerts?limit=6:0
[ 9480831ms] [ERROR] Failed to load resource: Could not connect to the server. @ http://localhost:4401/api/billing/ai-credits/summary:0
[ 9510016ms] [ERROR] Failed to load resource: Could not connect to the server. @ http://localhost:4401/api/billing/ai-credits/summary:0
[ 9510230ms] [ERROR] Failed to load resource: Could not connect to the server. @ http://localhost:4401/api/billing/ai-credits/summary:0
[ 9510835ms] [ERROR] Failed to load resource: Could not connect to the server. @ http://localhost:4401/api/billing/ai-credits/summary:0
[ 9539405ms] [ERROR] Failed to load resource: Could not connect to the server. @ http://localhost:4401/dashboard/overview:0
[ 9539406ms] [ERROR] Failed to load resource: Could not connect to the server. @ http://localhost:4401/dashboard/alerts?limit=6:0
[ 9539615ms] [ERROR] Failed to load resource: Could not connect to the server. @ http://localhost:4401/dashboard/overview:0
[ 9539616ms] [ERROR] Failed to load resource: Could not connect to the server. @ http://localhost:4401/dashboard/alerts?limit=6:0
[ 9540018ms] [ERROR] Failed to load resource: Could not connect to the server. @ http://localhost:4401/api/billing/ai-credits/summary:0
[ 9540230ms] [ERROR] Failed to load resource: Could not connect to the server. @ http://localhost:4401/dashboard/overview:0
[ 9540232ms] [ERROR] Failed to load resource: Could not connect to the server. @ http://localhost:4401/dashboard/alerts?limit=6:0
[ 9540233ms] [ERROR] Failed to load resource: Could not connect to the server. @ http://localhost:4401/api/billing/ai-credits/summary:0
[ 9540836ms] [ERROR] Failed to load resource: Could not connect to the server. @ http://localhost:4401/api/billing/ai-credits/summary:0
[ 9570019ms] [ERROR] Failed to load resource: Could not connect to the server. @ http://localhost:4401/api/billing/ai-credits/summary:0
[ 9570222ms] [ERROR] Failed to load resource: Could not connect to the server. @ http://localhost:4401/api/billing/ai-credits/summary:0
[ 9570832ms] [ERROR] Failed to load resource: Could not connect to the server. @ http://localhost:4401/api/billing/ai-credits/summary:0
[ 9599409ms] [ERROR] Failed to load resource: Could not connect to the server. @ http://localhost:4401/dashboard/overview:0
[ 9599410ms] [ERROR] Failed to load resource: Could not connect to the server. @ http://localhost:4401/dashboard/alerts?limit=6:0
[ 9599619ms] [ERROR] Failed to load resource: Could not connect to the server. @ http://localhost:4401/dashboard/overview:0
[ 9599621ms] [ERROR] Failed to load resource: Could not connect to the server. @ http://localhost:4401/dashboard/alerts?limit=6:0
[ 9600029ms] [ERROR] Failed to load resource: Could not connect to the server. @ http://localhost:4401/api/billing/ai-credits/summary:0
[ 9600229ms] [ERROR] Failed to load resource: Could not connect to the server. @ http://localhost:4401/dashboard/overview:0
[ 9600231ms] [ERROR] Failed to load resource: Could not connect to the server. @ http://localhost:4401/dashboard/alerts?limit=6:0
[ 9600235ms] [ERROR] Failed to load resource: Could not connect to the server. @ http://localhost:4401/api/billing/ai-credits/summary:0
[ 9600841ms] [ERROR] Failed to load resource: Could not connect to the server. @ http://localhost:4401/api/billing/ai-credits/summary:0
[ 9630032ms] [ERROR] Failed to load resource: Could not connect to the server. @ http://localhost:4401/api/billing/ai-credits/summary:0
[ 9630245ms] [ERROR] Failed to load resource: Could not connect to the server. @ http://localhost:4401/api/billing/ai-credits/summary:0
[ 9630850ms] [ERROR] Failed to load resource: Could not connect to the server. @ http://localhost:4401/api/billing/ai-credits/summary:0
[ 9659416ms] [ERROR] Failed to load resource: Could not connect to the server. @ http://localhost:4401/dashboard/overview:0
[ 9659417ms] [ERROR] Failed to load resource: Could not connect to the server. @ http://localhost:4401/dashboard/alerts?limit=6:0
[ 9659623ms] [ERROR] Failed to load resource: Could not connect to the server. @ http://localhost:4401/dashboard/overview:0
[ 9659624ms] [ERROR] Failed to load resource: Could not connect to the server. @ http://localhost:4401/dashboard/alerts?limit=6:0
[ 9660029ms] [ERROR] Failed to load resource: Could not connect to the server. @ http://localhost:4401/api/billing/ai-credits/summary:0
[ 9660227ms] [ERROR] Failed to load resource: Could not connect to the server. @ http://localhost:4401/dashboard/overview:0
[ 9660227ms] [ERROR] Failed to load resource: Could not connect to the server. @ http://localhost:4401/dashboard/alerts?limit=6:0
[ 9660231ms] [ERROR] Failed to load resource: Could not connect to the server. @ http://localhost:4401/api/billing/ai-credits/summary:0
[ 9660843ms] [ERROR] Failed to load resource: Could not connect to the server. @ http://localhost:4401/api/billing/ai-credits/summary:0
[ 9690037ms] [ERROR] Failed to load resource: Could not connect to the server. @ http://localhost:4401/api/billing/ai-credits/summary:0
[ 9690242ms] [ERROR] Failed to load resource: Could not connect to the server. @ http://localhost:4401/api/billing/ai-credits/summary:0
[ 9690853ms] [ERROR] Failed to load resource: Could not connect to the server. @ http://localhost:4401/api/billing/ai-credits/summary:0
[ 9719421ms] [ERROR] Failed to load resource: Could not connect to the server. @ http://localhost:4401/dashboard/overview:0
[ 9719422ms] [ERROR] Failed to load resource: Could not connect to the server. @ http://localhost:4401/dashboard/alerts?limit=6:0
[ 9719636ms] [ERROR] Failed to load resource: Could not connect to the server. @ http://localhost:4401/dashboard/overview:0
[ 9719637ms] [ERROR] Failed to load resource: Could not connect to the server. @ http://localhost:4401/dashboard/alerts?limit=6:0
[ 9720045ms] [ERROR] Failed to load resource: Could not connect to the server. @ http://localhost:4401/api/billing/ai-credits/summary:0
[ 9720251ms] [ERROR] Failed to load resource: Could not connect to the server. @ http://localhost:4401/dashboard/overview:0
[ 9720252ms] [ERROR] Failed to load resource: Could not connect to the server. @ http://localhost:4401/dashboard/alerts?limit=6:0
[ 9720253ms] [ERROR] Failed to load resource: Could not connect to the server. @ http://localhost:4401/api/billing/ai-credits/summary:0
[ 9720856ms] [ERROR] Failed to load resource: Could not connect to the server. @ http://localhost:4401/api/billing/ai-credits/summary:0
[ 9750042ms] [ERROR] Failed to load resource: Could not connect to the server. @ http://localhost:4401/api/billing/ai-credits/summary:0
[ 9750249ms] [ERROR] Failed to load resource: Could not connect to the server. @ http://localhost:4401/api/billing/ai-credits/summary:0
[ 9750861ms] [ERROR] Failed to load resource: Could not connect to the server. @ http://localhost:4401/api/billing/ai-credits/summary:0
[ 9779442ms] [ERROR] Failed to load resource: Could not connect to the server. @ http://localhost:4401/dashboard/overview:0
[ 9779443ms] [ERROR] Failed to load resource: Could not connect to the server. @ http://localhost:4401/dashboard/alerts?limit=6:0
[ 9779657ms] [ERROR] Failed to load resource: Could not connect to the server. @ http://localhost:4401/dashboard/overview:0
[ 9779658ms] [ERROR] Failed to load resource: Could not connect to the server. @ http://localhost:4401/dashboard/alerts?limit=6:0
[ 9780046ms] [ERROR] Failed to load resource: Could not connect to the server. @ http://localhost:4401/api/billing/ai-credits/summary:0
[ 9780252ms] [ERROR] Failed to load resource: Could not connect to the server. @ http://localhost:4401/api/billing/ai-credits/summary:0
[ 9780263ms] [ERROR] Failed to load resource: Could not connect to the server. @ http://localhost:4401/dashboard/overview:0
[ 9780264ms] [ERROR] Failed to load resource: Could not connect to the server. @ http://localhost:4401/dashboard/alerts?limit=6:0
[ 9780863ms] [ERROR] Failed to load resource: Could not connect to the server. @ http://localhost:4401/api/billing/ai-credits/summary:0
[ 9810052ms] [ERROR] Failed to load resource: Could not connect to the server. @ http://localhost:4401/api/billing/ai-credits/summary:0
[ 9810256ms] [ERROR] Failed to load resource: Could not connect to the server. @ http://localhost:4401/api/billing/ai-credits/summary:0
[ 9810869ms] [ERROR] Failed to load resource: Could not connect to the server. @ http://localhost:4401/api/billing/ai-credits/summary:0
[ 9839428ms] [ERROR] Failed to load resource: Could not connect to the server. @ http://localhost:4401/dashboard/overview:0
[ 9839429ms] [ERROR] Failed to load resource: Could not connect to the server. @ http://localhost:4401/dashboard/alerts?limit=6:0
[ 9839641ms] [ERROR] Failed to load resource: Could not connect to the server. @ http://localhost:4401/dashboard/overview:0
[ 9839642ms] [ERROR] Failed to load resource: Could not connect to the server. @ http://localhost:4401/dashboard/alerts?limit=6:0
[ 9840063ms] [ERROR] Failed to load resource: Could not connect to the server. @ http://localhost:4401/api/billing/ai-credits/summary:0
[ 9840246ms] [ERROR] Failed to load resource: Could not connect to the server. @ http://localhost:4401/dashboard/overview:0
[ 9840246ms] [ERROR] Failed to load resource: Could not connect to the server. @ http://localhost:4401/dashboard/alerts?limit=6:0
[ 9840268ms] [ERROR] Failed to load resource: Could not connect to the server. @ http://localhost:4401/api/billing/ai-credits/summary:0
[ 9840881ms] [ERROR] Failed to load resource: Could not connect to the server. @ http://localhost:4401/api/billing/ai-credits/summary:0
[ 9870069ms] [ERROR] Failed to load resource: Could not connect to the server. @ http://localhost:4401/api/billing/ai-credits/summary:0
[ 9870275ms] [ERROR] Failed to load resource: Could not connect to the server. @ http://localhost:4401/api/billing/ai-credits/summary:0
[ 9870888ms] [ERROR] Failed to load resource: Could not connect to the server. @ http://localhost:4401/api/billing/ai-credits/summary:0
[ 9899432ms] [ERROR] Failed to load resource: Could not connect to the server. @ http://localhost:4401/dashboard/overview:0
[ 9899433ms] [ERROR] Failed to load resource: Could not connect to the server. @ http://localhost:4401/dashboard/alerts?limit=6:0
[ 9899644ms] [ERROR] Failed to load resource: Could not connect to the server. @ http://localhost:4401/dashboard/overview:0
[ 9899645ms] [ERROR] Failed to load resource: Could not connect to the server. @ http://localhost:4401/dashboard/alerts?limit=6:0
[ 9900070ms] [ERROR] Failed to load resource: Could not connect to the server. @ http://localhost:4401/api/billing/ai-credits/summary:0
[ 9900258ms] [ERROR] Failed to load resource: Could not connect to the server. @ http://localhost:4401/dashboard/overview:0
[ 9900259ms] [ERROR] Failed to load resource: Could not connect to the server. @ http://localhost:4401/dashboard/alerts?limit=6:0
[ 9900277ms] [ERROR] Failed to load resource: Could not connect to the server. @ http://localhost:4401/api/billing/ai-credits/summary:0
[ 9900883ms] [ERROR] Failed to load resource: Could not connect to the server. @ http://localhost:4401/api/billing/ai-credits/summary:0
[ 9930070ms] [ERROR] Failed to load resource: Could not connect to the server. @ http://localhost:4401/api/billing/ai-credits/summary:0
[ 9930274ms] [ERROR] Failed to load resource: Could not connect to the server. @ http://localhost:4401/api/billing/ai-credits/summary:0
[ 9930888ms] [ERROR] Failed to load resource: Could not connect to the server. @ http://localhost:4401/api/billing/ai-credits/summary:0
[ 9959439ms] [ERROR] Failed to load resource: Could not connect to the server. @ http://localhost:4401/dashboard/overview:0
[ 9959441ms] [ERROR] Failed to load resource: Could not connect to the server. @ http://localhost:4401/dashboard/alerts?limit=6:0
[ 9959645ms] [ERROR] Failed to load resource: Could not connect to the server. @ http://localhost:4401/dashboard/overview:0
[ 9959646ms] [ERROR] Failed to load resource: Could not connect to the server. @ http://localhost:4401/dashboard/alerts?limit=6:0
[ 9960076ms] [ERROR] Failed to load resource: Could not connect to the server. @ http://localhost:4401/api/billing/ai-credits/summary:0
[ 9960257ms] [ERROR] Failed to load resource: Could not connect to the server. @ http://localhost:4401/dashboard/overview:0
[ 9960258ms] [ERROR] Failed to load resource: Could not connect to the server. @ http://localhost:4401/dashboard/alerts?limit=6:0
[ 9960282ms] [ERROR] Failed to load resource: Could not connect to the server. @ http://localhost:4401/api/billing/ai-credits/summary:0
[ 9960886ms] [ERROR] Failed to load resource: Could not connect to the server. @ http://localhost:4401/api/billing/ai-credits/summary:0
[ 9990085ms] [ERROR] Failed to load resource: Could not connect to the server. @ http://localhost:4401/api/billing/ai-credits/summary:0
[ 9990298ms] [ERROR] Failed to load resource: Could not connect to the server. @ http://localhost:4401/api/billing/ai-credits/summary:0
[ 9990902ms] [ERROR] Failed to load resource: Could not connect to the server. @ http://localhost:4401/api/billing/ai-credits/summary:0
[10019443ms] [ERROR] Failed to load resource: Could not connect to the server. @ http://localhost:4401/dashboard/overview:0
[10019444ms] [ERROR] Failed to load resource: Could not connect to the server. @ http://localhost:4401/dashboard/alerts?limit=6:0
[10019651ms] [ERROR] Failed to load resource: Could not connect to the server. @ http://localhost:4401/dashboard/overview:0
[10019652ms] [ERROR] Failed to load resource: Could not connect to the server. @ http://localhost:4401/dashboard/alerts?limit=6:0
[10020089ms] [ERROR] Failed to load resource: Could not connect to the server. @ http://localhost:4401/api/billing/ai-credits/summary:0
[10020265ms] [ERROR] Failed to load resource: Could not connect to the server. @ http://localhost:4401/dashboard/overview:0
[10020266ms] [ERROR] Failed to load resource: Could not connect to the server. @ http://localhost:4401/dashboard/alerts?limit=6:0
[10020296ms] [ERROR] Failed to load resource: Could not connect to the server. @ http://localhost:4401/api/billing/ai-credits/summary:0
[10020900ms] [ERROR] Failed to load resource: Could not connect to the server. @ http://localhost:4401/api/billing/ai-credits/summary:0
[10050087ms] [ERROR] Failed to load resource: Could not connect to the server. @ http://localhost:4401/api/billing/ai-credits/summary:0
[10050290ms] [ERROR] Failed to load resource: Could not connect to the server. @ http://localhost:4401/api/billing/ai-credits/summary:0
[10050902ms] [ERROR] Failed to load resource: Could not connect to the server. @ http://localhost:4401/api/billing/ai-credits/summary:0
[10079447ms] [ERROR] Failed to load resource: Could not connect to the server. @ http://localhost:4401/dashboard/overview:0
[10079448ms] [ERROR] Failed to load resource: Could not connect to the server. @ http://localhost:4401/dashboard/alerts?limit=6:0
[10079656ms] [ERROR] Failed to load resource: Could not connect to the server. @ http://localhost:4401/dashboard/overview:0
[10079657ms] [ERROR] Failed to load resource: Could not connect to the server. @ http://localhost:4401/dashboard/alerts?limit=6:0
[10080099ms] [ERROR] Failed to load resource: Could not connect to the server. @ http://localhost:4401/api/billing/ai-credits/summary:0
[10080269ms] [ERROR] Failed to load resource: Could not connect to the server. @ http://localhost:4401/dashboard/overview:0
[10080271ms] [ERROR] Failed to load resource: Could not connect to the server. @ http://localhost:4401/dashboard/alerts?limit=6:0
[10080307ms] [ERROR] Failed to load resource: Could not connect to the server. @ http://localhost:4401/api/billing/ai-credits/summary:0
[10080913ms] [ERROR] Failed to load resource: Could not connect to the server. @ http://localhost:4401/api/billing/ai-credits/summary:0
[10110096ms] [ERROR] Failed to load resource: Could not connect to the server. @ http://localhost:4401/api/billing/ai-credits/summary:0
[10110301ms] [ERROR] Failed to load resource: Could not connect to the server. @ http://localhost:4401/api/billing/ai-credits/summary:0
[10110912ms] [ERROR] Failed to load resource: Could not connect to the server. @ http://localhost:4401/api/billing/ai-credits/summary:0
[10139452ms] [ERROR] Failed to load resource: Could not connect to the server. @ http://localhost:4401/dashboard/overview:0
[10139453ms] [ERROR] Failed to load resource: Could not connect to the server. @ http://localhost:4401/dashboard/alerts?limit=6:0
[10139665ms] [ERROR] Failed to load resource: Could not connect to the server. @ http://localhost:4401/dashboard/overview:0
[10139666ms] [ERROR] Failed to load resource: Could not connect to the server. @ http://localhost:4401/dashboard/alerts?limit=6:0
[10140108ms] [ERROR] Failed to load resource: Could not connect to the server. @ http://localhost:4401/api/billing/ai-credits/summary:0
[10140279ms] [ERROR] Failed to load resource: Could not connect to the server. @ http://localhost:4401/dashboard/overview:0
[10140280ms] [ERROR] Failed to load resource: Could not connect to the server. @ http://localhost:4401/dashboard/alerts?limit=6:0
[10140316ms] [ERROR] Failed to load resource: Could not connect to the server. @ http://localhost:4401/api/billing/ai-credits/summary:0
[10140922ms] [ERROR] Failed to load resource: Could not connect to the server. @ http://localhost:4401/api/billing/ai-credits/summary:0
[10170114ms] [ERROR] Failed to load resource: Could not connect to the server. @ http://localhost:4401/api/billing/ai-credits/summary:0
[10170319ms] [ERROR] Failed to load resource: Could not connect to the server. @ http://localhost:4401/api/billing/ai-credits/summary:0
[10170931ms] [ERROR] Failed to load resource: Could not connect to the server. @ http://localhost:4401/api/billing/ai-credits/summary:0
[10199457ms] [ERROR] Failed to load resource: Could not connect to the server. @ http://localhost:4401/dashboard/overview:0
[10199458ms] [ERROR] Failed to load resource: Could not connect to the server. @ http://localhost:4401/dashboard/alerts?limit=6:0
[10199666ms] [ERROR] Failed to load resource: Could not connect to the server. @ http://localhost:4401/dashboard/overview:0
[10199667ms] [ERROR] Failed to load resource: Could not connect to the server. @ http://localhost:4401/dashboard/alerts?limit=6:0
[10200115ms] [ERROR] Failed to load resource: Could not connect to the server. @ http://localhost:4401/api/billing/ai-credits/summary:0
[10200279ms] [ERROR] Failed to load resource: Could not connect to the server. @ http://localhost:4401/dashboard/overview:0
[10200280ms] [ERROR] Failed to load resource: Could not connect to the server. @ http://localhost:4401/dashboard/alerts?limit=6:0
[10200325ms] [ERROR] Failed to load resource: Could not connect to the server. @ http://localhost:4401/api/billing/ai-credits/summary:0
[10200937ms] [ERROR] Failed to load resource: Could not connect to the server. @ http://localhost:4401/api/billing/ai-credits/summary:0
[10230112ms] [ERROR] Failed to load resource: Could not connect to the server. @ http://localhost:4401/api/billing/ai-credits/summary:0
[10230316ms] [ERROR] Failed to load resource: Could not connect to the server. @ http://localhost:4401/api/billing/ai-credits/summary:0
[10230927ms] [ERROR] Failed to load resource: Could not connect to the server. @ http://localhost:4401/api/billing/ai-credits/summary:0
[10259461ms] [ERROR] Failed to load resource: Could not connect to the server. @ http://localhost:4401/dashboard/overview:0
[10259463ms] [ERROR] Failed to load resource: Could not connect to the server. @ http://localhost:4401/dashboard/alerts?limit=6:0
[10259671ms] [ERROR] Failed to load resource: Could not connect to the server. @ http://localhost:4401/dashboard/overview:0
[10259672ms] [ERROR] Failed to load resource: Could not connect to the server. @ http://localhost:4401/dashboard/alerts?limit=6:0
[10260122ms] [ERROR] Failed to load resource: Could not connect to the server. @ http://localhost:4401/api/billing/ai-credits/summary:0
[10260282ms] [ERROR] Failed to load resource: Could not connect to the server. @ http://localhost:4401/dashboard/overview:0
[10260283ms] [ERROR] Failed to load resource: Could not connect to the server. @ http://localhost:4401/dashboard/alerts?limit=6:0
[10260332ms] [ERROR] Failed to load resource: Could not connect to the server. @ http://localhost:4401/api/billing/ai-credits/summary:0
[10260941ms] [ERROR] Failed to load resource: Could not connect to the server. @ http://localhost:4401/api/billing/ai-credits/summary:0
[10290120ms] [ERROR] Failed to load resource: Could not connect to the server. @ http://localhost:4401/api/billing/ai-credits/summary:0
[10290325ms] [ERROR] Failed to load resource: Could not connect to the server. @ http://localhost:4401/api/billing/ai-credits/summary:0
[10290937ms] [ERROR] Failed to load resource: Could not connect to the server. @ http://localhost:4401/api/billing/ai-credits/summary:0
[10319466ms] [ERROR] Failed to load resource: Could not connect to the server. @ http://localhost:4401/dashboard/overview:0
[10319467ms] [ERROR] Failed to load resource: Could not connect to the server. @ http://localhost:4401/dashboard/alerts?limit=6:0
[10319680ms] [ERROR] Failed to load resource: Could not connect to the server. @ http://localhost:4401/dashboard/overview:0
[10319681ms] [ERROR] Failed to load resource: Could not connect to the server. @ http://localhost:4401/dashboard/alerts?limit=6:0
[10320133ms] [ERROR] Failed to load resource: Could not connect to the server. @ http://localhost:4401/api/billing/ai-credits/summary:0
[10320295ms] [ERROR] Failed to load resource: Could not connect to the server. @ http://localhost:4401/dashboard/overview:0
[10320296ms] [ERROR] Failed to load resource: Could not connect to the server. @ http://localhost:4401/dashboard/alerts?limit=6:0
[10320344ms] [ERROR] Failed to load resource: Could not connect to the server. @ http://localhost:4401/api/billing/ai-credits/summary:0
[10320954ms] [ERROR] Failed to load resource: Could not connect to the server. @ http://localhost:4401/api/billing/ai-credits/summary:0
[10350131ms] [ERROR] Failed to load resource: Could not connect to the server. @ http://localhost:4401/api/billing/ai-credits/summary:0
[10350336ms] [ERROR] Failed to load resource: Could not connect to the server. @ http://localhost:4401/api/billing/ai-credits/summary:0
[10350948ms] [ERROR] Failed to load resource: Could not connect to the server. @ http://localhost:4401/api/billing/ai-credits/summary:0
[10379468ms] [ERROR] Failed to load resource: Could not connect to the server. @ http://localhost:4401/dashboard/overview:0
[10379469ms] [ERROR] Failed to load resource: Could not connect to the server. @ http://localhost:4401/dashboard/alerts?limit=6:0
[10379680ms] [ERROR] Failed to load resource: Could not connect to the server. @ http://localhost:4401/dashboard/overview:0
[10379681ms] [ERROR] Failed to load resource: Could not connect to the server. @ http://localhost:4401/dashboard/alerts?limit=6:0
[10380141ms] [ERROR] Failed to load resource: Could not connect to the server. @ http://localhost:4401/api/billing/ai-credits/summary:0
[10380294ms] [ERROR] Failed to load resource: Could not connect to the server. @ http://localhost:4401/dashboard/overview:0
[10380295ms] [ERROR] Failed to load resource: Could not connect to the server. @ http://localhost:4401/dashboard/alerts?limit=6:0
[10380352ms] [ERROR] Failed to load resource: Could not connect to the server. @ http://localhost:4401/api/billing/ai-credits/summary:0
[10380963ms] [ERROR] Failed to load resource: Could not connect to the server. @ http://localhost:4401/api/billing/ai-credits/summary:0
[10410138ms] [ERROR] Failed to load resource: Could not connect to the server. @ http://localhost:4401/api/billing/ai-credits/summary:0
[10410343ms] [ERROR] Failed to load resource: Could not connect to the server. @ http://localhost:4401/api/billing/ai-credits/summary:0
[10410954ms] [ERROR] Failed to load resource: Could not connect to the server. @ http://localhost:4401/api/billing/ai-credits/summary:0
[10439476ms] [ERROR] Failed to load resource: Could not connect to the server. @ http://localhost:4401/dashboard/overview:0
[10439477ms] [ERROR] Failed to load resource: Could not connect to the server. @ http://localhost:4401/dashboard/alerts?limit=6:0
[10439688ms] [ERROR] Failed to load resource: Could not connect to the server. @ http://localhost:4401/dashboard/overview:0
[10439689ms] [ERROR] Failed to load resource: Could not connect to the server. @ http://localhost:4401/dashboard/alerts?limit=6:0
[10440150ms] [ERROR] Failed to load resource: Could not connect to the server. @ http://localhost:4401/api/billing/ai-credits/summary:0
[10440302ms] [ERROR] Failed to load resource: Could not connect to the server. @ http://localhost:4401/dashboard/overview:0
[10440303ms] [ERROR] Failed to load resource: Could not connect to the server. @ http://localhost:4401/dashboard/alerts?limit=6:0
[10440361ms] [ERROR] Failed to load resource: Could not connect to the server. @ http://localhost:4401/api/billing/ai-credits/summary:0
[10440968ms] [ERROR] Failed to load resource: Could not connect to the server. @ http://localhost:4401/api/billing/ai-credits/summary:0
[10470146ms] [ERROR] Failed to load resource: Could not connect to the server. @ http://localhost:4401/api/billing/ai-credits/summary:0
[10470351ms] [ERROR] Failed to load resource: Could not connect to the server. @ http://localhost:4401/api/billing/ai-credits/summary:0
[10470964ms] [ERROR] Failed to load resource: Could not connect to the server. @ http://localhost:4401/api/billing/ai-credits/summary:0
[10499482ms] [ERROR] Failed to load resource: Could not connect to the server. @ http://localhost:4401/dashboard/overview:0
[10499483ms] [ERROR] Failed to load resource: Could not connect to the server. @ http://localhost:4401/dashboard/alerts?limit=6:0
[10499696ms] [ERROR] Failed to load resource: Could not connect to the server. @ http://localhost:4401/dashboard/overview:0
[10499697ms] [ERROR] Failed to load resource: Could not connect to the server. @ http://localhost:4401/dashboard/alerts?limit=6:0
[10500155ms] [ERROR] Failed to load resource: Could not connect to the server. @ http://localhost:4401/api/billing/ai-credits/summary:0
[10500308ms] [ERROR] Failed to load resource: Could not connect to the server. @ http://localhost:4401/dashboard/overview:0
[10500309ms] [ERROR] Failed to load resource: Could not connect to the server. @ http://localhost:4401/dashboard/alerts?limit=6:0
[10500367ms] [ERROR] Failed to load resource: Could not connect to the server. @ http://localhost:4401/api/billing/ai-credits/summary:0
[10500974ms] [ERROR] Failed to load resource: Could not connect to the server. @ http://localhost:4401/api/billing/ai-credits/summary:0
[10530156ms] [ERROR] Failed to load resource: Could not connect to the server. @ http://localhost:4401/api/billing/ai-credits/summary:0
[10530361ms] [ERROR] Failed to load resource: Could not connect to the server. @ http://localhost:4401/api/billing/ai-credits/summary:0
[10530972ms] [ERROR] Failed to load resource: Could not connect to the server. @ http://localhost:4401/api/billing/ai-credits/summary:0
[10559493ms] [ERROR] Failed to load resource: Could not connect to the server. @ http://localhost:4401/dashboard/overview:0
[10559494ms] [ERROR] Failed to load resource: Could not connect to the server. @ http://localhost:4401/dashboard/alerts?limit=6:0
[10559702ms] [ERROR] Failed to load resource: Could not connect to the server. @ http://localhost:4401/dashboard/overview:0
[10559704ms] [ERROR] Failed to load resource: Could not connect to the server. @ http://localhost:4401/dashboard/alerts?limit=6:0
[10560163ms] [ERROR] Failed to load resource: Could not connect to the server. @ http://localhost:4401/api/billing/ai-credits/summary:0
[10560313ms] [ERROR] Failed to load resource: Could not connect to the server. @ http://localhost:4401/dashboard/overview:0
[10560315ms] [ERROR] Failed to load resource: Could not connect to the server. @ http://localhost:4401/dashboard/alerts?limit=6:0
[10560370ms] [ERROR] Failed to load resource: Could not connect to the server. @ http://localhost:4401/api/billing/ai-credits/summary:0
[10560981ms] [ERROR] Failed to load resource: Could not connect to the server. @ http://localhost:4401/api/billing/ai-credits/summary:0
[10590163ms] [ERROR] Failed to load resource: Could not connect to the server. @ http://localhost:4401/api/billing/ai-credits/summary:0
[10590368ms] [ERROR] Failed to load resource: Could not connect to the server. @ http://localhost:4401/api/billing/ai-credits/summary:0
[10590980ms] [ERROR] Failed to load resource: Could not connect to the server. @ http://localhost:4401/api/billing/ai-credits/summary:0
[10619487ms] [ERROR] Failed to load resource: Could not connect to the server. @ http://localhost:4401/dashboard/overview:0
[10619488ms] [ERROR] Failed to load resource: Could not connect to the server. @ http://localhost:4401/dashboard/alerts?limit=6:0
[10619696ms] [ERROR] Failed to load resource: Could not connect to the server. @ http://localhost:4401/dashboard/overview:0
[10619697ms] [ERROR] Failed to load resource: Could not connect to the server. @ http://localhost:4401/dashboard/alerts?limit=6:0
[10620166ms] [ERROR] Failed to load resource: Could not connect to the server. @ http://localhost:4401/api/billing/ai-credits/summary:0
[10620301ms] [ERROR] Failed to load resource: Could not connect to the server. @ http://localhost:4401/dashboard/overview:0
[10620301ms] [ERROR] Failed to load resource: Could not connect to the server. @ http://localhost:4401/dashboard/alerts?limit=6:0
[10620369ms] [ERROR] Failed to load resource: Could not connect to the server. @ http://localhost:4401/api/billing/ai-credits/summary:0
[10620975ms] [ERROR] Failed to load resource: Could not connect to the server. @ http://localhost:4401/api/billing/ai-credits/summary:0
[10650171ms] [ERROR] Failed to load resource: Could not connect to the server. @ http://localhost:4401/api/billing/ai-credits/summary:0
[10650376ms] [ERROR] Failed to load resource: Could not connect to the server. @ http://localhost:4401/api/billing/ai-credits/summary:0
[10650988ms] [ERROR] Failed to load resource: Could not connect to the server. @ http://localhost:4401/api/billing/ai-credits/summary:0
[10679486ms] [ERROR] Failed to load resource: Could not connect to the server. @ http://localhost:4401/dashboard/overview:0
[10679487ms] [ERROR] Failed to load resource: Could not connect to the server. @ http://localhost:4401/dashboard/alerts?limit=6:0
[10679690ms] [ERROR] Failed to load resource: Could not connect to the server. @ http://localhost:4401/dashboard/overview:0
[10679691ms] [ERROR] Failed to load resource: Could not connect to the server. @ http://localhost:4401/dashboard/alerts?limit=6:0
[10680184ms] [ERROR] Failed to load resource: Could not connect to the server. @ http://localhost:4401/api/billing/ai-credits/summary:0
[10680301ms] [ERROR] Failed to load resource: Could not connect to the server. @ http://localhost:4401/dashboard/overview:0
[10680302ms] [ERROR] Failed to load resource: Could not connect to the server. @ http://localhost:4401/dashboard/alerts?limit=6:0
[10680396ms] [ERROR] Failed to load resource: Could not connect to the server. @ http://localhost:4401/api/billing/ai-credits/summary:0
[10681009ms] [ERROR] Failed to load resource: Could not connect to the server. @ http://localhost:4401/api/billing/ai-credits/summary:0
[10710180ms] [ERROR] Failed to load resource: Could not connect to the server. @ http://localhost:4401/api/billing/ai-credits/summary:0
[10710385ms] [ERROR] Failed to load resource: Could not connect to the server. @ http://localhost:4401/api/billing/ai-credits/summary:0
[10710996ms] [ERROR] Failed to load resource: Could not connect to the server. @ http://localhost:4401/api/billing/ai-credits/summary:0
[10739493ms] [ERROR] Failed to load resource: Could not connect to the server. @ http://localhost:4401/dashboard/overview:0
[10739494ms] [ERROR] Failed to load resource: Could not connect to the server. @ http://localhost:4401/dashboard/alerts?limit=6:0
[10739705ms] [ERROR] Failed to load resource: Could not connect to the server. @ http://localhost:4401/dashboard/overview:0
[10739706ms] [ERROR] Failed to load resource: Could not connect to the server. @ http://localhost:4401/dashboard/alerts?limit=6:0
[10740192ms] [ERROR] Failed to load resource: Could not connect to the server. @ http://localhost:4401/api/billing/ai-credits/summary:0
[10740317ms] [ERROR] Failed to load resource: Could not connect to the server. @ http://localhost:4401/dashboard/overview:0
[10740318ms] [ERROR] Failed to load resource: Could not connect to the server. @ http://localhost:4401/dashboard/alerts?limit=6:0
[10740402ms] [ERROR] Failed to load resource: Could not connect to the server. @ http://localhost:4401/api/billing/ai-credits/summary:0
[10741008ms] [ERROR] Failed to load resource: Could not connect to the server. @ http://localhost:4401/api/billing/ai-credits/summary:0
[10770189ms] [ERROR] Failed to load resource: Could not connect to the server. @ http://localhost:4401/api/billing/ai-credits/summary:0
[10770394ms] [ERROR] Failed to load resource: Could not connect to the server. @ http://localhost:4401/api/billing/ai-credits/summary:0
[10771006ms] [ERROR] Failed to load resource: Could not connect to the server. @ http://localhost:4401/api/billing/ai-credits/summary:0
[10799504ms] [ERROR] Failed to load resource: Could not connect to the server. @ http://localhost:4401/dashboard/overview:0
[10799505ms] [ERROR] Failed to load resource: Could not connect to the server. @ http://localhost:4401/dashboard/alerts?limit=6:0
[10799719ms] [ERROR] Failed to load resource: Could not connect to the server. @ http://localhost:4401/dashboard/overview:0
[10799720ms] [ERROR] Failed to load resource: Could not connect to the server. @ http://localhost:4401/dashboard/alerts?limit=6:0
[10800200ms] [ERROR] Failed to load resource: Could not connect to the server. @ http://localhost:4401/api/billing/ai-credits/summary:0
[10800332ms] [ERROR] Failed to load resource: Could not connect to the server. @ http://localhost:4401/dashboard/overview:0
[10800333ms] [ERROR] Failed to load resource: Could not connect to the server. @ http://localhost:4401/dashboard/alerts?limit=6:0
[10800413ms] [ERROR] Failed to load resource: Could not connect to the server. @ http://localhost:4401/api/billing/ai-credits/summary:0
[10801026ms] [ERROR] Failed to load resource: Could not connect to the server. @ http://localhost:4401/api/billing/ai-credits/summary:0
[10830199ms] [ERROR] Failed to load resource: Could not connect to the server. @ http://localhost:4401/api/billing/ai-credits/summary:0
[10830404ms] [ERROR] Failed to load resource: Could not connect to the server. @ http://localhost:4401/api/billing/ai-credits/summary:0
[10831016ms] [ERROR] Failed to load resource: Could not connect to the server. @ http://localhost:4401/api/billing/ai-credits/summary:0
[10859509ms] [ERROR] Failed to load resource: Could not connect to the server. @ http://localhost:4401/dashboard/overview:0
[10859510ms] [ERROR] Failed to load resource: Could not connect to the server. @ http://localhost:4401/dashboard/alerts?limit=6:0
[10859721ms] [ERROR] Failed to load resource: Could not connect to the server. @ http://localhost:4401/dashboard/overview:0
[10859722ms] [ERROR] Failed to load resource: Could not connect to the server. @ http://localhost:4401/dashboard/alerts?limit=6:0
[10860210ms] [ERROR] Failed to load resource: Could not connect to the server. @ http://localhost:4401/api/billing/ai-credits/summary:0
[10860332ms] [ERROR] Failed to load resource: Could not connect to the server. @ http://localhost:4401/dashboard/overview:0
[10860335ms] [ERROR] Failed to load resource: Could not connect to the server. @ http://localhost:4401/dashboard/alerts?limit=6:0
[10860421ms] [ERROR] Failed to load resource: Could not connect to the server. @ http://localhost:4401/api/billing/ai-credits/summary:0
[10861029ms] [ERROR] Failed to load resource: Could not connect to the server. @ http://localhost:4401/api/billing/ai-credits/summary:0
[10890214ms] [ERROR] Failed to load resource: Could not connect to the server. @ http://localhost:4401/api/billing/ai-credits/summary:0
[10890426ms] [ERROR] Failed to load resource: Could not connect to the server. @ http://localhost:4401/api/billing/ai-credits/summary:0
[10891032ms] [ERROR] Failed to load resource: Could not connect to the server. @ http://localhost:4401/api/billing/ai-credits/summary:0
[10919509ms] [ERROR] Failed to load resource: Could not connect to the server. @ http://localhost:4401/dashboard/overview:0
[10919510ms] [ERROR] Failed to load resource: Could not connect to the server. @ http://localhost:4401/dashboard/alerts?limit=6:0
[10919723ms] [ERROR] Failed to load resource: Could not connect to the server. @ http://localhost:4401/dashboard/overview:0
[10919724ms] [ERROR] Failed to load resource: Could not connect to the server. @ http://localhost:4401/dashboard/alerts?limit=6:0
[10920209ms] [ERROR] Failed to load resource: Could not connect to the server. @ http://localhost:4401/api/billing/ai-credits/summary:0
[10920329ms] [ERROR] Failed to load resource: Could not connect to the server. @ http://localhost:4401/dashboard/overview:0
[10920330ms] [ERROR] Failed to load resource: Could not connect to the server. @ http://localhost:4401/dashboard/alerts?limit=6:0
[10920415ms] [ERROR] Failed to load resource: Could not connect to the server. @ http://localhost:4401/api/billing/ai-credits/summary:0
[10921028ms] [ERROR] Failed to load resource: Could not connect to the server. @ http://localhost:4401/api/billing/ai-credits/summary:0
[10950218ms] [ERROR] Failed to load resource: Could not connect to the server. @ http://localhost:4401/api/billing/ai-credits/summary:0
[10950423ms] [ERROR] Failed to load resource: Could not connect to the server. @ http://localhost:4401/api/billing/ai-credits/summary:0
[10951034ms] [ERROR] Failed to load resource: Could not connect to the server. @ http://localhost:4401/api/billing/ai-credits/summary:0
[10979515ms] [ERROR] Failed to load resource: Could not connect to the server. @ http://localhost:4401/dashboard/overview:0
[10979516ms] [ERROR] Failed to load resource: Could not connect to the server. @ http://localhost:4401/dashboard/alerts?limit=6:0
[10979726ms] [ERROR] Failed to load resource: Could not connect to the server. @ http://localhost:4401/dashboard/overview:0
[10979727ms] [ERROR] Failed to load resource: Could not connect to the server. @ http://localhost:4401/dashboard/alerts?limit=6:0
[10980228ms] [ERROR] Failed to load resource: Could not connect to the server. @ http://localhost:4401/api/billing/ai-credits/summary:0
[10980339ms] [ERROR] Failed to load resource: Could not connect to the server. @ http://localhost:4401/dashboard/overview:0
[10980340ms] [ERROR] Failed to load resource: Could not connect to the server. @ http://localhost:4401/dashboard/alerts?limit=6:0
[10980440ms] [ERROR] Failed to load resource: Could not connect to the server. @ http://localhost:4401/api/billing/ai-credits/summary:0
[10981053ms] [ERROR] Failed to load resource: Could not connect to the server. @ http://localhost:4401/api/billing/ai-credits/summary:0
[11010231ms] [ERROR] Failed to load resource: Could not connect to the server. @ http://localhost:4401/api/billing/ai-credits/summary:0
[11010444ms] [ERROR] Failed to load resource: Could not connect to the server. @ http://localhost:4401/api/billing/ai-credits/summary:0
[11011056ms] [ERROR] Failed to load resource: Could not connect to the server. @ http://localhost:4401/api/billing/ai-credits/summary:0
[11039519ms] [ERROR] Failed to load resource: Could not connect to the server. @ http://localhost:4401/dashboard/overview:0
[11039521ms] [ERROR] Failed to load resource: Could not connect to the server. @ http://localhost:4401/dashboard/alerts?limit=6:0
[11039734ms] [ERROR] Failed to load resource: Could not connect to the server. @ http://localhost:4401/dashboard/overview:0
[11039735ms] [ERROR] Failed to load resource: Could not connect to the server. @ http://localhost:4401/dashboard/alerts?limit=6:0
[11040236ms] [ERROR] Failed to load resource: Could not connect to the server. @ http://localhost:4401/api/billing/ai-credits/summary:0
[11040345ms] [ERROR] Failed to load resource: Could not connect to the server. @ http://localhost:4401/dashboard/overview:0
[11040347ms] [ERROR] Failed to load resource: Could not connect to the server. @ http://localhost:4401/dashboard/alerts?limit=6:0
[11040448ms] [ERROR] Failed to load resource: Could not connect to the server. @ http://localhost:4401/api/billing/ai-credits/summary:0
[11041055ms] [ERROR] Failed to load resource: Could not connect to the server. @ http://localhost:4401/api/billing/ai-credits/summary:0
[11070236ms] [ERROR] Failed to load resource: Could not connect to the server. @ http://localhost:4401/api/billing/ai-credits/summary:0
[11070441ms] [ERROR] Failed to load resource: Could not connect to the server. @ http://localhost:4401/api/billing/ai-credits/summary:0
[11071052ms] [ERROR] Failed to load resource: Could not connect to the server. @ http://localhost:4401/api/billing/ai-credits/summary:0
[11099528ms] [ERROR] Failed to load resource: Could not connect to the server. @ http://localhost:4401/dashboard/overview:0
[11099529ms] [ERROR] Failed to load resource: Could not connect to the server. @ http://localhost:4401/dashboard/alerts?limit=6:0
[11099740ms] [ERROR] Failed to load resource: Could not connect to the server. @ http://localhost:4401/dashboard/overview:0
[11099742ms] [ERROR] Failed to load resource: Could not connect to the server. @ http://localhost:4401/dashboard/alerts?limit=6:0
[11100238ms] [ERROR] Failed to load resource: Could not connect to the server. @ http://localhost:4401/api/billing/ai-credits/summary:0
[11100347ms] [ERROR] Failed to load resource: Could not connect to the server. @ http://localhost:4401/dashboard/overview:0
[11100349ms] [ERROR] Failed to load resource: Could not connect to the server. @ http://localhost:4401/dashboard/alerts?limit=6:0
[11100450ms] [ERROR] Failed to load resource: Could not connect to the server. @ http://localhost:4401/api/billing/ai-credits/summary:0
[11101055ms] [ERROR] Failed to load resource: Could not connect to the server. @ http://localhost:4401/api/billing/ai-credits/summary:0
[11130244ms] [ERROR] Failed to load resource: Could not connect to the server. @ http://localhost:4401/api/billing/ai-credits/summary:0
[11130450ms] [ERROR] Failed to load resource: Could not connect to the server. @ http://localhost:4401/api/billing/ai-credits/summary:0
[11131061ms] [ERROR] Failed to load resource: Could not connect to the server. @ http://localhost:4401/api/billing/ai-credits/summary:0
[11159529ms] [ERROR] Failed to load resource: Could not connect to the server. @ http://localhost:4401/dashboard/overview:0
[11159530ms] [ERROR] Failed to load resource: Could not connect to the server. @ http://localhost:4401/dashboard/alerts?limit=6:0
[11159740ms] [ERROR] Failed to load resource: Could not connect to the server. @ http://localhost:4401/dashboard/overview:0
[11159742ms] [ERROR] Failed to load resource: Could not connect to the server. @ http://localhost:4401/dashboard/alerts?limit=6:0
[11160249ms] [ERROR] Failed to load resource: Could not connect to the server. @ http://localhost:4401/api/billing/ai-credits/summary:0
[11160351ms] [ERROR] Failed to load resource: Could not connect to the server. @ http://localhost:4401/dashboard/overview:0
[11160353ms] [ERROR] Failed to load resource: Could not connect to the server. @ http://localhost:4401/dashboard/alerts?limit=6:0
[11160457ms] [ERROR] Failed to load resource: Could not connect to the server. @ http://localhost:4401/api/billing/ai-credits/summary:0
[11161062ms] [ERROR] Failed to load resource: Could not connect to the server. @ http://localhost:4401/api/billing/ai-credits/summary:0
[11190251ms] [ERROR] Failed to load resource: Could not connect to the server. @ http://localhost:4401/api/billing/ai-credits/summary:0
[11190461ms] [ERROR] Failed to load resource: Could not connect to the server. @ http://localhost:4401/api/billing/ai-credits/summary:0
[11191065ms] [ERROR] Failed to load resource: Could not connect to the server. @ http://localhost:4401/api/billing/ai-credits/summary:0
[11219537ms] [ERROR] Failed to load resource: Could not connect to the server. @ http://localhost:4401/dashboard/overview:0
[11219538ms] [ERROR] Failed to load resource: Could not connect to the server. @ http://localhost:4401/dashboard/alerts?limit=6:0
[11219742ms] [ERROR] Failed to load resource: Could not connect to the server. @ http://localhost:4401/dashboard/overview:0
[11219743ms] [ERROR] Failed to load resource: Could not connect to the server. @ http://localhost:4401/dashboard/alerts?limit=6:0
[11220262ms] [ERROR] Failed to load resource: Could not connect to the server. @ http://localhost:4401/api/billing/ai-credits/summary:0
[11220356ms] [ERROR] Failed to load resource: Could not connect to the server. @ http://localhost:4401/dashboard/overview:0
[11220357ms] [ERROR] Failed to load resource: Could not connect to the server. @ http://localhost:4401/dashboard/alerts?limit=6:0
[11220474ms] [ERROR] Failed to load resource: Could not connect to the server. @ http://localhost:4401/api/billing/ai-credits/summary:0
[11221080ms] [ERROR] Failed to load resource: Could not connect to the server. @ http://localhost:4401/api/billing/ai-credits/summary:0
[11250261ms] [ERROR] Failed to load resource: Could not connect to the server. @ http://localhost:4401/api/billing/ai-credits/summary:0
[11250464ms] [ERROR] Failed to load resource: Could not connect to the server. @ http://localhost:4401/api/billing/ai-credits/summary:0
[11251077ms] [ERROR] Failed to load resource: Could not connect to the server. @ http://localhost:4401/api/billing/ai-credits/summary:0
[11279556ms] [ERROR] Failed to load resource: Could not connect to the server. @ http://localhost:4401/dashboard/overview:0
[11279557ms] [ERROR] Failed to load resource: Could not connect to the server. @ http://localhost:4401/dashboard/alerts?limit=6:0
[11279770ms] [ERROR] Failed to load resource: Could not connect to the server. @ http://localhost:4401/dashboard/overview:0
[11279771ms] [ERROR] Failed to load resource: Could not connect to the server. @ http://localhost:4401/dashboard/alerts?limit=6:0
[11280295ms] [ERROR] Failed to load resource: Could not connect to the server. @ http://localhost:4401/api/billing/ai-credits/summary:0
[11280382ms] [ERROR] Failed to load resource: Could not connect to the server. @ http://localhost:4401/dashboard/overview:0
[11280384ms] [ERROR] Failed to load resource: Could not connect to the server. @ http://localhost:4401/dashboard/alerts?limit=6:0
[11280509ms] [ERROR] Failed to load resource: Could not connect to the server. @ http://localhost:4401/api/billing/ai-credits/summary:0
[11281122ms] [ERROR] Failed to load resource: Could not connect to the server. @ http://localhost:4401/api/billing/ai-credits/summary:0
[11310294ms] [ERROR] Failed to load resource: Could not connect to the server. @ http://localhost:4401/api/billing/ai-credits/summary:0
[11310499ms] [ERROR] Failed to load resource: Could not connect to the server. @ http://localhost:4401/api/billing/ai-credits/summary:0
[11311111ms] [ERROR] Failed to load resource: Could not connect to the server. @ http://localhost:4401/api/billing/ai-credits/summary:0
[11339571ms] [ERROR] Failed to load resource: Could not connect to the server. @ http://localhost:4401/dashboard/overview:0
[11339572ms] [ERROR] Failed to load resource: Could not connect to the server. @ http://localhost:4401/dashboard/alerts?limit=6:0
[11339783ms] [ERROR] Failed to load resource: Could not connect to the server. @ http://localhost:4401/dashboard/overview:0
[11339784ms] [ERROR] Failed to load resource: Could not connect to the server. @ http://localhost:4401/dashboard/alerts?limit=6:0
[11340308ms] [ERROR] Failed to load resource: Could not connect to the server. @ http://localhost:4401/api/billing/ai-credits/summary:0
[11340395ms] [ERROR] Failed to load resource: Could not connect to the server. @ http://localhost:4401/dashboard/overview:0
[11340396ms] [ERROR] Failed to load resource: Could not connect to the server. @ http://localhost:4401/dashboard/alerts?limit=6:0
[11340519ms] [ERROR] Failed to load resource: Could not connect to the server. @ http://localhost:4401/api/billing/ai-credits/summary:0
[11341132ms] [ERROR] Failed to load resource: Could not connect to the server. @ http://localhost:4401/api/billing/ai-credits/summary:0
[11370306ms] [ERROR] Failed to load resource: Could not connect to the server. @ http://localhost:4401/api/billing/ai-credits/summary:0
[11370511ms] [ERROR] Failed to load resource: Could not connect to the server. @ http://localhost:4401/api/billing/ai-credits/summary:0
[11371123ms] [ERROR] Failed to load resource: Could not connect to the server. @ http://localhost:4401/api/billing/ai-credits/summary:0
[11399578ms] [ERROR] Failed to load resource: Could not connect to the server. @ http://localhost:4401/dashboard/overview:0
[11399579ms] [ERROR] Failed to load resource: Could not connect to the server. @ http://localhost:4401/dashboard/alerts?limit=6:0
[11399790ms] [ERROR] Failed to load resource: Could not connect to the server. @ http://localhost:4401/dashboard/overview:0
[11399791ms] [ERROR] Failed to load resource: Could not connect to the server. @ http://localhost:4401/dashboard/alerts?limit=6:0
[11400311ms] [ERROR] Failed to load resource: Could not connect to the server. @ http://localhost:4401/api/billing/ai-credits/summary:0
[11400403ms] [ERROR] Failed to load resource: Could not connect to the server. @ http://localhost:4401/dashboard/overview:0
[11400404ms] [ERROR] Failed to load resource: Could not connect to the server. @ http://localhost:4401/dashboard/alerts?limit=6:0
[11400523ms] [ERROR] Failed to load resource: Could not connect to the server. @ http://localhost:4401/api/billing/ai-credits/summary:0
[11401136ms] [ERROR] Failed to load resource: Could not connect to the server. @ http://localhost:4401/api/billing/ai-credits/summary:0
[11430313ms] [ERROR] Failed to load resource: Could not connect to the server. @ http://localhost:4401/api/billing/ai-credits/summary:0
[11430519ms] [ERROR] Failed to load resource: Could not connect to the server. @ http://localhost:4401/api/billing/ai-credits/summary:0
[11431130ms] [ERROR] Failed to load resource: Could not connect to the server. @ http://localhost:4401/api/billing/ai-credits/summary:0
[11459584ms] [ERROR] Failed to load resource: Could not connect to the server. @ http://localhost:4401/dashboard/overview:0
[11459585ms] [ERROR] Failed to load resource: Could not connect to the server. @ http://localhost:4401/dashboard/alerts?limit=6:0
[11459790ms] [ERROR] Failed to load resource: Could not connect to the server. @ http://localhost:4401/dashboard/overview:0
[11459792ms] [ERROR] Failed to load resource: Could not connect to the server. @ http://localhost:4401/dashboard/alerts?limit=6:0
[11460325ms] [ERROR] Failed to load resource: Could not connect to the server. @ http://localhost:4401/api/billing/ai-credits/summary:0
[11460401ms] [ERROR] Failed to load resource: Could not connect to the server. @ http://localhost:4401/dashboard/overview:0
[11460403ms] [ERROR] Failed to load resource: Could not connect to the server. @ http://localhost:4401/dashboard/alerts?limit=6:0
[11460538ms] [ERROR] Failed to load resource: Could not connect to the server. @ http://localhost:4401/api/billing/ai-credits/summary:0
[11461145ms] [ERROR] Failed to load resource: Could not connect to the server. @ http://localhost:4401/api/billing/ai-credits/summary:0
[11490323ms] [ERROR] Failed to load resource: Could not connect to the server. @ http://localhost:4401/api/billing/ai-credits/summary:0
[11490537ms] [ERROR] Failed to load resource: Could not connect to the server. @ http://localhost:4401/api/billing/ai-credits/summary:0
[11491143ms] [ERROR] Failed to load resource: Could not connect to the server. @ http://localhost:4401/api/billing/ai-credits/summary:0
[11519590ms] [ERROR] Failed to load resource: Could not connect to the server. @ http://localhost:4401/dashboard/overview:0
[11519591ms] [ERROR] Failed to load resource: Could not connect to the server. @ http://localhost:4401/dashboard/alerts?limit=6:0
[11519804ms] [ERROR] Failed to load resource: Could not connect to the server. @ http://localhost:4401/dashboard/overview:0
[11519805ms] [ERROR] Failed to load resource: Could not connect to the server. @ http://localhost:4401/dashboard/alerts?limit=6:0
[11520333ms] [ERROR] Failed to load resource: Could not connect to the server. @ http://localhost:4401/api/billing/ai-credits/summary:0
[11520409ms] [ERROR] Failed to load resource: Could not connect to the server. @ http://localhost:4401/dashboard/overview:0
[11520410ms] [ERROR] Failed to load resource: Could not connect to the server. @ http://localhost:4401/dashboard/alerts?limit=6:0
[11520537ms] [ERROR] Failed to load resource: Could not connect to the server. @ http://localhost:4401/api/billing/ai-credits/summary:0
[11521150ms] [ERROR] Failed to load resource: Could not connect to the server. @ http://localhost:4401/api/billing/ai-credits/summary:0
[11550332ms] [ERROR] Failed to load resource: Could not connect to the server. @ http://localhost:4401/api/billing/ai-credits/summary:0
[11550537ms] [ERROR] Failed to load resource: Could not connect to the server. @ http://localhost:4401/api/billing/ai-credits/summary:0
[11551150ms] [ERROR] Failed to load resource: Could not connect to the server. @ http://localhost:4401/api/billing/ai-credits/summary:0
[11579593ms] [ERROR] Failed to load resource: Could not connect to the server. @ http://localhost:4401/dashboard/overview:0
[11579594ms] [ERROR] Failed to load resource: Could not connect to the server. @ http://localhost:4401/dashboard/alerts?limit=6:0
[11579808ms] [ERROR] Failed to load resource: Could not connect to the server. @ http://localhost:4401/dashboard/overview:0
[11579809ms] [ERROR] Failed to load resource: Could not connect to the server. @ http://localhost:4401/dashboard/alerts?limit=6:0
[11580342ms] [ERROR] Failed to load resource: Could not connect to the server. @ http://localhost:4401/api/billing/ai-credits/summary:0
[11580414ms] [ERROR] Failed to load resource: Could not connect to the server. @ http://localhost:4401/dashboard/overview:0
[11580414ms] [ERROR] Failed to load resource: Could not connect to the server. @ http://localhost:4401/dashboard/alerts?limit=6:0
[11580546ms] [ERROR] Failed to load resource: Could not connect to the server. @ http://localhost:4401/api/billing/ai-credits/summary:0
[11581159ms] [ERROR] Failed to load resource: Could not connect to the server. @ http://localhost:4401/api/billing/ai-credits/summary:0
[11610349ms] [ERROR] Failed to load resource: Could not connect to the server. @ http://localhost:4401/api/billing/ai-credits/summary:0
[11610560ms] [ERROR] Failed to load resource: Could not connect to the server. @ http://localhost:4401/api/billing/ai-credits/summary:0
[11611173ms] [ERROR] Failed to load resource: Could not connect to the server. @ http://localhost:4401/api/billing/ai-credits/summary:0
[11639598ms] [ERROR] Failed to load resource: Could not connect to the server. @ http://localhost:4401/dashboard/overview:0
[11639599ms] [ERROR] Failed to load resource: Could not connect to the server. @ http://localhost:4401/dashboard/alerts?limit=6:0
[11639812ms] [ERROR] Failed to load resource: Could not connect to the server. @ http://localhost:4401/dashboard/overview:0
[11639814ms] [ERROR] Failed to load resource: Could not connect to the server. @ http://localhost:4401/dashboard/alerts?limit=6:0
[11640353ms] [ERROR] Failed to load resource: Could not connect to the server. @ http://localhost:4401/api/billing/ai-credits/summary:0
[11640425ms] [ERROR] Failed to load resource: Could not connect to the server. @ http://localhost:4401/dashboard/overview:0
[11640427ms] [ERROR] Failed to load resource: Could not connect to the server. @ http://localhost:4401/dashboard/alerts?limit=6:0
[11640564ms] [ERROR] Failed to load resource: Could not connect to the server. @ http://localhost:4401/api/billing/ai-credits/summary:0
[11641173ms] [ERROR] Failed to load resource: Could not connect to the server. @ http://localhost:4401/api/billing/ai-credits/summary:0
[11670351ms] [ERROR] Failed to load resource: Could not connect to the server. @ http://localhost:4401/api/billing/ai-credits/summary:0
[11670555ms] [ERROR] Failed to load resource: Could not connect to the server. @ http://localhost:4401/api/billing/ai-credits/summary:0
[11671167ms] [ERROR] Failed to load resource: Could not connect to the server. @ http://localhost:4401/api/billing/ai-credits/summary:0
[11699603ms] [ERROR] Failed to load resource: Could not connect to the server. @ http://localhost:4401/dashboard/overview:0
[11699604ms] [ERROR] Failed to load resource: Could not connect to the server. @ http://localhost:4401/dashboard/alerts?limit=6:0
[11699815ms] [ERROR] Failed to load resource: Could not connect to the server. @ http://localhost:4401/dashboard/overview:0
[11699816ms] [ERROR] Failed to load resource: Could not connect to the server. @ http://localhost:4401/dashboard/alerts?limit=6:0
[11700361ms] [ERROR] Failed to load resource: Could not connect to the server. @ http://localhost:4401/api/billing/ai-credits/summary:0
[11700429ms] [ERROR] Failed to load resource: Could not connect to the server. @ http://localhost:4401/dashboard/overview:0
[11700430ms] [ERROR] Failed to load resource: Could not connect to the server. @ http://localhost:4401/dashboard/alerts?limit=6:0
[11700574ms] [ERROR] Failed to load resource: Could not connect to the server. @ http://localhost:4401/api/billing/ai-credits/summary:0
[11701183ms] [ERROR] Failed to load resource: Could not connect to the server. @ http://localhost:4401/api/billing/ai-credits/summary:0
[11730359ms] [ERROR] Failed to load resource: Could not connect to the server. @ http://localhost:4401/api/billing/ai-credits/summary:0
[11730563ms] [ERROR] Failed to load resource: Could not connect to the server. @ http://localhost:4401/api/billing/ai-credits/summary:0
[11731175ms] [ERROR] Failed to load resource: Could not connect to the server. @ http://localhost:4401/api/billing/ai-credits/summary:0
[11759607ms] [ERROR] Failed to load resource: Could not connect to the server. @ http://localhost:4401/dashboard/overview:0
[11759608ms] [ERROR] Failed to load resource: Could not connect to the server. @ http://localhost:4401/dashboard/alerts?limit=6:0
[11759818ms] [ERROR] Failed to load resource: Could not connect to the server. @ http://localhost:4401/dashboard/overview:0
[11759819ms] [ERROR] Failed to load resource: Could not connect to the server. @ http://localhost:4401/dashboard/alerts?limit=6:0
[11760366ms] [ERROR] Failed to load resource: Could not connect to the server. @ http://localhost:4401/api/billing/ai-credits/summary:0
[11760429ms] [ERROR] Failed to load resource: Could not connect to the server. @ http://localhost:4401/dashboard/overview:0
[11760430ms] [ERROR] Failed to load resource: Could not connect to the server. @ http://localhost:4401/dashboard/alerts?limit=6:0
[11760576ms] [ERROR] Failed to load resource: Could not connect to the server. @ http://localhost:4401/api/billing/ai-credits/summary:0
[11761184ms] [ERROR] Failed to load resource: Could not connect to the server. @ http://localhost:4401/api/billing/ai-credits/summary:0
[11790368ms] [ERROR] Failed to load resource: Could not connect to the server. @ http://localhost:4401/api/billing/ai-credits/summary:0
[11790581ms] [ERROR] Failed to load resource: Could not connect to the server. @ http://localhost:4401/api/billing/ai-credits/summary:0
[11791186ms] [ERROR] Failed to load resource: Could not connect to the server. @ http://localhost:4401/api/billing/ai-credits/summary:0
[11819608ms] [ERROR] Failed to load resource: Could not connect to the server. @ http://localhost:4401/dashboard/overview:0
[11819609ms] [ERROR] Failed to load resource: Could not connect to the server. @ http://localhost:4401/dashboard/alerts?limit=6:0
[11819822ms] [ERROR] Failed to load resource: Could not connect to the server. @ http://localhost:4401/dashboard/overview:0
[11819824ms] [ERROR] Failed to load resource: Could not connect to the server. @ http://localhost:4401/dashboard/alerts?limit=6:0
[11820379ms] [ERROR] Failed to load resource: Could not connect to the server. @ http://localhost:4401/api/billing/ai-credits/summary:0
[11820432ms] [ERROR] Failed to load resource: Could not connect to the server. @ http://localhost:4401/dashboard/overview:0
[11820433ms] [ERROR] Failed to load resource: Could not connect to the server. @ http://localhost:4401/dashboard/alerts?limit=6:0
[11820591ms] [ERROR] Failed to load resource: Could not connect to the server. @ http://localhost:4401/api/billing/ai-credits/summary:0
[11821202ms] [ERROR] Failed to load resource: Could not connect to the server. @ http://localhost:4401/api/billing/ai-credits/summary:0
[11850376ms] [ERROR] Failed to load resource: Could not connect to the server. @ http://localhost:4401/api/billing/ai-credits/summary:0
[11850583ms] [ERROR] Failed to load resource: Could not connect to the server. @ http://localhost:4401/api/billing/ai-credits/summary:0
[11851196ms] [ERROR] Failed to load resource: Could not connect to the server. @ http://localhost:4401/api/billing/ai-credits/summary:0
[11879620ms] [ERROR] Failed to load resource: Could not connect to the server. @ http://localhost:4401/dashboard/overview:0
[11879621ms] [ERROR] Failed to load resource: Could not connect to the server. @ http://localhost:4401/dashboard/alerts?limit=6:0
[11879833ms] [ERROR] Failed to load resource: Could not connect to the server. @ http://localhost:4401/dashboard/overview:0
[11879834ms] [ERROR] Failed to load resource: Could not connect to the server. @ http://localhost:4401/dashboard/alerts?limit=6:0
[11880381ms] [ERROR] Failed to load resource: Could not connect to the server. @ http://localhost:4401/api/billing/ai-credits/summary:0
[11880436ms] [ERROR] Failed to load resource: Could not connect to the server. @ http://localhost:4401/dashboard/overview:0
[11880437ms] [ERROR] Failed to load resource: Could not connect to the server. @ http://localhost:4401/dashboard/alerts?limit=6:0
[11880584ms] [ERROR] Failed to load resource: Could not connect to the server. @ http://localhost:4401/api/billing/ai-credits/summary:0
[11881195ms] [ERROR] Failed to load resource: Could not connect to the server. @ http://localhost:4401/api/billing/ai-credits/summary:0
[11910394ms] [ERROR] Failed to load resource: Could not connect to the server. @ http://localhost:4401/api/billing/ai-credits/summary:0
[11910599ms] [ERROR] Failed to load resource: Could not connect to the server. @ http://localhost:4401/api/billing/ai-credits/summary:0
[11911210ms] [ERROR] Failed to load resource: Could not connect to the server. @ http://localhost:4401/api/billing/ai-credits/summary:0
[11939625ms] [ERROR] Failed to load resource: Could not connect to the server. @ http://localhost:4401/dashboard/overview:0
[11939626ms] [ERROR] Failed to load resource: Could not connect to the server. @ http://localhost:4401/dashboard/alerts?limit=6:0
[11939839ms] [ERROR] Failed to load resource: Could not connect to the server. @ http://localhost:4401/dashboard/overview:0
[11939840ms] [ERROR] Failed to load resource: Could not connect to the server. @ http://localhost:4401/dashboard/alerts?limit=6:0
[11940398ms] [ERROR] Failed to load resource: Could not connect to the server. @ http://localhost:4401/api/billing/ai-credits/summary:0
[11940449ms] [ERROR] Failed to load resource: Could not connect to the server. @ http://localhost:4401/dashboard/overview:0
[11940450ms] [ERROR] Failed to load resource: Could not connect to the server. @ http://localhost:4401/dashboard/alerts?limit=6:0
[11940609ms] [ERROR] Failed to load resource: Could not connect to the server. @ http://localhost:4401/api/billing/ai-credits/summary:0
[11941223ms] [ERROR] Failed to load resource: Could not connect to the server. @ http://localhost:4401/api/billing/ai-credits/summary:0
[11970396ms] [ERROR] Failed to load resource: Could not connect to the server. @ http://localhost:4401/api/billing/ai-credits/summary:0
[11970600ms] [ERROR] Failed to load resource: Could not connect to the server. @ http://localhost:4401/api/billing/ai-credits/summary:0
[11971212ms] [ERROR] Failed to load resource: Could not connect to the server. @ http://localhost:4401/api/billing/ai-credits/summary:0
[11999631ms] [ERROR] Failed to load resource: Could not connect to the server. @ http://localhost:4401/dashboard/overview:0
[11999631ms] [ERROR] Failed to load resource: Could not connect to the server. @ http://localhost:4401/dashboard/alerts?limit=6:0
[11999843ms] [ERROR] Failed to load resource: Could not connect to the server. @ http://localhost:4401/dashboard/overview:0
[11999844ms] [ERROR] Failed to load resource: Could not connect to the server. @ http://localhost:4401/dashboard/alerts?limit=6:0
[12000408ms] [ERROR] Failed to load resource: Could not connect to the server. @ http://localhost:4401/api/billing/ai-credits/summary:0
[12000455ms] [ERROR] Failed to load resource: Could not connect to the server. @ http://localhost:4401/dashboard/overview:0
[12000456ms] [ERROR] Failed to load resource: Could not connect to the server. @ http://localhost:4401/dashboard/alerts?limit=6:0
[12000620ms] [ERROR] Failed to load resource: Could not connect to the server. @ http://localhost:4401/api/billing/ai-credits/summary:0
[12001226ms] [ERROR] Failed to load resource: Could not connect to the server. @ http://localhost:4401/api/billing/ai-credits/summary:0
[12030413ms] [ERROR] Failed to load resource: Could not connect to the server. @ http://localhost:4401/api/billing/ai-credits/summary:0
[12030615ms] [ERROR] Failed to load resource: Could not connect to the server. @ http://localhost:4401/api/billing/ai-credits/summary:0
[12031227ms] [ERROR] Failed to load resource: Could not connect to the server. @ http://localhost:4401/api/billing/ai-credits/summary:0
[12059635ms] [ERROR] Failed to load resource: Could not connect to the server. @ http://localhost:4401/dashboard/overview:0
[12059636ms] [ERROR] Failed to load resource: Could not connect to the server. @ http://localhost:4401/dashboard/alerts?limit=6:0
[12059847ms] [ERROR] Failed to load resource: Could not connect to the server. @ http://localhost:4401/dashboard/overview:0
[12059848ms] [ERROR] Failed to load resource: Could not connect to the server. @ http://localhost:4401/dashboard/alerts?limit=6:0
[12060418ms] [ERROR] Failed to load resource: Could not connect to the server. @ http://localhost:4401/api/billing/ai-credits/summary:0
[12060460ms] [ERROR] Failed to load resource: Could not connect to the server. @ http://localhost:4401/dashboard/overview:0
[12060461ms] [ERROR] Failed to load resource: Could not connect to the server. @ http://localhost:4401/dashboard/alerts?limit=6:0
[12060631ms] [ERROR] Failed to load resource: Could not connect to the server. @ http://localhost:4401/api/billing/ai-credits/summary:0
[12061244ms] [ERROR] Failed to load resource: Could not connect to the server. @ http://localhost:4401/api/billing/ai-credits/summary:0
[12090415ms] [ERROR] Failed to load resource: Could not connect to the server. @ http://localhost:4401/api/billing/ai-credits/summary:0
[12090619ms] [ERROR] Failed to load resource: Could not connect to the server. @ http://localhost:4401/api/billing/ai-credits/summary:0
[12091231ms] [ERROR] Failed to load resource: Could not connect to the server. @ http://localhost:4401/api/billing/ai-credits/summary:0
[12119641ms] [ERROR] Failed to load resource: Could not connect to the server. @ http://localhost:4401/dashboard/overview:0
[12119642ms] [ERROR] Failed to load resource: Could not connect to the server. @ http://localhost:4401/dashboard/alerts?limit=6:0
[12119854ms] [ERROR] Failed to load resource: Could not connect to the server. @ http://localhost:4401/dashboard/overview:0
[12119855ms] [ERROR] Failed to load resource: Could not connect to the server. @ http://localhost:4401/dashboard/alerts?limit=6:0
[12120419ms] [ERROR] Failed to load resource: Could not connect to the server. @ http://localhost:4401/api/billing/ai-credits/summary:0
[12120459ms] [ERROR] Failed to load resource: Could not connect to the server. @ http://localhost:4401/dashboard/overview:0
[12120459ms] [ERROR] Failed to load resource: Could not connect to the server. @ http://localhost:4401/dashboard/alerts?limit=6:0
[12120631ms] [ERROR] Failed to load resource: Could not connect to the server. @ http://localhost:4401/api/billing/ai-credits/summary:0
[12121235ms] [ERROR] Failed to load resource: Could not connect to the server. @ http://localhost:4401/api/billing/ai-credits/summary:0
[12150422ms] [ERROR] Failed to load resource: Could not connect to the server. @ http://localhost:4401/api/billing/ai-credits/summary:0
[12150629ms] [ERROR] Failed to load resource: Could not connect to the server. @ http://localhost:4401/api/billing/ai-credits/summary:0
[12151241ms] [ERROR] Failed to load resource: Could not connect to the server. @ http://localhost:4401/api/billing/ai-credits/summary:0
[12179644ms] [ERROR] Failed to load resource: Could not connect to the server. @ http://localhost:4401/dashboard/overview:0
[12179645ms] [ERROR] Failed to load resource: Could not connect to the server. @ http://localhost:4401/dashboard/alerts?limit=6:0
[12179853ms] [ERROR] Failed to load resource: Could not connect to the server. @ http://localhost:4401/dashboard/overview:0
[12179854ms] [ERROR] Failed to load resource: Could not connect to the server. @ http://localhost:4401/dashboard/alerts?limit=6:0
[12180432ms] [ERROR] Failed to load resource: Could not connect to the server. @ http://localhost:4401/api/billing/ai-credits/summary:0
[12180466ms] [ERROR] Failed to load resource: Could not connect to the server. @ http://localhost:4401/dashboard/overview:0
[12180467ms] [ERROR] Failed to load resource: Could not connect to the server. @ http://localhost:4401/dashboard/alerts?limit=6:0
[12180642ms] [ERROR] Failed to load resource: Could not connect to the server. @ http://localhost:4401/api/billing/ai-credits/summary:0
[12181247ms] [ERROR] Failed to load resource: Could not connect to the server. @ http://localhost:4401/api/billing/ai-credits/summary:0
[12210432ms] [ERROR] Failed to load resource: Could not connect to the server. @ http://localhost:4401/api/billing/ai-credits/summary:0
[12210637ms] [ERROR] Failed to load resource: Could not connect to the server. @ http://localhost:4401/api/billing/ai-credits/summary:0
[12211250ms] [ERROR] Failed to load resource: Could not connect to the server. @ http://localhost:4401/api/billing/ai-credits/summary:0
[12239649ms] [ERROR] Failed to load resource: Could not connect to the server. @ http://localhost:4401/dashboard/overview:0
[12239650ms] [ERROR] Failed to load resource: Could not connect to the server. @ http://localhost:4401/dashboard/alerts?limit=6:0
[12239864ms] [ERROR] Failed to load resource: Could not connect to the server. @ http://localhost:4401/dashboard/overview:0
[12239865ms] [ERROR] Failed to load resource: Could not connect to the server. @ http://localhost:4401/dashboard/alerts?limit=6:0
[12240446ms] [ERROR] Failed to load resource: Could not connect to the server. @ http://localhost:4401/api/billing/ai-credits/summary:0
[12240475ms] [ERROR] Failed to load resource: Could not connect to the server. @ http://localhost:4401/dashboard/overview:0
[12240476ms] [ERROR] Failed to load resource: Could not connect to the server. @ http://localhost:4401/dashboard/alerts?limit=6:0
[12240658ms] [ERROR] Failed to load resource: Could not connect to the server. @ http://localhost:4401/api/billing/ai-credits/summary:0
[12241270ms] [ERROR] Failed to load resource: Could not connect to the server. @ http://localhost:4401/api/billing/ai-credits/summary:0
[12270440ms] [ERROR] Failed to load resource: Could not connect to the server. @ http://localhost:4401/api/billing/ai-credits/summary:0
[12270647ms] [ERROR] Failed to load resource: Could not connect to the server. @ http://localhost:4401/api/billing/ai-credits/summary:0
[12271258ms] [ERROR] Failed to load resource: Could not connect to the server. @ http://localhost:4401/api/billing/ai-credits/summary:0
[12299654ms] [ERROR] Failed to load resource: Could not connect to the server. @ http://localhost:4401/dashboard/overview:0
[12299656ms] [ERROR] Failed to load resource: Could not connect to the server. @ http://localhost:4401/dashboard/alerts?limit=6:0
[12299865ms] [ERROR] Failed to load resource: Could not connect to the server. @ http://localhost:4401/dashboard/overview:0
[12299866ms] [ERROR] Failed to load resource: Could not connect to the server. @ http://localhost:4401/dashboard/alerts?limit=6:0
[12300453ms] [ERROR] Failed to load resource: Could not connect to the server. @ http://localhost:4401/api/billing/ai-credits/summary:0
[12300471ms] [ERROR] Failed to load resource: Could not connect to the server. @ http://localhost:4401/dashboard/overview:0
[12300473ms] [ERROR] Failed to load resource: Could not connect to the server. @ http://localhost:4401/dashboard/alerts?limit=6:0
[12300658ms] [ERROR] Failed to load resource: Could not connect to the server. @ http://localhost:4401/api/billing/ai-credits/summary:0
[12301270ms] [ERROR] Failed to load resource: Could not connect to the server. @ http://localhost:4401/api/billing/ai-credits/summary:0
[12330450ms] [ERROR] Failed to load resource: Could not connect to the server. @ http://localhost:4401/api/billing/ai-credits/summary:0
[12330656ms] [ERROR] Failed to load resource: Could not connect to the server. @ http://localhost:4401/api/billing/ai-credits/summary:0
[12331267ms] [ERROR] Failed to load resource: Could not connect to the server. @ http://localhost:4401/api/billing/ai-credits/summary:0
[12359656ms] [ERROR] Failed to load resource: Could not connect to the server. @ http://localhost:4401/dashboard/overview:0
[12359658ms] [ERROR] Failed to load resource: Could not connect to the server. @ http://localhost:4401/dashboard/alerts?limit=6:0
[12359866ms] [ERROR] Failed to load resource: Could not connect to the server. @ http://localhost:4401/dashboard/overview:0
[12359867ms] [ERROR] Failed to load resource: Could not connect to the server. @ http://localhost:4401/dashboard/alerts?limit=6:0
[12360458ms] [ERROR] Failed to load resource: Could not connect to the server. @ http://localhost:4401/api/billing/ai-credits/summary:0
[12360474ms] [ERROR] Failed to load resource: Could not connect to the server. @ http://localhost:4401/dashboard/overview:0
[12360475ms] [ERROR] Failed to load resource: Could not connect to the server. @ http://localhost:4401/dashboard/alerts?limit=6:0
[12360667ms] [ERROR] Failed to load resource: Could not connect to the server. @ http://localhost:4401/api/billing/ai-credits/summary:0
[12361276ms] [ERROR] Failed to load resource: Could not connect to the server. @ http://localhost:4401/api/billing/ai-credits/summary:0
[12390460ms] [ERROR] Failed to load resource: Could not connect to the server. @ http://localhost:4401/api/billing/ai-credits/summary:0
[12390666ms] [ERROR] Failed to load resource: Could not connect to the server. @ http://localhost:4401/api/billing/ai-credits/summary:0
[12391278ms] [ERROR] Failed to load resource: Could not connect to the server. @ http://localhost:4401/api/billing/ai-credits/summary:0
[12419665ms] [ERROR] Failed to load resource: Could not connect to the server. @ http://localhost:4401/dashboard/overview:0
[12419666ms] [ERROR] Failed to load resource: Could not connect to the server. @ http://localhost:4401/dashboard/alerts?limit=6:0
[12419879ms] [ERROR] Failed to load resource: Could not connect to the server. @ http://localhost:4401/dashboard/overview:0
[12419880ms] [ERROR] Failed to load resource: Could not connect to the server. @ http://localhost:4401/dashboard/alerts?limit=6:0
[12420470ms] [ERROR] Failed to load resource: Could not connect to the server. @ http://localhost:4401/api/billing/ai-credits/summary:0
[12420486ms] [ERROR] Failed to load resource: Could not connect to the server. @ http://localhost:4401/dashboard/overview:0
[12420487ms] [ERROR] Failed to load resource: Could not connect to the server. @ http://localhost:4401/dashboard/alerts?limit=6:0
[12420685ms] [ERROR] Failed to load resource: Could not connect to the server. @ http://localhost:4401/api/billing/ai-credits/summary:0
[12421297ms] [ERROR] Failed to load resource: Could not connect to the server. @ http://localhost:4401/api/billing/ai-credits/summary:0
[12450468ms] [ERROR] Failed to load resource: Could not connect to the server. @ http://localhost:4401/api/billing/ai-credits/summary:0
[12450674ms] [ERROR] Failed to load resource: Could not connect to the server. @ http://localhost:4401/api/billing/ai-credits/summary:0
[12451284ms] [ERROR] Failed to load resource: Could not connect to the server. @ http://localhost:4401/api/billing/ai-credits/summary:0
[12479670ms] [ERROR] Failed to load resource: Could not connect to the server. @ http://localhost:4401/dashboard/overview:0
[12479671ms] [ERROR] Failed to load resource: Could not connect to the server. @ http://localhost:4401/dashboard/alerts?limit=6:0
[12479881ms] [ERROR] Failed to load resource: Could not connect to the server. @ http://localhost:4401/dashboard/overview:0
[12479882ms] [ERROR] Failed to load resource: Could not connect to the server. @ http://localhost:4401/dashboard/alerts?limit=6:0
[12480480ms] [ERROR] Failed to load resource: Could not connect to the server. @ http://localhost:4401/api/billing/ai-credits/summary:0
[12480486ms] [ERROR] Failed to load resource: Could not connect to the server. @ http://localhost:4401/dashboard/overview:0
[12480487ms] [ERROR] Failed to load resource: Could not connect to the server. @ http://localhost:4401/dashboard/alerts?limit=6:0
[12480691ms] [ERROR] Failed to load resource: Could not connect to the server. @ http://localhost:4401/api/billing/ai-credits/summary:0
[12481302ms] [ERROR] Failed to load resource: Could not connect to the server. @ http://localhost:4401/api/billing/ai-credits/summary:0
[12510479ms] [ERROR] Failed to load resource: Could not connect to the server. @ http://localhost:4401/api/billing/ai-credits/summary:0
[12510682ms] [ERROR] Failed to load resource: Could not connect to the server. @ http://localhost:4401/api/billing/ai-credits/summary:0
[12511289ms] [ERROR] Failed to load resource: Could not connect to the server. @ http://localhost:4401/api/billing/ai-credits/summary:0
[12539677ms] [ERROR] Failed to load resource: Could not connect to the server. @ http://localhost:4401/dashboard/overview:0
[12539678ms] [ERROR] Failed to load resource: Could not connect to the server. @ http://localhost:4401/dashboard/alerts?limit=6:0
[12539883ms] [ERROR] Failed to load resource: Could not connect to the server. @ http://localhost:4401/dashboard/overview:0
[12539884ms] [ERROR] Failed to load resource: Could not connect to the server. @ http://localhost:4401/dashboard/alerts?limit=6:0
[12540490ms] [ERROR] Failed to load resource: Could not connect to the server. @ http://localhost:4401/api/billing/ai-credits/summary:0
[12540492ms] [ERROR] Failed to load resource: Could not connect to the server. @ http://localhost:4401/dashboard/overview:0
[12540493ms] [ERROR] Failed to load resource: Could not connect to the server. @ http://localhost:4401/dashboard/alerts?limit=6:0
[12540701ms] [ERROR] Failed to load resource: Could not connect to the server. @ http://localhost:4401/api/billing/ai-credits/summary:0
[12541311ms] [ERROR] Failed to load resource: Could not connect to the server. @ http://localhost:4401/api/billing/ai-credits/summary:0
[12570487ms] [ERROR] Failed to load resource: Could not connect to the server. @ http://localhost:4401/api/billing/ai-credits/summary:0
[12570692ms] [ERROR] Failed to load resource: Could not connect to the server. @ http://localhost:4401/api/billing/ai-credits/summary:0
[12571303ms] [ERROR] Failed to load resource: Could not connect to the server. @ http://localhost:4401/api/billing/ai-credits/summary:0
[12599681ms] [ERROR] Failed to load resource: Could not connect to the server. @ http://localhost:4401/dashboard/overview:0
[12599682ms] [ERROR] Failed to load resource: Could not connect to the server. @ http://localhost:4401/dashboard/alerts?limit=6:0
[12599896ms] [ERROR] Failed to load resource: Could not connect to the server. @ http://localhost:4401/dashboard/overview:0
[12599897ms] [ERROR] Failed to load resource: Could not connect to the server. @ http://localhost:4401/dashboard/alerts?limit=6:0
[12600498ms] [ERROR] Failed to load resource: Could not connect to the server. @ http://localhost:4401/api/billing/ai-credits/summary:0
[12600503ms] [ERROR] Failed to load resource: Could not connect to the server. @ http://localhost:4401/dashboard/overview:0
[12600503ms] [ERROR] Failed to load resource: Could not connect to the server. @ http://localhost:4401/dashboard/alerts?limit=6:0
[12600709ms] [ERROR] Failed to load resource: Could not connect to the server. @ http://localhost:4401/api/billing/ai-credits/summary:0
[12601317ms] [ERROR] Failed to load resource: Could not connect to the server. @ http://localhost:4401/api/billing/ai-credits/summary:0
[12630496ms] [ERROR] Failed to load resource: Could not connect to the server. @ http://localhost:4401/api/billing/ai-credits/summary:0
[12630701ms] [ERROR] Failed to load resource: Could not connect to the server. @ http://localhost:4401/api/billing/ai-credits/summary:0
[12631314ms] [ERROR] Failed to load resource: Could not connect to the server. @ http://localhost:4401/api/billing/ai-credits/summary:0
[12659687ms] [ERROR] Failed to load resource: Could not connect to the server. @ http://localhost:4401/dashboard/overview:0
[12659688ms] [ERROR] Failed to load resource: Could not connect to the server. @ http://localhost:4401/dashboard/alerts?limit=6:0
[12659901ms] [ERROR] Failed to load resource: Could not connect to the server. @ http://localhost:4401/dashboard/overview:0
[12659903ms] [ERROR] Failed to load resource: Could not connect to the server. @ http://localhost:4401/dashboard/alerts?limit=6:0
[12660503ms] [ERROR] Failed to load resource: Could not connect to the server. @ http://localhost:4401/api/billing/ai-credits/summary:0
[12660507ms] [ERROR] Failed to load resource: Could not connect to the server. @ http://localhost:4401/dashboard/overview:0
[12660508ms] [ERROR] Failed to load resource: Could not connect to the server. @ http://localhost:4401/dashboard/alerts?limit=6:0
[12660716ms] [ERROR] Failed to load resource: Could not connect to the server. @ http://localhost:4401/api/billing/ai-credits/summary:0
[12661326ms] [ERROR] Failed to load resource: Could not connect to the server. @ http://localhost:4401/api/billing/ai-credits/summary:0
[12690507ms] [ERROR] Failed to load resource: Could not connect to the server. @ http://localhost:4401/api/billing/ai-credits/summary:0
[12690713ms] [ERROR] Failed to load resource: Could not connect to the server. @ http://localhost:4401/api/billing/ai-credits/summary:0
[12691325ms] [ERROR] Failed to load resource: Could not connect to the server. @ http://localhost:4401/api/billing/ai-credits/summary:0
[12719693ms] [ERROR] Failed to load resource: Could not connect to the server. @ http://localhost:4401/dashboard/overview:0
[12719694ms] [ERROR] Failed to load resource: Could not connect to the server. @ http://localhost:4401/dashboard/alerts?limit=6:0
[12719905ms] [ERROR] Failed to load resource: Could not connect to the server. @ http://localhost:4401/dashboard/overview:0
[12719906ms] [ERROR] Failed to load resource: Could not connect to the server. @ http://localhost:4401/dashboard/alerts?limit=6:0
[12720520ms] [ERROR] Failed to load resource: Could not connect to the server. @ http://localhost:4401/dashboard/overview:0
[12720521ms] [ERROR] Failed to load resource: Could not connect to the server. @ http://localhost:4401/api/billing/ai-credits/summary:0
[12720523ms] [ERROR] Failed to load resource: Could not connect to the server. @ http://localhost:4401/dashboard/alerts?limit=6:0
[12720727ms] [ERROR] Failed to load resource: Could not connect to the server. @ http://localhost:4401/api/billing/ai-credits/summary:0
[12721339ms] [ERROR] Failed to load resource: Could not connect to the server. @ http://localhost:4401/api/billing/ai-credits/summary:0
[12750513ms] [ERROR] Failed to load resource: Could not connect to the server. @ http://localhost:4401/api/billing/ai-credits/summary:0
[12750720ms] [ERROR] Failed to load resource: Could not connect to the server. @ http://localhost:4401/api/billing/ai-credits/summary:0
[12751330ms] [ERROR] Failed to load resource: Could not connect to the server. @ http://localhost:4401/api/billing/ai-credits/summary:0
[12779696ms] [ERROR] Failed to load resource: Could not connect to the server. @ http://localhost:4401/dashboard/overview:0
[12779697ms] [ERROR] Failed to load resource: Could not connect to the server. @ http://localhost:4401/dashboard/alerts?limit=6:0
[12779909ms] [ERROR] Failed to load resource: Could not connect to the server. @ http://localhost:4401/dashboard/overview:0
[12779910ms] [ERROR] Failed to load resource: Could not connect to the server. @ http://localhost:4401/dashboard/alerts?limit=6:0
[12780522ms] [ERROR] Failed to load resource: Could not connect to the server. @ http://localhost:4401/dashboard/overview:0
[12780524ms] [ERROR] Failed to load resource: Could not connect to the server. @ http://localhost:4401/dashboard/alerts?limit=6:0
[12780525ms] [ERROR] Failed to load resource: Could not connect to the server. @ http://localhost:4401/api/billing/ai-credits/summary:0
[12780733ms] [ERROR] Failed to load resource: Could not connect to the server. @ http://localhost:4401/api/billing/ai-credits/summary:0
[12781344ms] [ERROR] Failed to load resource: Could not connect to the server. @ http://localhost:4401/api/billing/ai-credits/summary:0
[12810524ms] [ERROR] Failed to load resource: Could not connect to the server. @ http://localhost:4401/api/billing/ai-credits/summary:0
[12810728ms] [ERROR] Failed to load resource: Could not connect to the server. @ http://localhost:4401/api/billing/ai-credits/summary:0
[12811340ms] [ERROR] Failed to load resource: Could not connect to the server. @ http://localhost:4401/api/billing/ai-credits/summary:0
[12839704ms] [ERROR] Failed to load resource: Could not connect to the server. @ http://localhost:4401/dashboard/overview:0
[12839705ms] [ERROR] Failed to load resource: Could not connect to the server. @ http://localhost:4401/dashboard/alerts?limit=6:0
[12839916ms] [ERROR] Failed to load resource: Could not connect to the server. @ http://localhost:4401/dashboard/overview:0
[12839917ms] [ERROR] Failed to load resource: Could not connect to the server. @ http://localhost:4401/dashboard/alerts?limit=6:0
[12840521ms] [ERROR] Failed to load resource: Could not connect to the server. @ http://localhost:4401/dashboard/overview:0
[12840521ms] [ERROR] Failed to load resource: Could not connect to the server. @ http://localhost:4401/dashboard/alerts?limit=6:0
[12840526ms] [ERROR] Failed to load resource: Could not connect to the server. @ http://localhost:4401/api/billing/ai-credits/summary:0
[12840738ms] [ERROR] Failed to load resource: Could not connect to the server. @ http://localhost:4401/api/billing/ai-credits/summary:0
[12841343ms] [ERROR] Failed to load resource: Could not connect to the server. @ http://localhost:4401/api/billing/ai-credits/summary:0
[12870541ms] [ERROR] Failed to load resource: Could not connect to the server. @ http://localhost:4401/api/billing/ai-credits/summary:0
[12870755ms] [ERROR] Failed to load resource: Could not connect to the server. @ http://localhost:4401/api/billing/ai-credits/summary:0
[12871367ms] [ERROR] Failed to load resource: Could not connect to the server. @ http://localhost:4401/api/billing/ai-credits/summary:0
[12899709ms] [ERROR] Failed to load resource: Could not connect to the server. @ http://localhost:4401/dashboard/overview:0
[12899710ms] [ERROR] Failed to load resource: Could not connect to the server. @ http://localhost:4401/dashboard/alerts?limit=6:0
[12899922ms] [ERROR] Failed to load resource: Could not connect to the server. @ http://localhost:4401/dashboard/overview:0
[12899924ms] [ERROR] Failed to load resource: Could not connect to the server. @ http://localhost:4401/dashboard/alerts?limit=6:0
[12900534ms] [ERROR] Failed to load resource: Could not connect to the server. @ http://localhost:4401/dashboard/overview:0
[12900536ms] [ERROR] Failed to load resource: Could not connect to the server. @ http://localhost:4401/dashboard/alerts?limit=6:0
[12900538ms] [ERROR] Failed to load resource: Could not connect to the server. @ http://localhost:4401/api/billing/ai-credits/summary:0
[12900751ms] [ERROR] Failed to load resource: Could not connect to the server. @ http://localhost:4401/api/billing/ai-credits/summary:0
[12901363ms] [ERROR] Failed to load resource: Could not connect to the server. @ http://localhost:4401/api/billing/ai-credits/summary:0
[12930542ms] [ERROR] Failed to load resource: Could not connect to the server. @ http://localhost:4401/api/billing/ai-credits/summary:0
[12930747ms] [ERROR] Failed to load resource: Could not connect to the server. @ http://localhost:4401/api/billing/ai-credits/summary:0
[12931353ms] [ERROR] Failed to load resource: Could not connect to the server. @ http://localhost:4401/api/billing/ai-credits/summary:0
[12959710ms] [ERROR] Failed to load resource: Could not connect to the server. @ http://localhost:4401/dashboard/overview:0
[12959711ms] [ERROR] Failed to load resource: Could not connect to the server. @ http://localhost:4401/dashboard/alerts?limit=6:0
[12959919ms] [ERROR] Failed to load resource: Could not connect to the server. @ http://localhost:4401/dashboard/overview:0
[12959921ms] [ERROR] Failed to load resource: Could not connect to the server. @ http://localhost:4401/dashboard/alerts?limit=6:0
[12960526ms] [ERROR] Failed to load resource: Could not connect to the server. @ http://localhost:4401/dashboard/overview:0
[12960527ms] [ERROR] Failed to load resource: Could not connect to the server. @ http://localhost:4401/dashboard/alerts?limit=6:0
[12960547ms] [ERROR] Failed to load resource: Could not connect to the server. @ http://localhost:4401/api/billing/ai-credits/summary:0
[12960753ms] [ERROR] Failed to load resource: Could not connect to the server. @ http://localhost:4401/api/billing/ai-credits/summary:0
[12961361ms] [ERROR] Failed to load resource: Could not connect to the server. @ http://localhost:4401/api/billing/ai-credits/summary:0
[12990556ms] [ERROR] Failed to load resource: Could not connect to the server. @ http://localhost:4401/api/billing/ai-credits/summary:0
[12990765ms] [ERROR] Failed to load resource: Could not connect to the server. @ http://localhost:4401/api/billing/ai-credits/summary:0
[12991372ms] [ERROR] Failed to load resource: Could not connect to the server. @ http://localhost:4401/api/billing/ai-credits/summary:0
[13019713ms] [ERROR] Failed to load resource: Could not connect to the server. @ http://localhost:4401/dashboard/overview:0
[13019715ms] [ERROR] Failed to load resource: Could not connect to the server. @ http://localhost:4401/dashboard/alerts?limit=6:0
[13019927ms] [ERROR] Failed to load resource: Could not connect to the server. @ http://localhost:4401/dashboard/overview:0
[13019928ms] [ERROR] Failed to load resource: Could not connect to the server. @ http://localhost:4401/dashboard/alerts?limit=6:0
[13020537ms] [ERROR] Failed to load resource: Could not connect to the server. @ http://localhost:4401/dashboard/overview:0
[13020538ms] [ERROR] Failed to load resource: Could not connect to the server. @ http://localhost:4401/dashboard/alerts?limit=6:0
[13020557ms] [ERROR] Failed to load resource: Could not connect to the server. @ http://localhost:4401/api/billing/ai-credits/summary:0
[13020768ms] [ERROR] Failed to load resource: Could not connect to the server. @ http://localhost:4401/api/billing/ai-credits/summary:0
[13021380ms] [ERROR] Failed to load resource: Could not connect to the server. @ http://localhost:4401/api/billing/ai-credits/summary:0
[13050561ms] [ERROR] Failed to load resource: Could not connect to the server. @ http://localhost:4401/api/billing/ai-credits/summary:0
[13050768ms] [ERROR] Failed to load resource: Could not connect to the server. @ http://localhost:4401/api/billing/ai-credits/summary:0
[13051373ms] [ERROR] Failed to load resource: Could not connect to the server. @ http://localhost:4401/api/billing/ai-credits/summary:0
[13079724ms] [ERROR] Failed to load resource: Could not connect to the server. @ http://localhost:4401/dashboard/overview:0
[13079725ms] [ERROR] Failed to load resource: Could not connect to the server. @ http://localhost:4401/dashboard/alerts?limit=6:0
[13079937ms] [ERROR] Failed to load resource: Could not connect to the server. @ http://localhost:4401/dashboard/overview:0
[13079938ms] [ERROR] Failed to load resource: Could not connect to the server. @ http://localhost:4401/dashboard/alerts?limit=6:0
[13080551ms] [ERROR] Failed to load resource: Could not connect to the server. @ http://localhost:4401/dashboard/overview:0
[13080552ms] [ERROR] Failed to load resource: Could not connect to the server. @ http://localhost:4401/dashboard/alerts?limit=6:0
[13080564ms] [ERROR] Failed to load resource: Could not connect to the server. @ http://localhost:4401/api/billing/ai-credits/summary:0
[13080769ms] [ERROR] Failed to load resource: Could not connect to the server. @ http://localhost:4401/api/billing/ai-credits/summary:0
[13081381ms] [ERROR] Failed to load resource: Could not connect to the server. @ http://localhost:4401/api/billing/ai-credits/summary:0
[13110570ms] [ERROR] Failed to load resource: Could not connect to the server. @ http://localhost:4401/api/billing/ai-credits/summary:0
[13110777ms] [ERROR] Failed to load resource: Could not connect to the server. @ http://localhost:4401/api/billing/ai-credits/summary:0
[13111382ms] [ERROR] Failed to load resource: Could not connect to the server. @ http://localhost:4401/api/billing/ai-credits/summary:0
[13139693ms] [ERROR] Failed to load resource: Could not connect to the server. @ http://localhost:4401/dashboard/overview:0
[13139694ms] [ERROR] Failed to load resource: Could not connect to the server. @ http://localhost:4401/dashboard/alerts?limit=6:0
[13139906ms] [ERROR] Failed to load resource: Could not connect to the server. @ http://localhost:4401/dashboard/overview:0
[13139907ms] [ERROR] Failed to load resource: Could not connect to the server. @ http://localhost:4401/dashboard/alerts?limit=6:0
[13140521ms] [ERROR] Failed to load resource: Could not connect to the server. @ http://localhost:4401/dashboard/overview:0
[13140522ms] [ERROR] Failed to load resource: Could not connect to the server. @ http://localhost:4401/dashboard/alerts?limit=6:0
[13140537ms] [ERROR] Failed to load resource: Could not connect to the server. @ http://localhost:4401/api/billing/ai-credits/summary:0
[13140750ms] [ERROR] Failed to load resource: Could not connect to the server. @ http://localhost:4401/api/billing/ai-credits/summary:0
[13141363ms] [ERROR] Failed to load resource: Could not connect to the server. @ http://localhost:4401/api/billing/ai-credits/summary:0
[13170534ms] [ERROR] Failed to load resource: Could not connect to the server. @ http://localhost:4401/api/billing/ai-credits/summary:0
[13170742ms] [ERROR] Failed to load resource: Could not connect to the server. @ http://localhost:4401/api/billing/ai-credits/summary:0
[13171347ms] [ERROR] Failed to load resource: Could not connect to the server. @ http://localhost:4401/api/billing/ai-credits/summary:0
[13199687ms] [ERROR] Failed to load resource: Could not connect to the server. @ http://localhost:4401/dashboard/overview:0
[13199688ms] [ERROR] Failed to load resource: Could not connect to the server. @ http://localhost:4401/dashboard/alerts?limit=6:0
[13199900ms] [ERROR] Failed to load resource: Could not connect to the server. @ http://localhost:4401/dashboard/overview:0
[13199902ms] [ERROR] Failed to load resource: Could not connect to the server. @ http://localhost:4401/dashboard/alerts?limit=6:0
[13200513ms] [ERROR] Failed to load resource: Could not connect to the server. @ http://localhost:4401/dashboard/overview:0
[13200514ms] [ERROR] Failed to load resource: Could not connect to the server. @ http://localhost:4401/dashboard/alerts?limit=6:0
[13200539ms] [ERROR] Failed to load resource: Could not connect to the server. @ http://localhost:4401/api/billing/ai-credits/summary:0
[13200743ms] [ERROR] Failed to load resource: Could not connect to the server. @ http://localhost:4401/api/billing/ai-credits/summary:0
[13201350ms] [ERROR] Failed to load resource: Could not connect to the server. @ http://localhost:4401/api/billing/ai-credits/summary:0
[13230542ms] [ERROR] Failed to load resource: Could not connect to the server. @ http://localhost:4401/api/billing/ai-credits/summary:0
[13230747ms] [ERROR] Failed to load resource: Could not connect to the server. @ http://localhost:4401/api/billing/ai-credits/summary:0
[13231357ms] [ERROR] Failed to load resource: Could not connect to the server. @ http://localhost:4401/api/billing/ai-credits/summary:0
[13259688ms] [ERROR] Failed to load resource: Could not connect to the server. @ http://localhost:4401/dashboard/overview:0
[13259689ms] [ERROR] Failed to load resource: Could not connect to the server. @ http://localhost:4401/dashboard/alerts?limit=6:0
[13259901ms] [ERROR] Failed to load resource: Could not connect to the server. @ http://localhost:4401/dashboard/overview:0
[13259903ms] [ERROR] Failed to load resource: Could not connect to the server. @ http://localhost:4401/dashboard/alerts?limit=6:0
[13260515ms] [ERROR] Failed to load resource: Could not connect to the server. @ http://localhost:4401/dashboard/overview:0
[13260516ms] [ERROR] Failed to load resource: Could not connect to the server. @ http://localhost:4401/dashboard/alerts?limit=6:0
[13260546ms] [ERROR] Failed to load resource: Could not connect to the server. @ http://localhost:4401/api/billing/ai-credits/summary:0
[13260749ms] [ERROR] Failed to load resource: Could not connect to the server. @ http://localhost:4401/api/billing/ai-credits/summary:0
[13261360ms] [ERROR] Failed to load resource: Could not connect to the server. @ http://localhost:4401/api/billing/ai-credits/summary:0
[13290552ms] [ERROR] Failed to load resource: Could not connect to the server. @ http://localhost:4401/api/billing/ai-credits/summary:0
[13290765ms] [ERROR] Failed to load resource: Could not connect to the server. @ http://localhost:4401/api/billing/ai-credits/summary:0
[13291368ms] [ERROR] Failed to load resource: Could not connect to the server. @ http://localhost:4401/api/billing/ai-credits/summary:0
[13319696ms] [ERROR] Failed to load resource: Could not connect to the server. @ http://localhost:4401/dashboard/overview:0
[13319697ms] [ERROR] Failed to load resource: Could not connect to the server. @ http://localhost:4401/dashboard/alerts?limit=6:0
[13319911ms] [ERROR] Failed to load resource: Could not connect to the server. @ http://localhost:4401/dashboard/overview:0
[13319912ms] [ERROR] Failed to load resource: Could not connect to the server. @ http://localhost:4401/dashboard/alerts?limit=6:0
[13320524ms] [ERROR] Failed to load resource: Could not connect to the server. @ http://localhost:4401/dashboard/overview:0
[13320526ms] [ERROR] Failed to load resource: Could not connect to the server. @ http://localhost:4401/dashboard/alerts?limit=6:0
[13320556ms] [ERROR] Failed to load resource: Could not connect to the server. @ http://localhost:4401/api/billing/ai-credits/summary:0
[13320770ms] [ERROR] Failed to load resource: Could not connect to the server. @ http://localhost:4401/api/billing/ai-credits/summary:0
[13321383ms] [ERROR] Failed to load resource: Could not connect to the server. @ http://localhost:4401/api/billing/ai-credits/summary:0
[13350561ms] [ERROR] Failed to load resource: Could not connect to the server. @ http://localhost:4401/api/billing/ai-credits/summary:0
[13350773ms] [ERROR] Failed to load resource: Could not connect to the server. @ http://localhost:4401/api/billing/ai-credits/summary:0
[13351377ms] [ERROR] Failed to load resource: Could not connect to the server. @ http://localhost:4401/api/billing/ai-credits/summary:0
[13379701ms] [ERROR] Failed to load resource: Could not connect to the server. @ http://localhost:4401/dashboard/overview:0
[13379702ms] [ERROR] Failed to load resource: Could not connect to the server. @ http://localhost:4401/dashboard/alerts?limit=6:0
[13379915ms] [ERROR] Failed to load resource: Could not connect to the server. @ http://localhost:4401/dashboard/overview:0
[13379916ms] [ERROR] Failed to load resource: Could not connect to the server. @ http://localhost:4401/dashboard/alerts?limit=6:0
[13380527ms] [ERROR] Failed to load resource: Could not connect to the server. @ http://localhost:4401/dashboard/overview:0
[13380528ms] [ERROR] Failed to load resource: Could not connect to the server. @ http://localhost:4401/dashboard/alerts?limit=6:0
[13380563ms] [ERROR] Failed to load resource: Could not connect to the server. @ http://localhost:4401/api/billing/ai-credits/summary:0
[13380768ms] [ERROR] Failed to load resource: Could not connect to the server. @ http://localhost:4401/api/billing/ai-credits/summary:0
[13381382ms] [ERROR] Failed to load resource: Could not connect to the server. @ http://localhost:4401/api/billing/ai-credits/summary:0
[13410567ms] [ERROR] Failed to load resource: Could not connect to the server. @ http://localhost:4401/api/billing/ai-credits/summary:0
[13410773ms] [ERROR] Failed to load resource: Could not connect to the server. @ http://localhost:4401/api/billing/ai-credits/summary:0
[13411381ms] [ERROR] Failed to load resource: Could not connect to the server. @ http://localhost:4401/api/billing/ai-credits/summary:0
