[     355ms] [LOG] [HMR] connected @ http://localhost:3301/_next/static/chunks/node_modules_next_dist_1ybzpk2._.js:2489
[   31665ms] [LOG] [HMR] connected @ http://localhost:3301/_next/static/chunks/node_modules_next_dist_1ybzpk2._.js:2489
[  117512ms] [ERROR] WebSocket connection to 'ws://localhost:3301/_next/webpack-hmr?id=ZyvbhlmY5-qfpD9XHGR_t' failed: The network connection was lost. @ :0
[  118624ms] [ERROR] WebSocket connection to 'ws://localhost:3301/_next/webpack-hmr?id=ZyvbhlmY5-qfpD9XHGR_t' failed: Could not connect to the server. @ :0
[  119676ms] [ERROR] WebSocket connection to 'ws://localhost:3301/_next/webpack-hmr?id=ZyvbhlmY5-qfpD9XHGR_t' failed: Could not connect to the server. @ :0
[  120783ms] [ERROR] WebSocket connection to 'ws://localhost:3301/_next/webpack-hmr?id=ZyvbhlmY5-qfpD9XHGR_t' failed: Could not connect to the server. @ :0
[  121879ms] [ERROR] WebSocket connection to 'ws://localhost:3301/_next/webpack-hmr?id=ZyvbhlmY5-qfpD9XHGR_t' failed: Could not connect to the server. @ :0
[  122930ms] [ERROR] WebSocket connection to 'ws://localhost:3301/_next/webpack-hmr?id=ZyvbhlmY5-qfpD9XHGR_t' failed: Could not connect to the server. @ :0
[  128000ms] [ERROR] WebSocket connection to 'ws://localhost:3301/_next/webpack-hmr?id=ZyvbhlmY5-qfpD9XHGR_t' failed: Could not connect to the server. @ :0
[  133068ms] [ERROR] WebSocket connection to 'ws://localhost:3301/_next/webpack-hmr?id=ZyvbhlmY5-qfpD9XHGR_t' failed: Could not connect to the server. @ :0
[  138183ms] [ERROR] WebSocket connection to 'ws://localhost:3301/_next/webpack-hmr?id=ZyvbhlmY5-qfpD9XHGR_t' failed: Could not connect to the server. @ :0
[  143294ms] [ERROR] WebSocket connection to 'ws://localhost:3301/_next/webpack-hmr?id=ZyvbhlmY5-qfpD9XHGR_t' failed: Could not connect to the server. @ :0
[  148314ms] [ERROR] WebSocket connection to 'ws://localhost:3301/_next/webpack-hmr?id=ZyvbhlmY5-qfpD9XHGR_t' failed: Could not connect to the server. @ :0
[  153373ms] [ERROR] WebSocket connection to 'ws://localhost:3301/_next/webpack-hmr?id=ZyvbhlmY5-qfpD9XHGR_t' failed: Could not connect to the server. @ :0
[  158477ms] [ERROR] WebSocket connection to 'ws://localhost:3301/_next/webpack-hmr?id=ZyvbhlmY5-qfpD9XHGR_t' failed: Could not connect to the server. @ :0
[  158483ms] [ERROR] Failed to load resource: Could not connect to the server. @ http://localhost:3301/en/admin/system/ui-components:0
[  361781ms] [ERROR] Failed to load resource: Could not connect to the server. @ http://localhost:4401/api/billing/ai-credits/summary:0
[  361993ms] [ERROR] Failed to load resource: Could not connect to the server. @ http://localhost:4401/api/billing/ai-credits/summary:0
[  362599ms] [ERROR] Failed to load resource: Could not connect to the server. @ http://localhost:4401/api/billing/ai-credits/summary:0
[  391779ms] [ERROR] Failed to load resource: Could not connect to the server. @ http://localhost:4401/dashboard/overview:0
[  391780ms] [ERROR] Failed to load resource: Could not connect to the server. @ http://localhost:4401/dashboard/alerts?limit=6:0
[  391782ms] [ERROR] Failed to load resource: Could not connect to the server. @ http://localhost:4401/api/billing/ai-credits/summary:0
[  391997ms] [ERROR] Failed to load resource: Could not connect to the server. @ http://localhost:4401/dashboard/overview:0
[  391999ms] [ERROR] Failed to load resource: Could not connect to the server. @ http://localhost:4401/dashboard/alerts?limit=6:0
[  392000ms] [ERROR] Failed to load resource: Could not connect to the server. @ http://localhost:4401/api/billing/ai-credits/summary:0
[  392612ms] [ERROR] Failed to load resource: Could not connect to the server. @ http://localhost:4401/dashboard/overview:0
[  392613ms] [ERROR] Failed to load resource: Could not connect to the server. @ http://localhost:4401/dashboard/alerts?limit=6:0
[  392614ms] [ERROR] Failed to load resource: Could not connect to the server. @ http://localhost:4401/api/billing/ai-credits/summary:0
[  421794ms] [ERROR] Failed to load resource: Could not connect to the server. @ http://localhost:4401/api/billing/ai-credits/summary:0
[  422004ms] [ERROR] Failed to load resource: Could not connect to the server. @ http://localhost:4401/api/billing/ai-credits/summary:0
[  422617ms] [ERROR] Failed to load resource: Could not connect to the server. @ http://localhost:4401/api/billing/ai-credits/summary:0
[  451768ms] [ERROR] Failed to load resource: Could not connect to the server. @ http://localhost:4401/dashboard/overview:0
[  451769ms] [ERROR] Failed to load resource: Could not connect to the server. @ http://localhost:4401/dashboard/alerts?limit=6:0
[  451792ms] [ERROR] Failed to load resource: Could not connect to the server. @ http://localhost:4401/api/billing/ai-credits/summary:0
[  451978ms] [ERROR] Failed to load resource: Could not connect to the server. @ http://localhost:4401/dashboard/overview:0
[  451979ms] [ERROR] Failed to load resource: Could not connect to the server. @ http://localhost:4401/dashboard/alerts?limit=6:0
[  451994ms] [ERROR] Failed to load resource: Could not connect to the server. @ http://localhost:4401/api/billing/ai-credits/summary:0
[  452591ms] [ERROR] Failed to load resource: Could not connect to the server. @ http://localhost:4401/dashboard/overview:0
[  452592ms] [ERROR] Failed to load resource: Could not connect to the server. @ http://localhost:4401/dashboard/alerts?limit=6:0
[  452599ms] [ERROR] Failed to load resource: Could not connect to the server. @ http://localhost:4401/api/billing/ai-credits/summary:0
[  481798ms] [ERROR] Failed to load resource: Could not connect to the server. @ http://localhost:4401/api/billing/ai-credits/summary:0
[  482010ms] [ERROR] Failed to load resource: Could not connect to the server. @ http://localhost:4401/api/billing/ai-credits/summary:0
[  482624ms] [ERROR] Failed to load resource: Could not connect to the server. @ http://localhost:4401/api/billing/ai-credits/summary:0
[  511774ms] [ERROR] Failed to load resource: Could not connect to the server. @ http://localhost:4401/dashboard/overview:0
[  511775ms] [ERROR] Failed to load resource: Could not connect to the server. @ http://localhost:4401/dashboard/alerts?limit=6:0
[  511800ms] [ERROR] Failed to load resource: Could not connect to the server. @ http://localhost:4401/api/billing/ai-credits/summary:0
[  511989ms] [ERROR] Failed to load resource: Could not connect to the server. @ http://localhost:4401/dashboard/overview:0
[  511990ms] [ERROR] Failed to load resource: Could not connect to the server. @ http://localhost:4401/dashboard/alerts?limit=6:0
[  512005ms] [ERROR] Failed to load resource: Could not connect to the server. @ http://localhost:4401/api/billing/ai-credits/summary:0
[  512603ms] [ERROR] Failed to load resource: Could not connect to the server. @ http://localhost:4401/dashboard/overview:0
[  512604ms] [ERROR] Failed to load resource: Could not connect to the server. @ http://localhost:4401/dashboard/alerts?limit=6:0
[  512609ms] [ERROR] Failed to load resource: Could not connect to the server. @ http://localhost:4401/api/billing/ai-credits/summary:0
[  541807ms] [ERROR] Failed to load resource: Could not connect to the server. @ http://localhost:4401/api/billing/ai-credits/summary:0
[  542017ms] [ERROR] Failed to load resource: Could not connect to the server. @ http://localhost:4401/api/billing/ai-credits/summary:0
[  542628ms] [ERROR] Failed to load resource: Could not connect to the server. @ http://localhost:4401/api/billing/ai-credits/summary:0
[  571778ms] [ERROR] Failed to load resource: Could not connect to the server. @ http://localhost:4401/dashboard/overview:0
[  571779ms] [ERROR] Failed to load resource: Could not connect to the server. @ http://localhost:4401/dashboard/alerts?limit=6:0
[  571809ms] [ERROR] Failed to load resource: Could not connect to the server. @ http://localhost:4401/api/billing/ai-credits/summary:0
[  571990ms] [ERROR] Failed to load resource: Could not connect to the server. @ http://localhost:4401/dashboard/overview:0
[  571991ms] [ERROR] Failed to load resource: Could not connect to the server. @ http://localhost:4401/dashboard/alerts?limit=6:0
[  572017ms] [ERROR] Failed to load resource: Could not connect to the server. @ http://localhost:4401/api/billing/ai-credits/summary:0
[  572605ms] [ERROR] Failed to load resource: Could not connect to the server. @ http://localhost:4401/dashboard/overview:0
[  572606ms] [ERROR] Failed to load resource: Could not connect to the server. @ http://localhost:4401/dashboard/alerts?limit=6:0
[  572622ms] [ERROR] Failed to load resource: Could not connect to the server. @ http://localhost:4401/api/billing/ai-credits/summary:0
[  601816ms] [ERROR] Failed to load resource: Could not connect to the server. @ http://localhost:4401/api/billing/ai-credits/summary:0
[  602027ms] [ERROR] Failed to load resource: Could not connect to the server. @ http://localhost:4401/api/billing/ai-credits/summary:0
[  602638ms] [ERROR] Failed to load resource: Could not connect to the server. @ http://localhost:4401/api/billing/ai-credits/summary:0
[  631782ms] [ERROR] Failed to load resource: Could not connect to the server. @ http://localhost:4401/dashboard/overview:0
[  631783ms] [ERROR] Failed to load resource: Could not connect to the server. @ http://localhost:4401/dashboard/alerts?limit=6:0
[  631817ms] [ERROR] Failed to load resource: Could not connect to the server. @ http://localhost:4401/api/billing/ai-credits/summary:0
[  631994ms] [ERROR] Failed to load resource: Could not connect to the server. @ http://localhost:4401/dashboard/overview:0
[  631995ms] [ERROR] Failed to load resource: Could not connect to the server. @ http://localhost:4401/dashboard/alerts?limit=6:0
[  632021ms] [ERROR] Failed to load resource: Could not connect to the server. @ http://localhost:4401/api/billing/ai-credits/summary:0
[  632609ms] [ERROR] Failed to load resource: Could not connect to the server. @ http://localhost:4401/dashboard/overview:0
[  632610ms] [ERROR] Failed to load resource: Could not connect to the server. @ http://localhost:4401/dashboard/alerts?limit=6:0
[  632628ms] [ERROR] Failed to load resource: Could not connect to the server. @ http://localhost:4401/api/billing/ai-credits/summary:0
[  661826ms] [ERROR] Failed to load resource: Could not connect to the server. @ http://localhost:4401/api/billing/ai-credits/summary:0
[  662038ms] [ERROR] Failed to load resource: Could not connect to the server. @ http://localhost:4401/api/billing/ai-credits/summary:0
[  662651ms] [ERROR] Failed to load resource: Could not connect to the server. @ http://localhost:4401/api/billing/ai-credits/summary:0
[  691790ms] [ERROR] Failed to load resource: Could not connect to the server. @ http://localhost:4401/dashboard/overview:0
[  691790ms] [ERROR] Failed to load resource: Could not connect to the server. @ http://localhost:4401/dashboard/alerts?limit=6:0
[  691827ms] [ERROR] Failed to load resource: Could not connect to the server. @ http://localhost:4401/api/billing/ai-credits/summary:0
[  692002ms] [ERROR] Failed to load resource: Could not connect to the server. @ http://localhost:4401/dashboard/overview:0
[  692003ms] [ERROR] Failed to load resource: Could not connect to the server. @ http://localhost:4401/dashboard/alerts?limit=6:0
[  692034ms] [ERROR] Failed to load resource: Could not connect to the server. @ http://localhost:4401/api/billing/ai-credits/summary:0
[  692607ms] [ERROR] Failed to load resource: Could not connect to the server. @ http://localhost:4401/dashboard/overview:0
[  692608ms] [ERROR] Failed to load resource: Could not connect to the server. @ http://localhost:4401/dashboard/alerts?limit=6:0
[  692638ms] [ERROR] Failed to load resource: Could not connect to the server. @ http://localhost:4401/api/billing/ai-credits/summary:0
[  721839ms] [ERROR] Failed to load resource: Could not connect to the server. @ http://localhost:4401/api/billing/ai-credits/summary:0
[  722048ms] [ERROR] Failed to load resource: Could not connect to the server. @ http://localhost:4401/api/billing/ai-credits/summary:0
[  722657ms] [ERROR] Failed to load resource: Could not connect to the server. @ http://localhost:4401/api/billing/ai-credits/summary:0
[  751794ms] [ERROR] Failed to load resource: Could not connect to the server. @ http://localhost:4401/dashboard/overview:0
[  751795ms] [ERROR] Failed to load resource: Could not connect to the server. @ http://localhost:4401/dashboard/alerts?limit=6:0
[  751840ms] [ERROR] Failed to load resource: Could not connect to the server. @ http://localhost:4401/api/billing/ai-credits/summary:0
[  752001ms] [ERROR] Failed to load resource: Could not connect to the server. @ http://localhost:4401/dashboard/overview:0
[  752002ms] [ERROR] Failed to load resource: Could not connect to the server. @ http://localhost:4401/dashboard/alerts?limit=6:0
[  752047ms] [ERROR] Failed to load resource: Could not connect to the server. @ http://localhost:4401/api/billing/ai-credits/summary:0
[  752607ms] [ERROR] Failed to load resource: Could not connect to the server. @ http://localhost:4401/dashboard/overview:0
[  752607ms] [ERROR] Failed to load resource: Could not connect to the server. @ http://localhost:4401/dashboard/alerts?limit=6:0
[  752650ms] [ERROR] Failed to load resource: Could not connect to the server. @ http://localhost:4401/api/billing/ai-credits/summary:0
[  781839ms] [ERROR] Failed to load resource: Could not connect to the server. @ http://localhost:4401/api/billing/ai-credits/summary:0
[  782052ms] [ERROR] Failed to load resource: Could not connect to the server. @ http://localhost:4401/api/billing/ai-credits/summary:0
[  782656ms] [ERROR] Failed to load resource: Could not connect to the server. @ http://localhost:4401/api/billing/ai-credits/summary:0
[  811795ms] [ERROR] Failed to load resource: Could not connect to the server. @ http://localhost:4401/dashboard/overview:0
[  811795ms] [ERROR] Failed to load resource: Could not connect to the server. @ http://localhost:4401/dashboard/alerts?limit=6:0
[  811841ms] [ERROR] Failed to load resource: Could not connect to the server. @ http://localhost:4401/api/billing/ai-credits/summary:0
[  812010ms] [ERROR] Failed to load resource: Could not connect to the server. @ http://localhost:4401/dashboard/overview:0
[  812012ms] [ERROR] Failed to load resource: Could not connect to the server. @ http://localhost:4401/dashboard/alerts?limit=6:0
[  812048ms] [ERROR] Failed to load resource: Could not connect to the server. @ http://localhost:4401/api/billing/ai-credits/summary:0
[  812625ms] [ERROR] Failed to load resource: Could not connect to the server. @ http://localhost:4401/dashboard/overview:0
[  812626ms] [ERROR] Failed to load resource: Could not connect to the server. @ http://localhost:4401/dashboard/alerts?limit=6:0
[  812655ms] [ERROR] Failed to load resource: Could not connect to the server. @ http://localhost:4401/api/billing/ai-credits/summary:0
[  841854ms] [ERROR] Failed to load resource: Could not connect to the server. @ http://localhost:4401/api/billing/ai-credits/summary:0
[  842066ms] [ERROR] Failed to load resource: Could not connect to the server. @ http://localhost:4401/api/billing/ai-credits/summary:0
[  842669ms] [ERROR] Failed to load resource: Could not connect to the server. @ http://localhost:4401/api/billing/ai-credits/summary:0
[  871804ms] [ERROR] Failed to load resource: Could not connect to the server. @ http://localhost:4401/dashboard/overview:0
[  871805ms] [ERROR] Failed to load resource: Could not connect to the server. @ http://localhost:4401/dashboard/alerts?limit=6:0
[  871855ms] [ERROR] Failed to load resource: Could not connect to the server. @ http://localhost:4401/api/billing/ai-credits/summary:0
[  872017ms] [ERROR] Failed to load resource: Could not connect to the server. @ http://localhost:4401/dashboard/overview:0
[  872018ms] [ERROR] Failed to load resource: Could not connect to the server. @ http://localhost:4401/dashboard/alerts?limit=6:0
[  872067ms] [ERROR] Failed to load resource: Could not connect to the server. @ http://localhost:4401/api/billing/ai-credits/summary:0
[  872621ms] [ERROR] Failed to load resource: Could not connect to the server. @ http://localhost:4401/dashboard/overview:0
[  872622ms] [ERROR] Failed to load resource: Could not connect to the server. @ http://localhost:4401/dashboard/alerts?limit=6:0
[  872670ms] [ERROR] Failed to load resource: Could not connect to the server. @ http://localhost:4401/api/billing/ai-credits/summary:0
[  901860ms] [ERROR] Failed to load resource: Could not connect to the server. @ http://localhost:4401/api/billing/ai-credits/summary:0
[  902072ms] [ERROR] Failed to load resource: Could not connect to the server. @ http://localhost:4401/api/billing/ai-credits/summary:0
[  902683ms] [ERROR] Failed to load resource: Could not connect to the server. @ http://localhost:4401/api/billing/ai-credits/summary:0
[  931802ms] [ERROR] Failed to load resource: Could not connect to the server. @ http://localhost:4401/dashboard/overview:0
[  931802ms] [ERROR] Failed to load resource: Could not connect to the server. @ http://localhost:4401/dashboard/alerts?limit=6:0
[  931857ms] [ERROR] Failed to load resource: Could not connect to the server. @ http://localhost:4401/api/billing/ai-credits/summary:0
[  932014ms] [ERROR] Failed to load resource: Could not connect to the server. @ http://localhost:4401/dashboard/overview:0
[  932015ms] [ERROR] Failed to load resource: Could not connect to the server. @ http://localhost:4401/dashboard/alerts?limit=6:0
[  932069ms] [ERROR] Failed to load resource: Could not connect to the server. @ http://localhost:4401/api/billing/ai-credits/summary:0
[  932629ms] [ERROR] Failed to load resource: Could not connect to the server. @ http://localhost:4401/dashboard/overview:0
[  932630ms] [ERROR] Failed to load resource: Could not connect to the server. @ http://localhost:4401/dashboard/alerts?limit=6:0
[  932674ms] [ERROR] Failed to load resource: Could not connect to the server. @ http://localhost:4401/api/billing/ai-credits/summary:0
[  961868ms] [ERROR] Failed to load resource: Could not connect to the server. @ http://localhost:4401/api/billing/ai-credits/summary:0
[  962079ms] [ERROR] Failed to load resource: Could not connect to the server. @ http://localhost:4401/api/billing/ai-credits/summary:0
[  962683ms] [ERROR] Failed to load resource: Could not connect to the server. @ http://localhost:4401/api/billing/ai-credits/summary:0
[  991816ms] [ERROR] Failed to load resource: Could not connect to the server. @ http://localhost:4401/dashboard/overview:0
[  991817ms] [ERROR] Failed to load resource: Could not connect to the server. @ http://localhost:4401/dashboard/alerts?limit=6:0
[  991876ms] [ERROR] Failed to load resource: Could not connect to the server. @ http://localhost:4401/api/billing/ai-credits/summary:0
[  992022ms] [ERROR] Failed to load resource: Could not connect to the server. @ http://localhost:4401/dashboard/overview:0
[  992023ms] [ERROR] Failed to load resource: Could not connect to the server. @ http://localhost:4401/dashboard/alerts?limit=6:0
[  992082ms] [ERROR] Failed to load resource: Could not connect to the server. @ http://localhost:4401/api/billing/ai-credits/summary:0
[  992636ms] [ERROR] Failed to load resource: Could not connect to the server. @ http://localhost:4401/dashboard/overview:0
[  992637ms] [ERROR] Failed to load resource: Could not connect to the server. @ http://localhost:4401/dashboard/alerts?limit=6:0
[  992687ms] [ERROR] Failed to load resource: Could not connect to the server. @ http://localhost:4401/api/billing/ai-credits/summary:0
[ 1021896ms] [ERROR] Failed to load resource: Could not connect to the server. @ http://localhost:4401/api/billing/ai-credits/summary:0
[ 1022109ms] [ERROR] Failed to load resource: Could not connect to the server. @ http://localhost:4401/api/billing/ai-credits/summary:0
[ 1022722ms] [ERROR] Failed to load resource: Could not connect to the server. @ http://localhost:4401/api/billing/ai-credits/summary:0
[ 1051841ms] [ERROR] Failed to load resource: Could not connect to the server. @ http://localhost:4401/dashboard/overview:0
[ 1051842ms] [ERROR] Failed to load resource: Could not connect to the server. @ http://localhost:4401/dashboard/alerts?limit=6:0
[ 1051897ms] [ERROR] Failed to load resource: Could not connect to the server. @ http://localhost:4401/api/billing/ai-credits/summary:0
[ 1052054ms] [ERROR] Failed to load resource: Could not connect to the server. @ http://localhost:4401/dashboard/overview:0
[ 1052055ms] [ERROR] Failed to load resource: Could not connect to the server. @ http://localhost:4401/dashboard/alerts?limit=6:0
[ 1052102ms] [ERROR] Failed to load resource: Could not connect to the server. @ http://localhost:4401/api/billing/ai-credits/summary:0
[ 1052669ms] [ERROR] Failed to load resource: Could not connect to the server. @ http://localhost:4401/dashboard/overview:0
[ 1052670ms] [ERROR] Failed to load resource: Could not connect to the server. @ http://localhost:4401/dashboard/alerts?limit=6:0
[ 1052709ms] [ERROR] Failed to load resource: Could not connect to the server. @ http://localhost:4401/api/billing/ai-credits/summary:0
[ 1081901ms] [ERROR] Failed to load resource: Could not connect to the server. @ http://localhost:4401/api/billing/ai-credits/summary:0
[ 1082113ms] [ERROR] Failed to load resource: Could not connect to the server. @ http://localhost:4401/api/billing/ai-credits/summary:0
[ 1082721ms] [ERROR] Failed to load resource: Could not connect to the server. @ http://localhost:4401/api/billing/ai-credits/summary:0
[ 1111838ms] [ERROR] Failed to load resource: Could not connect to the server. @ http://localhost:4401/dashboard/overview:0
[ 1111838ms] [ERROR] Failed to load resource: Could not connect to the server. @ http://localhost:4401/dashboard/alerts?limit=6:0
[ 1111905ms] [ERROR] Failed to load resource: Could not connect to the server. @ http://localhost:4401/api/billing/ai-credits/summary:0
[ 1112048ms] [ERROR] Failed to load resource: Could not connect to the server. @ http://localhost:4401/dashboard/overview:0
[ 1112049ms] [ERROR] Failed to load resource: Could not connect to the server. @ http://localhost:4401/dashboard/alerts?limit=6:0
[ 1112115ms] [ERROR] Failed to load resource: Could not connect to the server. @ http://localhost:4401/api/billing/ai-credits/summary:0
[ 1112661ms] [ERROR] Failed to load resource: Could not connect to the server. @ http://localhost:4401/dashboard/overview:0
[ 1112662ms] [ERROR] Failed to load resource: Could not connect to the server. @ http://localhost:4401/dashboard/alerts?limit=6:0
[ 1112727ms] [ERROR] Failed to load resource: Could not connect to the server. @ http://localhost:4401/api/billing/ai-credits/summary:0
[ 1141909ms] [ERROR] Failed to load resource: Could not connect to the server. @ http://localhost:4401/api/billing/ai-credits/summary:0
[ 1142115ms] [ERROR] Failed to load resource: Could not connect to the server. @ http://localhost:4401/api/billing/ai-credits/summary:0
[ 1142728ms] [ERROR] Failed to load resource: Could not connect to the server. @ http://localhost:4401/api/billing/ai-credits/summary:0
[ 1171852ms] [ERROR] Failed to load resource: Could not connect to the server. @ http://localhost:4401/dashboard/overview:0
[ 1171853ms] [ERROR] Failed to load resource: Could not connect to the server. @ http://localhost:4401/dashboard/alerts?limit=6:0
[ 1171919ms] [ERROR] Failed to load resource: Could not connect to the server. @ http://localhost:4401/api/billing/ai-credits/summary:0
[ 1172056ms] [ERROR] Failed to load resource: Could not connect to the server. @ http://localhost:4401/dashboard/overview:0
[ 1172057ms] [ERROR] Failed to load resource: Could not connect to the server. @ http://localhost:4401/dashboard/alerts?limit=6:0
[ 1172124ms] [ERROR] Failed to load resource: Could not connect to the server. @ http://localhost:4401/api/billing/ai-credits/summary:0
[ 1172670ms] [ERROR] Failed to load resource: Could not connect to the server. @ http://localhost:4401/dashboard/overview:0
[ 1172671ms] [ERROR] Failed to load resource: Could not connect to the server. @ http://localhost:4401/dashboard/alerts?limit=6:0
[ 1172735ms] [ERROR] Failed to load resource: Could not connect to the server. @ http://localhost:4401/api/billing/ai-credits/summary:0
[ 1201925ms] [ERROR] Failed to load resource: Could not connect to the server. @ http://localhost:4401/api/billing/ai-credits/summary:0
[ 1202136ms] [ERROR] Failed to load resource: Could not connect to the server. @ http://localhost:4401/api/billing/ai-credits/summary:0
[ 1202750ms] [ERROR] Failed to load resource: Could not connect to the server. @ http://localhost:4401/api/billing/ai-credits/summary:0
[ 1231850ms] [ERROR] Failed to load resource: Could not connect to the server. @ http://localhost:4401/dashboard/overview:0
[ 1231850ms] [ERROR] Failed to load resource: Could not connect to the server. @ http://localhost:4401/dashboard/alerts?limit=6:0
[ 1231924ms] [ERROR] Failed to load resource: Could not connect to the server. @ http://localhost:4401/api/billing/ai-credits/summary:0
[ 1232061ms] [ERROR] Failed to load resource: Could not connect to the server. @ http://localhost:4401/dashboard/overview:0
[ 1232062ms] [ERROR] Failed to load resource: Could not connect to the server. @ http://localhost:4401/dashboard/alerts?limit=6:0
[ 1232137ms] [ERROR] Failed to load resource: Could not connect to the server. @ http://localhost:4401/api/billing/ai-credits/summary:0
[ 1232674ms] [ERROR] Failed to load resource: Could not connect to the server. @ http://localhost:4401/dashboard/overview:0
[ 1232675ms] [ERROR] Failed to load resource: Could not connect to the server. @ http://localhost:4401/dashboard/alerts?limit=6:0
[ 1232744ms] [ERROR] Failed to load resource: Could not connect to the server. @ http://localhost:4401/api/billing/ai-credits/summary:0
[ 1261933ms] [ERROR] Failed to load resource: Could not connect to the server. @ http://localhost:4401/api/billing/ai-credits/summary:0
[ 1262145ms] [ERROR] Failed to load resource: Could not connect to the server. @ http://localhost:4401/api/billing/ai-credits/summary:0
[ 1262756ms] [ERROR] Failed to load resource: Could not connect to the server. @ http://localhost:4401/api/billing/ai-credits/summary:0
[ 1291852ms] [ERROR] Failed to load resource: Could not connect to the server. @ http://localhost:4401/dashboard/overview:0
[ 1291853ms] [ERROR] Failed to load resource: Could not connect to the server. @ http://localhost:4401/dashboard/alerts?limit=6:0
[ 1291932ms] [ERROR] Failed to load resource: Could not connect to the server. @ http://localhost:4401/api/billing/ai-credits/summary:0
[ 1292061ms] [ERROR] Failed to load resource: Could not connect to the server. @ http://localhost:4401/dashboard/overview:0
[ 1292061ms] [ERROR] Failed to load resource: Could not connect to the server. @ http://localhost:4401/dashboard/alerts?limit=6:0
[ 1292143ms] [ERROR] Failed to load resource: Could not connect to the server. @ http://localhost:4401/api/billing/ai-credits/summary:0
[ 1292666ms] [ERROR] Failed to load resource: Could not connect to the server. @ http://localhost:4401/dashboard/overview:0
[ 1292667ms] [ERROR] Failed to load resource: Could not connect to the server. @ http://localhost:4401/dashboard/alerts?limit=6:0
[ 1292750ms] [ERROR] Failed to load resource: Could not connect to the server. @ http://localhost:4401/api/billing/ai-credits/summary:0
[ 1321945ms] [ERROR] Failed to load resource: Could not connect to the server. @ http://localhost:4401/api/billing/ai-credits/summary:0
[ 1322157ms] [ERROR] Failed to load resource: Could not connect to the server. @ http://localhost:4401/api/billing/ai-credits/summary:0
[ 1322760ms] [ERROR] Failed to load resource: Could not connect to the server. @ http://localhost:4401/api/billing/ai-credits/summary:0
[ 1351868ms] [ERROR] Failed to load resource: Could not connect to the server. @ http://localhost:4401/dashboard/overview:0
[ 1351869ms] [ERROR] Failed to load resource: Could not connect to the server. @ http://localhost:4401/dashboard/alerts?limit=6:0
[ 1351945ms] [ERROR] Failed to load resource: Could not connect to the server. @ http://localhost:4401/api/billing/ai-credits/summary:0
[ 1352078ms] [ERROR] Failed to load resource: Could not connect to the server. @ http://localhost:4401/dashboard/overview:0
[ 1352080ms] [ERROR] Failed to load resource: Could not connect to the server. @ http://localhost:4401/dashboard/alerts?limit=6:0
[ 1352152ms] [ERROR] Failed to load resource: Could not connect to the server. @ http://localhost:4401/api/billing/ai-credits/summary:0
[ 1352683ms] [ERROR] Failed to load resource: Could not connect to the server. @ http://localhost:4401/dashboard/overview:0
[ 1352684ms] [ERROR] Failed to load resource: Could not connect to the server. @ http://localhost:4401/dashboard/alerts?limit=6:0
[ 1352756ms] [ERROR] Failed to load resource: Could not connect to the server. @ http://localhost:4401/api/billing/ai-credits/summary:0
[ 1381950ms] [ERROR] Failed to load resource: Could not connect to the server. @ http://localhost:4401/api/billing/ai-credits/summary:0
[ 1382161ms] [ERROR] Failed to load resource: Could not connect to the server. @ http://localhost:4401/api/billing/ai-credits/summary:0
[ 1382773ms] [ERROR] Failed to load resource: Could not connect to the server. @ http://localhost:4401/api/billing/ai-credits/summary:0
[ 1411862ms] [ERROR] Failed to load resource: Could not connect to the server. @ http://localhost:4401/dashboard/overview:0
[ 1411863ms] [ERROR] Failed to load resource: Could not connect to the server. @ http://localhost:4401/dashboard/alerts?limit=6:0
[ 1411948ms] [ERROR] Failed to load resource: Could not connect to the server. @ http://localhost:4401/api/billing/ai-credits/summary:0
[ 1412066ms] [ERROR] Failed to load resource: Could not connect to the server. @ http://localhost:4401/dashboard/overview:0
[ 1412066ms] [ERROR] Failed to load resource: Could not connect to the server. @ http://localhost:4401/dashboard/alerts?limit=6:0
[ 1412159ms] [ERROR] Failed to load resource: Could not connect to the server. @ http://localhost:4401/api/billing/ai-credits/summary:0
[ 1412680ms] [ERROR] Failed to load resource: Could not connect to the server. @ http://localhost:4401/dashboard/overview:0
[ 1412681ms] [ERROR] Failed to load resource: Could not connect to the server. @ http://localhost:4401/dashboard/alerts?limit=6:0
[ 1412771ms] [ERROR] Failed to load resource: Could not connect to the server. @ http://localhost:4401/api/billing/ai-credits/summary:0
[ 1441958ms] [ERROR] Failed to load resource: Could not connect to the server. @ http://localhost:4401/api/billing/ai-credits/summary:0
[ 1442168ms] [ERROR] Failed to load resource: Could not connect to the server. @ http://localhost:4401/api/billing/ai-credits/summary:0
[ 1442775ms] [ERROR] Failed to load resource: Could not connect to the server. @ http://localhost:4401/api/billing/ai-credits/summary:0
[ 1471864ms] [ERROR] Failed to load resource: Could not connect to the server. @ http://localhost:4401/dashboard/overview:0
[ 1471865ms] [ERROR] Failed to load resource: Could not connect to the server. @ http://localhost:4401/dashboard/alerts?limit=6:0
[ 1471956ms] [ERROR] Failed to load resource: Could not connect to the server. @ http://localhost:4401/api/billing/ai-credits/summary:0
[ 1472073ms] [ERROR] Failed to load resource: Could not connect to the server. @ http://localhost:4401/dashboard/overview:0
[ 1472074ms] [ERROR] Failed to load resource: Could not connect to the server. @ http://localhost:4401/dashboard/alerts?limit=6:0
[ 1472167ms] [ERROR] Failed to load resource: Could not connect to the server. @ http://localhost:4401/api/billing/ai-credits/summary:0
[ 1472685ms] [ERROR] Failed to load resource: Could not connect to the server. @ http://localhost:4401/dashboard/overview:0
[ 1472686ms] [ERROR] Failed to load resource: Could not connect to the server. @ http://localhost:4401/dashboard/alerts?limit=6:0
[ 1472777ms] [ERROR] Failed to load resource: Could not connect to the server. @ http://localhost:4401/api/billing/ai-credits/summary:0
[ 1501970ms] [ERROR] Failed to load resource: Could not connect to the server. @ http://localhost:4401/api/billing/ai-credits/summary:0
[ 1502180ms] [ERROR] Failed to load resource: Could not connect to the server. @ http://localhost:4401/api/billing/ai-credits/summary:0
[ 1502794ms] [ERROR] Failed to load resource: Could not connect to the server. @ http://localhost:4401/api/billing/ai-credits/summary:0
[ 1531871ms] [ERROR] Failed to load resource: Could not connect to the server. @ http://localhost:4401/dashboard/overview:0
[ 1531871ms] [ERROR] Failed to load resource: Could not connect to the server. @ http://localhost:4401/dashboard/alerts?limit=6:0
[ 1531965ms] [ERROR] Failed to load resource: Could not connect to the server. @ http://localhost:4401/api/billing/ai-credits/summary:0
[ 1532078ms] [ERROR] Failed to load resource: Could not connect to the server. @ http://localhost:4401/dashboard/overview:0
[ 1532079ms] [ERROR] Failed to load resource: Could not connect to the server. @ http://localhost:4401/dashboard/alerts?limit=6:0
[ 1532177ms] [ERROR] Failed to load resource: Could not connect to the server. @ http://localhost:4401/api/billing/ai-credits/summary:0
[ 1532690ms] [ERROR] Failed to load resource: Could not connect to the server. @ http://localhost:4401/dashboard/overview:0
[ 1532692ms] [ERROR] Failed to load resource: Could not connect to the server. @ http://localhost:4401/dashboard/alerts?limit=6:0
[ 1532787ms] [ERROR] Failed to load resource: Could not connect to the server. @ http://localhost:4401/api/billing/ai-credits/summary:0
[ 1561974ms] [ERROR] Failed to load resource: Could not connect to the server. @ http://localhost:4401/api/billing/ai-credits/summary:0
[ 1562184ms] [ERROR] Failed to load resource: Could not connect to the server. @ http://localhost:4401/api/billing/ai-credits/summary:0
[ 1562790ms] [ERROR] Failed to load resource: Could not connect to the server. @ http://localhost:4401/api/billing/ai-credits/summary:0
[ 1591875ms] [ERROR] Failed to load resource: Could not connect to the server. @ http://localhost:4401/dashboard/overview:0
[ 1591876ms] [ERROR] Failed to load resource: Could not connect to the server. @ http://localhost:4401/dashboard/alerts?limit=6:0
[ 1591974ms] [ERROR] Failed to load resource: Could not connect to the server. @ http://localhost:4401/api/billing/ai-credits/summary:0
[ 1592082ms] [ERROR] Failed to load resource: Could not connect to the server. @ http://localhost:4401/dashboard/overview:0
[ 1592083ms] [ERROR] Failed to load resource: Could not connect to the server. @ http://localhost:4401/dashboard/alerts?limit=6:0
[ 1592184ms] [ERROR] Failed to load resource: Could not connect to the server. @ http://localhost:4401/api/billing/ai-credits/summary:0
[ 1592695ms] [ERROR] Failed to load resource: Could not connect to the server. @ http://localhost:4401/dashboard/overview:0
[ 1592696ms] [ERROR] Failed to load resource: Could not connect to the server. @ http://localhost:4401/dashboard/alerts?limit=6:0
[ 1592790ms] [ERROR] Failed to load resource: Could not connect to the server. @ http://localhost:4401/api/billing/ai-credits/summary:0
[ 1621989ms] [ERROR] Failed to load resource: Could not connect to the server. @ http://localhost:4401/api/billing/ai-credits/summary:0
[ 1622202ms] [ERROR] Failed to load resource: Could not connect to the server. @ http://localhost:4401/api/billing/ai-credits/summary:0
[ 1622813ms] [ERROR] Failed to load resource: Could not connect to the server. @ http://localhost:4401/api/billing/ai-credits/summary:0
[ 1651880ms] [ERROR] Failed to load resource: Could not connect to the server. @ http://localhost:4401/dashboard/overview:0
[ 1651881ms] [ERROR] Failed to load resource: Could not connect to the server. @ http://localhost:4401/dashboard/alerts?limit=6:0
[ 1651982ms] [ERROR] Failed to load resource: Could not connect to the server. @ http://localhost:4401/api/billing/ai-credits/summary:0
[ 1652085ms] [ERROR] Failed to load resource: Could not connect to the server. @ http://localhost:4401/dashboard/overview:0
[ 1652086ms] [ERROR] Failed to load resource: Could not connect to the server. @ http://localhost:4401/dashboard/alerts?limit=6:0
[ 1652185ms] [ERROR] Failed to load resource: Could not connect to the server. @ http://localhost:4401/api/billing/ai-credits/summary:0
[ 1652699ms] [ERROR] Failed to load resource: Could not connect to the server. @ http://localhost:4401/dashboard/overview:0
[ 1652701ms] [ERROR] Failed to load resource: Could not connect to the server. @ http://localhost:4401/dashboard/alerts?limit=6:0
[ 1652799ms] [ERROR] Failed to load resource: Could not connect to the server. @ http://localhost:4401/api/billing/ai-credits/summary:0
[ 1681994ms] [ERROR] Failed to load resource: Could not connect to the server. @ http://localhost:4401/api/billing/ai-credits/summary:0
[ 1682208ms] [ERROR] Failed to load resource: Could not connect to the server. @ http://localhost:4401/api/billing/ai-credits/summary:0
[ 1682816ms] [ERROR] Failed to load resource: Could not connect to the server. @ http://localhost:4401/api/billing/ai-credits/summary:0
[ 1711884ms] [ERROR] Failed to load resource: Could not connect to the server. @ http://localhost:4401/dashboard/overview:0
[ 1711885ms] [ERROR] Failed to load resource: Could not connect to the server. @ http://localhost:4401/dashboard/alerts?limit=6:0
[ 1711992ms] [ERROR] Failed to load resource: Could not connect to the server. @ http://localhost:4401/api/billing/ai-credits/summary:0
[ 1712088ms] [ERROR] Failed to load resource: Could not connect to the server. @ http://localhost:4401/dashboard/overview:0
[ 1712089ms] [ERROR] Failed to load resource: Could not connect to the server. @ http://localhost:4401/dashboard/alerts?limit=6:0
[ 1712203ms] [ERROR] Failed to load resource: Could not connect to the server. @ http://localhost:4401/api/billing/ai-credits/summary:0
[ 1712701ms] [ERROR] Failed to load resource: Could not connect to the server. @ http://localhost:4401/dashboard/overview:0
[ 1712702ms] [ERROR] Failed to load resource: Could not connect to the server. @ http://localhost:4401/dashboard/alerts?limit=6:0
[ 1712813ms] [ERROR] Failed to load resource: Could not connect to the server. @ http://localhost:4401/api/billing/ai-credits/summary:0
[ 1742004ms] [ERROR] Failed to load resource: Could not connect to the server. @ http://localhost:4401/api/billing/ai-credits/summary:0
[ 1742217ms] [ERROR] Failed to load resource: Could not connect to the server. @ http://localhost:4401/api/billing/ai-credits/summary:0
[ 1742824ms] [ERROR] Failed to load resource: Could not connect to the server. @ http://localhost:4401/api/billing/ai-credits/summary:0
[ 1771890ms] [ERROR] Failed to load resource: Could not connect to the server. @ http://localhost:4401/dashboard/overview:0
[ 1771890ms] [ERROR] Failed to load resource: Could not connect to the server. @ http://localhost:4401/dashboard/alerts?limit=6:0
[ 1772000ms] [ERROR] Failed to load resource: Could not connect to the server. @ http://localhost:4401/api/billing/ai-credits/summary:0
[ 1772097ms] [ERROR] Failed to load resource: Could not connect to the server. @ http://localhost:4401/dashboard/overview:0
[ 1772098ms] [ERROR] Failed to load resource: Could not connect to the server. @ http://localhost:4401/dashboard/alerts?limit=6:0
[ 1772211ms] [ERROR] Failed to load resource: Could not connect to the server. @ http://localhost:4401/api/billing/ai-credits/summary:0
[ 1772711ms] [ERROR] Failed to load resource: Could not connect to the server. @ http://localhost:4401/dashboard/overview:0
[ 1772712ms] [ERROR] Failed to load resource: Could not connect to the server. @ http://localhost:4401/dashboard/alerts?limit=6:0
[ 1772819ms] [ERROR] Failed to load resource: Could not connect to the server. @ http://localhost:4401/api/billing/ai-credits/summary:0
[ 1802014ms] [ERROR] Failed to load resource: Could not connect to the server. @ http://localhost:4401/api/billing/ai-credits/summary:0
[ 1802226ms] [ERROR] Failed to load resource: Could not connect to the server. @ http://localhost:4401/api/billing/ai-credits/summary:0
[ 1802833ms] [ERROR] Failed to load resource: Could not connect to the server. @ http://localhost:4401/api/billing/ai-credits/summary:0
[ 1831896ms] [ERROR] Failed to load resource: Could not connect to the server. @ http://localhost:4401/dashboard/overview:0
[ 1831896ms] [ERROR] Failed to load resource: Could not connect to the server. @ http://localhost:4401/dashboard/alerts?limit=6:0
[ 1832008ms] [ERROR] Failed to load resource: Could not connect to the server. @ http://localhost:4401/api/billing/ai-credits/summary:0
[ 1832100ms] [ERROR] Failed to load resource: Could not connect to the server. @ http://localhost:4401/dashboard/overview:0
[ 1832101ms] [ERROR] Failed to load resource: Could not connect to the server. @ http://localhost:4401/dashboard/alerts?limit=6:0
[ 1832214ms] [ERROR] Failed to load resource: Could not connect to the server. @ http://localhost:4401/api/billing/ai-credits/summary:0
[ 1832711ms] [ERROR] Failed to load resource: Could not connect to the server. @ http://localhost:4401/dashboard/overview:0
[ 1832712ms] [ERROR] Failed to load resource: Could not connect to the server. @ http://localhost:4401/dashboard/alerts?limit=6:0
[ 1832828ms] [ERROR] Failed to load resource: Could not connect to the server. @ http://localhost:4401/api/billing/ai-credits/summary:0
[ 1862020ms] [ERROR] Failed to load resource: Could not connect to the server. @ http://localhost:4401/api/billing/ai-credits/summary:0
[ 1862234ms] [ERROR] Failed to load resource: Could not connect to the server. @ http://localhost:4401/api/billing/ai-credits/summary:0
[ 1862838ms] [ERROR] Failed to load resource: Could not connect to the server. @ http://localhost:4401/api/billing/ai-credits/summary:0
[ 1891899ms] [ERROR] Failed to load resource: Could not connect to the server. @ http://localhost:4401/dashboard/overview:0
[ 1891900ms] [ERROR] Failed to load resource: Could not connect to the server. @ http://localhost:4401/dashboard/alerts?limit=6:0
[ 1892018ms] [ERROR] Failed to load resource: Could not connect to the server. @ http://localhost:4401/api/billing/ai-credits/summary:0
[ 1892104ms] [ERROR] Failed to load resource: Could not connect to the server. @ http://localhost:4401/dashboard/overview:0
[ 1892104ms] [ERROR] Failed to load resource: Could not connect to the server. @ http://localhost:4401/dashboard/alerts?limit=6:0
[ 1892224ms] [ERROR] Failed to load resource: Could not connect to the server. @ http://localhost:4401/api/billing/ai-credits/summary:0
[ 1892718ms] [ERROR] Failed to load resource: Could not connect to the server. @ http://localhost:4401/dashboard/overview:0
[ 1892719ms] [ERROR] Failed to load resource: Could not connect to the server. @ http://localhost:4401/dashboard/alerts?limit=6:0
[ 1892835ms] [ERROR] Failed to load resource: Could not connect to the server. @ http://localhost:4401/api/billing/ai-credits/summary:0
[ 1922036ms] [ERROR] Failed to load resource: Could not connect to the server. @ http://localhost:4401/api/billing/ai-credits/summary:0
[ 1922244ms] [ERROR] Failed to load resource: Could not connect to the server. @ http://localhost:4401/api/billing/ai-credits/summary:0
[ 1922851ms] [ERROR] Failed to load resource: Could not connect to the server. @ http://localhost:4401/api/billing/ai-credits/summary:0
[ 1951907ms] [ERROR] Failed to load resource: Could not connect to the server. @ http://localhost:4401/dashboard/overview:0
[ 1951908ms] [ERROR] Failed to load resource: Could not connect to the server. @ http://localhost:4401/dashboard/alerts?limit=6:0
[ 1952029ms] [ERROR] Failed to load resource: Could not connect to the server. @ http://localhost:4401/api/billing/ai-credits/summary:0
[ 1952111ms] [ERROR] Failed to load resource: Could not connect to the server. @ http://localhost:4401/dashboard/overview:0
[ 1952111ms] [ERROR] Failed to load resource: Could not connect to the server. @ http://localhost:4401/dashboard/alerts?limit=6:0
[ 1952233ms] [ERROR] Failed to load resource: Could not connect to the server. @ http://localhost:4401/api/billing/ai-credits/summary:0
[ 1952723ms] [ERROR] Failed to load resource: Could not connect to the server. @ http://localhost:4401/dashboard/overview:0
[ 1952724ms] [ERROR] Failed to load resource: Could not connect to the server. @ http://localhost:4401/dashboard/alerts?limit=6:0
[ 1952845ms] [ERROR] Failed to load resource: Could not connect to the server. @ http://localhost:4401/api/billing/ai-credits/summary:0
[ 1982042ms] [ERROR] Failed to load resource: Could not connect to the server. @ http://localhost:4401/api/billing/ai-credits/summary:0
[ 1982253ms] [ERROR] Failed to load resource: Could not connect to the server. @ http://localhost:4401/api/billing/ai-credits/summary:0
[ 1982858ms] [ERROR] Failed to load resource: Could not connect to the server. @ http://localhost:4401/api/billing/ai-credits/summary:0
[ 2011907ms] [ERROR] Failed to load resource: Could not connect to the server. @ http://localhost:4401/dashboard/overview:0
[ 2011908ms] [ERROR] Failed to load resource: Could not connect to the server. @ http://localhost:4401/dashboard/alerts?limit=6:0
[ 2012035ms] [ERROR] Failed to load resource: Could not connect to the server. @ http://localhost:4401/api/billing/ai-credits/summary:0
[ 2012111ms] [ERROR] Failed to load resource: Could not connect to the server. @ http://localhost:4401/dashboard/overview:0
[ 2012112ms] [ERROR] Failed to load resource: Could not connect to the server. @ http://localhost:4401/dashboard/alerts?limit=6:0
[ 2012245ms] [ERROR] Failed to load resource: Could not connect to the server. @ http://localhost:4401/api/billing/ai-credits/summary:0
[ 2012725ms] [ERROR] Failed to load resource: Could not connect to the server. @ http://localhost:4401/dashboard/overview:0
[ 2012726ms] [ERROR] Failed to load resource: Could not connect to the server. @ http://localhost:4401/dashboard/alerts?limit=6:0
[ 2012856ms] [ERROR] Failed to load resource: Could not connect to the server. @ http://localhost:4401/api/billing/ai-credits/summary:0
[ 2042049ms] [ERROR] Failed to load resource: Could not connect to the server. @ http://localhost:4401/api/billing/ai-credits/summary:0
[ 2042260ms] [ERROR] Failed to load resource: Could not connect to the server. @ http://localhost:4401/api/billing/ai-credits/summary:0
[ 2042863ms] [ERROR] Failed to load resource: Could not connect to the server. @ http://localhost:4401/api/billing/ai-credits/summary:0
[ 2071913ms] [ERROR] Failed to load resource: Could not connect to the server. @ http://localhost:4401/dashboard/overview:0
[ 2071914ms] [ERROR] Failed to load resource: Could not connect to the server. @ http://localhost:4401/dashboard/alerts?limit=6:0
[ 2072044ms] [ERROR] Failed to load resource: Could not connect to the server. @ http://localhost:4401/api/billing/ai-credits/summary:0
[ 2072118ms] [ERROR] Failed to load resource: Could not connect to the server. @ http://localhost:4401/dashboard/overview:0
[ 2072119ms] [ERROR] Failed to load resource: Could not connect to the server. @ http://localhost:4401/dashboard/alerts?limit=6:0
[ 2072256ms] [ERROR] Failed to load resource: Could not connect to the server. @ http://localhost:4401/api/billing/ai-credits/summary:0
[ 2072730ms] [ERROR] Failed to load resource: Could not connect to the server. @ http://localhost:4401/dashboard/overview:0
[ 2072731ms] [ERROR] Failed to load resource: Could not connect to the server. @ http://localhost:4401/dashboard/alerts?limit=6:0
[ 2072862ms] [ERROR] Failed to load resource: Could not connect to the server. @ http://localhost:4401/api/billing/ai-credits/summary:0
[ 2102058ms] [ERROR] Failed to load resource: Could not connect to the server. @ http://localhost:4401/api/billing/ai-credits/summary:0
[ 2102269ms] [ERROR] Failed to load resource: Could not connect to the server. @ http://localhost:4401/api/billing/ai-credits/summary:0
[ 2102874ms] [ERROR] Failed to load resource: Could not connect to the server. @ http://localhost:4401/api/billing/ai-credits/summary:0
[ 2131918ms] [ERROR] Failed to load resource: Could not connect to the server. @ http://localhost:4401/dashboard/overview:0
[ 2131919ms] [ERROR] Failed to load resource: Could not connect to the server. @ http://localhost:4401/dashboard/alerts?limit=6:0
[ 2132057ms] [ERROR] Failed to load resource: Could not connect to the server. @ http://localhost:4401/api/billing/ai-credits/summary:0
[ 2132132ms] [ERROR] Failed to load resource: Could not connect to the server. @ http://localhost:4401/dashboard/overview:0
[ 2132134ms] [ERROR] Failed to load resource: Could not connect to the server. @ http://localhost:4401/dashboard/alerts?limit=6:0
[ 2132267ms] [ERROR] Failed to load resource: Could not connect to the server. @ http://localhost:4401/api/billing/ai-credits/summary:0
[ 2132738ms] [ERROR] Failed to load resource: Could not connect to the server. @ http://localhost:4401/dashboard/overview:0
[ 2132738ms] [ERROR] Failed to load resource: Could not connect to the server. @ http://localhost:4401/dashboard/alerts?limit=6:0
[ 2132870ms] [ERROR] Failed to load resource: Could not connect to the server. @ http://localhost:4401/api/billing/ai-credits/summary:0
[ 2162068ms] [ERROR] Failed to load resource: Could not connect to the server. @ http://localhost:4401/api/billing/ai-credits/summary:0
[ 2162281ms] [ERROR] Failed to load resource: Could not connect to the server. @ http://localhost:4401/api/billing/ai-credits/summary:0
[ 2162885ms] [ERROR] Failed to load resource: Could not connect to the server. @ http://localhost:4401/api/billing/ai-credits/summary:0
[ 2191923ms] [ERROR] Failed to load resource: Could not connect to the server. @ http://localhost:4401/dashboard/overview:0
[ 2191923ms] [ERROR] Failed to load resource: Could not connect to the server. @ http://localhost:4401/dashboard/alerts?limit=6:0
[ 2192061ms] [ERROR] Failed to load resource: Could not connect to the server. @ http://localhost:4401/api/billing/ai-credits/summary:0
[ 2192126ms] [ERROR] Failed to load resource: Could not connect to the server. @ http://localhost:4401/dashboard/overview:0
[ 2192126ms] [ERROR] Failed to load resource: Could not connect to the server. @ http://localhost:4401/dashboard/alerts?limit=6:0
[ 2192272ms] [ERROR] Failed to load resource: Could not connect to the server. @ http://localhost:4401/api/billing/ai-credits/summary:0
[ 2192740ms] [ERROR] Failed to load resource: Could not connect to the server. @ http://localhost:4401/dashboard/overview:0
[ 2192741ms] [ERROR] Failed to load resource: Could not connect to the server. @ http://localhost:4401/dashboard/alerts?limit=6:0
[ 2192884ms] [ERROR] Failed to load resource: Could not connect to the server. @ http://localhost:4401/api/billing/ai-credits/summary:0
[ 2222076ms] [ERROR] Failed to load resource: Could not connect to the server. @ http://localhost:4401/api/billing/ai-credits/summary:0
[ 2222280ms] [ERROR] Failed to load resource: Could not connect to the server. @ http://localhost:4401/api/billing/ai-credits/summary:0
[ 2222892ms] [ERROR] Failed to load resource: Could not connect to the server. @ http://localhost:4401/api/billing/ai-credits/summary:0
[ 2251928ms] [ERROR] Failed to load resource: Could not connect to the server. @ http://localhost:4401/dashboard/overview:0
[ 2251928ms] [ERROR] Failed to load resource: Could not connect to the server. @ http://localhost:4401/dashboard/alerts?limit=6:0
[ 2252070ms] [ERROR] Failed to load resource: Could not connect to the server. @ http://localhost:4401/api/billing/ai-credits/summary:0
[ 2252133ms] [ERROR] Failed to load resource: Could not connect to the server. @ http://localhost:4401/dashboard/overview:0
[ 2252133ms] [ERROR] Failed to load resource: Could not connect to the server. @ http://localhost:4401/dashboard/alerts?limit=6:0
[ 2252282ms] [ERROR] Failed to load resource: Could not connect to the server. @ http://localhost:4401/api/billing/ai-credits/summary:0
[ 2252741ms] [ERROR] Failed to load resource: Could not connect to the server. @ http://localhost:4401/dashboard/overview:0
[ 2252742ms] [ERROR] Failed to load resource: Could not connect to the server. @ http://localhost:4401/dashboard/alerts?limit=6:0
[ 2252887ms] [ERROR] Failed to load resource: Could not connect to the server. @ http://localhost:4401/api/billing/ai-credits/summary:0
[ 2282083ms] [ERROR] Failed to load resource: Could not connect to the server. @ http://localhost:4401/api/billing/ai-credits/summary:0
[ 2282295ms] [ERROR] Failed to load resource: Could not connect to the server. @ http://localhost:4401/api/billing/ai-credits/summary:0
[ 2282900ms] [ERROR] Failed to load resource: Could not connect to the server. @ http://localhost:4401/api/billing/ai-credits/summary:0
[ 2311931ms] [ERROR] Failed to load resource: Could not connect to the server. @ http://localhost:4401/dashboard/overview:0
[ 2311932ms] [ERROR] Failed to load resource: Could not connect to the server. @ http://localhost:4401/dashboard/alerts?limit=6:0
[ 2312079ms] [ERROR] Failed to load resource: Could not connect to the server. @ http://localhost:4401/api/billing/ai-credits/summary:0
[ 2312136ms] [ERROR] Failed to load resource: Could not connect to the server. @ http://localhost:4401/dashboard/overview:0
[ 2312136ms] [ERROR] Failed to load resource: Could not connect to the server. @ http://localhost:4401/dashboard/alerts?limit=6:0
[ 2312290ms] [ERROR] Failed to load resource: Could not connect to the server. @ http://localhost:4401/api/billing/ai-credits/summary:0
[ 2312748ms] [ERROR] Failed to load resource: Could not connect to the server. @ http://localhost:4401/dashboard/overview:0
[ 2312749ms] [ERROR] Failed to load resource: Could not connect to the server. @ http://localhost:4401/dashboard/alerts?limit=6:0
[ 2312902ms] [ERROR] Failed to load resource: Could not connect to the server. @ http://localhost:4401/api/billing/ai-credits/summary:0
[ 2342092ms] [ERROR] Failed to load resource: Could not connect to the server. @ http://localhost:4401/api/billing/ai-credits/summary:0
[ 2342306ms] [ERROR] Failed to load resource: Could not connect to the server. @ http://localhost:4401/api/billing/ai-credits/summary:0
[ 2342911ms] [ERROR] Failed to load resource: Could not connect to the server. @ http://localhost:4401/api/billing/ai-credits/summary:0
[ 2371937ms] [ERROR] Failed to load resource: Could not connect to the server. @ http://localhost:4401/dashboard/overview:0
[ 2371937ms] [ERROR] Failed to load resource: Could not connect to the server. @ http://localhost:4401/dashboard/alerts?limit=6:0
[ 2372088ms] [ERROR] Failed to load resource: Could not connect to the server. @ http://localhost:4401/api/billing/ai-credits/summary:0
[ 2372141ms] [ERROR] Failed to load resource: Could not connect to the server. @ http://localhost:4401/dashboard/overview:0
[ 2372142ms] [ERROR] Failed to load resource: Could not connect to the server. @ http://localhost:4401/dashboard/alerts?limit=6:0
[ 2372292ms] [ERROR] Failed to load resource: Could not connect to the server. @ http://localhost:4401/api/billing/ai-credits/summary:0
[ 2372755ms] [ERROR] Failed to load resource: Could not connect to the server. @ http://localhost:4401/dashboard/overview:0
[ 2372756ms] [ERROR] Failed to load resource: Could not connect to the server. @ http://localhost:4401/dashboard/alerts?limit=6:0
[ 2372903ms] [ERROR] Failed to load resource: Could not connect to the server. @ http://localhost:4401/api/billing/ai-credits/summary:0
[ 2402103ms] [ERROR] Failed to load resource: Could not connect to the server. @ http://localhost:4401/api/billing/ai-credits/summary:0
[ 2402316ms] [ERROR] Failed to load resource: Could not connect to the server. @ http://localhost:4401/api/billing/ai-credits/summary:0
[ 2402919ms] [ERROR] Failed to load resource: Could not connect to the server. @ http://localhost:4401/api/billing/ai-credits/summary:0
[ 2431942ms] [ERROR] Failed to load resource: Could not connect to the server. @ http://localhost:4401/dashboard/overview:0
[ 2431943ms] [ERROR] Failed to load resource: Could not connect to the server. @ http://localhost:4401/dashboard/alerts?limit=6:0
[ 2432097ms] [ERROR] Failed to load resource: Could not connect to the server. @ http://localhost:4401/api/billing/ai-credits/summary:0
[ 2432147ms] [ERROR] Failed to load resource: Could not connect to the server. @ http://localhost:4401/dashboard/overview:0
[ 2432148ms] [ERROR] Failed to load resource: Could not connect to the server. @ http://localhost:4401/dashboard/alerts?limit=6:0
[ 2432307ms] [ERROR] Failed to load resource: Could not connect to the server. @ http://localhost:4401/api/billing/ai-credits/summary:0
[ 2432756ms] [ERROR] Failed to load resource: Could not connect to the server. @ http://localhost:4401/dashboard/overview:0
[ 2432757ms] [ERROR] Failed to load resource: Could not connect to the server. @ http://localhost:4401/dashboard/alerts?limit=6:0
[ 2432919ms] [ERROR] Failed to load resource: Could not connect to the server. @ http://localhost:4401/api/billing/ai-credits/summary:0
[ 2462109ms] [ERROR] Failed to load resource: Could not connect to the server. @ http://localhost:4401/api/billing/ai-credits/summary:0
[ 2462318ms] [ERROR] Failed to load resource: Could not connect to the server. @ http://localhost:4401/api/billing/ai-credits/summary:0
[ 2462923ms] [ERROR] Failed to load resource: Could not connect to the server. @ http://localhost:4401/api/billing/ai-credits/summary:0
[ 2491947ms] [ERROR] Failed to load resource: Could not connect to the server. @ http://localhost:4401/dashboard/overview:0
[ 2491947ms] [ERROR] Failed to load resource: Could not connect to the server. @ http://localhost:4401/dashboard/alerts?limit=6:0
[ 2492105ms] [ERROR] Failed to load resource: Could not connect to the server. @ http://localhost:4401/api/billing/ai-credits/summary:0
[ 2492151ms] [ERROR] Failed to load resource: Could not connect to the server. @ http://localhost:4401/dashboard/overview:0
[ 2492152ms] [ERROR] Failed to load resource: Could not connect to the server. @ http://localhost:4401/dashboard/alerts?limit=6:0
[ 2492314ms] [ERROR] Failed to load resource: Could not connect to the server. @ http://localhost:4401/api/billing/ai-credits/summary:0
[ 2492761ms] [ERROR] Failed to load resource: Could not connect to the server. @ http://localhost:4401/dashboard/overview:0
[ 2492762ms] [ERROR] Failed to load resource: Could not connect to the server. @ http://localhost:4401/dashboard/alerts?limit=6:0
[ 2492925ms] [ERROR] Failed to load resource: Could not connect to the server. @ http://localhost:4401/api/billing/ai-credits/summary:0
[ 2522117ms] [ERROR] Failed to load resource: Could not connect to the server. @ http://localhost:4401/api/billing/ai-credits/summary:0
[ 2522325ms] [ERROR] Failed to load resource: Could not connect to the server. @ http://localhost:4401/api/billing/ai-credits/summary:0
[ 2522929ms] [ERROR] Failed to load resource: Could not connect to the server. @ http://localhost:4401/api/billing/ai-credits/summary:0
[ 2551951ms] [ERROR] Failed to load resource: Could not connect to the server. @ http://localhost:4401/dashboard/overview:0
[ 2551951ms] [ERROR] Failed to load resource: Could not connect to the server. @ http://localhost:4401/dashboard/alerts?limit=6:0
[ 2552114ms] [ERROR] Failed to load resource: Could not connect to the server. @ http://localhost:4401/api/billing/ai-credits/summary:0
[ 2552155ms] [ERROR] Failed to load resource: Could not connect to the server. @ http://localhost:4401/dashboard/overview:0
[ 2552156ms] [ERROR] Failed to load resource: Could not connect to the server. @ http://localhost:4401/dashboard/alerts?limit=6:0
[ 2552325ms] [ERROR] Failed to load resource: Could not connect to the server. @ http://localhost:4401/api/billing/ai-credits/summary:0
[ 2552768ms] [ERROR] Failed to load resource: Could not connect to the server. @ http://localhost:4401/dashboard/overview:0
[ 2552769ms] [ERROR] Failed to load resource: Could not connect to the server. @ http://localhost:4401/dashboard/alerts?limit=6:0
[ 2552935ms] [ERROR] Failed to load resource: Could not connect to the server. @ http://localhost:4401/api/billing/ai-credits/summary:0
[ 2582127ms] [ERROR] Failed to load resource: Could not connect to the server. @ http://localhost:4401/api/billing/ai-credits/summary:0
[ 2582340ms] [ERROR] Failed to load resource: Could not connect to the server. @ http://localhost:4401/api/billing/ai-credits/summary:0
[ 2582944ms] [ERROR] Failed to load resource: Could not connect to the server. @ http://localhost:4401/api/billing/ai-credits/summary:0
[ 2611956ms] [ERROR] Failed to load resource: Could not connect to the server. @ http://localhost:4401/dashboard/overview:0
[ 2611957ms] [ERROR] Failed to load resource: Could not connect to the server. @ http://localhost:4401/dashboard/alerts?limit=6:0
[ 2612123ms] [ERROR] Failed to load resource: Could not connect to the server. @ http://localhost:4401/api/billing/ai-credits/summary:0
[ 2612161ms] [ERROR] Failed to load resource: Could not connect to the server. @ http://localhost:4401/dashboard/overview:0
[ 2612161ms] [ERROR] Failed to load resource: Could not connect to the server. @ http://localhost:4401/dashboard/alerts?limit=6:0
[ 2612335ms] [ERROR] Failed to load resource: Could not connect to the server. @ http://localhost:4401/api/billing/ai-credits/summary:0
[ 2612769ms] [ERROR] Failed to load resource: Could not connect to the server. @ http://localhost:4401/dashboard/overview:0
[ 2612770ms] [ERROR] Failed to load resource: Could not connect to the server. @ http://localhost:4401/dashboard/alerts?limit=6:0
[ 2612946ms] [ERROR] Failed to load resource: Could not connect to the server. @ http://localhost:4401/api/billing/ai-credits/summary:0
[ 2642136ms] [ERROR] Failed to load resource: Could not connect to the server. @ http://localhost:4401/api/billing/ai-credits/summary:0
[ 2642349ms] [ERROR] Failed to load resource: Could not connect to the server. @ http://localhost:4401/api/billing/ai-credits/summary:0
[ 2642952ms] [ERROR] Failed to load resource: Could not connect to the server. @ http://localhost:4401/api/billing/ai-credits/summary:0
[ 2671963ms] [ERROR] Failed to load resource: Could not connect to the server. @ http://localhost:4401/dashboard/overview:0
[ 2671964ms] [ERROR] Failed to load resource: Could not connect to the server. @ http://localhost:4401/dashboard/alerts?limit=6:0
[ 2672131ms] [ERROR] Failed to load resource: Could not connect to the server. @ http://localhost:4401/api/billing/ai-credits/summary:0
[ 2672168ms] [ERROR] Failed to load resource: Could not connect to the server. @ http://localhost:4401/dashboard/overview:0
[ 2672168ms] [ERROR] Failed to load resource: Could not connect to the server. @ http://localhost:4401/dashboard/alerts?limit=6:0
[ 2672344ms] [ERROR] Failed to load resource: Could not connect to the server. @ http://localhost:4401/api/billing/ai-credits/summary:0
[ 2672782ms] [ERROR] Failed to load resource: Could not connect to the server. @ http://localhost:4401/dashboard/overview:0
[ 2672783ms] [ERROR] Failed to load resource: Could not connect to the server. @ http://localhost:4401/dashboard/alerts?limit=6:0
[ 2672951ms] [ERROR] Failed to load resource: Could not connect to the server. @ http://localhost:4401/api/billing/ai-credits/summary:0
[ 2702143ms] [ERROR] Failed to load resource: Could not connect to the server. @ http://localhost:4401/api/billing/ai-credits/summary:0
[ 2702353ms] [ERROR] Failed to load resource: Could not connect to the server. @ http://localhost:4401/api/billing/ai-credits/summary:0
[ 2702957ms] [ERROR] Failed to load resource: Could not connect to the server. @ http://localhost:4401/api/billing/ai-credits/summary:0
[ 2731968ms] [ERROR] Failed to load resource: Could not connect to the server. @ http://localhost:4401/dashboard/overview:0
[ 2731969ms] [ERROR] Failed to load resource: Could not connect to the server. @ http://localhost:4401/dashboard/alerts?limit=6:0
[ 2732140ms] [ERROR] Failed to load resource: Could not connect to the server. @ http://localhost:4401/api/billing/ai-credits/summary:0
[ 2732170ms] [ERROR] Failed to load resource: Could not connect to the server. @ http://localhost:4401/dashboard/overview:0
[ 2732171ms] [ERROR] Failed to load resource: Could not connect to the server. @ http://localhost:4401/dashboard/alerts?limit=6:0
[ 2732349ms] [ERROR] Failed to load resource: Could not connect to the server. @ http://localhost:4401/api/billing/ai-credits/summary:0
[ 2732781ms] [ERROR] Failed to load resource: Could not connect to the server. @ http://localhost:4401/dashboard/overview:0
[ 2732783ms] [ERROR] Failed to load resource: Could not connect to the server. @ http://localhost:4401/dashboard/alerts?limit=6:0
[ 2732962ms] [ERROR] Failed to load resource: Could not connect to the server. @ http://localhost:4401/api/billing/ai-credits/summary:0
[ 2762155ms] [ERROR] Failed to load resource: Could not connect to the server. @ http://localhost:4401/api/billing/ai-credits/summary:0
[ 2762367ms] [ERROR] Failed to load resource: Could not connect to the server. @ http://localhost:4401/api/billing/ai-credits/summary:0
[ 2762972ms] [ERROR] Failed to load resource: Could not connect to the server. @ http://localhost:4401/api/billing/ai-credits/summary:0
[ 2791971ms] [ERROR] Failed to load resource: Could not connect to the server. @ http://localhost:4401/dashboard/overview:0
[ 2791972ms] [ERROR] Failed to load resource: Could not connect to the server. @ http://localhost:4401/dashboard/alerts?limit=6:0
[ 2792149ms] [ERROR] Failed to load resource: Could not connect to the server. @ http://localhost:4401/api/billing/ai-credits/summary:0
[ 2792175ms] [ERROR] Failed to load resource: Could not connect to the server. @ http://localhost:4401/dashboard/overview:0
[ 2792176ms] [ERROR] Failed to load resource: Could not connect to the server. @ http://localhost:4401/dashboard/alerts?limit=6:0
[ 2792359ms] [ERROR] Failed to load resource: Could not connect to the server. @ http://localhost:4401/api/billing/ai-credits/summary:0
[ 2792789ms] [ERROR] Failed to load resource: Could not connect to the server. @ http://localhost:4401/dashboard/overview:0
[ 2792790ms] [ERROR] Failed to load resource: Could not connect to the server. @ http://localhost:4401/dashboard/alerts?limit=6:0
[ 2792971ms] [ERROR] Failed to load resource: Could not connect to the server. @ http://localhost:4401/api/billing/ai-credits/summary:0
[ 2822163ms] [ERROR] Failed to load resource: Could not connect to the server. @ http://localhost:4401/api/billing/ai-credits/summary:0
[ 2822375ms] [ERROR] Failed to load resource: Could not connect to the server. @ http://localhost:4401/api/billing/ai-credits/summary:0
[ 2822980ms] [ERROR] Failed to load resource: Could not connect to the server. @ http://localhost:4401/api/billing/ai-credits/summary:0
[ 2851976ms] [ERROR] Failed to load resource: Could not connect to the server. @ http://localhost:4401/dashboard/overview:0
[ 2851976ms] [ERROR] Failed to load resource: Could not connect to the server. @ http://localhost:4401/dashboard/alerts?limit=6:0
[ 2852157ms] [ERROR] Failed to load resource: Could not connect to the server. @ http://localhost:4401/api/billing/ai-credits/summary:0
[ 2852180ms] [ERROR] Failed to load resource: Could not connect to the server. @ http://localhost:4401/dashboard/overview:0
[ 2852183ms] [ERROR] Failed to load resource: Could not connect to the server. @ http://localhost:4401/dashboard/alerts?limit=6:0
[ 2852365ms] [ERROR] Failed to load resource: Could not connect to the server. @ http://localhost:4401/api/billing/ai-credits/summary:0
[ 2852785ms] [ERROR] Failed to load resource: Could not connect to the server. @ http://localhost:4401/dashboard/overview:0
[ 2852789ms] [ERROR] Failed to load resource: Could not connect to the server. @ http://localhost:4401/dashboard/alerts?limit=6:0
[ 2852969ms] [ERROR] Failed to load resource: Could not connect to the server. @ http://localhost:4401/api/billing/ai-credits/summary:0
[ 2882187ms] [ERROR] Failed to load resource: Could not connect to the server. @ http://localhost:4401/api/billing/ai-credits/summary:0
[ 2882399ms] [ERROR] Failed to load resource: Could not connect to the server. @ http://localhost:4401/api/billing/ai-credits/summary:0
[ 2883004ms] [ERROR] Failed to load resource: Could not connect to the server. @ http://localhost:4401/api/billing/ai-credits/summary:0
[ 2912001ms] [ERROR] Failed to load resource: Could not connect to the server. @ http://localhost:4401/dashboard/overview:0
[ 2912002ms] [ERROR] Failed to load resource: Could not connect to the server. @ http://localhost:4401/dashboard/alerts?limit=6:0
[ 2912185ms] [ERROR] Failed to load resource: Could not connect to the server. @ http://localhost:4401/api/billing/ai-credits/summary:0
[ 2912206ms] [ERROR] Failed to load resource: Could not connect to the server. @ http://localhost:4401/dashboard/overview:0
[ 2912206ms] [ERROR] Failed to load resource: Could not connect to the server. @ http://localhost:4401/dashboard/alerts?limit=6:0
[ 2912394ms] [ERROR] Failed to load resource: Could not connect to the server. @ http://localhost:4401/api/billing/ai-credits/summary:0
[ 2912820ms] [ERROR] Failed to load resource: Could not connect to the server. @ http://localhost:4401/dashboard/overview:0
[ 2912822ms] [ERROR] Failed to load resource: Could not connect to the server. @ http://localhost:4401/dashboard/alerts?limit=6:0
[ 2913004ms] [ERROR] Failed to load resource: Could not connect to the server. @ http://localhost:4401/api/billing/ai-credits/summary:0
[ 2942202ms] [ERROR] Failed to load resource: Could not connect to the server. @ http://localhost:4401/api/billing/ai-credits/summary:0
[ 2942413ms] [ERROR] Failed to load resource: Could not connect to the server. @ http://localhost:4401/api/billing/ai-credits/summary:0
[ 2943016ms] [ERROR] Failed to load resource: Could not connect to the server. @ http://localhost:4401/api/billing/ai-credits/summary:0
[ 2972005ms] [ERROR] Failed to load resource: Could not connect to the server. @ http://localhost:4401/dashboard/overview:0
[ 2972006ms] [ERROR] Failed to load resource: Could not connect to the server. @ http://localhost:4401/dashboard/alerts?limit=6:0
[ 2972194ms] [ERROR] Failed to load resource: Could not connect to the server. @ http://localhost:4401/api/billing/ai-credits/summary:0
[ 2972210ms] [ERROR] Failed to load resource: Could not connect to the server. @ http://localhost:4401/dashboard/overview:0
[ 2972210ms] [ERROR] Failed to load resource: Could not connect to the server. @ http://localhost:4401/dashboard/alerts?limit=6:0
[ 2972402ms] [ERROR] Failed to load resource: Could not connect to the server. @ http://localhost:4401/api/billing/ai-credits/summary:0
[ 2972824ms] [ERROR] Failed to load resource: Could not connect to the server. @ http://localhost:4401/dashboard/overview:0
[ 2972825ms] [ERROR] Failed to load resource: Could not connect to the server. @ http://localhost:4401/dashboard/alerts?limit=6:0
[ 2973012ms] [ERROR] Failed to load resource: Could not connect to the server. @ http://localhost:4401/api/billing/ai-credits/summary:0
[ 3002207ms] [ERROR] Failed to load resource: Could not connect to the server. @ http://localhost:4401/api/billing/ai-credits/summary:0
[ 3002420ms] [ERROR] Failed to load resource: Could not connect to the server. @ http://localhost:4401/api/billing/ai-credits/summary:0
[ 3003023ms] [ERROR] Failed to load resource: Could not connect to the server. @ http://localhost:4401/api/billing/ai-credits/summary:0
[ 3032010ms] [ERROR] Failed to load resource: Could not connect to the server. @ http://localhost:4401/dashboard/overview:0
[ 3032011ms] [ERROR] Failed to load resource: Could not connect to the server. @ http://localhost:4401/dashboard/alerts?limit=6:0
[ 3032205ms] [ERROR] Failed to load resource: Could not connect to the server. @ http://localhost:4401/api/billing/ai-credits/summary:0
[ 3032214ms] [ERROR] Failed to load resource: Could not connect to the server. @ http://localhost:4401/dashboard/overview:0
[ 3032215ms] [ERROR] Failed to load resource: Could not connect to the server. @ http://localhost:4401/dashboard/alerts?limit=6:0
[ 3032410ms] [ERROR] Failed to load resource: Could not connect to the server. @ http://localhost:4401/api/billing/ai-credits/summary:0
[ 3032828ms] [ERROR] Failed to load resource: Could not connect to the server. @ http://localhost:4401/dashboard/overview:0
[ 3032829ms] [ERROR] Failed to load resource: Could not connect to the server. @ http://localhost:4401/dashboard/alerts?limit=6:0
[ 3033016ms] [ERROR] Failed to load resource: Could not connect to the server. @ http://localhost:4401/api/billing/ai-credits/summary:0
[ 3062212ms] [ERROR] Failed to load resource: Could not connect to the server. @ http://localhost:4401/api/billing/ai-credits/summary:0
[ 3062427ms] [ERROR] Failed to load resource: Could not connect to the server. @ http://localhost:4401/api/billing/ai-credits/summary:0
[ 3063038ms] [ERROR] Failed to load resource: Could not connect to the server. @ http://localhost:4401/api/billing/ai-credits/summary:0
[ 3092014ms] [ERROR] Failed to load resource: Could not connect to the server. @ http://localhost:4401/dashboard/overview:0
[ 3092015ms] [ERROR] Failed to load resource: Could not connect to the server. @ http://localhost:4401/dashboard/alerts?limit=6:0
[ 3092214ms] [ERROR] Failed to load resource: Could not connect to the server. @ http://localhost:4401/api/billing/ai-credits/summary:0
[ 3092216ms] [ERROR] Failed to load resource: Could not connect to the server. @ http://localhost:4401/dashboard/overview:0
[ 3092217ms] [ERROR] Failed to load resource: Could not connect to the server. @ http://localhost:4401/dashboard/alerts?limit=6:0
[ 3092420ms] [ERROR] Failed to load resource: Could not connect to the server. @ http://localhost:4401/api/billing/ai-credits/summary:0
[ 3092830ms] [ERROR] Failed to load resource: Could not connect to the server. @ http://localhost:4401/dashboard/overview:0
[ 3092831ms] [ERROR] Failed to load resource: Could not connect to the server. @ http://localhost:4401/dashboard/alerts?limit=6:0
[ 3093030ms] [ERROR] Failed to load resource: Could not connect to the server. @ http://localhost:4401/api/billing/ai-credits/summary:0
[ 3122231ms] [ERROR] Failed to load resource: Could not connect to the server. @ http://localhost:4401/api/billing/ai-credits/summary:0
[ 3122441ms] [ERROR] Failed to load resource: Could not connect to the server. @ http://localhost:4401/api/billing/ai-credits/summary:0
[ 3123045ms] [ERROR] Failed to load resource: Could not connect to the server. @ http://localhost:4401/api/billing/ai-credits/summary:0
[ 3152023ms] [ERROR] Failed to load resource: Could not connect to the server. @ http://localhost:4401/dashboard/overview:0
[ 3152024ms] [ERROR] Failed to load resource: Could not connect to the server. @ http://localhost:4401/dashboard/alerts?limit=6:0
[ 3152233ms] [ERROR] Failed to load resource: Could not connect to the server. @ http://localhost:4401/api/billing/ai-credits/summary:0
[ 3152234ms] [ERROR] Failed to load resource: Could not connect to the server. @ http://localhost:4401/dashboard/overview:0
[ 3152236ms] [ERROR] Failed to load resource: Could not connect to the server. @ http://localhost:4401/dashboard/alerts?limit=6:0
[ 3152445ms] [ERROR] Failed to load resource: Could not connect to the server. @ http://localhost:4401/api/billing/ai-credits/summary:0
[ 3152839ms] [ERROR] Failed to load resource: Could not connect to the server. @ http://localhost:4401/dashboard/overview:0
[ 3152840ms] [ERROR] Failed to load resource: Could not connect to the server. @ http://localhost:4401/dashboard/alerts?limit=6:0
[ 3153049ms] [ERROR] Failed to load resource: Could not connect to the server. @ http://localhost:4401/api/billing/ai-credits/summary:0
[ 3182237ms] [ERROR] Failed to load resource: Could not connect to the server. @ http://localhost:4401/api/billing/ai-credits/summary:0
[ 3182448ms] [ERROR] Failed to load resource: Could not connect to the server. @ http://localhost:4401/api/billing/ai-credits/summary:0
[ 3183051ms] [ERROR] Failed to load resource: Could not connect to the server. @ http://localhost:4401/api/billing/ai-credits/summary:0
[ 3212025ms] [ERROR] Failed to load resource: Could not connect to the server. @ http://localhost:4401/dashboard/overview:0
[ 3212026ms] [ERROR] Failed to load resource: Could not connect to the server. @ http://localhost:4401/dashboard/alerts?limit=6:0
[ 3212230ms] [ERROR] Failed to load resource: Could not connect to the server. @ http://localhost:4401/dashboard/overview:0
[ 3212231ms] [ERROR] Failed to load resource: Could not connect to the server. @ http://localhost:4401/dashboard/alerts?limit=6:0
[ 3212231ms] [ERROR] Failed to load resource: Could not connect to the server. @ http://localhost:4401/api/billing/ai-credits/summary:0
[ 3212439ms] [ERROR] Failed to load resource: Could not connect to the server. @ http://localhost:4401/api/billing/ai-credits/summary:0
[ 3212845ms] [ERROR] Failed to load resource: Could not connect to the server. @ http://localhost:4401/dashboard/overview:0
[ 3212846ms] [ERROR] Failed to load resource: Could not connect to the server. @ http://localhost:4401/dashboard/alerts?limit=6:0
[ 3213045ms] [ERROR] Failed to load resource: Could not connect to the server. @ http://localhost:4401/api/billing/ai-credits/summary:0
[ 3242244ms] [ERROR] Failed to load resource: Could not connect to the server. @ http://localhost:4401/api/billing/ai-credits/summary:0
[ 3242459ms] [ERROR] Failed to load resource: Could not connect to the server. @ http://localhost:4401/api/billing/ai-credits/summary:0
[ 3243069ms] [ERROR] Failed to load resource: Could not connect to the server. @ http://localhost:4401/api/billing/ai-credits/summary:0
[ 3272029ms] [ERROR] Failed to load resource: Could not connect to the server. @ http://localhost:4401/dashboard/overview:0
[ 3272030ms] [ERROR] Failed to load resource: Could not connect to the server. @ http://localhost:4401/dashboard/alerts?limit=6:0
[ 3272234ms] [ERROR] Failed to load resource: Could not connect to the server. @ http://localhost:4401/dashboard/overview:0
[ 3272235ms] [ERROR] Failed to load resource: Could not connect to the server. @ http://localhost:4401/dashboard/alerts?limit=6:0
[ 3272239ms] [ERROR] Failed to load resource: Could not connect to the server. @ http://localhost:4401/api/billing/ai-credits/summary:0
[ 3272446ms] [ERROR] Failed to load resource: Could not connect to the server. @ http://localhost:4401/api/billing/ai-credits/summary:0
[ 3272846ms] [ERROR] Failed to load resource: Could not connect to the server. @ http://localhost:4401/dashboard/overview:0
[ 3272847ms] [ERROR] Failed to load resource: Could not connect to the server. @ http://localhost:4401/dashboard/alerts?limit=6:0
[ 3273053ms] [ERROR] Failed to load resource: Could not connect to the server. @ http://localhost:4401/api/billing/ai-credits/summary:0
[ 3302255ms] [ERROR] Failed to load resource: Could not connect to the server. @ http://localhost:4401/api/billing/ai-credits/summary:0
[ 3302466ms] [ERROR] Failed to load resource: Could not connect to the server. @ http://localhost:4401/api/billing/ai-credits/summary:0
[ 3303069ms] [ERROR] Failed to load resource: Could not connect to the server. @ http://localhost:4401/api/billing/ai-credits/summary:0
[ 3332035ms] [ERROR] Failed to load resource: Could not connect to the server. @ http://localhost:4401/dashboard/overview:0
[ 3332035ms] [ERROR] Failed to load resource: Could not connect to the server. @ http://localhost:4401/dashboard/alerts?limit=6:0
[ 3332240ms] [ERROR] Failed to load resource: Could not connect to the server. @ http://localhost:4401/dashboard/overview:0
[ 3332240ms] [ERROR] Failed to load resource: Could not connect to the server. @ http://localhost:4401/dashboard/alerts?limit=6:0
[ 3332248ms] [ERROR] Failed to load resource: Could not connect to the server. @ http://localhost:4401/api/billing/ai-credits/summary:0
[ 3332455ms] [ERROR] Failed to load resource: Could not connect to the server. @ http://localhost:4401/api/billing/ai-credits/summary:0
[ 3332851ms] [ERROR] Failed to load resource: Could not connect to the server. @ http://localhost:4401/dashboard/overview:0
[ 3332852ms] [ERROR] Failed to load resource: Could not connect to the server. @ http://localhost:4401/dashboard/alerts?limit=6:0
[ 3333063ms] [ERROR] Failed to load resource: Could not connect to the server. @ http://localhost:4401/api/billing/ai-credits/summary:0
[ 3362263ms] [ERROR] Failed to load resource: Could not connect to the server. @ http://localhost:4401/api/billing/ai-credits/summary:0
[ 3362474ms] [ERROR] Failed to load resource: Could not connect to the server. @ http://localhost:4401/api/billing/ai-credits/summary:0
[ 3363078ms] [ERROR] Failed to load resource: Could not connect to the server. @ http://localhost:4401/api/billing/ai-credits/summary:0
[ 3392041ms] [ERROR] Failed to load resource: Could not connect to the server. @ http://localhost:4401/dashboard/overview:0
[ 3392041ms] [ERROR] Failed to load resource: Could not connect to the server. @ http://localhost:4401/dashboard/alerts?limit=6:0
[ 3392246ms] [ERROR] Failed to load resource: Could not connect to the server. @ http://localhost:4401/dashboard/overview:0
[ 3392246ms] [ERROR] Failed to load resource: Could not connect to the server. @ http://localhost:4401/dashboard/alerts?limit=6:0
[ 3392258ms] [ERROR] Failed to load resource: Could not connect to the server. @ http://localhost:4401/api/billing/ai-credits/summary:0
[ 3392465ms] [ERROR] Failed to load resource: Could not connect to the server. @ http://localhost:4401/api/billing/ai-credits/summary:0
[ 3392860ms] [ERROR] Failed to load resource: Could not connect to the server. @ http://localhost:4401/dashboard/overview:0
[ 3392861ms] [ERROR] Failed to load resource: Could not connect to the server. @ http://localhost:4401/dashboard/alerts?limit=6:0
[ 3393073ms] [ERROR] Failed to load resource: Could not connect to the server. @ http://localhost:4401/api/billing/ai-credits/summary:0
[ 3422274ms] [ERROR] Failed to load resource: Could not connect to the server. @ http://localhost:4401/api/billing/ai-credits/summary:0
[ 3422486ms] [ERROR] Failed to load resource: Could not connect to the server. @ http://localhost:4401/api/billing/ai-credits/summary:0
[ 3423089ms] [ERROR] Failed to load resource: Could not connect to the server. @ http://localhost:4401/api/billing/ai-credits/summary:0
[ 3452046ms] [ERROR] Failed to load resource: Could not connect to the server. @ http://localhost:4401/dashboard/overview:0
[ 3452047ms] [ERROR] Failed to load resource: Could not connect to the server. @ http://localhost:4401/dashboard/alerts?limit=6:0
[ 3452250ms] [ERROR] Failed to load resource: Could not connect to the server. @ http://localhost:4401/dashboard/overview:0
[ 3452250ms] [ERROR] Failed to load resource: Could not connect to the server. @ http://localhost:4401/dashboard/alerts?limit=6:0
[ 3452268ms] [ERROR] Failed to load resource: Could not connect to the server. @ http://localhost:4401/api/billing/ai-credits/summary:0
[ 3452473ms] [ERROR] Failed to load resource: Could not connect to the server. @ http://localhost:4401/api/billing/ai-credits/summary:0
[ 3452866ms] [ERROR] Failed to load resource: Could not connect to the server. @ http://localhost:4401/dashboard/overview:0
[ 3452868ms] [ERROR] Failed to load resource: Could not connect to the server. @ http://localhost:4401/dashboard/alerts?limit=6:0
[ 3453081ms] [ERROR] Failed to load resource: Could not connect to the server. @ http://localhost:4401/api/billing/ai-credits/summary:0
[ 3482281ms] [ERROR] Failed to load resource: Could not connect to the server. @ http://localhost:4401/api/billing/ai-credits/summary:0
[ 3482492ms] [ERROR] Failed to load resource: Could not connect to the server. @ http://localhost:4401/api/billing/ai-credits/summary:0
[ 3483096ms] [ERROR] Failed to load resource: Could not connect to the server. @ http://localhost:4401/api/billing/ai-credits/summary:0
[ 3512052ms] [ERROR] Failed to load resource: Could not connect to the server. @ http://localhost:4401/dashboard/overview:0
[ 3512052ms] [ERROR] Failed to load resource: Could not connect to the server. @ http://localhost:4401/dashboard/alerts?limit=6:0
[ 3512257ms] [ERROR] Failed to load resource: Could not connect to the server. @ http://localhost:4401/dashboard/overview:0
[ 3512257ms] [ERROR] Failed to load resource: Could not connect to the server. @ http://localhost:4401/dashboard/alerts?limit=6:0
[ 3512276ms] [ERROR] Failed to load resource: Could not connect to the server. @ http://localhost:4401/api/billing/ai-credits/summary:0
[ 3512482ms] [ERROR] Failed to load resource: Could not connect to the server. @ http://localhost:4401/api/billing/ai-credits/summary:0
[ 3512870ms] [ERROR] Failed to load resource: Could not connect to the server. @ http://localhost:4401/dashboard/overview:0
[ 3512870ms] [ERROR] Failed to load resource: Could not connect to the server. @ http://localhost:4401/dashboard/alerts?limit=6:0
[ 3513087ms] [ERROR] Failed to load resource: Could not connect to the server. @ http://localhost:4401/api/billing/ai-credits/summary:0
[ 3542292ms] [ERROR] Failed to load resource: Could not connect to the server. @ http://localhost:4401/api/billing/ai-credits/summary:0
[ 3542504ms] [ERROR] Failed to load resource: Could not connect to the server. @ http://localhost:4401/api/billing/ai-credits/summary:0
[ 3543107ms] [ERROR] Failed to load resource: Could not connect to the server. @ http://localhost:4401/api/billing/ai-credits/summary:0
[ 3572059ms] [ERROR] Failed to load resource: Could not connect to the server. @ http://localhost:4401/dashboard/overview:0
[ 3572060ms] [ERROR] Failed to load resource: Could not connect to the server. @ http://localhost:4401/dashboard/alerts?limit=6:0
[ 3572264ms] [ERROR] Failed to load resource: Could not connect to the server. @ http://localhost:4401/dashboard/overview:0
[ 3572264ms] [ERROR] Failed to load resource: Could not connect to the server. @ http://localhost:4401/dashboard/alerts?limit=6:0
[ 3572286ms] [ERROR] Failed to load resource: Could not connect to the server. @ http://localhost:4401/api/billing/ai-credits/summary:0
[ 3572491ms] [ERROR] Failed to load resource: Could not connect to the server. @ http://localhost:4401/api/billing/ai-credits/summary:0
[ 3572878ms] [ERROR] Failed to load resource: Could not connect to the server. @ http://localhost:4401/dashboard/overview:0
[ 3572879ms] [ERROR] Failed to load resource: Could not connect to the server. @ http://localhost:4401/dashboard/alerts?limit=6:0
[ 3573095ms] [ERROR] Failed to load resource: Could not connect to the server. @ http://localhost:4401/api/billing/ai-credits/summary:0
[ 3602295ms] [ERROR] Failed to load resource: Could not connect to the server. @ http://localhost:4401/api/billing/ai-credits/summary:0
[ 3602506ms] [ERROR] Failed to load resource: Could not connect to the server. @ http://localhost:4401/api/billing/ai-credits/summary:0
[ 3603111ms] [ERROR] Failed to load resource: Could not connect to the server. @ http://localhost:4401/api/billing/ai-credits/summary:0
[ 3632069ms] [ERROR] Failed to load resource: Could not connect to the server. @ http://localhost:4401/dashboard/overview:0
[ 3632071ms] [ERROR] Failed to load resource: Could not connect to the server. @ http://localhost:4401/dashboard/alerts?limit=6:0
[ 3632273ms] [ERROR] Failed to load resource: Could not connect to the server. @ http://localhost:4401/dashboard/overview:0
[ 3632274ms] [ERROR] Failed to load resource: Could not connect to the server. @ http://localhost:4401/dashboard/alerts?limit=6:0
[ 3632295ms] [ERROR] Failed to load resource: Could not connect to the server. @ http://localhost:4401/api/billing/ai-credits/summary:0
[ 3632501ms] [ERROR] Failed to load resource: Could not connect to the server. @ http://localhost:4401/api/billing/ai-credits/summary:0
[ 3632886ms] [ERROR] Failed to load resource: Could not connect to the server. @ http://localhost:4401/dashboard/overview:0
[ 3632887ms] [ERROR] Failed to load resource: Could not connect to the server. @ http://localhost:4401/dashboard/alerts?limit=6:0
[ 3633112ms] [ERROR] Failed to load resource: Could not connect to the server. @ http://localhost:4401/api/billing/ai-credits/summary:0
[ 3662310ms] [ERROR] Failed to load resource: Could not connect to the server. @ http://localhost:4401/api/billing/ai-credits/summary:0
[ 3662519ms] [ERROR] Failed to load resource: Could not connect to the server. @ http://localhost:4401/api/billing/ai-credits/summary:0
[ 3663123ms] [ERROR] Failed to load resource: Could not connect to the server. @ http://localhost:4401/api/billing/ai-credits/summary:0
[ 3692073ms] [ERROR] Failed to load resource: Could not connect to the server. @ http://localhost:4401/dashboard/overview:0
[ 3692074ms] [ERROR] Failed to load resource: Could not connect to the server. @ http://localhost:4401/dashboard/alerts?limit=6:0
[ 3692279ms] [ERROR] Failed to load resource: Could not connect to the server. @ http://localhost:4401/dashboard/overview:0
[ 3692279ms] [ERROR] Failed to load resource: Could not connect to the server. @ http://localhost:4401/dashboard/alerts?limit=6:0
[ 3692304ms] [ERROR] Failed to load resource: Could not connect to the server. @ http://localhost:4401/api/billing/ai-credits/summary:0
[ 3692511ms] [ERROR] Failed to load resource: Could not connect to the server. @ http://localhost:4401/api/billing/ai-credits/summary:0
[ 3692893ms] [ERROR] Failed to load resource: Could not connect to the server. @ http://localhost:4401/dashboard/overview:0
[ 3692895ms] [ERROR] Failed to load resource: Could not connect to the server. @ http://localhost:4401/dashboard/alerts?limit=6:0
[ 3693118ms] [ERROR] Failed to load resource: Could not connect to the server. @ http://localhost:4401/api/billing/ai-credits/summary:0
[ 3722310ms] [ERROR] Failed to load resource: Could not connect to the server. @ http://localhost:4401/api/billing/ai-credits/summary:0
[ 3722518ms] [ERROR] Failed to load resource: Could not connect to the server. @ http://localhost:4401/api/billing/ai-credits/summary:0
[ 3723124ms] [ERROR] Failed to load resource: Could not connect to the server. @ http://localhost:4401/api/billing/ai-credits/summary:0
[ 3752072ms] [ERROR] Failed to load resource: Could not connect to the server. @ http://localhost:4401/dashboard/overview:0
[ 3752072ms] [ERROR] Failed to load resource: Could not connect to the server. @ http://localhost:4401/dashboard/alerts?limit=6:0
[ 3752288ms] [ERROR] Failed to load resource: Could not connect to the server. @ http://localhost:4401/dashboard/overview:0
[ 3752290ms] [ERROR] Failed to load resource: Could not connect to the server. @ http://localhost:4401/dashboard/alerts?limit=6:0
[ 3752314ms] [ERROR] Failed to load resource: Could not connect to the server. @ http://localhost:4401/api/billing/ai-credits/summary:0
[ 3752528ms] [ERROR] Failed to load resource: Could not connect to the server. @ http://localhost:4401/api/billing/ai-credits/summary:0
[ 3752901ms] [ERROR] Failed to load resource: Could not connect to the server. @ http://localhost:4401/dashboard/overview:0
[ 3752903ms] [ERROR] Failed to load resource: Could not connect to the server. @ http://localhost:4401/dashboard/alerts?limit=6:0
[ 3753131ms] [ERROR] Failed to load resource: Could not connect to the server. @ http://localhost:4401/api/billing/ai-credits/summary:0
[ 3782327ms] [ERROR] Failed to load resource: Could not connect to the server. @ http://localhost:4401/api/billing/ai-credits/summary:0
[ 3782537ms] [ERROR] Failed to load resource: Could not connect to the server. @ http://localhost:4401/api/billing/ai-credits/summary:0
[ 3783142ms] [ERROR] Failed to load resource: Could not connect to the server. @ http://localhost:4401/api/billing/ai-credits/summary:0
[ 3812085ms] [ERROR] Failed to load resource: Could not connect to the server. @ http://localhost:4401/dashboard/overview:0
[ 3812086ms] [ERROR] Failed to load resource: Could not connect to the server. @ http://localhost:4401/dashboard/alerts?limit=6:0
[ 3812290ms] [ERROR] Failed to load resource: Could not connect to the server. @ http://localhost:4401/dashboard/overview:0
[ 3812291ms] [ERROR] Failed to load resource: Could not connect to the server. @ http://localhost:4401/dashboard/alerts?limit=6:0
[ 3812323ms] [ERROR] Failed to load resource: Could not connect to the server. @ http://localhost:4401/api/billing/ai-credits/summary:0
[ 3812529ms] [ERROR] Failed to load resource: Could not connect to the server. @ http://localhost:4401/api/billing/ai-credits/summary:0
[ 3812903ms] [ERROR] Failed to load resource: Could not connect to the server. @ http://localhost:4401/dashboard/overview:0
[ 3812904ms] [ERROR] Failed to load resource: Could not connect to the server. @ http://localhost:4401/dashboard/alerts?limit=6:0
[ 3813134ms] [ERROR] Failed to load resource: Could not connect to the server. @ http://localhost:4401/api/billing/ai-credits/summary:0
[ 3842338ms] [ERROR] Failed to load resource: Could not connect to the server. @ http://localhost:4401/api/billing/ai-credits/summary:0
[ 3842548ms] [ERROR] Failed to load resource: Could not connect to the server. @ http://localhost:4401/api/billing/ai-credits/summary:0
[ 3843151ms] [ERROR] Failed to load resource: Could not connect to the server. @ http://localhost:4401/api/billing/ai-credits/summary:0
[ 3872089ms] [ERROR] Failed to load resource: Could not connect to the server. @ http://localhost:4401/dashboard/overview:0
[ 3872090ms] [ERROR] Failed to load resource: Could not connect to the server. @ http://localhost:4401/dashboard/alerts?limit=6:0
[ 3872294ms] [ERROR] Failed to load resource: Could not connect to the server. @ http://localhost:4401/dashboard/overview:0
[ 3872294ms] [ERROR] Failed to load resource: Could not connect to the server. @ http://localhost:4401/dashboard/alerts?limit=6:0
[ 3872332ms] [ERROR] Failed to load resource: Could not connect to the server. @ http://localhost:4401/api/billing/ai-credits/summary:0
[ 3872537ms] [ERROR] Failed to load resource: Could not connect to the server. @ http://localhost:4401/api/billing/ai-credits/summary:0
[ 3872907ms] [ERROR] Failed to load resource: Could not connect to the server. @ http://localhost:4401/dashboard/overview:0
[ 3872908ms] [ERROR] Failed to load resource: Could not connect to the server. @ http://localhost:4401/dashboard/alerts?limit=6:0
[ 3873143ms] [ERROR] Failed to load resource: Could not connect to the server. @ http://localhost:4401/api/billing/ai-credits/summary:0
[ 3902349ms] [ERROR] Failed to load resource: Could not connect to the server. @ http://localhost:4401/api/billing/ai-credits/summary:0
[ 3902561ms] [ERROR] Failed to load resource: Could not connect to the server. @ http://localhost:4401/api/billing/ai-credits/summary:0
[ 3903166ms] [ERROR] Failed to load resource: Could not connect to the server. @ http://localhost:4401/api/billing/ai-credits/summary:0
[ 3932095ms] [ERROR] Failed to load resource: Could not connect to the server. @ http://localhost:4401/dashboard/overview:0
[ 3932096ms] [ERROR] Failed to load resource: Could not connect to the server. @ http://localhost:4401/dashboard/alerts?limit=6:0
[ 3932299ms] [ERROR] Failed to load resource: Could not connect to the server. @ http://localhost:4401/dashboard/overview:0
[ 3932299ms] [ERROR] Failed to load resource: Could not connect to the server. @ http://localhost:4401/dashboard/alerts?limit=6:0
[ 3932341ms] [ERROR] Failed to load resource: Could not connect to the server. @ http://localhost:4401/api/billing/ai-credits/summary:0
[ 3932546ms] [ERROR] Failed to load resource: Could not connect to the server. @ http://localhost:4401/api/billing/ai-credits/summary:0
[ 3932914ms] [ERROR] Failed to load resource: Could not connect to the server. @ http://localhost:4401/dashboard/overview:0
[ 3932915ms] [ERROR] Failed to load resource: Could not connect to the server. @ http://localhost:4401/dashboard/alerts?limit=6:0
[ 3933155ms] [ERROR] Failed to load resource: Could not connect to the server. @ http://localhost:4401/api/billing/ai-credits/summary:0
[ 3962355ms] [ERROR] Failed to load resource: Could not connect to the server. @ http://localhost:4401/api/billing/ai-credits/summary:0
[ 3962567ms] [ERROR] Failed to load resource: Could not connect to the server. @ http://localhost:4401/api/billing/ai-credits/summary:0
[ 3963172ms] [ERROR] Failed to load resource: Could not connect to the server. @ http://localhost:4401/api/billing/ai-credits/summary:0
[ 3992099ms] [ERROR] Failed to load resource: Could not connect to the server. @ http://localhost:4401/dashboard/overview:0
[ 3992100ms] [ERROR] Failed to load resource: Could not connect to the server. @ http://localhost:4401/dashboard/alerts?limit=6:0
[ 3992304ms] [ERROR] Failed to load resource: Could not connect to the server. @ http://localhost:4401/dashboard/overview:0
[ 3992305ms] [ERROR] Failed to load resource: Could not connect to the server. @ http://localhost:4401/dashboard/alerts?limit=6:0
[ 3992349ms] [ERROR] Failed to load resource: Could not connect to the server. @ http://localhost:4401/api/billing/ai-credits/summary:0
[ 3992555ms] [ERROR] Failed to load resource: Could not connect to the server. @ http://localhost:4401/api/billing/ai-credits/summary:0
[ 3992917ms] [ERROR] Failed to load resource: Could not connect to the server. @ http://localhost:4401/dashboard/overview:0
[ 3992919ms] [ERROR] Failed to load resource: Could not connect to the server. @ http://localhost:4401/dashboard/alerts?limit=6:0
[ 3993166ms] [ERROR] Failed to load resource: Could not connect to the server. @ http://localhost:4401/api/billing/ai-credits/summary:0
[ 4022358ms] [ERROR] Failed to load resource: Could not connect to the server. @ http://localhost:4401/api/billing/ai-credits/summary:0
[ 4022562ms] [ERROR] Failed to load resource: Could not connect to the server. @ http://localhost:4401/api/billing/ai-credits/summary:0
[ 4023176ms] [ERROR] Failed to load resource: Could not connect to the server. @ http://localhost:4401/api/billing/ai-credits/summary:0
[ 4052103ms] [ERROR] Failed to load resource: Could not connect to the server. @ http://localhost:4401/dashboard/overview:0
[ 4052104ms] [ERROR] Failed to load resource: Could not connect to the server. @ http://localhost:4401/dashboard/alerts?limit=6:0
[ 4052309ms] [ERROR] Failed to load resource: Could not connect to the server. @ http://localhost:4401/dashboard/overview:0
[ 4052310ms] [ERROR] Failed to load resource: Could not connect to the server. @ http://localhost:4401/dashboard/alerts?limit=6:0
[ 4052359ms] [ERROR] Failed to load resource: Could not connect to the server. @ http://localhost:4401/api/billing/ai-credits/summary:0
[ 4052565ms] [ERROR] Failed to load resource: Could not connect to the server. @ http://localhost:4401/api/billing/ai-credits/summary:0
[ 4052922ms] [ERROR] Failed to load resource: Could not connect to the server. @ http://localhost:4401/dashboard/overview:0
[ 4052923ms] [ERROR] Failed to load resource: Could not connect to the server. @ http://localhost:4401/dashboard/alerts?limit=6:0
[ 4053177ms] [ERROR] Failed to load resource: Could not connect to the server. @ http://localhost:4401/api/billing/ai-credits/summary:0
[ 4082374ms] [ERROR] Failed to load resource: Could not connect to the server. @ http://localhost:4401/api/billing/ai-credits/summary:0
[ 4082584ms] [ERROR] Failed to load resource: Could not connect to the server. @ http://localhost:4401/api/billing/ai-credits/summary:0
[ 4083188ms] [ERROR] Failed to load resource: Could not connect to the server. @ http://localhost:4401/api/billing/ai-credits/summary:0
[ 4112121ms] [ERROR] Failed to load resource: Could not connect to the server. @ http://localhost:4401/dashboard/overview:0
[ 4112121ms] [ERROR] Failed to load resource: Could not connect to the server. @ http://localhost:4401/dashboard/alerts?limit=6:0
[ 4112333ms] [ERROR] Failed to load resource: Could not connect to the server. @ http://localhost:4401/dashboard/overview:0
[ 4112334ms] [ERROR] Failed to load resource: Could not connect to the server. @ http://localhost:4401/dashboard/alerts?limit=6:0
[ 4112373ms] [ERROR] Failed to load resource: Could not connect to the server. @ http://localhost:4401/api/billing/ai-credits/summary:0
[ 4112577ms] [ERROR] Failed to load resource: Could not connect to the server. @ http://localhost:4401/api/billing/ai-credits/summary:0
[ 4112938ms] [ERROR] Failed to load resource: Could not connect to the server. @ http://localhost:4401/dashboard/overview:0
[ 4112939ms] [ERROR] Failed to load resource: Could not connect to the server. @ http://localhost:4401/dashboard/alerts?limit=6:0
[ 4113183ms] [ERROR] Failed to load resource: Could not connect to the server. @ http://localhost:4401/api/billing/ai-credits/summary:0
[ 4142380ms] [ERROR] Failed to load resource: Could not connect to the server. @ http://localhost:4401/api/billing/ai-credits/summary:0
[ 4142591ms] [ERROR] Failed to load resource: Could not connect to the server. @ http://localhost:4401/api/billing/ai-credits/summary:0
[ 4143194ms] [ERROR] Failed to load resource: Could not connect to the server. @ http://localhost:4401/api/billing/ai-credits/summary:0
[ 4172123ms] [ERROR] Failed to load resource: Could not connect to the server. @ http://localhost:4401/dashboard/overview:0
[ 4172124ms] [ERROR] Failed to load resource: Could not connect to the server. @ http://localhost:4401/dashboard/alerts?limit=6:0
[ 4172329ms] [ERROR] Failed to load resource: Could not connect to the server. @ http://localhost:4401/dashboard/overview:0
[ 4172330ms] [ERROR] Failed to load resource: Could not connect to the server. @ http://localhost:4401/dashboard/alerts?limit=6:0
[ 4172376ms] [ERROR] Failed to load resource: Could not connect to the server. @ http://localhost:4401/api/billing/ai-credits/summary:0
[ 4172581ms] [ERROR] Failed to load resource: Could not connect to the server. @ http://localhost:4401/api/billing/ai-credits/summary:0
[ 4172941ms] [ERROR] Failed to load resource: Could not connect to the server. @ http://localhost:4401/dashboard/overview:0
[ 4172942ms] [ERROR] Failed to load resource: Could not connect to the server. @ http://localhost:4401/dashboard/alerts?limit=6:0
[ 4173192ms] [ERROR] Failed to load resource: Could not connect to the server. @ http://localhost:4401/api/billing/ai-credits/summary:0
[ 4202390ms] [ERROR] Failed to load resource: Could not connect to the server. @ http://localhost:4401/api/billing/ai-credits/summary:0
[ 4202598ms] [ERROR] Failed to load resource: Could not connect to the server. @ http://localhost:4401/api/billing/ai-credits/summary:0
[ 4203202ms] [ERROR] Failed to load resource: Could not connect to the server. @ http://localhost:4401/api/billing/ai-credits/summary:0
[ 4232116ms] [ERROR] Failed to load resource: Could not connect to the server. @ http://localhost:4401/dashboard/overview:0
[ 4232117ms] [ERROR] Failed to load resource: Could not connect to the server. @ http://localhost:4401/dashboard/alerts?limit=6:0
[ 4232322ms] [ERROR] Failed to load resource: Could not connect to the server. @ http://localhost:4401/dashboard/overview:0
[ 4232323ms] [ERROR] Failed to load resource: Could not connect to the server. @ http://localhost:4401/dashboard/alerts?limit=6:0
[ 4232385ms] [ERROR] Failed to load resource: Could not connect to the server. @ http://localhost:4401/api/billing/ai-credits/summary:0
[ 4232591ms] [ERROR] Failed to load resource: Could not connect to the server. @ http://localhost:4401/api/billing/ai-credits/summary:0
[ 4232932ms] [ERROR] Failed to load resource: Could not connect to the server. @ http://localhost:4401/dashboard/overview:0
[ 4232933ms] [ERROR] Failed to load resource: Could not connect to the server. @ http://localhost:4401/dashboard/alerts?limit=6:0
[ 4233199ms] [ERROR] Failed to load resource: Could not connect to the server. @ http://localhost:4401/api/billing/ai-credits/summary:0
[ 4262394ms] [ERROR] Failed to load resource: Could not connect to the server. @ http://localhost:4401/api/billing/ai-credits/summary:0
[ 4262601ms] [ERROR] Failed to load resource: Could not connect to the server. @ http://localhost:4401/api/billing/ai-credits/summary:0
[ 4263204ms] [ERROR] Failed to load resource: Could not connect to the server. @ http://localhost:4401/api/billing/ai-credits/summary:0
[ 4292122ms] [ERROR] Failed to load resource: Could not connect to the server. @ http://localhost:4401/dashboard/overview:0
[ 4292122ms] [ERROR] Failed to load resource: Could not connect to the server. @ http://localhost:4401/dashboard/alerts?limit=6:0
[ 4292326ms] [ERROR] Failed to load resource: Could not connect to the server. @ http://localhost:4401/dashboard/overview:0
[ 4292327ms] [ERROR] Failed to load resource: Could not connect to the server. @ http://localhost:4401/dashboard/alerts?limit=6:0
[ 4292394ms] [ERROR] Failed to load resource: Could not connect to the server. @ http://localhost:4401/api/billing/ai-credits/summary:0
[ 4292598ms] [ERROR] Failed to load resource: Could not connect to the server. @ http://localhost:4401/api/billing/ai-credits/summary:0
[ 4292935ms] [ERROR] Failed to load resource: Could not connect to the server. @ http://localhost:4401/dashboard/overview:0
[ 4292936ms] [ERROR] Failed to load resource: Could not connect to the server. @ http://localhost:4401/dashboard/alerts?limit=6:0
[ 4293204ms] [ERROR] Failed to load resource: Could not connect to the server. @ http://localhost:4401/api/billing/ai-credits/summary:0
[ 4322404ms] [ERROR] Failed to load resource: Could not connect to the server. @ http://localhost:4401/api/billing/ai-credits/summary:0
[ 4322611ms] [ERROR] Failed to load resource: Could not connect to the server. @ http://localhost:4401/api/billing/ai-credits/summary:0
[ 4323215ms] [ERROR] Failed to load resource: Could not connect to the server. @ http://localhost:4401/api/billing/ai-credits/summary:0
[ 4352126ms] [ERROR] Failed to load resource: Could not connect to the server. @ http://localhost:4401/dashboard/overview:0
[ 4352126ms] [ERROR] Failed to load resource: Could not connect to the server. @ http://localhost:4401/dashboard/alerts?limit=6:0
[ 4352331ms] [ERROR] Failed to load resource: Could not connect to the server. @ http://localhost:4401/dashboard/overview:0
[ 4352332ms] [ERROR] Failed to load resource: Could not connect to the server. @ http://localhost:4401/dashboard/alerts?limit=6:0
[ 4352403ms] [ERROR] Failed to load resource: Could not connect to the server. @ http://localhost:4401/api/billing/ai-credits/summary:0
[ 4352607ms] [ERROR] Failed to load resource: Could not connect to the server. @ http://localhost:4401/api/billing/ai-credits/summary:0
[ 4352939ms] [ERROR] Failed to load resource: Could not connect to the server. @ http://localhost:4401/dashboard/overview:0
[ 4352942ms] [ERROR] Failed to load resource: Could not connect to the server. @ http://localhost:4401/dashboard/alerts?limit=6:0
[ 4353214ms] [ERROR] Failed to load resource: Could not connect to the server. @ http://localhost:4401/api/billing/ai-credits/summary:0
[ 4382412ms] [ERROR] Failed to load resource: Could not connect to the server. @ http://localhost:4401/api/billing/ai-credits/summary:0
[ 4382618ms] [ERROR] Failed to load resource: Could not connect to the server. @ http://localhost:4401/api/billing/ai-credits/summary:0
[ 4383222ms] [ERROR] Failed to load resource: Could not connect to the server. @ http://localhost:4401/api/billing/ai-credits/summary:0
[ 4412125ms] [ERROR] Failed to load resource: Could not connect to the server. @ http://localhost:4401/dashboard/overview:0
[ 4412126ms] [ERROR] Failed to load resource: Could not connect to the server. @ http://localhost:4401/dashboard/alerts?limit=6:0
[ 4412329ms] [ERROR] Failed to load resource: Could not connect to the server. @ http://localhost:4401/dashboard/overview:0
[ 4412330ms] [ERROR] Failed to load resource: Could not connect to the server. @ http://localhost:4401/dashboard/alerts?limit=6:0
[ 4412413ms] [ERROR] Failed to load resource: Could not connect to the server. @ http://localhost:4401/api/billing/ai-credits/summary:0
[ 4412620ms] [ERROR] Failed to load resource: Could not connect to the server. @ http://localhost:4401/api/billing/ai-credits/summary:0
[ 4412937ms] [ERROR] Failed to load resource: Could not connect to the server. @ http://localhost:4401/dashboard/overview:0
[ 4412938ms] [ERROR] Failed to load resource: Could not connect to the server. @ http://localhost:4401/dashboard/alerts?limit=6:0
[ 4413223ms] [ERROR] Failed to load resource: Could not connect to the server. @ http://localhost:4401/api/billing/ai-credits/summary:0
[ 4442423ms] [ERROR] Failed to load resource: Could not connect to the server. @ http://localhost:4401/api/billing/ai-credits/summary:0
[ 4442630ms] [ERROR] Failed to load resource: Could not connect to the server. @ http://localhost:4401/api/billing/ai-credits/summary:0
[ 4443233ms] [ERROR] Failed to load resource: Could not connect to the server. @ http://localhost:4401/api/billing/ai-credits/summary:0
[ 4472135ms] [ERROR] Failed to load resource: Could not connect to the server. @ http://localhost:4401/dashboard/overview:0
[ 4472136ms] [ERROR] Failed to load resource: Could not connect to the server. @ http://localhost:4401/dashboard/alerts?limit=6:0
[ 4472340ms] [ERROR] Failed to load resource: Could not connect to the server. @ http://localhost:4401/dashboard/overview:0
[ 4472340ms] [ERROR] Failed to load resource: Could not connect to the server. @ http://localhost:4401/dashboard/alerts?limit=6:0
[ 4472422ms] [ERROR] Failed to load resource: Could not connect to the server. @ http://localhost:4401/api/billing/ai-credits/summary:0
[ 4472627ms] [ERROR] Failed to load resource: Could not connect to the server. @ http://localhost:4401/api/billing/ai-credits/summary:0
[ 4472949ms] [ERROR] Failed to load resource: Could not connect to the server. @ http://localhost:4401/dashboard/overview:0
[ 4472950ms] [ERROR] Failed to load resource: Could not connect to the server. @ http://localhost:4401/dashboard/alerts?limit=6:0
[ 4473234ms] [ERROR] Failed to load resource: Could not connect to the server. @ http://localhost:4401/api/billing/ai-credits/summary:0
[ 4502432ms] [ERROR] Failed to load resource: Could not connect to the server. @ http://localhost:4401/api/billing/ai-credits/summary:0
[ 4502637ms] [ERROR] Failed to load resource: Could not connect to the server. @ http://localhost:4401/api/billing/ai-credits/summary:0
[ 4503241ms] [ERROR] Failed to load resource: Could not connect to the server. @ http://localhost:4401/api/billing/ai-credits/summary:0
[ 4532141ms] [ERROR] Failed to load resource: Could not connect to the server. @ http://localhost:4401/dashboard/overview:0
[ 4532142ms] [ERROR] Failed to load resource: Could not connect to the server. @ http://localhost:4401/dashboard/alerts?limit=6:0
[ 4532349ms] [ERROR] Failed to load resource: Could not connect to the server. @ http://localhost:4401/dashboard/overview:0
[ 4532350ms] [ERROR] Failed to load resource: Could not connect to the server. @ http://localhost:4401/dashboard/alerts?limit=6:0
[ 4532433ms] [ERROR] Failed to load resource: Could not connect to the server. @ http://localhost:4401/api/billing/ai-credits/summary:0
[ 4532640ms] [ERROR] Failed to load resource: Could not connect to the server. @ http://localhost:4401/api/billing/ai-credits/summary:0
[ 4532957ms] [ERROR] Failed to load resource: Could not connect to the server. @ http://localhost:4401/dashboard/overview:0
[ 4532958ms] [ERROR] Failed to load resource: Could not connect to the server. @ http://localhost:4401/dashboard/alerts?limit=6:0
[ 4533244ms] [ERROR] Failed to load resource: Could not connect to the server. @ http://localhost:4401/api/billing/ai-credits/summary:0
[ 4562442ms] [ERROR] Failed to load resource: Could not connect to the server. @ http://localhost:4401/api/billing/ai-credits/summary:0
[ 4562648ms] [ERROR] Failed to load resource: Could not connect to the server. @ http://localhost:4401/api/billing/ai-credits/summary:0
[ 4563252ms] [ERROR] Failed to load resource: Could not connect to the server. @ http://localhost:4401/api/billing/ai-credits/summary:0
[ 4592146ms] [ERROR] Failed to load resource: Could not connect to the server. @ http://localhost:4401/dashboard/overview:0
[ 4592148ms] [ERROR] Failed to load resource: Could not connect to the server. @ http://localhost:4401/dashboard/alerts?limit=6:0
[ 4592351ms] [ERROR] Failed to load resource: Could not connect to the server. @ http://localhost:4401/dashboard/overview:0
[ 4592351ms] [ERROR] Failed to load resource: Could not connect to the server. @ http://localhost:4401/dashboard/alerts?limit=6:0
[ 4592441ms] [ERROR] Failed to load resource: Could not connect to the server. @ http://localhost:4401/api/billing/ai-credits/summary:0
[ 4592644ms] [ERROR] Failed to load resource: Could not connect to the server. @ http://localhost:4401/api/billing/ai-credits/summary:0
[ 4592960ms] [ERROR] Failed to load resource: Could not connect to the server. @ http://localhost:4401/dashboard/overview:0
[ 4592961ms] [ERROR] Failed to load resource: Could not connect to the server. @ http://localhost:4401/dashboard/alerts?limit=6:0
[ 4593251ms] [ERROR] Failed to load resource: Could not connect to the server. @ http://localhost:4401/api/billing/ai-credits/summary:0
[ 4622448ms] [ERROR] Failed to load resource: Could not connect to the server. @ http://localhost:4401/api/billing/ai-credits/summary:0
[ 4622656ms] [ERROR] Failed to load resource: Could not connect to the server. @ http://localhost:4401/api/billing/ai-credits/summary:0
[ 4623259ms] [ERROR] Failed to load resource: Could not connect to the server. @ http://localhost:4401/api/billing/ai-credits/summary:0
[ 4652150ms] [ERROR] Failed to load resource: Could not connect to the server. @ http://localhost:4401/dashboard/overview:0
[ 4652150ms] [ERROR] Failed to load resource: Could not connect to the server. @ http://localhost:4401/dashboard/alerts?limit=6:0
[ 4652354ms] [ERROR] Failed to load resource: Could not connect to the server. @ http://localhost:4401/dashboard/overview:0
[ 4652354ms] [ERROR] Failed to load resource: Could not connect to the server. @ http://localhost:4401/dashboard/alerts?limit=6:0
[ 4652449ms] [ERROR] Failed to load resource: Could not connect to the server. @ http://localhost:4401/api/billing/ai-credits/summary:0
[ 4652653ms] [ERROR] Failed to load resource: Could not connect to the server. @ http://localhost:4401/api/billing/ai-credits/summary:0
[ 4652961ms] [ERROR] Failed to load resource: Could not connect to the server. @ http://localhost:4401/dashboard/overview:0
[ 4652963ms] [ERROR] Failed to load resource: Could not connect to the server. @ http://localhost:4401/dashboard/alerts?limit=6:0
[ 4653260ms] [ERROR] Failed to load resource: Could not connect to the server. @ http://localhost:4401/api/billing/ai-credits/summary:0
[ 4682460ms] [ERROR] Failed to load resource: Could not connect to the server. @ http://localhost:4401/api/billing/ai-credits/summary:0
[ 4682666ms] [ERROR] Failed to load resource: Could not connect to the server. @ http://localhost:4401/api/billing/ai-credits/summary:0
[ 4683269ms] [ERROR] Failed to load resource: Could not connect to the server. @ http://localhost:4401/api/billing/ai-credits/summary:0
[ 4712155ms] [ERROR] Failed to load resource: Could not connect to the server. @ http://localhost:4401/dashboard/overview:0
[ 4712156ms] [ERROR] Failed to load resource: Could not connect to the server. @ http://localhost:4401/dashboard/alerts?limit=6:0
[ 4712360ms] [ERROR] Failed to load resource: Could not connect to the server. @ http://localhost:4401/dashboard/overview:0
[ 4712360ms] [ERROR] Failed to load resource: Could not connect to the server. @ http://localhost:4401/dashboard/alerts?limit=6:0
[ 4712459ms] [ERROR] Failed to load resource: Could not connect to the server. @ http://localhost:4401/api/billing/ai-credits/summary:0
[ 4712662ms] [ERROR] Failed to load resource: Could not connect to the server. @ http://localhost:4401/api/billing/ai-credits/summary:0
[ 4712967ms] [ERROR] Failed to load resource: Could not connect to the server. @ http://localhost:4401/dashboard/overview:0
[ 4712970ms] [ERROR] Failed to load resource: Could not connect to the server. @ http://localhost:4401/dashboard/alerts?limit=6:0
[ 4713267ms] [ERROR] Failed to load resource: Could not connect to the server. @ http://localhost:4401/api/billing/ai-credits/summary:0
[ 4742468ms] [ERROR] Failed to load resource: Could not connect to the server. @ http://localhost:4401/api/billing/ai-credits/summary:0
[ 4742674ms] [ERROR] Failed to load resource: Could not connect to the server. @ http://localhost:4401/api/billing/ai-credits/summary:0
[ 4743278ms] [ERROR] Failed to load resource: Could not connect to the server. @ http://localhost:4401/api/billing/ai-credits/summary:0
[ 4772157ms] [ERROR] Failed to load resource: Could not connect to the server. @ http://localhost:4401/dashboard/overview:0
[ 4772158ms] [ERROR] Failed to load resource: Could not connect to the server. @ http://localhost:4401/dashboard/alerts?limit=6:0
[ 4772361ms] [ERROR] Failed to load resource: Could not connect to the server. @ http://localhost:4401/dashboard/overview:0
[ 4772362ms] [ERROR] Failed to load resource: Could not connect to the server. @ http://localhost:4401/dashboard/alerts?limit=6:0
[ 4772463ms] [ERROR] Failed to load resource: Could not connect to the server. @ http://localhost:4401/api/billing/ai-credits/summary:0
[ 4772667ms] [ERROR] Failed to load resource: Could not connect to the server. @ http://localhost:4401/api/billing/ai-credits/summary:0
[ 4772970ms] [ERROR] Failed to load resource: Could not connect to the server. @ http://localhost:4401/dashboard/overview:0
[ 4772971ms] [ERROR] Failed to load resource: Could not connect to the server. @ http://localhost:4401/dashboard/alerts?limit=6:0
[ 4773273ms] [ERROR] Failed to load resource: Could not connect to the server. @ http://localhost:4401/api/billing/ai-credits/summary:0
[ 4802471ms] [ERROR] Failed to load resource: Could not connect to the server. @ http://localhost:4401/api/billing/ai-credits/summary:0
[ 4802680ms] [ERROR] Failed to load resource: Could not connect to the server. @ http://localhost:4401/api/billing/ai-credits/summary:0
[ 4803284ms] [ERROR] Failed to load resource: Could not connect to the server. @ http://localhost:4401/api/billing/ai-credits/summary:0
[ 4832162ms] [ERROR] Failed to load resource: Could not connect to the server. @ http://localhost:4401/dashboard/overview:0
[ 4832163ms] [ERROR] Failed to load resource: Could not connect to the server. @ http://localhost:4401/dashboard/alerts?limit=6:0
[ 4832366ms] [ERROR] Failed to load resource: Could not connect to the server. @ http://localhost:4401/dashboard/overview:0
[ 4832367ms] [ERROR] Failed to load resource: Could not connect to the server. @ http://localhost:4401/dashboard/alerts?limit=6:0
[ 4832472ms] [ERROR] Failed to load resource: Could not connect to the server. @ http://localhost:4401/api/billing/ai-credits/summary:0
[ 4832676ms] [ERROR] Failed to load resource: Could not connect to the server. @ http://localhost:4401/api/billing/ai-credits/summary:0
[ 4832975ms] [ERROR] Failed to load resource: Could not connect to the server. @ http://localhost:4401/dashboard/overview:0
[ 4832977ms] [ERROR] Failed to load resource: Could not connect to the server. @ http://localhost:4401/dashboard/alerts?limit=6:0
[ 4833282ms] [ERROR] Failed to load resource: Could not connect to the server. @ http://localhost:4401/api/billing/ai-credits/summary:0
[ 4862481ms] [ERROR] Failed to load resource: Could not connect to the server. @ http://localhost:4401/api/billing/ai-credits/summary:0
[ 4862689ms] [ERROR] Failed to load resource: Could not connect to the server. @ http://localhost:4401/api/billing/ai-credits/summary:0
[ 4863293ms] [ERROR] Failed to load resource: Could not connect to the server. @ http://localhost:4401/api/billing/ai-credits/summary:0
[ 4892164ms] [ERROR] Failed to load resource: Could not connect to the server. @ http://localhost:4401/dashboard/overview:0
[ 4892164ms] [ERROR] Failed to load resource: Could not connect to the server. @ http://localhost:4401/dashboard/alerts?limit=6:0
[ 4892372ms] [ERROR] Failed to load resource: Could not connect to the server. @ http://localhost:4401/dashboard/overview:0
[ 4892373ms] [ERROR] Failed to load resource: Could not connect to the server. @ http://localhost:4401/dashboard/alerts?limit=6:0
[ 4892485ms] [ERROR] Failed to load resource: Could not connect to the server. @ http://localhost:4401/api/billing/ai-credits/summary:0
[ 4892692ms] [ERROR] Failed to load resource: Could not connect to the server. @ http://localhost:4401/api/billing/ai-credits/summary:0
[ 4892975ms] [ERROR] Failed to load resource: Could not connect to the server. @ http://localhost:4401/dashboard/overview:0
[ 4892976ms] [ERROR] Failed to load resource: Could not connect to the server. @ http://localhost:4401/dashboard/alerts?limit=6:0
[ 4893296ms] [ERROR] Failed to load resource: Could not connect to the server. @ http://localhost:4401/api/billing/ai-credits/summary:0
[ 4922489ms] [ERROR] Failed to load resource: Could not connect to the server. @ http://localhost:4401/api/billing/ai-credits/summary:0
[ 4922700ms] [ERROR] Failed to load resource: Could not connect to the server. @ http://localhost:4401/api/billing/ai-credits/summary:0
[ 4923303ms] [ERROR] Failed to load resource: Could not connect to the server. @ http://localhost:4401/api/billing/ai-credits/summary:0
[ 4952175ms] [ERROR] Failed to load resource: Could not connect to the server. @ http://localhost:4401/dashboard/overview:0
[ 4952176ms] [ERROR] Failed to load resource: Could not connect to the server. @ http://localhost:4401/dashboard/alerts?limit=6:0
[ 4952381ms] [ERROR] Failed to load resource: Could not connect to the server. @ http://localhost:4401/dashboard/overview:0
[ 4952382ms] [ERROR] Failed to load resource: Could not connect to the server. @ http://localhost:4401/dashboard/alerts?limit=6:0
[ 4952490ms] [ERROR] Failed to load resource: Could not connect to the server. @ http://localhost:4401/api/billing/ai-credits/summary:0
[ 4952694ms] [ERROR] Failed to load resource: Could not connect to the server. @ http://localhost:4401/api/billing/ai-credits/summary:0
[ 4952993ms] [ERROR] Failed to load resource: Could not connect to the server. @ http://localhost:4401/dashboard/overview:0
[ 4952995ms] [ERROR] Failed to load resource: Could not connect to the server. @ http://localhost:4401/dashboard/alerts?limit=6:0
[ 4953304ms] [ERROR] Failed to load resource: Could not connect to the server. @ http://localhost:4401/api/billing/ai-credits/summary:0
[ 4982495ms] [ERROR] Failed to load resource: Could not connect to the server. @ http://localhost:4401/api/billing/ai-credits/summary:0
[ 4982705ms] [ERROR] Failed to load resource: Could not connect to the server. @ http://localhost:4401/api/billing/ai-credits/summary:0
[ 4983314ms] [ERROR] Failed to load resource: Could not connect to the server. @ http://localhost:4401/api/billing/ai-credits/summary:0
[ 5012180ms] [ERROR] Failed to load resource: Could not connect to the server. @ http://localhost:4401/dashboard/overview:0
[ 5012181ms] [ERROR] Failed to load resource: Could not connect to the server. @ http://localhost:4401/dashboard/alerts?limit=6:0
[ 5012386ms] [ERROR] Failed to load resource: Could not connect to the server. @ http://localhost:4401/dashboard/overview:0
[ 5012387ms] [ERROR] Failed to load resource: Could not connect to the server. @ http://localhost:4401/dashboard/alerts?limit=6:0
[ 5012499ms] [ERROR] Failed to load resource: Could not connect to the server. @ http://localhost:4401/api/billing/ai-credits/summary:0
[ 5012703ms] [ERROR] Failed to load resource: Could not connect to the server. @ http://localhost:4401/api/billing/ai-credits/summary:0
[ 5012998ms] [ERROR] Failed to load resource: Could not connect to the server. @ http://localhost:4401/dashboard/overview:0
[ 5012999ms] [ERROR] Failed to load resource: Could not connect to the server. @ http://localhost:4401/dashboard/alerts?limit=6:0
[ 5013314ms] [ERROR] Failed to load resource: Could not connect to the server. @ http://localhost:4401/api/billing/ai-credits/summary:0
[ 5042509ms] [ERROR] Failed to load resource: Could not connect to the server. @ http://localhost:4401/api/billing/ai-credits/summary:0
[ 5042719ms] [ERROR] Failed to load resource: Could not connect to the server. @ http://localhost:4401/api/billing/ai-credits/summary:0
[ 5043322ms] [ERROR] Failed to load resource: Could not connect to the server. @ http://localhost:4401/api/billing/ai-credits/summary:0
[ 5072184ms] [ERROR] Failed to load resource: Could not connect to the server. @ http://localhost:4401/dashboard/overview:0
[ 5072185ms] [ERROR] Failed to load resource: Could not connect to the server. @ http://localhost:4401/dashboard/alerts?limit=6:0
[ 5072389ms] [ERROR] Failed to load resource: Could not connect to the server. @ http://localhost:4401/dashboard/overview:0
[ 5072390ms] [ERROR] Failed to load resource: Could not connect to the server. @ http://localhost:4401/dashboard/alerts?limit=6:0
[ 5072507ms] [ERROR] Failed to load resource: Could not connect to the server. @ http://localhost:4401/api/billing/ai-credits/summary:0
[ 5072712ms] [ERROR] Failed to load resource: Could not connect to the server. @ http://localhost:4401/api/billing/ai-credits/summary:0
[ 5073002ms] [ERROR] Failed to load resource: Could not connect to the server. @ http://localhost:4401/dashboard/overview:0
[ 5073003ms] [ERROR] Failed to load resource: Could not connect to the server. @ http://localhost:4401/dashboard/alerts?limit=6:0
[ 5073323ms] [ERROR] Failed to load resource: Could not connect to the server. @ http://localhost:4401/api/billing/ai-credits/summary:0
[ 5102521ms] [ERROR] Failed to load resource: Could not connect to the server. @ http://localhost:4401/api/billing/ai-credits/summary:0
[ 5102730ms] [ERROR] Failed to load resource: Could not connect to the server. @ http://localhost:4401/api/billing/ai-credits/summary:0
[ 5103332ms] [ERROR] Failed to load resource: Could not connect to the server. @ http://localhost:4401/api/billing/ai-credits/summary:0
[ 5132191ms] [ERROR] Failed to load resource: Could not connect to the server. @ http://localhost:4401/dashboard/overview:0
[ 5132192ms] [ERROR] Failed to load resource: Could not connect to the server. @ http://localhost:4401/dashboard/alerts?limit=6:0
[ 5132397ms] [ERROR] Failed to load resource: Could not connect to the server. @ http://localhost:4401/dashboard/overview:0
[ 5132398ms] [ERROR] Failed to load resource: Could not connect to the server. @ http://localhost:4401/dashboard/alerts?limit=6:0
[ 5132517ms] [ERROR] Failed to load resource: Could not connect to the server. @ http://localhost:4401/api/billing/ai-credits/summary:0
[ 5132720ms] [ERROR] Failed to load resource: Could not connect to the server. @ http://localhost:4401/api/billing/ai-credits/summary:0
[ 5133009ms] [ERROR] Failed to load resource: Could not connect to the server. @ http://localhost:4401/dashboard/overview:0
[ 5133010ms] [ERROR] Failed to load resource: Could not connect to the server. @ http://localhost:4401/dashboard/alerts?limit=6:0
[ 5133331ms] [ERROR] Failed to load resource: Could not connect to the server. @ http://localhost:4401/api/billing/ai-credits/summary:0
[ 5162526ms] [ERROR] Failed to load resource: Could not connect to the server. @ http://localhost:4401/api/billing/ai-credits/summary:0
[ 5162733ms] [ERROR] Failed to load resource: Could not connect to the server. @ http://localhost:4401/api/billing/ai-credits/summary:0
[ 5163337ms] [ERROR] Failed to load resource: Could not connect to the server. @ http://localhost:4401/api/billing/ai-credits/summary:0
[ 5192197ms] [ERROR] Failed to load resource: Could not connect to the server. @ http://localhost:4401/dashboard/overview:0
[ 5192199ms] [ERROR] Failed to load resource: Could not connect to the server. @ http://localhost:4401/dashboard/alerts?limit=6:0
[ 5192403ms] [ERROR] Failed to load resource: Could not connect to the server. @ http://localhost:4401/dashboard/overview:0
[ 5192404ms] [ERROR] Failed to load resource: Could not connect to the server. @ http://localhost:4401/dashboard/alerts?limit=6:0
[ 5192526ms] [ERROR] Failed to load resource: Could not connect to the server. @ http://localhost:4401/api/billing/ai-credits/summary:0
[ 5192730ms] [ERROR] Failed to load resource: Could not connect to the server. @ http://localhost:4401/api/billing/ai-credits/summary:0
[ 5193016ms] [ERROR] Failed to load resource: Could not connect to the server. @ http://localhost:4401/dashboard/overview:0
[ 5193017ms] [ERROR] Failed to load resource: Could not connect to the server. @ http://localhost:4401/dashboard/alerts?limit=6:0
[ 5193342ms] [ERROR] Failed to load resource: Could not connect to the server. @ http://localhost:4401/api/billing/ai-credits/summary:0
[ 5222543ms] [ERROR] Failed to load resource: Could not connect to the server. @ http://localhost:4401/api/billing/ai-credits/summary:0
[ 5222750ms] [ERROR] Failed to load resource: Could not connect to the server. @ http://localhost:4401/api/billing/ai-credits/summary:0
[ 5223354ms] [ERROR] Failed to load resource: Could not connect to the server. @ http://localhost:4401/api/billing/ai-credits/summary:0
[ 5252202ms] [ERROR] Failed to load resource: Could not connect to the server. @ http://localhost:4401/dashboard/overview:0
[ 5252203ms] [ERROR] Failed to load resource: Could not connect to the server. @ http://localhost:4401/dashboard/alerts?limit=6:0
[ 5252408ms] [ERROR] Failed to load resource: Could not connect to the server. @ http://localhost:4401/dashboard/overview:0
[ 5252409ms] [ERROR] Failed to load resource: Could not connect to the server. @ http://localhost:4401/dashboard/alerts?limit=6:0
[ 5252536ms] [ERROR] Failed to load resource: Could not connect to the server. @ http://localhost:4401/api/billing/ai-credits/summary:0
[ 5252740ms] [ERROR] Failed to load resource: Could not connect to the server. @ http://localhost:4401/api/billing/ai-credits/summary:0
[ 5253020ms] [ERROR] Failed to load resource: Could not connect to the server. @ http://localhost:4401/dashboard/overview:0
[ 5253022ms] [ERROR] Failed to load resource: Could not connect to the server. @ http://localhost:4401/dashboard/alerts?limit=6:0
[ 5253351ms] [ERROR] Failed to load resource: Could not connect to the server. @ http://localhost:4401/api/billing/ai-credits/summary:0
[ 5282548ms] [ERROR] Failed to load resource: Could not connect to the server. @ http://localhost:4401/api/billing/ai-credits/summary:0
[ 5282756ms] [ERROR] Failed to load resource: Could not connect to the server. @ http://localhost:4401/api/billing/ai-credits/summary:0
[ 5283361ms] [ERROR] Failed to load resource: Could not connect to the server. @ http://localhost:4401/api/billing/ai-credits/summary:0
[ 5312212ms] [ERROR] Failed to load resource: Could not connect to the server. @ http://localhost:4401/dashboard/overview:0
[ 5312212ms] [ERROR] Failed to load resource: Could not connect to the server. @ http://localhost:4401/dashboard/alerts?limit=6:0
[ 5312418ms] [ERROR] Failed to load resource: Could not connect to the server. @ http://localhost:4401/dashboard/overview:0
[ 5312419ms] [ERROR] Failed to load resource: Could not connect to the server. @ http://localhost:4401/dashboard/alerts?limit=6:0
[ 5312545ms] [ERROR] Failed to load resource: Could not connect to the server. @ http://localhost:4401/api/billing/ai-credits/summary:0
[ 5312749ms] [ERROR] Failed to load resource: Could not connect to the server. @ http://localhost:4401/api/billing/ai-credits/summary:0
[ 5313024ms] [ERROR] Failed to load resource: Could not connect to the server. @ http://localhost:4401/dashboard/overview:0
[ 5313025ms] [ERROR] Failed to load resource: Could not connect to the server. @ http://localhost:4401/dashboard/alerts?limit=6:0
[ 5313360ms] [ERROR] Failed to load resource: Could not connect to the server. @ http://localhost:4401/api/billing/ai-credits/summary:0
[ 5342559ms] [ERROR] Failed to load resource: Could not connect to the server. @ http://localhost:4401/api/billing/ai-credits/summary:0
[ 5342770ms] [ERROR] Failed to load resource: Could not connect to the server. @ http://localhost:4401/api/billing/ai-credits/summary:0
[ 5343373ms] [ERROR] Failed to load resource: Could not connect to the server. @ http://localhost:4401/api/billing/ai-credits/summary:0
[ 5372205ms] [ERROR] Failed to load resource: Could not connect to the server. @ http://localhost:4401/dashboard/overview:0
[ 5372206ms] [ERROR] Failed to load resource: Could not connect to the server. @ http://localhost:4401/dashboard/alerts?limit=6:0
[ 5372409ms] [ERROR] Failed to load resource: Could not connect to the server. @ http://localhost:4401/dashboard/overview:0
[ 5372410ms] [ERROR] Failed to load resource: Could not connect to the server. @ http://localhost:4401/dashboard/alerts?limit=6:0
[ 5372554ms] [ERROR] Failed to load resource: Could not connect to the server. @ http://localhost:4401/api/billing/ai-credits/summary:0
[ 5372758ms] [ERROR] Failed to load resource: Could not connect to the server. @ http://localhost:4401/api/billing/ai-credits/summary:0
[ 5373014ms] [ERROR] Failed to load resource: Could not connect to the server. @ http://localhost:4401/dashboard/overview:0
[ 5373014ms] [ERROR] Failed to load resource: Could not connect to the server. @ http://localhost:4401/dashboard/alerts?limit=6:0
[ 5373361ms] [ERROR] Failed to load resource: Could not connect to the server. @ http://localhost:4401/api/billing/ai-credits/summary:0
[ 5402559ms] [ERROR] Failed to load resource: Could not connect to the server. @ http://localhost:4401/api/billing/ai-credits/summary:0
[ 5402763ms] [ERROR] Failed to load resource: Could not connect to the server. @ http://localhost:4401/api/billing/ai-credits/summary:0
[ 5403367ms] [ERROR] Failed to load resource: Could not connect to the server. @ http://localhost:4401/api/billing/ai-credits/summary:0
[ 5432213ms] [ERROR] Failed to load resource: Could not connect to the server. @ http://localhost:4401/dashboard/overview:0
[ 5432215ms] [ERROR] Failed to load resource: Could not connect to the server. @ http://localhost:4401/dashboard/alerts?limit=6:0
[ 5432427ms] [ERROR] Failed to load resource: Could not connect to the server. @ http://localhost:4401/dashboard/overview:0
[ 5432428ms] [ERROR] Failed to load resource: Could not connect to the server. @ http://localhost:4401/dashboard/alerts?limit=6:0
[ 5432565ms] [ERROR] Failed to load resource: Could not connect to the server. @ http://localhost:4401/api/billing/ai-credits/summary:0
[ 5432768ms] [ERROR] Failed to load resource: Could not connect to the server. @ http://localhost:4401/api/billing/ai-credits/summary:0
[ 5433040ms] [ERROR] Failed to load resource: Could not connect to the server. @ http://localhost:4401/dashboard/overview:0
[ 5433041ms] [ERROR] Failed to load resource: Could not connect to the server. @ http://localhost:4401/dashboard/alerts?limit=6:0
[ 5433377ms] [ERROR] Failed to load resource: Could not connect to the server. @ http://localhost:4401/api/billing/ai-credits/summary:0
[ 5462577ms] [ERROR] Failed to load resource: Could not connect to the server. @ http://localhost:4401/api/billing/ai-credits/summary:0
[ 5462787ms] [ERROR] Failed to load resource: Could not connect to the server. @ http://localhost:4401/api/billing/ai-credits/summary:0
[ 5463393ms] [ERROR] Failed to load resource: Could not connect to the server. @ http://localhost:4401/api/billing/ai-credits/summary:0
[ 5492215ms] [ERROR] Failed to load resource: Could not connect to the server. @ http://localhost:4401/dashboard/overview:0
[ 5492216ms] [ERROR] Failed to load resource: Could not connect to the server. @ http://localhost:4401/dashboard/alerts?limit=6:0
[ 5492421ms] [ERROR] Failed to load resource: Could not connect to the server. @ http://localhost:4401/dashboard/overview:0
[ 5492422ms] [ERROR] Failed to load resource: Could not connect to the server. @ http://localhost:4401/dashboard/alerts?limit=6:0
[ 5492572ms] [ERROR] Failed to load resource: Could not connect to the server. @ http://localhost:4401/api/billing/ai-credits/summary:0
[ 5492777ms] [ERROR] Failed to load resource: Could not connect to the server. @ http://localhost:4401/api/billing/ai-credits/summary:0
[ 5493034ms] [ERROR] Failed to load resource: Could not connect to the server. @ http://localhost:4401/dashboard/overview:0
[ 5493035ms] [ERROR] Failed to load resource: Could not connect to the server. @ http://localhost:4401/dashboard/alerts?limit=6:0
[ 5493388ms] [ERROR] Failed to load resource: Could not connect to the server. @ http://localhost:4401/api/billing/ai-credits/summary:0
[ 5522584ms] [ERROR] Failed to load resource: Could not connect to the server. @ http://localhost:4401/api/billing/ai-credits/summary:0
[ 5522795ms] [ERROR] Failed to load resource: Could not connect to the server. @ http://localhost:4401/api/billing/ai-credits/summary:0
[ 5523399ms] [ERROR] Failed to load resource: Could not connect to the server. @ http://localhost:4401/api/billing/ai-credits/summary:0
[ 5552218ms] [ERROR] Failed to load resource: Could not connect to the server. @ http://localhost:4401/dashboard/overview:0
[ 5552218ms] [ERROR] Failed to load resource: Could not connect to the server. @ http://localhost:4401/dashboard/alerts?limit=6:0
[ 5552422ms] [ERROR] Failed to load resource: Could not connect to the server. @ http://localhost:4401/dashboard/overview:0
[ 5552423ms] [ERROR] Failed to load resource: Could not connect to the server. @ http://localhost:4401/dashboard/alerts?limit=6:0
[ 5552585ms] [ERROR] Failed to load resource: Could not connect to the server. @ http://localhost:4401/api/billing/ai-credits/summary:0
[ 5552796ms] [ERROR] Failed to load resource: Could not connect to the server. @ http://localhost:4401/api/billing/ai-credits/summary:0
[ 5553033ms] [ERROR] Failed to load resource: Could not connect to the server. @ http://localhost:4401/dashboard/overview:0
[ 5553034ms] [ERROR] Failed to load resource: Could not connect to the server. @ http://localhost:4401/dashboard/alerts?limit=6:0
[ 5553399ms] [ERROR] Failed to load resource: Could not connect to the server. @ http://localhost:4401/api/billing/ai-credits/summary:0
[ 5582589ms] [ERROR] Failed to load resource: Could not connect to the server. @ http://localhost:4401/api/billing/ai-credits/summary:0
[ 5582799ms] [ERROR] Failed to load resource: Could not connect to the server. @ http://localhost:4401/api/billing/ai-credits/summary:0
[ 5583402ms] [ERROR] Failed to load resource: Could not connect to the server. @ http://localhost:4401/api/billing/ai-credits/summary:0
[ 5612224ms] [ERROR] Failed to load resource: Could not connect to the server. @ http://localhost:4401/dashboard/overview:0
[ 5612225ms] [ERROR] Failed to load resource: Could not connect to the server. @ http://localhost:4401/dashboard/alerts?limit=6:0
[ 5612434ms] [ERROR] Failed to load resource: Could not connect to the server. @ http://localhost:4401/dashboard/overview:0
[ 5612436ms] [ERROR] Failed to load resource: Could not connect to the server. @ http://localhost:4401/dashboard/alerts?limit=6:0
[ 5612596ms] [ERROR] Failed to load resource: Could not connect to the server. @ http://localhost:4401/api/billing/ai-credits/summary:0
[ 5612806ms] [ERROR] Failed to load resource: Could not connect to the server. @ http://localhost:4401/api/billing/ai-credits/summary:0
[ 5613047ms] [ERROR] Failed to load resource: Could not connect to the server. @ http://localhost:4401/dashboard/overview:0
[ 5613048ms] [ERROR] Failed to load resource: Could not connect to the server. @ http://localhost:4401/dashboard/alerts?limit=6:0
[ 5613410ms] [ERROR] Failed to load resource: Could not connect to the server. @ http://localhost:4401/api/billing/ai-credits/summary:0
[ 5642603ms] [ERROR] Failed to load resource: Could not connect to the server. @ http://localhost:4401/api/billing/ai-credits/summary:0
[ 5642813ms] [ERROR] Failed to load resource: Could not connect to the server. @ http://localhost:4401/api/billing/ai-credits/summary:0
[ 5643416ms] [ERROR] Failed to load resource: Could not connect to the server. @ http://localhost:4401/api/billing/ai-credits/summary:0
[ 5672236ms] [ERROR] Failed to load resource: Could not connect to the server. @ http://localhost:4401/dashboard/overview:0
[ 5672237ms] [ERROR] Failed to load resource: Could not connect to the server. @ http://localhost:4401/dashboard/alerts?limit=6:0
[ 5672441ms] [ERROR] Failed to load resource: Could not connect to the server. @ http://localhost:4401/dashboard/overview:0
[ 5672441ms] [ERROR] Failed to load resource: Could not connect to the server. @ http://localhost:4401/dashboard/alerts?limit=6:0
[ 5672598ms] [ERROR] Failed to load resource: Could not connect to the server. @ http://localhost:4401/api/billing/ai-credits/summary:0
[ 5672803ms] [ERROR] Failed to load resource: Could not connect to the server. @ http://localhost:4401/api/billing/ai-credits/summary:0
[ 5673053ms] [ERROR] Failed to load resource: Could not connect to the server. @ http://localhost:4401/dashboard/overview:0
[ 5673054ms] [ERROR] Failed to load resource: Could not connect to the server. @ http://localhost:4401/dashboard/alerts?limit=6:0
[ 5673413ms] [ERROR] Failed to load resource: Could not connect to the server. @ http://localhost:4401/api/billing/ai-credits/summary:0
[ 5702612ms] [ERROR] Failed to load resource: Could not connect to the server. @ http://localhost:4401/api/billing/ai-credits/summary:0
[ 5702825ms] [ERROR] Failed to load resource: Could not connect to the server. @ http://localhost:4401/api/billing/ai-credits/summary:0
[ 5703429ms] [ERROR] Failed to load resource: Could not connect to the server. @ http://localhost:4401/api/billing/ai-credits/summary:0
[ 5732231ms] [ERROR] Failed to load resource: Could not connect to the server. @ http://localhost:4401/dashboard/overview:0
[ 5732232ms] [ERROR] Failed to load resource: Could not connect to the server. @ http://localhost:4401/dashboard/alerts?limit=6:0
[ 5732435ms] [ERROR] Failed to load resource: Could not connect to the server. @ http://localhost:4401/dashboard/overview:0
[ 5732436ms] [ERROR] Failed to load resource: Could not connect to the server. @ http://localhost:4401/dashboard/alerts?limit=6:0
[ 5732606ms] [ERROR] Failed to load resource: Could not connect to the server. @ http://localhost:4401/api/billing/ai-credits/summary:0
[ 5732810ms] [ERROR] Failed to load resource: Could not connect to the server. @ http://localhost:4401/api/billing/ai-credits/summary:0
[ 5733039ms] [ERROR] Failed to load resource: Could not connect to the server. @ http://localhost:4401/dashboard/overview:0
[ 5733039ms] [ERROR] Failed to load resource: Could not connect to the server. @ http://localhost:4401/dashboard/alerts?limit=6:0
[ 5733413ms] [ERROR] Failed to load resource: Could not connect to the server. @ http://localhost:4401/api/billing/ai-credits/summary:0
[ 5762621ms] [ERROR] Failed to load resource: Could not connect to the server. @ http://localhost:4401/api/billing/ai-credits/summary:0
[ 5762830ms] [ERROR] Failed to load resource: Could not connect to the server. @ http://localhost:4401/api/billing/ai-credits/summary:0
[ 5763434ms] [ERROR] Failed to load resource: Could not connect to the server. @ http://localhost:4401/api/billing/ai-credits/summary:0
[ 5792242ms] [ERROR] Failed to load resource: Could not connect to the server. @ http://localhost:4401/dashboard/overview:0
[ 5792243ms] [ERROR] Failed to load resource: Could not connect to the server. @ http://localhost:4401/dashboard/alerts?limit=6:0
[ 5792448ms] [ERROR] Failed to load resource: Could not connect to the server. @ http://localhost:4401/dashboard/overview:0
[ 5792449ms] [ERROR] Failed to load resource: Could not connect to the server. @ http://localhost:4401/dashboard/alerts?limit=6:0
[ 5792616ms] [ERROR] Failed to load resource: Could not connect to the server. @ http://localhost:4401/api/billing/ai-credits/summary:0
[ 5792821ms] [ERROR] Failed to load resource: Could not connect to the server. @ http://localhost:4401/api/billing/ai-credits/summary:0
[ 5793059ms] [ERROR] Failed to load resource: Could not connect to the server. @ http://localhost:4401/dashboard/overview:0
[ 5793060ms] [ERROR] Failed to load resource: Could not connect to the server. @ http://localhost:4401/dashboard/alerts?limit=6:0
[ 5793431ms] [ERROR] Failed to load resource: Could not connect to the server. @ http://localhost:4401/api/billing/ai-credits/summary:0
[ 5822629ms] [ERROR] Failed to load resource: Could not connect to the server. @ http://localhost:4401/api/billing/ai-credits/summary:0
[ 5822841ms] [ERROR] Failed to load resource: Could not connect to the server. @ http://localhost:4401/api/billing/ai-credits/summary:0
[ 5823445ms] [ERROR] Failed to load resource: Could not connect to the server. @ http://localhost:4401/api/billing/ai-credits/summary:0
[ 5852246ms] [ERROR] Failed to load resource: Could not connect to the server. @ http://localhost:4401/dashboard/overview:0
[ 5852247ms] [ERROR] Failed to load resource: Could not connect to the server. @ http://localhost:4401/dashboard/alerts?limit=6:0
[ 5852452ms] [ERROR] Failed to load resource: Could not connect to the server. @ http://localhost:4401/dashboard/overview:0
[ 5852453ms] [ERROR] Failed to load resource: Could not connect to the server. @ http://localhost:4401/dashboard/alerts?limit=6:0
[ 5852626ms] [ERROR] Failed to load resource: Could not connect to the server. @ http://localhost:4401/api/billing/ai-credits/summary:0
[ 5852831ms] [ERROR] Failed to load resource: Could not connect to the server. @ http://localhost:4401/api/billing/ai-credits/summary:0
[ 5853064ms] [ERROR] Failed to load resource: Could not connect to the server. @ http://localhost:4401/dashboard/overview:0
[ 5853065ms] [ERROR] Failed to load resource: Could not connect to the server. @ http://localhost:4401/dashboard/alerts?limit=6:0
[ 5853441ms] [ERROR] Failed to load resource: Could not connect to the server. @ http://localhost:4401/api/billing/ai-credits/summary:0
[ 5882637ms] [ERROR] Failed to load resource: Could not connect to the server. @ http://localhost:4401/api/billing/ai-credits/summary:0
[ 5882848ms] [ERROR] Failed to load resource: Could not connect to the server. @ http://localhost:4401/api/billing/ai-credits/summary:0
[ 5883453ms] [ERROR] Failed to load resource: Could not connect to the server. @ http://localhost:4401/api/billing/ai-credits/summary:0
[ 5912248ms] [ERROR] Failed to load resource: Could not connect to the server. @ http://localhost:4401/dashboard/overview:0
[ 5912249ms] [ERROR] Failed to load resource: Could not connect to the server. @ http://localhost:4401/dashboard/alerts?limit=6:0
[ 5912459ms] [ERROR] Failed to load resource: Could not connect to the server. @ http://localhost:4401/dashboard/overview:0
[ 5912460ms] [ERROR] Failed to load resource: Could not connect to the server. @ http://localhost:4401/dashboard/alerts?limit=6:0
[ 5912645ms] [ERROR] Failed to load resource: Could not connect to the server. @ http://localhost:4401/api/billing/ai-credits/summary:0
[ 5912856ms] [ERROR] Failed to load resource: Could not connect to the server. @ http://localhost:4401/api/billing/ai-credits/summary:0
[ 5913072ms] [ERROR] Failed to load resource: Could not connect to the server. @ http://localhost:4401/dashboard/overview:0
[ 5913073ms] [ERROR] Failed to load resource: Could not connect to the server. @ http://localhost:4401/dashboard/alerts?limit=6:0
[ 5913461ms] [ERROR] Failed to load resource: Could not connect to the server. @ http://localhost:4401/api/billing/ai-credits/summary:0
[ 5942646ms] [ERROR] Failed to load resource: Could not connect to the server. @ http://localhost:4401/api/billing/ai-credits/summary:0
[ 5942855ms] [ERROR] Failed to load resource: Could not connect to the server. @ http://localhost:4401/api/billing/ai-credits/summary:0
[ 5943460ms] [ERROR] Failed to load resource: Could not connect to the server. @ http://localhost:4401/api/billing/ai-credits/summary:0
[ 5972262ms] [ERROR] Failed to load resource: Could not connect to the server. @ http://localhost:4401/dashboard/overview:0
[ 5972263ms] [ERROR] Failed to load resource: Could not connect to the server. @ http://localhost:4401/dashboard/alerts?limit=6:0
[ 5972473ms] [ERROR] Failed to load resource: Could not connect to the server. @ http://localhost:4401/dashboard/overview:0
[ 5972474ms] [ERROR] Failed to load resource: Could not connect to the server. @ http://localhost:4401/dashboard/alerts?limit=6:0
[ 5972645ms] [ERROR] Failed to load resource: Could not connect to the server. @ http://localhost:4401/api/billing/ai-credits/summary:0
[ 5972850ms] [ERROR] Failed to load resource: Could not connect to the server. @ http://localhost:4401/api/billing/ai-credits/summary:0
[ 5973086ms] [ERROR] Failed to load resource: Could not connect to the server. @ http://localhost:4401/dashboard/overview:0
[ 5973087ms] [ERROR] Failed to load resource: Could not connect to the server. @ http://localhost:4401/dashboard/alerts?limit=6:0
[ 5973461ms] [ERROR] Failed to load resource: Could not connect to the server. @ http://localhost:4401/api/billing/ai-credits/summary:0
[ 6002655ms] [ERROR] Failed to load resource: Could not connect to the server. @ http://localhost:4401/api/billing/ai-credits/summary:0
[ 6002866ms] [ERROR] Failed to load resource: Could not connect to the server. @ http://localhost:4401/api/billing/ai-credits/summary:0
[ 6003472ms] [ERROR] Failed to load resource: Could not connect to the server. @ http://localhost:4401/api/billing/ai-credits/summary:0
[ 6032257ms] [ERROR] Failed to load resource: Could not connect to the server. @ http://localhost:4401/dashboard/overview:0
[ 6032258ms] [ERROR] Failed to load resource: Could not connect to the server. @ http://localhost:4401/dashboard/alerts?limit=6:0
[ 6032461ms] [ERROR] Failed to load resource: Could not connect to the server. @ http://localhost:4401/dashboard/overview:0
[ 6032461ms] [ERROR] Failed to load resource: Could not connect to the server. @ http://localhost:4401/dashboard/alerts?limit=6:0
[ 6032651ms] [ERROR] Failed to load resource: Could not connect to the server. @ http://localhost:4401/api/billing/ai-credits/summary:0
[ 6032856ms] [ERROR] Failed to load resource: Could not connect to the server. @ http://localhost:4401/api/billing/ai-credits/summary:0
[ 6033066ms] [ERROR] Failed to load resource: Could not connect to the server. @ http://localhost:4401/dashboard/overview:0
[ 6033067ms] [ERROR] Failed to load resource: Could not connect to the server. @ http://localhost:4401/dashboard/alerts?limit=6:0
[ 6033461ms] [ERROR] Failed to load resource: Could not connect to the server. @ http://localhost:4401/api/billing/ai-credits/summary:0
[ 6062667ms] [ERROR] Failed to load resource: Could not connect to the server. @ http://localhost:4401/api/billing/ai-credits/summary:0
[ 6062876ms] [ERROR] Failed to load resource: Could not connect to the server. @ http://localhost:4401/api/billing/ai-credits/summary:0
[ 6063480ms] [ERROR] Failed to load resource: Could not connect to the server. @ http://localhost:4401/api/billing/ai-credits/summary:0
[ 6092271ms] [ERROR] Failed to load resource: Could not connect to the server. @ http://localhost:4401/dashboard/overview:0
[ 6092272ms] [ERROR] Failed to load resource: Could not connect to the server. @ http://localhost:4401/dashboard/alerts?limit=6:0
[ 6092482ms] [ERROR] Failed to load resource: Could not connect to the server. @ http://localhost:4401/dashboard/overview:0
[ 6092484ms] [ERROR] Failed to load resource: Could not connect to the server. @ http://localhost:4401/dashboard/alerts?limit=6:0
[ 6092662ms] [ERROR] Failed to load resource: Could not connect to the server. @ http://localhost:4401/api/billing/ai-credits/summary:0
[ 6092866ms] [ERROR] Failed to load resource: Could not connect to the server. @ http://localhost:4401/api/billing/ai-credits/summary:0
[ 6093095ms] [ERROR] Failed to load resource: Could not connect to the server. @ http://localhost:4401/dashboard/overview:0
[ 6093096ms] [ERROR] Failed to load resource: Could not connect to the server. @ http://localhost:4401/dashboard/alerts?limit=6:0
[ 6093470ms] [ERROR] Failed to load resource: Could not connect to the server. @ http://localhost:4401/api/billing/ai-credits/summary:0
[ 6122673ms] [ERROR] Failed to load resource: Could not connect to the server. @ http://localhost:4401/api/billing/ai-credits/summary:0
[ 6122878ms] [ERROR] Failed to load resource: Could not connect to the server. @ http://localhost:4401/api/billing/ai-credits/summary:0
[ 6123483ms] [ERROR] Failed to load resource: Could not connect to the server. @ http://localhost:4401/api/billing/ai-credits/summary:0
[ 6152276ms] [ERROR] Failed to load resource: Could not connect to the server. @ http://localhost:4401/dashboard/overview:0
[ 6152277ms] [ERROR] Failed to load resource: Could not connect to the server. @ http://localhost:4401/dashboard/alerts?limit=6:0
[ 6152492ms] [ERROR] Failed to load resource: Could not connect to the server. @ http://localhost:4401/dashboard/overview:0
[ 6152494ms] [ERROR] Failed to load resource: Could not connect to the server. @ http://localhost:4401/dashboard/alerts?limit=6:0
[ 6152671ms] [ERROR] Failed to load resource: Could not connect to the server. @ http://localhost:4401/api/billing/ai-credits/summary:0
[ 6152874ms] [ERROR] Failed to load resource: Could not connect to the server. @ http://localhost:4401/api/billing/ai-credits/summary:0
[ 6153113ms] [ERROR] Failed to load resource: Could not connect to the server. @ http://localhost:4401/dashboard/overview:0
[ 6153114ms] [ERROR] Failed to load resource: Could not connect to the server. @ http://localhost:4401/dashboard/alerts?limit=6:0
[ 6153490ms] [ERROR] Failed to load resource: Could not connect to the server. @ http://localhost:4401/api/billing/ai-credits/summary:0
[ 6182685ms] [ERROR] Failed to load resource: Could not connect to the server. @ http://localhost:4401/api/billing/ai-credits/summary:0
[ 6182895ms] [ERROR] Failed to load resource: Could not connect to the server. @ http://localhost:4401/api/billing/ai-credits/summary:0
[ 6183499ms] [ERROR] Failed to load resource: Could not connect to the server. @ http://localhost:4401/api/billing/ai-credits/summary:0
[ 6212280ms] [ERROR] Failed to load resource: Could not connect to the server. @ http://localhost:4401/dashboard/overview:0
[ 6212281ms] [ERROR] Failed to load resource: Could not connect to the server. @ http://localhost:4401/dashboard/alerts?limit=6:0
[ 6212493ms] [ERROR] Failed to load resource: Could not connect to the server. @ http://localhost:4401/dashboard/overview:0
[ 6212494ms] [ERROR] Failed to load resource: Could not connect to the server. @ http://localhost:4401/dashboard/alerts?limit=6:0
[ 6212679ms] [ERROR] Failed to load resource: Could not connect to the server. @ http://localhost:4401/api/billing/ai-credits/summary:0
[ 6212884ms] [ERROR] Failed to load resource: Could not connect to the server. @ http://localhost:4401/api/billing/ai-credits/summary:0
[ 6213103ms] [ERROR] Failed to load resource: Could not connect to the server. @ http://localhost:4401/dashboard/overview:0
[ 6213104ms] [ERROR] Failed to load resource: Could not connect to the server. @ http://localhost:4401/dashboard/alerts?limit=6:0
[ 6213494ms] [ERROR] Failed to load resource: Could not connect to the server. @ http://localhost:4401/api/billing/ai-credits/summary:0
[ 6242692ms] [ERROR] Failed to load resource: Could not connect to the server. @ http://localhost:4401/api/billing/ai-credits/summary:0
[ 6242903ms] [ERROR] Failed to load resource: Could not connect to the server. @ http://localhost:4401/api/billing/ai-credits/summary:0
[ 6243507ms] [ERROR] Failed to load resource: Could not connect to the server. @ http://localhost:4401/api/billing/ai-credits/summary:0
[ 6272286ms] [ERROR] Failed to load resource: Could not connect to the server. @ http://localhost:4401/dashboard/overview:0
[ 6272287ms] [ERROR] Failed to load resource: Could not connect to the server. @ http://localhost:4401/dashboard/alerts?limit=6:0
[ 6272497ms] [ERROR] Failed to load resource: Could not connect to the server. @ http://localhost:4401/dashboard/overview:0
[ 6272498ms] [ERROR] Failed to load resource: Could not connect to the server. @ http://localhost:4401/dashboard/alerts?limit=6:0
[ 6272688ms] [ERROR] Failed to load resource: Could not connect to the server. @ http://localhost:4401/api/billing/ai-credits/summary:0
[ 6272891ms] [ERROR] Failed to load resource: Could not connect to the server. @ http://localhost:4401/api/billing/ai-credits/summary:0
[ 6273111ms] [ERROR] Failed to load resource: Could not connect to the server. @ http://localhost:4401/dashboard/overview:0
[ 6273112ms] [ERROR] Failed to load resource: Could not connect to the server. @ http://localhost:4401/dashboard/alerts?limit=6:0
[ 6273502ms] [ERROR] Failed to load resource: Could not connect to the server. @ http://localhost:4401/api/billing/ai-credits/summary:0
[ 6302701ms] [ERROR] Failed to load resource: Could not connect to the server. @ http://localhost:4401/api/billing/ai-credits/summary:0
[ 6302911ms] [ERROR] Failed to load resource: Could not connect to the server. @ http://localhost:4401/api/billing/ai-credits/summary:0
[ 6303514ms] [ERROR] Failed to load resource: Could not connect to the server. @ http://localhost:4401/api/billing/ai-credits/summary:0
[ 6332291ms] [ERROR] Failed to load resource: Could not connect to the server. @ http://localhost:4401/dashboard/overview:0
[ 6332292ms] [ERROR] Failed to load resource: Could not connect to the server. @ http://localhost:4401/dashboard/alerts?limit=6:0
[ 6332503ms] [ERROR] Failed to load resource: Could not connect to the server. @ http://localhost:4401/dashboard/overview:0
[ 6332505ms] [ERROR] Failed to load resource: Could not connect to the server. @ http://localhost:4401/dashboard/alerts?limit=6:0
[ 6332697ms] [ERROR] Failed to load resource: Could not connect to the server. @ http://localhost:4401/api/billing/ai-credits/summary:0
[ 6332901ms] [ERROR] Failed to load resource: Could not connect to the server. @ http://localhost:4401/api/billing/ai-credits/summary:0
[ 6333115ms] [ERROR] Failed to load resource: Could not connect to the server. @ http://localhost:4401/dashboard/overview:0
[ 6333116ms] [ERROR] Failed to load resource: Could not connect to the server. @ http://localhost:4401/dashboard/alerts?limit=6:0
[ 6333511ms] [ERROR] Failed to load resource: Could not connect to the server. @ http://localhost:4401/api/billing/ai-credits/summary:0
[ 6362709ms] [ERROR] Failed to load resource: Could not connect to the server. @ http://localhost:4401/api/billing/ai-credits/summary:0
[ 6362919ms] [ERROR] Failed to load resource: Could not connect to the server. @ http://localhost:4401/api/billing/ai-credits/summary:0
[ 6363530ms] [ERROR] Failed to load resource: Could not connect to the server. @ http://localhost:4401/api/billing/ai-credits/summary:0
[ 6392293ms] [ERROR] Failed to load resource: Could not connect to the server. @ http://localhost:4401/dashboard/overview:0
[ 6392294ms] [ERROR] Failed to load resource: Could not connect to the server. @ http://localhost:4401/dashboard/alerts?limit=6:0
[ 6392504ms] [ERROR] Failed to load resource: Could not connect to the server. @ http://localhost:4401/dashboard/overview:0
[ 6392505ms] [ERROR] Failed to load resource: Could not connect to the server. @ http://localhost:4401/dashboard/alerts?limit=6:0
[ 6392707ms] [ERROR] Failed to load resource: Could not connect to the server. @ http://localhost:4401/api/billing/ai-credits/summary:0
[ 6392911ms] [ERROR] Failed to load resource: Could not connect to the server. @ http://localhost:4401/api/billing/ai-credits/summary:0
[ 6393118ms] [ERROR] Failed to load resource: Could not connect to the server. @ http://localhost:4401/dashboard/overview:0
[ 6393119ms] [ERROR] Failed to load resource: Could not connect to the server. @ http://localhost:4401/dashboard/alerts?limit=6:0
[ 6393521ms] [ERROR] Failed to load resource: Could not connect to the server. @ http://localhost:4401/api/billing/ai-credits/summary:0
[ 6422721ms] [ERROR] Failed to load resource: Could not connect to the server. @ http://localhost:4401/api/billing/ai-credits/summary:0
[ 6422933ms] [ERROR] Failed to load resource: Could not connect to the server. @ http://localhost:4401/api/billing/ai-credits/summary:0
[ 6423536ms] [ERROR] Failed to load resource: Could not connect to the server. @ http://localhost:4401/api/billing/ai-credits/summary:0
[ 6452301ms] [ERROR] Failed to load resource: Could not connect to the server. @ http://localhost:4401/dashboard/overview:0
[ 6452303ms] [ERROR] Failed to load resource: Could not connect to the server. @ http://localhost:4401/dashboard/alerts?limit=6:0
[ 6452514ms] [ERROR] Failed to load resource: Could not connect to the server. @ http://localhost:4401/dashboard/overview:0
[ 6452515ms] [ERROR] Failed to load resource: Could not connect to the server. @ http://localhost:4401/dashboard/alerts?limit=6:0
[ 6452718ms] [ERROR] Failed to load resource: Could not connect to the server. @ http://localhost:4401/api/billing/ai-credits/summary:0
[ 6452922ms] [ERROR] Failed to load resource: Could not connect to the server. @ http://localhost:4401/api/billing/ai-credits/summary:0
[ 6453126ms] [ERROR] Failed to load resource: Could not connect to the server. @ http://localhost:4401/dashboard/overview:0
[ 6453128ms] [ERROR] Failed to load resource: Could not connect to the server. @ http://localhost:4401/dashboard/alerts?limit=6:0
[ 6453532ms] [ERROR] Failed to load resource: Could not connect to the server. @ http://localhost:4401/api/billing/ai-credits/summary:0
[ 6482728ms] [ERROR] Failed to load resource: Could not connect to the server. @ http://localhost:4401/api/billing/ai-credits/summary:0
[ 6482937ms] [ERROR] Failed to load resource: Could not connect to the server. @ http://localhost:4401/api/billing/ai-credits/summary:0
[ 6483541ms] [ERROR] Failed to load resource: Could not connect to the server. @ http://localhost:4401/api/billing/ai-credits/summary:0
[ 6512305ms] [ERROR] Failed to load resource: Could not connect to the server. @ http://localhost:4401/dashboard/overview:0
[ 6512306ms] [ERROR] Failed to load resource: Could not connect to the server. @ http://localhost:4401/dashboard/alerts?limit=6:0
[ 6512518ms] [ERROR] Failed to load resource: Could not connect to the server. @ http://localhost:4401/dashboard/overview:0
[ 6512519ms] [ERROR] Failed to load resource: Could not connect to the server. @ http://localhost:4401/dashboard/alerts?limit=6:0
[ 6512724ms] [ERROR] Failed to load resource: Could not connect to the server. @ http://localhost:4401/api/billing/ai-credits/summary:0
[ 6512929ms] [ERROR] Failed to load resource: Could not connect to the server. @ http://localhost:4401/api/billing/ai-credits/summary:0
[ 6513128ms] [ERROR] Failed to load resource: Could not connect to the server. @ http://localhost:4401/dashboard/overview:0
[ 6513130ms] [ERROR] Failed to load resource: Could not connect to the server. @ http://localhost:4401/dashboard/alerts?limit=6:0
[ 6513540ms] [ERROR] Failed to load resource: Could not connect to the server. @ http://localhost:4401/api/billing/ai-credits/summary:0
[ 6542733ms] [ERROR] Failed to load resource: Could not connect to the server. @ http://localhost:4401/api/billing/ai-credits/summary:0
[ 6542938ms] [ERROR] Failed to load resource: Could not connect to the server. @ http://localhost:4401/api/billing/ai-credits/summary:0
[ 6543548ms] [ERROR] Failed to load resource: Could not connect to the server. @ http://localhost:4401/api/billing/ai-credits/summary:0
[ 6572310ms] [ERROR] Failed to load resource: Could not connect to the server. @ http://localhost:4401/dashboard/overview:0
[ 6572311ms] [ERROR] Failed to load resource: Could not connect to the server. @ http://localhost:4401/dashboard/alerts?limit=6:0
[ 6572517ms] [ERROR] Failed to load resource: Could not connect to the server. @ http://localhost:4401/dashboard/overview:0
[ 6572519ms] [ERROR] Failed to load resource: Could not connect to the server. @ http://localhost:4401/dashboard/alerts?limit=6:0
[ 6572733ms] [ERROR] Failed to load resource: Could not connect to the server. @ http://localhost:4401/api/billing/ai-credits/summary:0
[ 6572939ms] [ERROR] Failed to load resource: Could not connect to the server. @ http://localhost:4401/api/billing/ai-credits/summary:0
[ 6573132ms] [ERROR] Failed to load resource: Could not connect to the server. @ http://localhost:4401/dashboard/overview:0
[ 6573133ms] [ERROR] Failed to load resource: Could not connect to the server. @ http://localhost:4401/dashboard/alerts?limit=6:0
[ 6573551ms] [ERROR] Failed to load resource: Could not connect to the server. @ http://localhost:4401/api/billing/ai-credits/summary:0
[ 6602748ms] [ERROR] Failed to load resource: Could not connect to the server. @ http://localhost:4401/api/billing/ai-credits/summary:0
[ 6602959ms] [ERROR] Failed to load resource: Could not connect to the server. @ http://localhost:4401/api/billing/ai-credits/summary:0
[ 6603562ms] [ERROR] Failed to load resource: Could not connect to the server. @ http://localhost:4401/api/billing/ai-credits/summary:0
[ 6632297ms] [ERROR] Failed to load resource: Could not connect to the server. @ http://localhost:4401/dashboard/overview:0
[ 6632299ms] [ERROR] Failed to load resource: Could not connect to the server. @ http://localhost:4401/dashboard/alerts?limit=6:0
[ 6632509ms] [ERROR] Failed to load resource: Could not connect to the server. @ http://localhost:4401/dashboard/overview:0
[ 6632510ms] [ERROR] Failed to load resource: Could not connect to the server. @ http://localhost:4401/dashboard/alerts?limit=6:0
[ 6632727ms] [ERROR] Failed to load resource: Could not connect to the server. @ http://localhost:4401/api/billing/ai-credits/summary:0
[ 6632931ms] [ERROR] Failed to load resource: Could not connect to the server. @ http://localhost:4401/api/billing/ai-credits/summary:0
[ 6633122ms] [ERROR] Failed to load resource: Could not connect to the server. @ http://localhost:4401/dashboard/overview:0
[ 6633123ms] [ERROR] Failed to load resource: Could not connect to the server. @ http://localhost:4401/dashboard/alerts?limit=6:0
[ 6633541ms] [ERROR] Failed to load resource: Could not connect to the server. @ http://localhost:4401/api/billing/ai-credits/summary:0
[ 6662736ms] [ERROR] Failed to load resource: Could not connect to the server. @ http://localhost:4401/api/billing/ai-credits/summary:0
[ 6662947ms] [ERROR] Failed to load resource: Could not connect to the server. @ http://localhost:4401/api/billing/ai-credits/summary:0
[ 6663552ms] [ERROR] Failed to load resource: Could not connect to the server. @ http://localhost:4401/api/billing/ai-credits/summary:0
[ 6692299ms] [ERROR] Failed to load resource: Could not connect to the server. @ http://localhost:4401/dashboard/overview:0
[ 6692300ms] [ERROR] Failed to load resource: Could not connect to the server. @ http://localhost:4401/dashboard/alerts?limit=6:0
[ 6692511ms] [ERROR] Failed to load resource: Could not connect to the server. @ http://localhost:4401/dashboard/overview:0
[ 6692512ms] [ERROR] Failed to load resource: Could not connect to the server. @ http://localhost:4401/dashboard/alerts?limit=6:0
[ 6692731ms] [ERROR] Failed to load resource: Could not connect to the server. @ http://localhost:4401/api/billing/ai-credits/summary:0
[ 6692936ms] [ERROR] Failed to load resource: Could not connect to the server. @ http://localhost:4401/api/billing/ai-credits/summary:0
[ 6693118ms] [ERROR] Failed to load resource: Could not connect to the server. @ http://localhost:4401/dashboard/overview:0
[ 6693119ms] [ERROR] Failed to load resource: Could not connect to the server. @ http://localhost:4401/dashboard/alerts?limit=6:0
[ 6693547ms] [ERROR] Failed to load resource: Could not connect to the server. @ http://localhost:4401/api/billing/ai-credits/summary:0
[ 6722743ms] [ERROR] Failed to load resource: Could not connect to the server. @ http://localhost:4401/api/billing/ai-credits/summary:0
[ 6722950ms] [ERROR] Failed to load resource: Could not connect to the server. @ http://localhost:4401/api/billing/ai-credits/summary:0
[ 6723554ms] [ERROR] Failed to load resource: Could not connect to the server. @ http://localhost:4401/api/billing/ai-credits/summary:0
[ 6752303ms] [ERROR] Failed to load resource: Could not connect to the server. @ http://localhost:4401/dashboard/overview:0
[ 6752304ms] [ERROR] Failed to load resource: Could not connect to the server. @ http://localhost:4401/dashboard/alerts?limit=6:0
[ 6752518ms] [ERROR] Failed to load resource: Could not connect to the server. @ http://localhost:4401/dashboard/overview:0
[ 6752519ms] [ERROR] Failed to load resource: Could not connect to the server. @ http://localhost:4401/dashboard/alerts?limit=6:0
[ 6752738ms] [ERROR] Failed to load resource: Could not connect to the server. @ http://localhost:4401/api/billing/ai-credits/summary:0
[ 6752942ms] [ERROR] Failed to load resource: Could not connect to the server. @ http://localhost:4401/api/billing/ai-credits/summary:0
[ 6753130ms] [ERROR] Failed to load resource: Could not connect to the server. @ http://localhost:4401/dashboard/overview:0
[ 6753131ms] [ERROR] Failed to load resource: Could not connect to the server. @ http://localhost:4401/dashboard/alerts?limit=6:0
[ 6753552ms] [ERROR] Failed to load resource: Could not connect to the server. @ http://localhost:4401/api/billing/ai-credits/summary:0
[ 6782752ms] [ERROR] Failed to load resource: Could not connect to the server. @ http://localhost:4401/api/billing/ai-credits/summary:0
[ 6782962ms] [ERROR] Failed to load resource: Could not connect to the server. @ http://localhost:4401/api/billing/ai-credits/summary:0
[ 6783567ms] [ERROR] Failed to load resource: Could not connect to the server. @ http://localhost:4401/api/billing/ai-credits/summary:0
[ 6812309ms] [ERROR] Failed to load resource: Could not connect to the server. @ http://localhost:4401/dashboard/overview:0
[ 6812310ms] [ERROR] Failed to load resource: Could not connect to the server. @ http://localhost:4401/dashboard/alerts?limit=6:0
[ 6812521ms] [ERROR] Failed to load resource: Could not connect to the server. @ http://localhost:4401/dashboard/overview:0
[ 6812522ms] [ERROR] Failed to load resource: Could not connect to the server. @ http://localhost:4401/dashboard/alerts?limit=6:0
[ 6812747ms] [ERROR] Failed to load resource: Could not connect to the server. @ http://localhost:4401/api/billing/ai-credits/summary:0
[ 6812951ms] [ERROR] Failed to load resource: Could not connect to the server. @ http://localhost:4401/api/billing/ai-credits/summary:0
[ 6813131ms] [ERROR] Failed to load resource: Could not connect to the server. @ http://localhost:4401/dashboard/overview:0
[ 6813132ms] [ERROR] Failed to load resource: Could not connect to the server. @ http://localhost:4401/dashboard/alerts?limit=6:0
[ 6813563ms] [ERROR] Failed to load resource: Could not connect to the server. @ http://localhost:4401/api/billing/ai-credits/summary:0
[ 6842751ms] [ERROR] Failed to load resource: Could not connect to the server. @ http://localhost:4401/api/billing/ai-credits/summary:0
[ 6842956ms] [ERROR] Failed to load resource: Could not connect to the server. @ http://localhost:4401/api/billing/ai-credits/summary:0
[ 6843561ms] [ERROR] Failed to load resource: Could not connect to the server. @ http://localhost:4401/api/billing/ai-credits/summary:0
[ 6872314ms] [ERROR] Failed to load resource: Could not connect to the server. @ http://localhost:4401/dashboard/overview:0
[ 6872315ms] [ERROR] Failed to load resource: Could not connect to the server. @ http://localhost:4401/dashboard/alerts?limit=6:0
[ 6872528ms] [ERROR] Failed to load resource: Could not connect to the server. @ http://localhost:4401/dashboard/overview:0
[ 6872529ms] [ERROR] Failed to load resource: Could not connect to the server. @ http://localhost:4401/dashboard/alerts?limit=6:0
[ 6872755ms] [ERROR] Failed to load resource: Could not connect to the server. @ http://localhost:4401/api/billing/ai-credits/summary:0
[ 6872960ms] [ERROR] Failed to load resource: Could not connect to the server. @ http://localhost:4401/api/billing/ai-credits/summary:0
[ 6873139ms] [ERROR] Failed to load resource: Could not connect to the server. @ http://localhost:4401/dashboard/overview:0
[ 6873141ms] [ERROR] Failed to load resource: Could not connect to the server. @ http://localhost:4401/dashboard/alerts?limit=6:0
[ 6873571ms] [ERROR] Failed to load resource: Could not connect to the server. @ http://localhost:4401/api/billing/ai-credits/summary:0
[ 6902767ms] [ERROR] Failed to load resource: Could not connect to the server. @ http://localhost:4401/api/billing/ai-credits/summary:0
[ 6902977ms] [ERROR] Failed to load resource: Could not connect to the server. @ http://localhost:4401/api/billing/ai-credits/summary:0
[ 6903580ms] [ERROR] Failed to load resource: Could not connect to the server. @ http://localhost:4401/api/billing/ai-credits/summary:0
[ 6932317ms] [ERROR] Failed to load resource: Could not connect to the server. @ http://localhost:4401/dashboard/overview:0
[ 6932318ms] [ERROR] Failed to load resource: Could not connect to the server. @ http://localhost:4401/dashboard/alerts?limit=6:0
[ 6932531ms] [ERROR] Failed to load resource: Could not connect to the server. @ http://localhost:4401/dashboard/overview:0
[ 6932532ms] [ERROR] Failed to load resource: Could not connect to the server. @ http://localhost:4401/dashboard/alerts?limit=6:0
[ 6932764ms] [ERROR] Failed to load resource: Could not connect to the server. @ http://localhost:4401/api/billing/ai-credits/summary:0
[ 6932968ms] [ERROR] Failed to load resource: Could not connect to the server. @ http://localhost:4401/api/billing/ai-credits/summary:0
[ 6933141ms] [ERROR] Failed to load resource: Could not connect to the server. @ http://localhost:4401/dashboard/overview:0
[ 6933142ms] [ERROR] Failed to load resource: Could not connect to the server. @ http://localhost:4401/dashboard/alerts?limit=6:0
[ 6933577ms] [ERROR] Failed to load resource: Could not connect to the server. @ http://localhost:4401/api/billing/ai-credits/summary:0
[ 6962776ms] [ERROR] Failed to load resource: Could not connect to the server. @ http://localhost:4401/api/billing/ai-credits/summary:0
[ 6962986ms] [ERROR] Failed to load resource: Could not connect to the server. @ http://localhost:4401/api/billing/ai-credits/summary:0
[ 6963590ms] [ERROR] Failed to load resource: Could not connect to the server. @ http://localhost:4401/api/billing/ai-credits/summary:0
[ 6992320ms] [ERROR] Failed to load resource: Could not connect to the server. @ http://localhost:4401/dashboard/overview:0
[ 6992321ms] [ERROR] Failed to load resource: Could not connect to the server. @ http://localhost:4401/dashboard/alerts?limit=6:0
[ 6992524ms] [ERROR] Failed to load resource: Could not connect to the server. @ http://localhost:4401/dashboard/overview:0
[ 6992524ms] [ERROR] Failed to load resource: Could not connect to the server. @ http://localhost:4401/dashboard/alerts?limit=6:0
[ 6992772ms] [ERROR] Failed to load resource: Could not connect to the server. @ http://localhost:4401/api/billing/ai-credits/summary:0
[ 6992976ms] [ERROR] Failed to load resource: Could not connect to the server. @ http://localhost:4401/api/billing/ai-credits/summary:0
[ 6993128ms] [ERROR] Failed to load resource: Could not connect to the server. @ http://localhost:4401/dashboard/overview:0
[ 6993128ms] [ERROR] Failed to load resource: Could not connect to the server. @ http://localhost:4401/dashboard/alerts?limit=6:0
[ 6993587ms] [ERROR] Failed to load resource: Could not connect to the server. @ http://localhost:4401/api/billing/ai-credits/summary:0
[ 7022788ms] [ERROR] Failed to load resource: Could not connect to the server. @ http://localhost:4401/api/billing/ai-credits/summary:0
[ 7023002ms] [ERROR] Failed to load resource: Could not connect to the server. @ http://localhost:4401/api/billing/ai-credits/summary:0
[ 7023607ms] [ERROR] Failed to load resource: Could not connect to the server. @ http://localhost:4401/api/billing/ai-credits/summary:0
[ 7052332ms] [ERROR] Failed to load resource: Could not connect to the server. @ http://localhost:4401/dashboard/overview:0
[ 7052333ms] [ERROR] Failed to load resource: Could not connect to the server. @ http://localhost:4401/dashboard/alerts?limit=6:0
[ 7052539ms] [ERROR] Failed to load resource: Could not connect to the server. @ http://localhost:4401/dashboard/overview:0
[ 7052540ms] [ERROR] Failed to load resource: Could not connect to the server. @ http://localhost:4401/dashboard/alerts?limit=6:0
[ 7052781ms] [ERROR] Failed to load resource: Could not connect to the server. @ http://localhost:4401/api/billing/ai-credits/summary:0
[ 7052984ms] [ERROR] Failed to load resource: Could not connect to the server. @ http://localhost:4401/api/billing/ai-credits/summary:0
[ 7053143ms] [ERROR] Failed to load resource: Could not connect to the server. @ http://localhost:4401/dashboard/overview:0
[ 7053145ms] [ERROR] Failed to load resource: Could not connect to the server. @ http://localhost:4401/dashboard/alerts?limit=6:0
[ 7053589ms] [ERROR] Failed to load resource: Could not connect to the server. @ http://localhost:4401/api/billing/ai-credits/summary:0
[ 7082791ms] [ERROR] Failed to load resource: Could not connect to the server. @ http://localhost:4401/api/billing/ai-credits/summary:0
[ 7082999ms] [ERROR] Failed to load resource: Could not connect to the server. @ http://localhost:4401/api/billing/ai-credits/summary:0
[ 7083603ms] [ERROR] Failed to load resource: Could not connect to the server. @ http://localhost:4401/api/billing/ai-credits/summary:0
[ 7112329ms] [ERROR] Failed to load resource: Could not connect to the server. @ http://localhost:4401/dashboard/overview:0
[ 7112330ms] [ERROR] Failed to load resource: Could not connect to the server. @ http://localhost:4401/dashboard/alerts?limit=6:0
[ 7112540ms] [ERROR] Failed to load resource: Could not connect to the server. @ http://localhost:4401/dashboard/overview:0
[ 7112541ms] [ERROR] Failed to load resource: Could not connect to the server. @ http://localhost:4401/dashboard/alerts?limit=6:0
[ 7112790ms] [ERROR] Failed to load resource: Could not connect to the server. @ http://localhost:4401/api/billing/ai-credits/summary:0
[ 7112994ms] [ERROR] Failed to load resource: Could not connect to the server. @ http://localhost:4401/api/billing/ai-credits/summary:0
[ 7113145ms] [ERROR] Failed to load resource: Could not connect to the server. @ http://localhost:4401/dashboard/overview:0
[ 7113146ms] [ERROR] Failed to load resource: Could not connect to the server. @ http://localhost:4401/dashboard/alerts?limit=6:0
[ 7113601ms] [ERROR] Failed to load resource: Could not connect to the server. @ http://localhost:4401/api/billing/ai-credits/summary:0
[ 7142798ms] [ERROR] Failed to load resource: Could not connect to the server. @ http://localhost:4401/api/billing/ai-credits/summary:0
[ 7143005ms] [ERROR] Failed to load resource: Could not connect to the server. @ http://localhost:4401/api/billing/ai-credits/summary:0
[ 7143609ms] [ERROR] Failed to load resource: Could not connect to the server. @ http://localhost:4401/api/billing/ai-credits/summary:0
[ 7172334ms] [ERROR] Failed to load resource: Could not connect to the server. @ http://localhost:4401/dashboard/overview:0
[ 7172336ms] [ERROR] Failed to load resource: Could not connect to the server. @ http://localhost:4401/dashboard/alerts?limit=6:0
[ 7172540ms] [ERROR] Failed to load resource: Could not connect to the server. @ http://localhost:4401/dashboard/overview:0
[ 7172542ms] [ERROR] Failed to load resource: Could not connect to the server. @ http://localhost:4401/dashboard/alerts?limit=6:0
[ 7172798ms] [ERROR] Failed to load resource: Could not connect to the server. @ http://localhost:4401/api/billing/ai-credits/summary:0
[ 7173003ms] [ERROR] Failed to load resource: Could not connect to the server. @ http://localhost:4401/api/billing/ai-credits/summary:0
[ 7173145ms] [ERROR] Failed to load resource: Could not connect to the server. @ http://localhost:4401/dashboard/overview:0
[ 7173146ms] [ERROR] Failed to load resource: Could not connect to the server. @ http://localhost:4401/dashboard/alerts?limit=6:0
[ 7173611ms] [ERROR] Failed to load resource: Could not connect to the server. @ http://localhost:4401/api/billing/ai-credits/summary:0
[ 7202808ms] [ERROR] Failed to load resource: Could not connect to the server. @ http://localhost:4401/api/billing/ai-credits/summary:0
[ 7203017ms] [ERROR] Failed to load resource: Could not connect to the server. @ http://localhost:4401/api/billing/ai-credits/summary:0
[ 7203621ms] [ERROR] Failed to load resource: Could not connect to the server. @ http://localhost:4401/api/billing/ai-credits/summary:0
[ 7232335ms] [ERROR] Failed to load resource: Could not connect to the server. @ http://localhost:4401/dashboard/overview:0
[ 7232336ms] [ERROR] Failed to load resource: Could not connect to the server. @ http://localhost:4401/dashboard/alerts?limit=6:0
[ 7232545ms] [ERROR] Failed to load resource: Could not connect to the server. @ http://localhost:4401/dashboard/overview:0
[ 7232546ms] [ERROR] Failed to load resource: Could not connect to the server. @ http://localhost:4401/dashboard/alerts?limit=6:0
[ 7232808ms] [ERROR] Failed to load resource: Could not connect to the server. @ http://localhost:4401/api/billing/ai-credits/summary:0
[ 7233012ms] [ERROR] Failed to load resource: Could not connect to the server. @ http://localhost:4401/api/billing/ai-credits/summary:0
[ 7233152ms] [ERROR] Failed to load resource: Could not connect to the server. @ http://localhost:4401/dashboard/overview:0
[ 7233153ms] [ERROR] Failed to load resource: Could not connect to the server. @ http://localhost:4401/dashboard/alerts?limit=6:0
[ 7233620ms] [ERROR] Failed to load resource: Could not connect to the server. @ http://localhost:4401/api/billing/ai-credits/summary:0
[ 7262817ms] [ERROR] Failed to load resource: Could not connect to the server. @ http://localhost:4401/api/billing/ai-credits/summary:0
[ 7263024ms] [ERROR] Failed to load resource: Could not connect to the server. @ http://localhost:4401/api/billing/ai-credits/summary:0
[ 7263628ms] [ERROR] Failed to load resource: Could not connect to the server. @ http://localhost:4401/api/billing/ai-credits/summary:0
[ 7292341ms] [ERROR] Failed to load resource: Could not connect to the server. @ http://localhost:4401/dashboard/overview:0
[ 7292342ms] [ERROR] Failed to load resource: Could not connect to the server. @ http://localhost:4401/dashboard/alerts?limit=6:0
[ 7292544ms] [ERROR] Failed to load resource: Could not connect to the server. @ http://localhost:4401/dashboard/overview:0
[ 7292544ms] [ERROR] Failed to load resource: Could not connect to the server. @ http://localhost:4401/dashboard/alerts?limit=6:0
[ 7292815ms] [ERROR] Failed to load resource: Could not connect to the server. @ http://localhost:4401/api/billing/ai-credits/summary:0
[ 7293018ms] [ERROR] Failed to load resource: Could not connect to the server. @ http://localhost:4401/api/billing/ai-credits/summary:0
[ 7293149ms] [ERROR] Failed to load resource: Could not connect to the server. @ http://localhost:4401/dashboard/overview:0
[ 7293149ms] [ERROR] Failed to load resource: Could not connect to the server. @ http://localhost:4401/dashboard/alerts?limit=6:0
[ 7293622ms] [ERROR] Failed to load resource: Could not connect to the server. @ http://localhost:4401/api/billing/ai-credits/summary:0
[ 7322820ms] [ERROR] Failed to load resource: Could not connect to the server. @ http://localhost:4401/api/billing/ai-credits/summary:0
[ 7323024ms] [ERROR] Failed to load resource: Could not connect to the server. @ http://localhost:4401/api/billing/ai-credits/summary:0
[ 7323630ms] [ERROR] Failed to load resource: Could not connect to the server. @ http://localhost:4401/api/billing/ai-credits/summary:0
[ 7352345ms] [ERROR] Failed to load resource: Could not connect to the server. @ http://localhost:4401/dashboard/overview:0
[ 7352345ms] [ERROR] Failed to load resource: Could not connect to the server. @ http://localhost:4401/dashboard/alerts?limit=6:0
[ 7352553ms] [ERROR] Failed to load resource: Could not connect to the server. @ http://localhost:4401/dashboard/overview:0
[ 7352555ms] [ERROR] Failed to load resource: Could not connect to the server. @ http://localhost:4401/dashboard/alerts?limit=6:0
[ 7352825ms] [ERROR] Failed to load resource: Could not connect to the server. @ http://localhost:4401/api/billing/ai-credits/summary:0
[ 7353028ms] [ERROR] Failed to load resource: Could not connect to the server. @ http://localhost:4401/api/billing/ai-credits/summary:0
[ 7353157ms] [ERROR] Failed to load resource: Could not connect to the server. @ http://localhost:4401/dashboard/overview:0
[ 7353158ms] [ERROR] Failed to load resource: Could not connect to the server. @ http://localhost:4401/dashboard/alerts?limit=6:0
[ 7353634ms] [ERROR] Failed to load resource: Could not connect to the server. @ http://localhost:4401/api/billing/ai-credits/summary:0
[ 7382828ms] [ERROR] Failed to load resource: Could not connect to the server. @ http://localhost:4401/api/billing/ai-credits/summary:0
[ 7383033ms] [ERROR] Failed to load resource: Could not connect to the server. @ http://localhost:4401/api/billing/ai-credits/summary:0
[ 7383642ms] [ERROR] Failed to load resource: Could not connect to the server. @ http://localhost:4401/api/billing/ai-credits/summary:0
[ 7412349ms] [ERROR] Failed to load resource: Could not connect to the server. @ http://localhost:4401/dashboard/overview:0
[ 7412351ms] [ERROR] Failed to load resource: Could not connect to the server. @ http://localhost:4401/dashboard/alerts?limit=6:0
[ 7412556ms] [ERROR] Failed to load resource: Could not connect to the server. @ http://localhost:4401/dashboard/overview:0
[ 7412557ms] [ERROR] Failed to load resource: Could not connect to the server. @ http://localhost:4401/dashboard/alerts?limit=6:0
[ 7412833ms] [ERROR] Failed to load resource: Could not connect to the server. @ http://localhost:4401/api/billing/ai-credits/summary:0
[ 7413037ms] [ERROR] Failed to load resource: Could not connect to the server. @ http://localhost:4401/api/billing/ai-credits/summary:0
[ 7413161ms] [ERROR] Failed to load resource: Could not connect to the server. @ http://localhost:4401/dashboard/overview:0
[ 7413162ms] [ERROR] Failed to load resource: Could not connect to the server. @ http://localhost:4401/dashboard/alerts?limit=6:0
[ 7413645ms] [ERROR] Failed to load resource: Could not connect to the server. @ http://localhost:4401/api/billing/ai-credits/summary:0
[ 7442841ms] [ERROR] Failed to load resource: Could not connect to the server. @ http://localhost:4401/api/billing/ai-credits/summary:0
[ 7443048ms] [ERROR] Failed to load resource: Could not connect to the server. @ http://localhost:4401/api/billing/ai-credits/summary:0
[ 7443652ms] [ERROR] Failed to load resource: Could not connect to the server. @ http://localhost:4401/api/billing/ai-credits/summary:0
[ 7472351ms] [ERROR] Failed to load resource: Could not connect to the server. @ http://localhost:4401/dashboard/overview:0
[ 7472351ms] [ERROR] Failed to load resource: Could not connect to the server. @ http://localhost:4401/dashboard/alerts?limit=6:0
[ 7472559ms] [ERROR] Failed to load resource: Could not connect to the server. @ http://localhost:4401/dashboard/overview:0
[ 7472561ms] [ERROR] Failed to load resource: Could not connect to the server. @ http://localhost:4401/dashboard/alerts?limit=6:0
[ 7472841ms] [ERROR] Failed to load resource: Could not connect to the server. @ http://localhost:4401/api/billing/ai-credits/summary:0
[ 7473045ms] [ERROR] Failed to load resource: Could not connect to the server. @ http://localhost:4401/api/billing/ai-credits/summary:0
[ 7473164ms] [ERROR] Failed to load resource: Could not connect to the server. @ http://localhost:4401/dashboard/overview:0
[ 7473165ms] [ERROR] Failed to load resource: Could not connect to the server. @ http://localhost:4401/dashboard/alerts?limit=6:0
[ 7473652ms] [ERROR] Failed to load resource: Could not connect to the server. @ http://localhost:4401/api/billing/ai-credits/summary:0
[ 7502848ms] [ERROR] Failed to load resource: Could not connect to the server. @ http://localhost:4401/api/billing/ai-credits/summary:0
[ 7503053ms] [ERROR] Failed to load resource: Could not connect to the server. @ http://localhost:4401/api/billing/ai-credits/summary:0
[ 7503658ms] [ERROR] Failed to load resource: Could not connect to the server. @ http://localhost:4401/api/billing/ai-credits/summary:0
[ 7532359ms] [ERROR] Failed to load resource: Could not connect to the server. @ http://localhost:4401/dashboard/overview:0
[ 7532361ms] [ERROR] Failed to load resource: Could not connect to the server. @ http://localhost:4401/dashboard/alerts?limit=6:0
[ 7532567ms] [ERROR] Failed to load resource: Could not connect to the server. @ http://localhost:4401/dashboard/overview:0
[ 7532569ms] [ERROR] Failed to load resource: Could not connect to the server. @ http://localhost:4401/dashboard/alerts?limit=6:0
[ 7532850ms] [ERROR] Failed to load resource: Could not connect to the server. @ http://localhost:4401/api/billing/ai-credits/summary:0
[ 7533054ms] [ERROR] Failed to load resource: Could not connect to the server. @ http://localhost:4401/api/billing/ai-credits/summary:0
[ 7533171ms] [ERROR] Failed to load resource: Could not connect to the server. @ http://localhost:4401/dashboard/overview:0
[ 7533172ms] [ERROR] Failed to load resource: Could not connect to the server. @ http://localhost:4401/dashboard/alerts?limit=6:0
[ 7533660ms] [ERROR] Failed to load resource: Could not connect to the server. @ http://localhost:4401/api/billing/ai-credits/summary:0
[ 7562860ms] [ERROR] Failed to load resource: Could not connect to the server. @ http://localhost:4401/api/billing/ai-credits/summary:0
[ 7563065ms] [ERROR] Failed to load resource: Could not connect to the server. @ http://localhost:4401/api/billing/ai-credits/summary:0
[ 7563669ms] [ERROR] Failed to load resource: Could not connect to the server. @ http://localhost:4401/api/billing/ai-credits/summary:0
[ 7592360ms] [ERROR] Failed to load resource: Could not connect to the server. @ http://localhost:4401/dashboard/overview:0
[ 7592361ms] [ERROR] Failed to load resource: Could not connect to the server. @ http://localhost:4401/dashboard/alerts?limit=6:0
[ 7592564ms] [ERROR] Failed to load resource: Could not connect to the server. @ http://localhost:4401/dashboard/overview:0
[ 7592565ms] [ERROR] Failed to load resource: Could not connect to the server. @ http://localhost:4401/dashboard/alerts?limit=6:0
[ 7592860ms] [ERROR] Failed to load resource: Could not connect to the server. @ http://localhost:4401/api/billing/ai-credits/summary:0
[ 7593068ms] [ERROR] Failed to load resource: Could not connect to the server. @ http://localhost:4401/api/billing/ai-credits/summary:0
[ 7593173ms] [ERROR] Failed to load resource: Could not connect to the server. @ http://localhost:4401/dashboard/overview:0
[ 7593175ms] [ERROR] Failed to load resource: Could not connect to the server. @ http://localhost:4401/dashboard/alerts?limit=6:0
[ 7593671ms] [ERROR] Failed to load resource: Could not connect to the server. @ http://localhost:4401/api/billing/ai-credits/summary:0
[ 7622867ms] [ERROR] Failed to load resource: Could not connect to the server. @ http://localhost:4401/api/billing/ai-credits/summary:0
[ 7623074ms] [ERROR] Failed to load resource: Could not connect to the server. @ http://localhost:4401/api/billing/ai-credits/summary:0
[ 7623677ms] [ERROR] Failed to load resource: Could not connect to the server. @ http://localhost:4401/api/billing/ai-credits/summary:0
[ 7652371ms] [ERROR] Failed to load resource: Could not connect to the server. @ http://localhost:4401/dashboard/overview:0
[ 7652372ms] [ERROR] Failed to load resource: Could not connect to the server. @ http://localhost:4401/dashboard/alerts?limit=6:0
[ 7652582ms] [ERROR] Failed to load resource: Could not connect to the server. @ http://localhost:4401/dashboard/overview:0
[ 7652583ms] [ERROR] Failed to load resource: Could not connect to the server. @ http://localhost:4401/dashboard/alerts?limit=6:0
[ 7652867ms] [ERROR] Failed to load resource: Could not connect to the server. @ http://localhost:4401/api/billing/ai-credits/summary:0
[ 7653071ms] [ERROR] Failed to load resource: Could not connect to the server. @ http://localhost:4401/api/billing/ai-credits/summary:0
[ 7653188ms] [ERROR] Failed to load resource: Could not connect to the server. @ http://localhost:4401/dashboard/overview:0
[ 7653189ms] [ERROR] Failed to load resource: Could not connect to the server. @ http://localhost:4401/dashboard/alerts?limit=6:0
[ 7653680ms] [ERROR] Failed to load resource: Could not connect to the server. @ http://localhost:4401/api/billing/ai-credits/summary:0
[ 7682877ms] [ERROR] Failed to load resource: Could not connect to the server. @ http://localhost:4401/api/billing/ai-credits/summary:0
[ 7683084ms] [ERROR] Failed to load resource: Could not connect to the server. @ http://localhost:4401/api/billing/ai-credits/summary:0
[ 7683688ms] [ERROR] Failed to load resource: Could not connect to the server. @ http://localhost:4401/api/billing/ai-credits/summary:0
[ 7712375ms] [ERROR] Failed to load resource: Could not connect to the server. @ http://localhost:4401/dashboard/overview:0
[ 7712376ms] [ERROR] Failed to load resource: Could not connect to the server. @ http://localhost:4401/dashboard/alerts?limit=6:0
[ 7712584ms] [ERROR] Failed to load resource: Could not connect to the server. @ http://localhost:4401/dashboard/overview:0
[ 7712586ms] [ERROR] Failed to load resource: Could not connect to the server. @ http://localhost:4401/dashboard/alerts?limit=6:0
[ 7712876ms] [ERROR] Failed to load resource: Could not connect to the server. @ http://localhost:4401/api/billing/ai-credits/summary:0
[ 7713079ms] [ERROR] Failed to load resource: Could not connect to the server. @ http://localhost:4401/api/billing/ai-credits/summary:0
[ 7713189ms] [ERROR] Failed to load resource: Could not connect to the server. @ http://localhost:4401/dashboard/overview:0
[ 7713189ms] [ERROR] Failed to load resource: Could not connect to the server. @ http://localhost:4401/dashboard/alerts?limit=6:0
[ 7713688ms] [ERROR] Failed to load resource: Could not connect to the server. @ http://localhost:4401/api/billing/ai-credits/summary:0
[ 7742886ms] [ERROR] Failed to load resource: Could not connect to the server. @ http://localhost:4401/api/billing/ai-credits/summary:0
[ 7743094ms] [ERROR] Failed to load resource: Could not connect to the server. @ http://localhost:4401/api/billing/ai-credits/summary:0
[ 7743698ms] [ERROR] Failed to load resource: Could not connect to the server. @ http://localhost:4401/api/billing/ai-credits/summary:0
[ 7772380ms] [ERROR] Failed to load resource: Could not connect to the server. @ http://localhost:4401/dashboard/overview:0
[ 7772382ms] [ERROR] Failed to load resource: Could not connect to the server. @ http://localhost:4401/dashboard/alerts?limit=6:0
[ 7772591ms] [ERROR] Failed to load resource: Could not connect to the server. @ http://localhost:4401/dashboard/overview:0
[ 7772592ms] [ERROR] Failed to load resource: Could not connect to the server. @ http://localhost:4401/dashboard/alerts?limit=6:0
[ 7772884ms] [ERROR] Failed to load resource: Could not connect to the server. @ http://localhost:4401/api/billing/ai-credits/summary:0
[ 7773088ms] [ERROR] Failed to load resource: Could not connect to the server. @ http://localhost:4401/api/billing/ai-credits/summary:0
[ 7773196ms] [ERROR] Failed to load resource: Could not connect to the server. @ http://localhost:4401/dashboard/overview:0
[ 7773197ms] [ERROR] Failed to load resource: Could not connect to the server. @ http://localhost:4401/dashboard/alerts?limit=6:0
[ 7773696ms] [ERROR] Failed to load resource: Could not connect to the server. @ http://localhost:4401/api/billing/ai-credits/summary:0
[ 7802895ms] [ERROR] Failed to load resource: Could not connect to the server. @ http://localhost:4401/api/billing/ai-credits/summary:0
[ 7803103ms] [ERROR] Failed to load resource: Could not connect to the server. @ http://localhost:4401/api/billing/ai-credits/summary:0
[ 7803707ms] [ERROR] Failed to load resource: Could not connect to the server. @ http://localhost:4401/api/billing/ai-credits/summary:0
[ 7832384ms] [ERROR] Failed to load resource: Could not connect to the server. @ http://localhost:4401/dashboard/overview:0
[ 7832386ms] [ERROR] Failed to load resource: Could not connect to the server. @ http://localhost:4401/dashboard/alerts?limit=6:0
[ 7832595ms] [ERROR] Failed to load resource: Could not connect to the server. @ http://localhost:4401/dashboard/overview:0
[ 7832596ms] [ERROR] Failed to load resource: Could not connect to the server. @ http://localhost:4401/dashboard/alerts?limit=6:0
[ 7832893ms] [ERROR] Failed to load resource: Could not connect to the server. @ http://localhost:4401/api/billing/ai-credits/summary:0
[ 7833097ms] [ERROR] Failed to load resource: Could not connect to the server. @ http://localhost:4401/api/billing/ai-credits/summary:0
[ 7833200ms] [ERROR] Failed to load resource: Could not connect to the server. @ http://localhost:4401/dashboard/overview:0
[ 7833201ms] [ERROR] Failed to load resource: Could not connect to the server. @ http://localhost:4401/dashboard/alerts?limit=6:0
[ 7833705ms] [ERROR] Failed to load resource: Could not connect to the server. @ http://localhost:4401/api/billing/ai-credits/summary:0
[ 7862904ms] [ERROR] Failed to load resource: Could not connect to the server. @ http://localhost:4401/api/billing/ai-credits/summary:0
[ 7863111ms] [ERROR] Failed to load resource: Could not connect to the server. @ http://localhost:4401/api/billing/ai-credits/summary:0
[ 7863715ms] [ERROR] Failed to load resource: Could not connect to the server. @ http://localhost:4401/api/billing/ai-credits/summary:0
[ 7892388ms] [ERROR] Failed to load resource: Could not connect to the server. @ http://localhost:4401/dashboard/overview:0
[ 7892390ms] [ERROR] Failed to load resource: Could not connect to the server. @ http://localhost:4401/dashboard/alerts?limit=6:0
[ 7892596ms] [ERROR] Failed to load resource: Could not connect to the server. @ http://localhost:4401/dashboard/overview:0
[ 7892598ms] [ERROR] Failed to load resource: Could not connect to the server. @ http://localhost:4401/dashboard/alerts?limit=6:0
[ 7892901ms] [ERROR] Failed to load resource: Could not connect to the server. @ http://localhost:4401/api/billing/ai-credits/summary:0
[ 7893105ms] [ERROR] Failed to load resource: Could not connect to the server. @ http://localhost:4401/api/billing/ai-credits/summary:0
[ 7893201ms] [ERROR] Failed to load resource: Could not connect to the server. @ http://localhost:4401/dashboard/overview:0
[ 7893202ms] [ERROR] Failed to load resource: Could not connect to the server. @ http://localhost:4401/dashboard/alerts?limit=6:0
[ 7893715ms] [ERROR] Failed to load resource: Could not connect to the server. @ http://localhost:4401/api/billing/ai-credits/summary:0
[ 7922906ms] [ERROR] Failed to load resource: Could not connect to the server. @ http://localhost:4401/api/billing/ai-credits/summary:0
[ 7923111ms] [ERROR] Failed to load resource: Could not connect to the server. @ http://localhost:4401/api/billing/ai-credits/summary:0
[ 7923719ms] [ERROR] Failed to load resource: Could not connect to the server. @ http://localhost:4401/api/billing/ai-credits/summary:0
[ 7952393ms] [ERROR] Failed to load resource: Could not connect to the server. @ http://localhost:4401/dashboard/overview:0
[ 7952394ms] [ERROR] Failed to load resource: Could not connect to the server. @ http://localhost:4401/dashboard/alerts?limit=6:0
[ 7952603ms] [ERROR] Failed to load resource: Could not connect to the server. @ http://localhost:4401/dashboard/overview:0
[ 7952604ms] [ERROR] Failed to load resource: Could not connect to the server. @ http://localhost:4401/dashboard/alerts?limit=6:0
[ 7952910ms] [ERROR] Failed to load resource: Could not connect to the server. @ http://localhost:4401/api/billing/ai-credits/summary:0
[ 7953114ms] [ERROR] Failed to load resource: Could not connect to the server. @ http://localhost:4401/api/billing/ai-credits/summary:0
[ 7953208ms] [ERROR] Failed to load resource: Could not connect to the server. @ http://localhost:4401/dashboard/overview:0
[ 7953212ms] [ERROR] Failed to load resource: Could not connect to the server. @ http://localhost:4401/dashboard/alerts?limit=6:0
[ 7953722ms] [ERROR] Failed to load resource: Could not connect to the server. @ http://localhost:4401/api/billing/ai-credits/summary:0
[ 7982921ms] [ERROR] Failed to load resource: Could not connect to the server. @ http://localhost:4401/api/billing/ai-credits/summary:0
[ 7983129ms] [ERROR] Failed to load resource: Could not connect to the server. @ http://localhost:4401/api/billing/ai-credits/summary:0
[ 7983733ms] [ERROR] Failed to load resource: Could not connect to the server. @ http://localhost:4401/api/billing/ai-credits/summary:0
[ 8012398ms] [ERROR] Failed to load resource: Could not connect to the server. @ http://localhost:4401/dashboard/overview:0
[ 8012399ms] [ERROR] Failed to load resource: Could not connect to the server. @ http://localhost:4401/dashboard/alerts?limit=6:0
[ 8012608ms] [ERROR] Failed to load resource: Could not connect to the server. @ http://localhost:4401/dashboard/overview:0
[ 8012610ms] [ERROR] Failed to load resource: Could not connect to the server. @ http://localhost:4401/dashboard/alerts?limit=6:0
[ 8012918ms] [ERROR] Failed to load resource: Could not connect to the server. @ http://localhost:4401/api/billing/ai-credits/summary:0
[ 8013122ms] [ERROR] Failed to load resource: Could not connect to the server. @ http://localhost:4401/api/billing/ai-credits/summary:0
[ 8013213ms] [ERROR] Failed to load resource: Could not connect to the server. @ http://localhost:4401/dashboard/overview:0
[ 8013215ms] [ERROR] Failed to load resource: Could not connect to the server. @ http://localhost:4401/dashboard/alerts?limit=6:0
[ 8013730ms] [ERROR] Failed to load resource: Could not connect to the server. @ http://localhost:4401/api/billing/ai-credits/summary:0
[ 8042929ms] [ERROR] Failed to load resource: Could not connect to the server. @ http://localhost:4401/api/billing/ai-credits/summary:0
[ 8043135ms] [ERROR] Failed to load resource: Could not connect to the server. @ http://localhost:4401/api/billing/ai-credits/summary:0
[ 8043739ms] [ERROR] Failed to load resource: Could not connect to the server. @ http://localhost:4401/api/billing/ai-credits/summary:0
[ 8072402ms] [ERROR] Failed to load resource: Could not connect to the server. @ http://localhost:4401/dashboard/overview:0
[ 8072403ms] [ERROR] Failed to load resource: Could not connect to the server. @ http://localhost:4401/dashboard/alerts?limit=6:0
[ 8072612ms] [ERROR] Failed to load resource: Could not connect to the server. @ http://localhost:4401/dashboard/overview:0
[ 8072613ms] [ERROR] Failed to load resource: Could not connect to the server. @ http://localhost:4401/dashboard/alerts?limit=6:0
[ 8072928ms] [ERROR] Failed to load resource: Could not connect to the server. @ http://localhost:4401/api/billing/ai-credits/summary:0
[ 8073132ms] [ERROR] Failed to load resource: Could not connect to the server. @ http://localhost:4401/api/billing/ai-credits/summary:0
[ 8073216ms] [ERROR] Failed to load resource: Could not connect to the server. @ http://localhost:4401/dashboard/overview:0
[ 8073217ms] [ERROR] Failed to load resource: Could not connect to the server. @ http://localhost:4401/dashboard/alerts?limit=6:0
[ 8073739ms] [ERROR] Failed to load resource: Could not connect to the server. @ http://localhost:4401/api/billing/ai-credits/summary:0
[ 8102937ms] [ERROR] Failed to load resource: Could not connect to the server. @ http://localhost:4401/api/billing/ai-credits/summary:0
[ 8103145ms] [ERROR] Failed to load resource: Could not connect to the server. @ http://localhost:4401/api/billing/ai-credits/summary:0
[ 8103750ms] [ERROR] Failed to load resource: Could not connect to the server. @ http://localhost:4401/api/billing/ai-credits/summary:0
[ 8132407ms] [ERROR] Failed to load resource: Could not connect to the server. @ http://localhost:4401/dashboard/overview:0
[ 8132408ms] [ERROR] Failed to load resource: Could not connect to the server. @ http://localhost:4401/dashboard/alerts?limit=6:0
[ 8132617ms] [ERROR] Failed to load resource: Could not connect to the server. @ http://localhost:4401/dashboard/overview:0
[ 8132618ms] [ERROR] Failed to load resource: Could not connect to the server. @ http://localhost:4401/dashboard/alerts?limit=6:0
[ 8132936ms] [ERROR] Failed to load resource: Could not connect to the server. @ http://localhost:4401/api/billing/ai-credits/summary:0
[ 8133140ms] [ERROR] Failed to load resource: Could not connect to the server. @ http://localhost:4401/api/billing/ai-credits/summary:0
[ 8133222ms] [ERROR] Failed to load resource: Could not connect to the server. @ http://localhost:4401/dashboard/overview:0
[ 8133224ms] [ERROR] Failed to load resource: Could not connect to the server. @ http://localhost:4401/dashboard/alerts?limit=6:0
[ 8133747ms] [ERROR] Failed to load resource: Could not connect to the server. @ http://localhost:4401/api/billing/ai-credits/summary:0
[ 8162945ms] [ERROR] Failed to load resource: Could not connect to the server. @ http://localhost:4401/api/billing/ai-credits/summary:0
[ 8163154ms] [ERROR] Failed to load resource: Could not connect to the server. @ http://localhost:4401/api/billing/ai-credits/summary:0
[ 8163758ms] [ERROR] Failed to load resource: Could not connect to the server. @ http://localhost:4401/api/billing/ai-credits/summary:0
[ 8192412ms] [ERROR] Failed to load resource: Could not connect to the server. @ http://localhost:4401/dashboard/overview:0
[ 8192413ms] [ERROR] Failed to load resource: Could not connect to the server. @ http://localhost:4401/dashboard/alerts?limit=6:0
[ 8192623ms] [ERROR] Failed to load resource: Could not connect to the server. @ http://localhost:4401/dashboard/overview:0
[ 8192624ms] [ERROR] Failed to load resource: Could not connect to the server. @ http://localhost:4401/dashboard/alerts?limit=6:0
[ 8192946ms] [ERROR] Failed to load resource: Could not connect to the server. @ http://localhost:4401/api/billing/ai-credits/summary:0
[ 8193151ms] [ERROR] Failed to load resource: Could not connect to the server. @ http://localhost:4401/api/billing/ai-credits/summary:0
[ 8193228ms] [ERROR] Failed to load resource: Could not connect to the server. @ http://localhost:4401/dashboard/overview:0
[ 8193229ms] [ERROR] Failed to load resource: Could not connect to the server. @ http://localhost:4401/dashboard/alerts?limit=6:0
[ 8193759ms] [ERROR] Failed to load resource: Could not connect to the server. @ http://localhost:4401/api/billing/ai-credits/summary:0
[ 8222955ms] [ERROR] Failed to load resource: Could not connect to the server. @ http://localhost:4401/api/billing/ai-credits/summary:0
[ 8223164ms] [ERROR] Failed to load resource: Could not connect to the server. @ http://localhost:4401/api/billing/ai-credits/summary:0
[ 8223769ms] [ERROR] Failed to load resource: Could not connect to the server. @ http://localhost:4401/api/billing/ai-credits/summary:0
[ 8252420ms] [ERROR] Failed to load resource: Could not connect to the server. @ http://localhost:4401/dashboard/overview:0
[ 8252421ms] [ERROR] Failed to load resource: Could not connect to the server. @ http://localhost:4401/dashboard/alerts?limit=6:0
[ 8252632ms] [ERROR] Failed to load resource: Could not connect to the server. @ http://localhost:4401/dashboard/overview:0
[ 8252633ms] [ERROR] Failed to load resource: Could not connect to the server. @ http://localhost:4401/dashboard/alerts?limit=6:0
[ 8252955ms] [ERROR] Failed to load resource: Could not connect to the server. @ http://localhost:4401/api/billing/ai-credits/summary:0
[ 8253158ms] [ERROR] Failed to load resource: Could not connect to the server. @ http://localhost:4401/api/billing/ai-credits/summary:0
[ 8253237ms] [ERROR] Failed to load resource: Could not connect to the server. @ http://localhost:4401/dashboard/overview:0
[ 8253238ms] [ERROR] Failed to load resource: Could not connect to the server. @ http://localhost:4401/dashboard/alerts?limit=6:0
[ 8253765ms] [ERROR] Failed to load resource: Could not connect to the server. @ http://localhost:4401/api/billing/ai-credits/summary:0
[ 8282964ms] [ERROR] Failed to load resource: Could not connect to the server. @ http://localhost:4401/api/billing/ai-credits/summary:0
[ 8283172ms] [ERROR] Failed to load resource: Could not connect to the server. @ http://localhost:4401/api/billing/ai-credits/summary:0
[ 8283778ms] [ERROR] Failed to load resource: Could not connect to the server. @ http://localhost:4401/api/billing/ai-credits/summary:0
[ 8312416ms] [ERROR] Failed to load resource: Could not connect to the server. @ http://localhost:4401/dashboard/overview:0
[ 8312417ms] [ERROR] Failed to load resource: Could not connect to the server. @ http://localhost:4401/dashboard/alerts?limit=6:0
[ 8312624ms] [ERROR] Failed to load resource: Could not connect to the server. @ http://localhost:4401/dashboard/overview:0
[ 8312625ms] [ERROR] Failed to load resource: Could not connect to the server. @ http://localhost:4401/dashboard/alerts?limit=6:0
[ 8312966ms] [ERROR] Failed to load resource: Could not connect to the server. @ http://localhost:4401/api/billing/ai-credits/summary:0
[ 8313173ms] [ERROR] Failed to load resource: Could not connect to the server. @ http://localhost:4401/api/billing/ai-credits/summary:0
[ 8313229ms] [ERROR] Failed to load resource: Could not connect to the server. @ http://localhost:4401/dashboard/overview:0
[ 8313230ms] [ERROR] Failed to load resource: Could not connect to the server. @ http://localhost:4401/dashboard/alerts?limit=6:0
[ 8313780ms] [ERROR] Failed to load resource: Could not connect to the server. @ http://localhost:4401/api/billing/ai-credits/summary:0
[ 8342968ms] [ERROR] Failed to load resource: Could not connect to the server. @ http://localhost:4401/api/billing/ai-credits/summary:0
[ 8343171ms] [ERROR] Failed to load resource: Could not connect to the server. @ http://localhost:4401/api/billing/ai-credits/summary:0
[ 8343775ms] [ERROR] Failed to load resource: Could not connect to the server. @ http://localhost:4401/api/billing/ai-credits/summary:0
[ 8372421ms] [ERROR] Failed to load resource: Could not connect to the server. @ http://localhost:4401/dashboard/overview:0
[ 8372422ms] [ERROR] Failed to load resource: Could not connect to the server. @ http://localhost:4401/dashboard/alerts?limit=6:0
[ 8372628ms] [ERROR] Failed to load resource: Could not connect to the server. @ http://localhost:4401/dashboard/overview:0
[ 8372629ms] [ERROR] Failed to load resource: Could not connect to the server. @ http://localhost:4401/dashboard/alerts?limit=6:0
[ 8372976ms] [ERROR] Failed to load resource: Could not connect to the server. @ http://localhost:4401/api/billing/ai-credits/summary:0
[ 8373182ms] [ERROR] Failed to load resource: Could not connect to the server. @ http://localhost:4401/api/billing/ai-credits/summary:0
[ 8373233ms] [ERROR] Failed to load resource: Could not connect to the server. @ http://localhost:4401/dashboard/overview:0
[ 8373233ms] [ERROR] Failed to load resource: Could not connect to the server. @ http://localhost:4401/dashboard/alerts?limit=6:0
[ 8373791ms] [ERROR] Failed to load resource: Could not connect to the server. @ http://localhost:4401/api/billing/ai-credits/summary:0
[ 8402978ms] [ERROR] Failed to load resource: Could not connect to the server. @ http://localhost:4401/api/billing/ai-credits/summary:0
[ 8403183ms] [ERROR] Failed to load resource: Could not connect to the server. @ http://localhost:4401/api/billing/ai-credits/summary:0
[ 8403791ms] [ERROR] Failed to load resource: Could not connect to the server. @ http://localhost:4401/api/billing/ai-credits/summary:0
[ 8432430ms] [ERROR] Failed to load resource: Could not connect to the server. @ http://localhost:4401/dashboard/overview:0
[ 8432432ms] [ERROR] Failed to load resource: Could not connect to the server. @ http://localhost:4401/dashboard/alerts?limit=6:0
[ 8432638ms] [ERROR] Failed to load resource: Could not connect to the server. @ http://localhost:4401/dashboard/overview:0
[ 8432640ms] [ERROR] Failed to load resource: Could not connect to the server. @ http://localhost:4401/dashboard/alerts?limit=6:0
[ 8432981ms] [ERROR] Failed to load resource: Could not connect to the server. @ http://localhost:4401/api/billing/ai-credits/summary:0
[ 8433185ms] [ERROR] Failed to load resource: Could not connect to the server. @ http://localhost:4401/api/billing/ai-credits/summary:0
[ 8433244ms] [ERROR] Failed to load resource: Could not connect to the server. @ http://localhost:4401/dashboard/overview:0
[ 8433244ms] [ERROR] Failed to load resource: Could not connect to the server. @ http://localhost:4401/dashboard/alerts?limit=6:0
[ 8433791ms] [ERROR] Failed to load resource: Could not connect to the server. @ http://localhost:4401/api/billing/ai-credits/summary:0
[ 8462989ms] [ERROR] Failed to load resource: Could not connect to the server. @ http://localhost:4401/api/billing/ai-credits/summary:0
[ 8463199ms] [ERROR] Failed to load resource: Could not connect to the server. @ http://localhost:4401/api/billing/ai-credits/summary:0
[ 8463806ms] [ERROR] Failed to load resource: Could not connect to the server. @ http://localhost:4401/api/billing/ai-credits/summary:0
[ 8492421ms] [ERROR] Failed to load resource: Could not connect to the server. @ http://localhost:4401/dashboard/overview:0
[ 8492422ms] [ERROR] Failed to load resource: Could not connect to the server. @ http://localhost:4401/dashboard/alerts?limit=6:0
[ 8492625ms] [ERROR] Failed to load resource: Could not connect to the server. @ http://localhost:4401/dashboard/overview:0
[ 8492626ms] [ERROR] Failed to load resource: Could not connect to the server. @ http://localhost:4401/dashboard/alerts?limit=6:0
[ 8492980ms] [ERROR] Failed to load resource: Could not connect to the server. @ http://localhost:4401/api/billing/ai-credits/summary:0
[ 8493184ms] [ERROR] Failed to load resource: Could not connect to the server. @ http://localhost:4401/api/billing/ai-credits/summary:0
[ 8493227ms] [ERROR] Failed to load resource: Could not connect to the server. @ http://localhost:4401/dashboard/overview:0
[ 8493228ms] [ERROR] Failed to load resource: Could not connect to the server. @ http://localhost:4401/dashboard/alerts?limit=6:0
[ 8493786ms] [ERROR] Failed to load resource: Could not connect to the server. @ http://localhost:4401/api/billing/ai-credits/summary:0
[ 8522973ms] [ERROR] Failed to load resource: Could not connect to the server. @ http://localhost:4401/api/billing/ai-credits/summary:0
[ 8523180ms] [ERROR] Failed to load resource: Could not connect to the server. @ http://localhost:4401/api/billing/ai-credits/summary:0
[ 8523785ms] [ERROR] Failed to load resource: Could not connect to the server. @ http://localhost:4401/api/billing/ai-credits/summary:0
[ 8552411ms] [ERROR] Failed to load resource: Could not connect to the server. @ http://localhost:4401/dashboard/overview:0
[ 8552413ms] [ERROR] Failed to load resource: Could not connect to the server. @ http://localhost:4401/dashboard/alerts?limit=6:0
[ 8552622ms] [ERROR] Failed to load resource: Could not connect to the server. @ http://localhost:4401/dashboard/overview:0
[ 8552623ms] [ERROR] Failed to load resource: Could not connect to the server. @ http://localhost:4401/dashboard/alerts?limit=6:0
[ 8552969ms] [ERROR] Failed to load resource: Could not connect to the server. @ http://localhost:4401/api/billing/ai-credits/summary:0
[ 8553172ms] [ERROR] Failed to load resource: Could not connect to the server. @ http://localhost:4401/api/billing/ai-credits/summary:0
[ 8553226ms] [ERROR] Failed to load resource: Could not connect to the server. @ http://localhost:4401/dashboard/overview:0
[ 8553227ms] [ERROR] Failed to load resource: Could not connect to the server. @ http://localhost:4401/dashboard/alerts?limit=6:0
[ 8553780ms] [ERROR] Failed to load resource: Could not connect to the server. @ http://localhost:4401/api/billing/ai-credits/summary:0
[ 8582976ms] [ERROR] Failed to load resource: Could not connect to the server. @ http://localhost:4401/api/billing/ai-credits/summary:0
[ 8583180ms] [ERROR] Failed to load resource: Could not connect to the server. @ http://localhost:4401/api/billing/ai-credits/summary:0
[ 8583789ms] [ERROR] Failed to load resource: Could not connect to the server. @ http://localhost:4401/api/billing/ai-credits/summary:0
[ 8612412ms] [ERROR] Failed to load resource: Could not connect to the server. @ http://localhost:4401/dashboard/overview:0
[ 8612414ms] [ERROR] Failed to load resource: Could not connect to the server. @ http://localhost:4401/dashboard/alerts?limit=6:0
[ 8612624ms] [ERROR] Failed to load resource: Could not connect to the server. @ http://localhost:4401/dashboard/overview:0
[ 8612625ms] [ERROR] Failed to load resource: Could not connect to the server. @ http://localhost:4401/dashboard/alerts?limit=6:0
[ 8612976ms] [ERROR] Failed to load resource: Could not connect to the server. @ http://localhost:4401/api/billing/ai-credits/summary:0
[ 8613179ms] [ERROR] Failed to load resource: Could not connect to the server. @ http://localhost:4401/api/billing/ai-credits/summary:0
[ 8613229ms] [ERROR] Failed to load resource: Could not connect to the server. @ http://localhost:4401/dashboard/overview:0
[ 8613229ms] [ERROR] Failed to load resource: Could not connect to the server. @ http://localhost:4401/dashboard/alerts?limit=6:0
[ 8613787ms] [ERROR] Failed to load resource: Could not connect to the server. @ http://localhost:4401/api/billing/ai-credits/summary:0
[ 8642985ms] [ERROR] Failed to load resource: Could not connect to the server. @ http://localhost:4401/api/billing/ai-credits/summary:0
[ 8643193ms] [ERROR] Failed to load resource: Could not connect to the server. @ http://localhost:4401/api/billing/ai-credits/summary:0
[ 8643798ms] [ERROR] Failed to load resource: Could not connect to the server. @ http://localhost:4401/api/billing/ai-credits/summary:0
[ 8672411ms] [ERROR] Failed to load resource: Could not connect to the server. @ http://localhost:4401/dashboard/overview:0
[ 8672412ms] [ERROR] Failed to load resource: Could not connect to the server. @ http://localhost:4401/dashboard/alerts?limit=6:0
[ 8672620ms] [ERROR] Failed to load resource: Could not connect to the server. @ http://localhost:4401/dashboard/overview:0
[ 8672622ms] [ERROR] Failed to load resource: Could not connect to the server. @ http://localhost:4401/dashboard/alerts?limit=6:0
[ 8672986ms] [ERROR] Failed to load resource: Could not connect to the server. @ http://localhost:4401/api/billing/ai-credits/summary:0
[ 8673191ms] [ERROR] Failed to load resource: Could not connect to the server. @ http://localhost:4401/api/billing/ai-credits/summary:0
[ 8673225ms] [ERROR] Failed to load resource: Could not connect to the server. @ http://localhost:4401/dashboard/overview:0
[ 8673225ms] [ERROR] Failed to load resource: Could not connect to the server. @ http://localhost:4401/dashboard/alerts?limit=6:0
[ 8673799ms] [ERROR] Failed to load resource: Could not connect to the server. @ http://localhost:4401/api/billing/ai-credits/summary:0
[ 8702991ms] [ERROR] Failed to load resource: Could not connect to the server. @ http://localhost:4401/api/billing/ai-credits/summary:0
[ 8703198ms] [ERROR] Failed to load resource: Could not connect to the server. @ http://localhost:4401/api/billing/ai-credits/summary:0
[ 8703804ms] [ERROR] Failed to load resource: Could not connect to the server. @ http://localhost:4401/api/billing/ai-credits/summary:0
[ 8732422ms] [ERROR] Failed to load resource: Could not connect to the server. @ http://localhost:4401/dashboard/overview:0
[ 8732424ms] [ERROR] Failed to load resource: Could not connect to the server. @ http://localhost:4401/dashboard/alerts?limit=6:0
[ 8732632ms] [ERROR] Failed to load resource: Could not connect to the server. @ http://localhost:4401/dashboard/overview:0
[ 8732633ms] [ERROR] Failed to load resource: Could not connect to the server. @ http://localhost:4401/dashboard/alerts?limit=6:0
[ 8732991ms] [ERROR] Failed to load resource: Could not connect to the server. @ http://localhost:4401/api/billing/ai-credits/summary:0
[ 8733195ms] [ERROR] Failed to load resource: Could not connect to the server. @ http://localhost:4401/api/billing/ai-credits/summary:0
[ 8733235ms] [ERROR] Failed to load resource: Could not connect to the server. @ http://localhost:4401/dashboard/overview:0
[ 8733236ms] [ERROR] Failed to load resource: Could not connect to the server. @ http://localhost:4401/dashboard/alerts?limit=6:0
[ 8733803ms] [ERROR] Failed to load resource: Could not connect to the server. @ http://localhost:4401/api/billing/ai-credits/summary:0
[ 8763000ms] [ERROR] Failed to load resource: Could not connect to the server. @ http://localhost:4401/api/billing/ai-credits/summary:0
[ 8763205ms] [ERROR] Failed to load resource: Could not connect to the server. @ http://localhost:4401/api/billing/ai-credits/summary:0
[ 8763814ms] [ERROR] Failed to load resource: Could not connect to the server. @ http://localhost:4401/api/billing/ai-credits/summary:0
[ 8792425ms] [ERROR] Failed to load resource: Could not connect to the server. @ http://localhost:4401/dashboard/overview:0
[ 8792427ms] [ERROR] Failed to load resource: Could not connect to the server. @ http://localhost:4401/dashboard/alerts?limit=6:0
[ 8792634ms] [ERROR] Failed to load resource: Could not connect to the server. @ http://localhost:4401/dashboard/overview:0
[ 8792635ms] [ERROR] Failed to load resource: Could not connect to the server. @ http://localhost:4401/dashboard/alerts?limit=6:0
[ 8793002ms] [ERROR] Failed to load resource: Could not connect to the server. @ http://localhost:4401/api/billing/ai-credits/summary:0
[ 8793206ms] [ERROR] Failed to load resource: Could not connect to the server. @ http://localhost:4401/api/billing/ai-credits/summary:0
[ 8793238ms] [ERROR] Failed to load resource: Could not connect to the server. @ http://localhost:4401/dashboard/overview:0
[ 8793239ms] [ERROR] Failed to load resource: Could not connect to the server. @ http://localhost:4401/dashboard/alerts?limit=6:0
[ 8793813ms] [ERROR] Failed to load resource: Could not connect to the server. @ http://localhost:4401/api/billing/ai-credits/summary:0
[ 8823014ms] [ERROR] Failed to load resource: Could not connect to the server. @ http://localhost:4401/api/billing/ai-credits/summary:0
[ 8823224ms] [ERROR] Failed to load resource: Could not connect to the server. @ http://localhost:4401/api/billing/ai-credits/summary:0
[ 8823835ms] [ERROR] Failed to load resource: Could not connect to the server. @ http://localhost:4401/api/billing/ai-credits/summary:0
[ 8852433ms] [ERROR] Failed to load resource: Could not connect to the server. @ http://localhost:4401/dashboard/overview:0
[ 8852434ms] [ERROR] Failed to load resource: Could not connect to the server. @ http://localhost:4401/dashboard/alerts?limit=6:0
[ 8852650ms] [ERROR] Failed to load resource: Could not connect to the server. @ http://localhost:4401/dashboard/overview:0
[ 8852651ms] [ERROR] Failed to load resource: Could not connect to the server. @ http://localhost:4401/dashboard/alerts?limit=6:0
[ 8853008ms] [ERROR] Failed to load resource: Could not connect to the server. @ http://localhost:4401/api/billing/ai-credits/summary:0
[ 8853212ms] [ERROR] Failed to load resource: Could not connect to the server. @ http://localhost:4401/api/billing/ai-credits/summary:0
[ 8853253ms] [ERROR] Failed to load resource: Could not connect to the server. @ http://localhost:4401/dashboard/overview:0
[ 8853254ms] [ERROR] Failed to load resource: Could not connect to the server. @ http://localhost:4401/dashboard/alerts?limit=6:0
[ 8853824ms] [ERROR] Failed to load resource: Could not connect to the server. @ http://localhost:4401/api/billing/ai-credits/summary:0
[ 8883018ms] [ERROR] Failed to load resource: Could not connect to the server. @ http://localhost:4401/api/billing/ai-credits/summary:0
[ 8883228ms] [ERROR] Failed to load resource: Could not connect to the server. @ http://localhost:4401/api/billing/ai-credits/summary:0
[ 8883834ms] [ERROR] Failed to load resource: Could not connect to the server. @ http://localhost:4401/api/billing/ai-credits/summary:0
[ 8912435ms] [ERROR] Failed to load resource: Could not connect to the server. @ http://localhost:4401/dashboard/overview:0
[ 8912437ms] [ERROR] Failed to load resource: Could not connect to the server. @ http://localhost:4401/dashboard/alerts?limit=6:0
[ 8912646ms] [ERROR] Failed to load resource: Could not connect to the server. @ http://localhost:4401/dashboard/overview:0
[ 8912648ms] [ERROR] Failed to load resource: Could not connect to the server. @ http://localhost:4401/dashboard/alerts?limit=6:0
[ 8913017ms] [ERROR] Failed to load resource: Could not connect to the server. @ http://localhost:4401/api/billing/ai-credits/summary:0
[ 8913222ms] [ERROR] Failed to load resource: Could not connect to the server. @ http://localhost:4401/api/billing/ai-credits/summary:0
[ 8913251ms] [ERROR] Failed to load resource: Could not connect to the server. @ http://localhost:4401/dashboard/overview:0
[ 8913252ms] [ERROR] Failed to load resource: Could not connect to the server. @ http://localhost:4401/dashboard/alerts?limit=6:0
[ 8913833ms] [ERROR] Failed to load resource: Could not connect to the server. @ http://localhost:4401/api/billing/ai-credits/summary:0
[ 8943027ms] [ERROR] Failed to load resource: Could not connect to the server. @ http://localhost:4401/api/billing/ai-credits/summary:0
[ 8943233ms] [ERROR] Failed to load resource: Could not connect to the server. @ http://localhost:4401/api/billing/ai-credits/summary:0
[ 8943842ms] [ERROR] Failed to load resource: Could not connect to the server. @ http://localhost:4401/api/billing/ai-credits/summary:0
[ 8972440ms] [ERROR] Failed to load resource: Could not connect to the server. @ http://localhost:4401/dashboard/overview:0
[ 8972441ms] [ERROR] Failed to load resource: Could not connect to the server. @ http://localhost:4401/dashboard/alerts?limit=6:0
[ 8972653ms] [ERROR] Failed to load resource: Could not connect to the server. @ http://localhost:4401/dashboard/overview:0
[ 8972654ms] [ERROR] Failed to load resource: Could not connect to the server. @ http://localhost:4401/dashboard/alerts?limit=6:0
[ 8973025ms] [ERROR] Failed to load resource: Could not connect to the server. @ http://localhost:4401/api/billing/ai-credits/summary:0
[ 8973229ms] [ERROR] Failed to load resource: Could not connect to the server. @ http://localhost:4401/api/billing/ai-credits/summary:0
[ 8973256ms] [ERROR] Failed to load resource: Could not connect to the server. @ http://localhost:4401/dashboard/overview:0
[ 8973257ms] [ERROR] Failed to load resource: Could not connect to the server. @ http://localhost:4401/dashboard/alerts?limit=6:0
[ 8973837ms] [ERROR] Failed to load resource: Could not connect to the server. @ http://localhost:4401/api/billing/ai-credits/summary:0
[ 9003035ms] [ERROR] Failed to load resource: Could not connect to the server. @ http://localhost:4401/api/billing/ai-credits/summary:0
[ 9003246ms] [ERROR] Failed to load resource: Could not connect to the server. @ http://localhost:4401/api/billing/ai-credits/summary:0
[ 9003851ms] [ERROR] Failed to load resource: Could not connect to the server. @ http://localhost:4401/api/billing/ai-credits/summary:0
[ 9032441ms] [ERROR] Failed to load resource: Could not connect to the server. @ http://localhost:4401/dashboard/overview:0
[ 9032442ms] [ERROR] Failed to load resource: Could not connect to the server. @ http://localhost:4401/dashboard/alerts?limit=6:0
[ 9032656ms] [ERROR] Failed to load resource: Could not connect to the server. @ http://localhost:4401/dashboard/overview:0
[ 9032657ms] [ERROR] Failed to load resource: Could not connect to the server. @ http://localhost:4401/dashboard/alerts?limit=6:0
[ 9033033ms] [ERROR] Failed to load resource: Could not connect to the server. @ http://localhost:4401/api/billing/ai-credits/summary:0
[ 9033237ms] [ERROR] Failed to load resource: Could not connect to the server. @ http://localhost:4401/api/billing/ai-credits/summary:0
[ 9033261ms] [ERROR] Failed to load resource: Could not connect to the server. @ http://localhost:4401/dashboard/overview:0
[ 9033261ms] [ERROR] Failed to load resource: Could not connect to the server. @ http://localhost:4401/dashboard/alerts?limit=6:0
[ 9033847ms] [ERROR] Failed to load resource: Could not connect to the server. @ http://localhost:4401/api/billing/ai-credits/summary:0
[ 9063043ms] [ERROR] Failed to load resource: Could not connect to the server. @ http://localhost:4401/api/billing/ai-credits/summary:0
[ 9063254ms] [ERROR] Failed to load resource: Could not connect to the server. @ http://localhost:4401/api/billing/ai-credits/summary:0
[ 9063860ms] [ERROR] Failed to load resource: Could not connect to the server. @ http://localhost:4401/api/billing/ai-credits/summary:0
[ 9092442ms] [ERROR] Failed to load resource: Could not connect to the server. @ http://localhost:4401/dashboard/overview:0
[ 9092442ms] [ERROR] Failed to load resource: Could not connect to the server. @ http://localhost:4401/dashboard/alerts?limit=6:0
[ 9092655ms] [ERROR] Failed to load resource: Could not connect to the server. @ http://localhost:4401/dashboard/overview:0
[ 9092656ms] [ERROR] Failed to load resource: Could not connect to the server. @ http://localhost:4401/dashboard/alerts?limit=6:0
[ 9093046ms] [ERROR] Failed to load resource: Could not connect to the server. @ http://localhost:4401/api/billing/ai-credits/summary:0
[ 9093253ms] [ERROR] Failed to load resource: Could not connect to the server. @ http://localhost:4401/api/billing/ai-credits/summary:0
[ 9093259ms] [ERROR] Failed to load resource: Could not connect to the server. @ http://localhost:4401/dashboard/overview:0
[ 9093259ms] [ERROR] Failed to load resource: Could not connect to the server. @ http://localhost:4401/dashboard/alerts?limit=6:0
[ 9093865ms] [ERROR] Failed to load resource: Could not connect to the server. @ http://localhost:4401/api/billing/ai-credits/summary:0
[ 9123050ms] [ERROR] Failed to load resource: Could not connect to the server. @ http://localhost:4401/api/billing/ai-credits/summary:0
[ 9123258ms] [ERROR] Failed to load resource: Could not connect to the server. @ http://localhost:4401/api/billing/ai-credits/summary:0
[ 9123862ms] [ERROR] Failed to load resource: Could not connect to the server. @ http://localhost:4401/api/billing/ai-credits/summary:0
[ 9152450ms] [ERROR] Failed to load resource: Could not connect to the server. @ http://localhost:4401/dashboard/overview:0
[ 9152452ms] [ERROR] Failed to load resource: Could not connect to the server. @ http://localhost:4401/dashboard/alerts?limit=6:0
[ 9152663ms] [ERROR] Failed to load resource: Could not connect to the server. @ http://localhost:4401/dashboard/overview:0
[ 9152664ms] [ERROR] Failed to load resource: Could not connect to the server. @ http://localhost:4401/dashboard/alerts?limit=6:0
[ 9153048ms] [ERROR] Failed to load resource: Could not connect to the server. @ http://localhost:4401/api/billing/ai-credits/summary:0
[ 9153252ms] [ERROR] Failed to load resource: Could not connect to the server. @ http://localhost:4401/api/billing/ai-credits/summary:0
[ 9153265ms] [ERROR] Failed to load resource: Could not connect to the server. @ http://localhost:4401/dashboard/overview:0
[ 9153266ms] [ERROR] Failed to load resource: Could not connect to the server. @ http://localhost:4401/dashboard/alerts?limit=6:0
[ 9153861ms] [ERROR] Failed to load resource: Could not connect to the server. @ http://localhost:4401/api/billing/ai-credits/summary:0
[ 9183054ms] [ERROR] Failed to load resource: Could not connect to the server. @ http://localhost:4401/api/billing/ai-credits/summary:0
[ 9183260ms] [ERROR] Failed to load resource: Could not connect to the server. @ http://localhost:4401/api/billing/ai-credits/summary:0
[ 9183872ms] [ERROR] Failed to load resource: Could not connect to the server. @ http://localhost:4401/api/billing/ai-credits/summary:0
[ 9212454ms] [ERROR] Failed to load resource: Could not connect to the server. @ http://localhost:4401/dashboard/overview:0
[ 9212455ms] [ERROR] Failed to load resource: Could not connect to the server. @ http://localhost:4401/dashboard/alerts?limit=6:0
[ 9212665ms] [ERROR] Failed to load resource: Could not connect to the server. @ http://localhost:4401/dashboard/overview:0
[ 9212666ms] [ERROR] Failed to load resource: Could not connect to the server. @ http://localhost:4401/dashboard/alerts?limit=6:0
[ 9213056ms] [ERROR] Failed to load resource: Could not connect to the server. @ http://localhost:4401/api/billing/ai-credits/summary:0
[ 9213259ms] [ERROR] Failed to load resource: Could not connect to the server. @ http://localhost:4401/api/billing/ai-credits/summary:0
[ 9213267ms] [ERROR] Failed to load resource: Could not connect to the server. @ http://localhost:4401/dashboard/overview:0
[ 9213268ms] [ERROR] Failed to load resource: Could not connect to the server. @ http://localhost:4401/dashboard/alerts?limit=6:0
[ 9213870ms] [ERROR] Failed to load resource: Could not connect to the server. @ http://localhost:4401/api/billing/ai-credits/summary:0
[ 9243067ms] [ERROR] Failed to load resource: Could not connect to the server. @ http://localhost:4401/api/billing/ai-credits/summary:0
[ 9243273ms] [ERROR] Failed to load resource: Could not connect to the server. @ http://localhost:4401/api/billing/ai-credits/summary:0
[ 9243884ms] [ERROR] Failed to load resource: Could not connect to the server. @ http://localhost:4401/api/billing/ai-credits/summary:0
[ 9272459ms] [ERROR] Failed to load resource: Could not connect to the server. @ http://localhost:4401/dashboard/overview:0
[ 9272461ms] [ERROR] Failed to load resource: Could not connect to the server. @ http://localhost:4401/dashboard/alerts?limit=6:0
[ 9272670ms] [ERROR] Failed to load resource: Could not connect to the server. @ http://localhost:4401/dashboard/overview:0
[ 9272672ms] [ERROR] Failed to load resource: Could not connect to the server. @ http://localhost:4401/dashboard/alerts?limit=6:0
[ 9273065ms] [ERROR] Failed to load resource: Could not connect to the server. @ http://localhost:4401/api/billing/ai-credits/summary:0
[ 9273268ms] [ERROR] Failed to load resource: Could not connect to the server. @ http://localhost:4401/api/billing/ai-credits/summary:0
[ 9273272ms] [ERROR] Failed to load resource: Could not connect to the server. @ http://localhost:4401/dashboard/overview:0
[ 9273273ms] [ERROR] Failed to load resource: Could not connect to the server. @ http://localhost:4401/dashboard/alerts?limit=6:0
[ 9273877ms] [ERROR] Failed to load resource: Could not connect to the server. @ http://localhost:4401/api/billing/ai-credits/summary:0
[ 9303075ms] [ERROR] Failed to load resource: Could not connect to the server. @ http://localhost:4401/api/billing/ai-credits/summary:0
[ 9303279ms] [ERROR] Failed to load resource: Could not connect to the server. @ http://localhost:4401/api/billing/ai-credits/summary:0
[ 9303890ms] [ERROR] Failed to load resource: Could not connect to the server. @ http://localhost:4401/api/billing/ai-credits/summary:0
[ 9332463ms] [ERROR] Failed to load resource: Could not connect to the server. @ http://localhost:4401/dashboard/overview:0
[ 9332465ms] [ERROR] Failed to load resource: Could not connect to the server. @ http://localhost:4401/dashboard/alerts?limit=6:0
[ 9332673ms] [ERROR] Failed to load resource: Could not connect to the server. @ http://localhost:4401/dashboard/overview:0
[ 9332675ms] [ERROR] Failed to load resource: Could not connect to the server. @ http://localhost:4401/dashboard/alerts?limit=6:0
[ 9333073ms] [ERROR] Failed to load resource: Could not connect to the server. @ http://localhost:4401/api/billing/ai-credits/summary:0
[ 9333277ms] [ERROR] Failed to load resource: Could not connect to the server. @ http://localhost:4401/api/billing/ai-credits/summary:0
[ 9333278ms] [ERROR] Failed to load resource: Could not connect to the server. @ http://localhost:4401/dashboard/overview:0
[ 9333278ms] [ERROR] Failed to load resource: Could not connect to the server. @ http://localhost:4401/dashboard/alerts?limit=6:0
[ 9333886ms] [ERROR] Failed to load resource: Could not connect to the server. @ http://localhost:4401/api/billing/ai-credits/summary:0
[ 9363083ms] [ERROR] Failed to load resource: Could not connect to the server. @ http://localhost:4401/api/billing/ai-credits/summary:0
[ 9363287ms] [ERROR] Failed to load resource: Could not connect to the server. @ http://localhost:4401/api/billing/ai-credits/summary:0
[ 9363897ms] [ERROR] Failed to load resource: Could not connect to the server. @ http://localhost:4401/api/billing/ai-credits/summary:0
[ 9392468ms] [ERROR] Failed to load resource: Could not connect to the server. @ http://localhost:4401/dashboard/overview:0
[ 9392469ms] [ERROR] Failed to load resource: Could not connect to the server. @ http://localhost:4401/dashboard/alerts?limit=6:0
[ 9392681ms] [ERROR] Failed to load resource: Could not connect to the server. @ http://localhost:4401/dashboard/overview:0
[ 9392682ms] [ERROR] Failed to load resource: Could not connect to the server. @ http://localhost:4401/dashboard/alerts?limit=6:0
[ 9393081ms] [ERROR] Failed to load resource: Could not connect to the server. @ http://localhost:4401/api/billing/ai-credits/summary:0
[ 9393285ms] [ERROR] Failed to load resource: Could not connect to the server. @ http://localhost:4401/api/billing/ai-credits/summary:0
[ 9393285ms] [ERROR] Failed to load resource: Could not connect to the server. @ http://localhost:4401/dashboard/overview:0
[ 9393286ms] [ERROR] Failed to load resource: Could not connect to the server. @ http://localhost:4401/dashboard/alerts?limit=6:0
[ 9393890ms] [ERROR] Failed to load resource: Could not connect to the server. @ http://localhost:4401/api/billing/ai-credits/summary:0
[ 9423090ms] [ERROR] Failed to load resource: Could not connect to the server. @ http://localhost:4401/api/billing/ai-credits/summary:0
[ 9423296ms] [ERROR] Failed to load resource: Could not connect to the server. @ http://localhost:4401/api/billing/ai-credits/summary:0
[ 9423907ms] [ERROR] Failed to load resource: Could not connect to the server. @ http://localhost:4401/api/billing/ai-credits/summary:0
[ 9452473ms] [ERROR] Failed to load resource: Could not connect to the server. @ http://localhost:4401/dashboard/overview:0
[ 9452474ms] [ERROR] Failed to load resource: Could not connect to the server. @ http://localhost:4401/dashboard/alerts?limit=6:0
[ 9452686ms] [ERROR] Failed to load resource: Could not connect to the server. @ http://localhost:4401/dashboard/overview:0
[ 9452687ms] [ERROR] Failed to load resource: Could not connect to the server. @ http://localhost:4401/dashboard/alerts?limit=6:0
[ 9453089ms] [ERROR] Failed to load resource: Could not connect to the server. @ http://localhost:4401/api/billing/ai-credits/summary:0
[ 9453290ms] [ERROR] Failed to load resource: Could not connect to the server. @ http://localhost:4401/dashboard/overview:0
[ 9453291ms] [ERROR] Failed to load resource: Could not connect to the server. @ http://localhost:4401/dashboard/alerts?limit=6:0
[ 9453291ms] [ERROR] Failed to load resource: Could not connect to the server. @ http://localhost:4401/api/billing/ai-credits/summary:0
[ 9453902ms] [ERROR] Failed to load resource: Could not connect to the server. @ http://localhost:4401/api/billing/ai-credits/summary:0
[ 9483101ms] [ERROR] Failed to load resource: Could not connect to the server. @ http://localhost:4401/api/billing/ai-credits/summary:0
[ 9483307ms] [ERROR] Failed to load resource: Could not connect to the server. @ http://localhost:4401/api/billing/ai-credits/summary:0
[ 9483915ms] [ERROR] Failed to load resource: Could not connect to the server. @ http://localhost:4401/api/billing/ai-credits/summary:0
[ 9512476ms] [ERROR] Failed to load resource: Could not connect to the server. @ http://localhost:4401/dashboard/overview:0
[ 9512478ms] [ERROR] Failed to load resource: Could not connect to the server. @ http://localhost:4401/dashboard/alerts?limit=6:0
[ 9512687ms] [ERROR] Failed to load resource: Could not connect to the server. @ http://localhost:4401/dashboard/overview:0
[ 9512689ms] [ERROR] Failed to load resource: Could not connect to the server. @ http://localhost:4401/dashboard/alerts?limit=6:0
[ 9513098ms] [ERROR] Failed to load resource: Could not connect to the server. @ http://localhost:4401/api/billing/ai-credits/summary:0
[ 9513292ms] [ERROR] Failed to load resource: Could not connect to the server. @ http://localhost:4401/dashboard/overview:0
[ 9513293ms] [ERROR] Failed to load resource: Could not connect to the server. @ http://localhost:4401/dashboard/alerts?limit=6:0
[ 9513300ms] [ERROR] Failed to load resource: Could not connect to the server. @ http://localhost:4401/api/billing/ai-credits/summary:0
[ 9513911ms] [ERROR] Failed to load resource: Could not connect to the server. @ http://localhost:4401/api/billing/ai-credits/summary:0
[ 9543103ms] [ERROR] Failed to load resource: Could not connect to the server. @ http://localhost:4401/api/billing/ai-credits/summary:0
[ 9543309ms] [ERROR] Failed to load resource: Could not connect to the server. @ http://localhost:4401/api/billing/ai-credits/summary:0
[ 9543921ms] [ERROR] Failed to load resource: Could not connect to the server. @ http://localhost:4401/api/billing/ai-credits/summary:0
[ 9572480ms] [ERROR] Failed to load resource: Could not connect to the server. @ http://localhost:4401/dashboard/overview:0
[ 9572481ms] [ERROR] Failed to load resource: Could not connect to the server. @ http://localhost:4401/dashboard/alerts?limit=6:0
[ 9572691ms] [ERROR] Failed to load resource: Could not connect to the server. @ http://localhost:4401/dashboard/overview:0
[ 9572692ms] [ERROR] Failed to load resource: Could not connect to the server. @ http://localhost:4401/dashboard/alerts?limit=6:0
[ 9573105ms] [ERROR] Failed to load resource: Could not connect to the server. @ http://localhost:4401/api/billing/ai-credits/summary:0
[ 9573296ms] [ERROR] Failed to load resource: Could not connect to the server. @ http://localhost:4401/dashboard/overview:0
[ 9573296ms] [ERROR] Failed to load resource: Could not connect to the server. @ http://localhost:4401/dashboard/alerts?limit=6:0
[ 9573308ms] [ERROR] Failed to load resource: Could not connect to the server. @ http://localhost:4401/api/billing/ai-credits/summary:0
[ 9573919ms] [ERROR] Failed to load resource: Could not connect to the server. @ http://localhost:4401/api/billing/ai-credits/summary:0
[ 9603111ms] [ERROR] Failed to load resource: Could not connect to the server. @ http://localhost:4401/api/billing/ai-credits/summary:0
[ 9603315ms] [ERROR] Failed to load resource: Could not connect to the server. @ http://localhost:4401/api/billing/ai-credits/summary:0
[ 9603926ms] [ERROR] Failed to load resource: Could not connect to the server. @ http://localhost:4401/api/billing/ai-credits/summary:0
[ 9632484ms] [ERROR] Failed to load resource: Could not connect to the server. @ http://localhost:4401/dashboard/overview:0
[ 9632485ms] [ERROR] Failed to load resource: Could not connect to the server. @ http://localhost:4401/dashboard/alerts?limit=6:0
[ 9632693ms] [ERROR] Failed to load resource: Could not connect to the server. @ http://localhost:4401/dashboard/overview:0
[ 9632694ms] [ERROR] Failed to load resource: Could not connect to the server. @ http://localhost:4401/dashboard/alerts?limit=6:0
[ 9633113ms] [ERROR] Failed to load resource: Could not connect to the server. @ http://localhost:4401/api/billing/ai-credits/summary:0
[ 9633298ms] [ERROR] Failed to load resource: Could not connect to the server. @ http://localhost:4401/dashboard/overview:0
[ 9633298ms] [ERROR] Failed to load resource: Could not connect to the server. @ http://localhost:4401/dashboard/alerts?limit=6:0
[ 9633318ms] [ERROR] Failed to load resource: Could not connect to the server. @ http://localhost:4401/api/billing/ai-credits/summary:0
[ 9633925ms] [ERROR] Failed to load resource: Could not connect to the server. @ http://localhost:4401/api/billing/ai-credits/summary:0
[ 9663124ms] [ERROR] Failed to load resource: Could not connect to the server. @ http://localhost:4401/api/billing/ai-credits/summary:0
[ 9663330ms] [ERROR] Failed to load resource: Could not connect to the server. @ http://localhost:4401/api/billing/ai-credits/summary:0
[ 9663936ms] [ERROR] Failed to load resource: Could not connect to the server. @ http://localhost:4401/api/billing/ai-credits/summary:0
[ 9692487ms] [ERROR] Failed to load resource: Could not connect to the server. @ http://localhost:4401/dashboard/overview:0
[ 9692488ms] [ERROR] Failed to load resource: Could not connect to the server. @ http://localhost:4401/dashboard/alerts?limit=6:0
[ 9692698ms] [ERROR] Failed to load resource: Could not connect to the server. @ http://localhost:4401/dashboard/overview:0
[ 9692699ms] [ERROR] Failed to load resource: Could not connect to the server. @ http://localhost:4401/dashboard/alerts?limit=6:0
[ 9693121ms] [ERROR] Failed to load resource: Could not connect to the server. @ http://localhost:4401/api/billing/ai-credits/summary:0
[ 9693302ms] [ERROR] Failed to load resource: Could not connect to the server. @ http://localhost:4401/dashboard/overview:0
[ 9693302ms] [ERROR] Failed to load resource: Could not connect to the server. @ http://localhost:4401/dashboard/alerts?limit=6:0
[ 9693324ms] [ERROR] Failed to load resource: Could not connect to the server. @ http://localhost:4401/api/billing/ai-credits/summary:0
[ 9693934ms] [ERROR] Failed to load resource: Could not connect to the server. @ http://localhost:4401/api/billing/ai-credits/summary:0
[ 9723131ms] [ERROR] Failed to load resource: Could not connect to the server. @ http://localhost:4401/api/billing/ai-credits/summary:0
[ 9723335ms] [ERROR] Failed to load resource: Could not connect to the server. @ http://localhost:4401/api/billing/ai-credits/summary:0
[ 9723944ms] [ERROR] Failed to load resource: Could not connect to the server. @ http://localhost:4401/api/billing/ai-credits/summary:0
[ 9752492ms] [ERROR] Failed to load resource: Could not connect to the server. @ http://localhost:4401/dashboard/overview:0
[ 9752493ms] [ERROR] Failed to load resource: Could not connect to the server. @ http://localhost:4401/dashboard/alerts?limit=6:0
[ 9752702ms] [ERROR] Failed to load resource: Could not connect to the server. @ http://localhost:4401/dashboard/overview:0
[ 9752703ms] [ERROR] Failed to load resource: Could not connect to the server. @ http://localhost:4401/dashboard/alerts?limit=6:0
[ 9753128ms] [ERROR] Failed to load resource: Could not connect to the server. @ http://localhost:4401/api/billing/ai-credits/summary:0
[ 9753305ms] [ERROR] Failed to load resource: Could not connect to the server. @ http://localhost:4401/dashboard/overview:0
[ 9753306ms] [ERROR] Failed to load resource: Could not connect to the server. @ http://localhost:4401/dashboard/alerts?limit=6:0
[ 9753332ms] [ERROR] Failed to load resource: Could not connect to the server. @ http://localhost:4401/api/billing/ai-credits/summary:0
[ 9753940ms] [ERROR] Failed to load resource: Could not connect to the server. @ http://localhost:4401/api/billing/ai-credits/summary:0
[ 9783134ms] [ERROR] Failed to load resource: Could not connect to the server. @ http://localhost:4401/api/billing/ai-credits/summary:0
[ 9783337ms] [ERROR] Failed to load resource: Could not connect to the server. @ http://localhost:4401/api/billing/ai-credits/summary:0
[ 9783946ms] [ERROR] Failed to load resource: Could not connect to the server. @ http://localhost:4401/api/billing/ai-credits/summary:0
[ 9812495ms] [ERROR] Failed to load resource: Could not connect to the server. @ http://localhost:4401/dashboard/overview:0
[ 9812496ms] [ERROR] Failed to load resource: Could not connect to the server. @ http://localhost:4401/dashboard/alerts?limit=6:0
[ 9812706ms] [ERROR] Failed to load resource: Could not connect to the server. @ http://localhost:4401/dashboard/overview:0
[ 9812708ms] [ERROR] Failed to load resource: Could not connect to the server. @ http://localhost:4401/dashboard/alerts?limit=6:0
[ 9813136ms] [ERROR] Failed to load resource: Could not connect to the server. @ http://localhost:4401/api/billing/ai-credits/summary:0
[ 9813310ms] [ERROR] Failed to load resource: Could not connect to the server. @ http://localhost:4401/dashboard/overview:0
[ 9813310ms] [ERROR] Failed to load resource: Could not connect to the server. @ http://localhost:4401/dashboard/alerts?limit=6:0
[ 9813339ms] [ERROR] Failed to load resource: Could not connect to the server. @ http://localhost:4401/api/billing/ai-credits/summary:0
[ 9813951ms] [ERROR] Failed to load resource: Could not connect to the server. @ http://localhost:4401/api/billing/ai-credits/summary:0
[ 9843148ms] [ERROR] Failed to load resource: Could not connect to the server. @ http://localhost:4401/api/billing/ai-credits/summary:0
[ 9843353ms] [ERROR] Failed to load resource: Could not connect to the server. @ http://localhost:4401/api/billing/ai-credits/summary:0
[ 9843962ms] [ERROR] Failed to load resource: Could not connect to the server. @ http://localhost:4401/api/billing/ai-credits/summary:0
[ 9872500ms] [ERROR] Failed to load resource: Could not connect to the server. @ http://localhost:4401/dashboard/overview:0
[ 9872501ms] [ERROR] Failed to load resource: Could not connect to the server. @ http://localhost:4401/dashboard/alerts?limit=6:0
[ 9872712ms] [ERROR] Failed to load resource: Could not connect to the server. @ http://localhost:4401/dashboard/overview:0
[ 9872713ms] [ERROR] Failed to load resource: Could not connect to the server. @ http://localhost:4401/dashboard/alerts?limit=6:0
[ 9873144ms] [ERROR] Failed to load resource: Could not connect to the server. @ http://localhost:4401/api/billing/ai-credits/summary:0
[ 9873315ms] [ERROR] Failed to load resource: Could not connect to the server. @ http://localhost:4401/dashboard/overview:0
[ 9873316ms] [ERROR] Failed to load resource: Could not connect to the server. @ http://localhost:4401/dashboard/alerts?limit=6:0
[ 9873347ms] [ERROR] Failed to load resource: Could not connect to the server. @ http://localhost:4401/api/billing/ai-credits/summary:0
[ 9873958ms] [ERROR] Failed to load resource: Could not connect to the server. @ http://localhost:4401/api/billing/ai-credits/summary:0
[ 9903153ms] [ERROR] Failed to load resource: Could not connect to the server. @ http://localhost:4401/api/billing/ai-credits/summary:0
[ 9903359ms] [ERROR] Failed to load resource: Could not connect to the server. @ http://localhost:4401/api/billing/ai-credits/summary:0
[ 9903969ms] [ERROR] Failed to load resource: Could not connect to the server. @ http://localhost:4401/api/billing/ai-credits/summary:0
[ 9932503ms] [ERROR] Failed to load resource: Could not connect to the server. @ http://localhost:4401/dashboard/overview:0
[ 9932505ms] [ERROR] Failed to load resource: Could not connect to the server. @ http://localhost:4401/dashboard/alerts?limit=6:0
[ 9932715ms] [ERROR] Failed to load resource: Could not connect to the server. @ http://localhost:4401/dashboard/overview:0
[ 9932716ms] [ERROR] Failed to load resource: Could not connect to the server. @ http://localhost:4401/dashboard/alerts?limit=6:0
[ 9933153ms] [ERROR] Failed to load resource: Could not connect to the server. @ http://localhost:4401/api/billing/ai-credits/summary:0
[ 9933318ms] [ERROR] Failed to load resource: Could not connect to the server. @ http://localhost:4401/dashboard/overview:0
[ 9933319ms] [ERROR] Failed to load resource: Could not connect to the server. @ http://localhost:4401/dashboard/alerts?limit=6:0
[ 9933355ms] [ERROR] Failed to load resource: Could not connect to the server. @ http://localhost:4401/api/billing/ai-credits/summary:0
[ 9933966ms] [ERROR] Failed to load resource: Could not connect to the server. @ http://localhost:4401/api/billing/ai-credits/summary:0
[ 9963157ms] [ERROR] Failed to load resource: Could not connect to the server. @ http://localhost:4401/api/billing/ai-credits/summary:0
[ 9963360ms] [ERROR] Failed to load resource: Could not connect to the server. @ http://localhost:4401/api/billing/ai-credits/summary:0
[ 9963970ms] [ERROR] Failed to load resource: Could not connect to the server. @ http://localhost:4401/api/billing/ai-credits/summary:0
[ 9992499ms] [ERROR] Failed to load resource: Could not connect to the server. @ http://localhost:4401/dashboard/overview:0
[ 9992500ms] [ERROR] Failed to load resource: Could not connect to the server. @ http://localhost:4401/dashboard/alerts?limit=6:0
[ 9992704ms] [ERROR] Failed to load resource: Could not connect to the server. @ http://localhost:4401/dashboard/overview:0
[ 9992705ms] [ERROR] Failed to load resource: Could not connect to the server. @ http://localhost:4401/dashboard/alerts?limit=6:0
[ 9993166ms] [ERROR] Failed to load resource: Could not connect to the server. @ http://localhost:4401/api/billing/ai-credits/summary:0
[ 9993309ms] [ERROR] Failed to load resource: Could not connect to the server. @ http://localhost:4401/dashboard/overview:0
[ 9993310ms] [ERROR] Failed to load resource: Could not connect to the server. @ http://localhost:4401/dashboard/alerts?limit=6:0
[ 9993370ms] [ERROR] Failed to load resource: Could not connect to the server. @ http://localhost:4401/api/billing/ai-credits/summary:0
[ 9993980ms] [ERROR] Failed to load resource: Could not connect to the server. @ http://localhost:4401/api/billing/ai-credits/summary:0
[10023169ms] [ERROR] Failed to load resource: Could not connect to the server. @ http://localhost:4401/api/billing/ai-credits/summary:0
[10023375ms] [ERROR] Failed to load resource: Could not connect to the server. @ http://localhost:4401/api/billing/ai-credits/summary:0
[10023986ms] [ERROR] Failed to load resource: Could not connect to the server. @ http://localhost:4401/api/billing/ai-credits/summary:0
[10052513ms] [ERROR] Failed to load resource: Could not connect to the server. @ http://localhost:4401/dashboard/overview:0
[10052515ms] [ERROR] Failed to load resource: Could not connect to the server. @ http://localhost:4401/dashboard/alerts?limit=6:0
[10052724ms] [ERROR] Failed to load resource: Could not connect to the server. @ http://localhost:4401/dashboard/overview:0
[10052726ms] [ERROR] Failed to load resource: Could not connect to the server. @ http://localhost:4401/dashboard/alerts?limit=6:0
[10053169ms] [ERROR] Failed to load resource: Could not connect to the server. @ http://localhost:4401/api/billing/ai-credits/summary:0
[10053329ms] [ERROR] Failed to load resource: Could not connect to the server. @ http://localhost:4401/dashboard/overview:0
[10053329ms] [ERROR] Failed to load resource: Could not connect to the server. @ http://localhost:4401/dashboard/alerts?limit=6:0
[10053373ms] [ERROR] Failed to load resource: Could not connect to the server. @ http://localhost:4401/api/billing/ai-credits/summary:0
[10053986ms] [ERROR] Failed to load resource: Could not connect to the server. @ http://localhost:4401/api/billing/ai-credits/summary:0
[10083178ms] [ERROR] Failed to load resource: Could not connect to the server. @ http://localhost:4401/api/billing/ai-credits/summary:0
[10083384ms] [ERROR] Failed to load resource: Could not connect to the server. @ http://localhost:4401/api/billing/ai-credits/summary:0
[10083996ms] [ERROR] Failed to load resource: Could not connect to the server. @ http://localhost:4401/api/billing/ai-credits/summary:0
[10112515ms] [ERROR] Failed to load resource: Could not connect to the server. @ http://localhost:4401/dashboard/overview:0
[10112516ms] [ERROR] Failed to load resource: Could not connect to the server. @ http://localhost:4401/dashboard/alerts?limit=6:0
[10112727ms] [ERROR] Failed to load resource: Could not connect to the server. @ http://localhost:4401/dashboard/overview:0
[10112728ms] [ERROR] Failed to load resource: Could not connect to the server. @ http://localhost:4401/dashboard/alerts?limit=6:0
[10113177ms] [ERROR] Failed to load resource: Could not connect to the server. @ http://localhost:4401/api/billing/ai-credits/summary:0
[10113331ms] [ERROR] Failed to load resource: Could not connect to the server. @ http://localhost:4401/dashboard/overview:0
[10113332ms] [ERROR] Failed to load resource: Could not connect to the server. @ http://localhost:4401/dashboard/alerts?limit=6:0
[10113381ms] [ERROR] Failed to load resource: Could not connect to the server. @ http://localhost:4401/api/billing/ai-credits/summary:0
[10113992ms] [ERROR] Failed to load resource: Could not connect to the server. @ http://localhost:4401/api/billing/ai-credits/summary:0
[10143187ms] [ERROR] Failed to load resource: Could not connect to the server. @ http://localhost:4401/api/billing/ai-credits/summary:0
[10143397ms] [ERROR] Failed to load resource: Could not connect to the server. @ http://localhost:4401/api/billing/ai-credits/summary:0
[10144001ms] [ERROR] Failed to load resource: Could not connect to the server. @ http://localhost:4401/api/billing/ai-credits/summary:0
[10172520ms] [ERROR] Failed to load resource: Could not connect to the server. @ http://localhost:4401/dashboard/overview:0
[10172521ms] [ERROR] Failed to load resource: Could not connect to the server. @ http://localhost:4401/dashboard/alerts?limit=6:0
[10172732ms] [ERROR] Failed to load resource: Could not connect to the server. @ http://localhost:4401/dashboard/overview:0
[10172733ms] [ERROR] Failed to load resource: Could not connect to the server. @ http://localhost:4401/dashboard/alerts?limit=6:0
[10173183ms] [ERROR] Failed to load resource: Could not connect to the server. @ http://localhost:4401/api/billing/ai-credits/summary:0
[10173335ms] [ERROR] Failed to load resource: Could not connect to the server. @ http://localhost:4401/dashboard/overview:0
[10173336ms] [ERROR] Failed to load resource: Could not connect to the server. @ http://localhost:4401/dashboard/alerts?limit=6:0
[10173387ms] [ERROR] Failed to load resource: Could not connect to the server. @ http://localhost:4401/api/billing/ai-credits/summary:0
[10173998ms] [ERROR] Failed to load resource: Could not connect to the server. @ http://localhost:4401/api/billing/ai-credits/summary:0
[10203195ms] [ERROR] Failed to load resource: Could not connect to the server. @ http://localhost:4401/api/billing/ai-credits/summary:0
[10203402ms] [ERROR] Failed to load resource: Could not connect to the server. @ http://localhost:4401/api/billing/ai-credits/summary:0
[10204012ms] [ERROR] Failed to load resource: Could not connect to the server. @ http://localhost:4401/api/billing/ai-credits/summary:0
[10232524ms] [ERROR] Failed to load resource: Could not connect to the server. @ http://localhost:4401/dashboard/overview:0
[10232525ms] [ERROR] Failed to load resource: Could not connect to the server. @ http://localhost:4401/dashboard/alerts?limit=6:0
[10232735ms] [ERROR] Failed to load resource: Could not connect to the server. @ http://localhost:4401/dashboard/overview:0
[10232736ms] [ERROR] Failed to load resource: Could not connect to the server. @ http://localhost:4401/dashboard/alerts?limit=6:0
[10233192ms] [ERROR] Failed to load resource: Could not connect to the server. @ http://localhost:4401/api/billing/ai-credits/summary:0
[10233340ms] [ERROR] Failed to load resource: Could not connect to the server. @ http://localhost:4401/dashboard/overview:0
[10233340ms] [ERROR] Failed to load resource: Could not connect to the server. @ http://localhost:4401/dashboard/alerts?limit=6:0
[10233396ms] [ERROR] Failed to load resource: Could not connect to the server. @ http://localhost:4401/api/billing/ai-credits/summary:0
[10234007ms] [ERROR] Failed to load resource: Could not connect to the server. @ http://localhost:4401/api/billing/ai-credits/summary:0
[10263202ms] [ERROR] Failed to load resource: Could not connect to the server. @ http://localhost:4401/api/billing/ai-credits/summary:0
[10263412ms] [ERROR] Failed to load resource: Could not connect to the server. @ http://localhost:4401/api/billing/ai-credits/summary:0
[10264018ms] [ERROR] Failed to load resource: Could not connect to the server. @ http://localhost:4401/api/billing/ai-credits/summary:0
[10292529ms] [ERROR] Failed to load resource: Could not connect to the server. @ http://localhost:4401/dashboard/overview:0
[10292530ms] [ERROR] Failed to load resource: Could not connect to the server. @ http://localhost:4401/dashboard/alerts?limit=6:0
[10292740ms] [ERROR] Failed to load resource: Could not connect to the server. @ http://localhost:4401/dashboard/overview:0
[10292741ms] [ERROR] Failed to load resource: Could not connect to the server. @ http://localhost:4401/dashboard/alerts?limit=6:0
[10293201ms] [ERROR] Failed to load resource: Could not connect to the server. @ http://localhost:4401/api/billing/ai-credits/summary:0
[10293345ms] [ERROR] Failed to load resource: Could not connect to the server. @ http://localhost:4401/dashboard/overview:0
[10293345ms] [ERROR] Failed to load resource: Could not connect to the server. @ http://localhost:4401/dashboard/alerts?limit=6:0
[10293405ms] [ERROR] Failed to load resource: Could not connect to the server. @ http://localhost:4401/api/billing/ai-credits/summary:0
[10294015ms] [ERROR] Failed to load resource: Could not connect to the server. @ http://localhost:4401/api/billing/ai-credits/summary:0
[10323211ms] [ERROR] Failed to load resource: Could not connect to the server. @ http://localhost:4401/api/billing/ai-credits/summary:0
[10323423ms] [ERROR] Failed to load resource: Could not connect to the server. @ http://localhost:4401/api/billing/ai-credits/summary:0
[10324027ms] [ERROR] Failed to load resource: Could not connect to the server. @ http://localhost:4401/api/billing/ai-credits/summary:0
[10352527ms] [ERROR] Failed to load resource: Could not connect to the server. @ http://localhost:4401/dashboard/overview:0
[10352529ms] [ERROR] Failed to load resource: Could not connect to the server. @ http://localhost:4401/dashboard/alerts?limit=6:0
[10352739ms] [ERROR] Failed to load resource: Could not connect to the server. @ http://localhost:4401/dashboard/overview:0
[10352740ms] [ERROR] Failed to load resource: Could not connect to the server. @ http://localhost:4401/dashboard/alerts?limit=6:0
[10353207ms] [ERROR] Failed to load resource: Could not connect to the server. @ http://localhost:4401/api/billing/ai-credits/summary:0
[10353343ms] [ERROR] Failed to load resource: Could not connect to the server. @ http://localhost:4401/dashboard/overview:0
[10353344ms] [ERROR] Failed to load resource: Could not connect to the server. @ http://localhost:4401/dashboard/alerts?limit=6:0
[10353411ms] [ERROR] Failed to load resource: Could not connect to the server. @ http://localhost:4401/api/billing/ai-credits/summary:0
[10354020ms] [ERROR] Failed to load resource: Could not connect to the server. @ http://localhost:4401/api/billing/ai-credits/summary:0
[10383228ms] [ERROR] Failed to load resource: Could not connect to the server. @ http://localhost:4401/api/billing/ai-credits/summary:0
[10383432ms] [ERROR] Failed to load resource: Could not connect to the server. @ http://localhost:4401/api/billing/ai-credits/summary:0
[10384043ms] [ERROR] Failed to load resource: Could not connect to the server. @ http://localhost:4401/api/billing/ai-credits/summary:0
[10412546ms] [ERROR] Failed to load resource: Could not connect to the server. @ http://localhost:4401/dashboard/overview:0
[10412547ms] [ERROR] Failed to load resource: Could not connect to the server. @ http://localhost:4401/dashboard/alerts?limit=6:0
[10412756ms] [ERROR] Failed to load resource: Could not connect to the server. @ http://localhost:4401/dashboard/overview:0
[10412758ms] [ERROR] Failed to load resource: Could not connect to the server. @ http://localhost:4401/dashboard/alerts?limit=6:0
[10413226ms] [ERROR] Failed to load resource: Could not connect to the server. @ http://localhost:4401/api/billing/ai-credits/summary:0
[10413360ms] [ERROR] Failed to load resource: Could not connect to the server. @ http://localhost:4401/dashboard/overview:0
[10413361ms] [ERROR] Failed to load resource: Could not connect to the server. @ http://localhost:4401/dashboard/alerts?limit=6:0
[10413430ms] [ERROR] Failed to load resource: Could not connect to the server. @ http://localhost:4401/api/billing/ai-credits/summary:0
[10414040ms] [ERROR] Failed to load resource: Could not connect to the server. @ http://localhost:4401/api/billing/ai-credits/summary:0
[10443236ms] [ERROR] Failed to load resource: Could not connect to the server. @ http://localhost:4401/api/billing/ai-credits/summary:0
[10443441ms] [ERROR] Failed to load resource: Could not connect to the server. @ http://localhost:4401/api/billing/ai-credits/summary:0
[10444052ms] [ERROR] Failed to load resource: Could not connect to the server. @ http://localhost:4401/api/billing/ai-credits/summary:0
[10472552ms] [ERROR] Failed to load resource: Could not connect to the server. @ http://localhost:4401/dashboard/overview:0
[10472553ms] [ERROR] Failed to load resource: Could not connect to the server. @ http://localhost:4401/dashboard/alerts?limit=6:0
[10472765ms] [ERROR] Failed to load resource: Could not connect to the server. @ http://localhost:4401/dashboard/overview:0
[10472766ms] [ERROR] Failed to load resource: Could not connect to the server. @ http://localhost:4401/dashboard/alerts?limit=6:0
[10473235ms] [ERROR] Failed to load resource: Could not connect to the server. @ http://localhost:4401/api/billing/ai-credits/summary:0
[10473368ms] [ERROR] Failed to load resource: Could not connect to the server. @ http://localhost:4401/dashboard/overview:0
[10473369ms] [ERROR] Failed to load resource: Could not connect to the server. @ http://localhost:4401/dashboard/alerts?limit=6:0
[10473438ms] [ERROR] Failed to load resource: Could not connect to the server. @ http://localhost:4401/api/billing/ai-credits/summary:0
[10474048ms] [ERROR] Failed to load resource: Could not connect to the server. @ http://localhost:4401/api/billing/ai-credits/summary:0
[10503248ms] [ERROR] Failed to load resource: Could not connect to the server. @ http://localhost:4401/api/billing/ai-credits/summary:0
[10503453ms] [ERROR] Failed to load resource: Could not connect to the server. @ http://localhost:4401/api/billing/ai-credits/summary:0
[10504064ms] [ERROR] Failed to load resource: Could not connect to the server. @ http://localhost:4401/api/billing/ai-credits/summary:0
[10532555ms] [ERROR] Failed to load resource: Could not connect to the server. @ http://localhost:4401/dashboard/overview:0
[10532556ms] [ERROR] Failed to load resource: Could not connect to the server. @ http://localhost:4401/dashboard/alerts?limit=6:0
[10532766ms] [ERROR] Failed to load resource: Could not connect to the server. @ http://localhost:4401/dashboard/overview:0
[10532768ms] [ERROR] Failed to load resource: Could not connect to the server. @ http://localhost:4401/dashboard/alerts?limit=6:0
[10533243ms] [ERROR] Failed to load resource: Could not connect to the server. @ http://localhost:4401/api/billing/ai-credits/summary:0
[10533370ms] [ERROR] Failed to load resource: Could not connect to the server. @ http://localhost:4401/dashboard/overview:0
[10533371ms] [ERROR] Failed to load resource: Could not connect to the server. @ http://localhost:4401/dashboard/alerts?limit=6:0
[10533446ms] [ERROR] Failed to load resource: Could not connect to the server. @ http://localhost:4401/api/billing/ai-credits/summary:0
[10534054ms] [ERROR] Failed to load resource: Could not connect to the server. @ http://localhost:4401/api/billing/ai-credits/summary:0
[10563253ms] [ERROR] Failed to load resource: Could not connect to the server. @ http://localhost:4401/api/billing/ai-credits/summary:0
[10563458ms] [ERROR] Failed to load resource: Could not connect to the server. @ http://localhost:4401/api/billing/ai-credits/summary:0
[10564065ms] [ERROR] Failed to load resource: Could not connect to the server. @ http://localhost:4401/api/billing/ai-credits/summary:0
[10592558ms] [ERROR] Failed to load resource: Could not connect to the server. @ http://localhost:4401/dashboard/overview:0
[10592559ms] [ERROR] Failed to load resource: Could not connect to the server. @ http://localhost:4401/dashboard/alerts?limit=6:0
[10592770ms] [ERROR] Failed to load resource: Could not connect to the server. @ http://localhost:4401/dashboard/overview:0
[10592771ms] [ERROR] Failed to load resource: Could not connect to the server. @ http://localhost:4401/dashboard/alerts?limit=6:0
[10593251ms] [ERROR] Failed to load resource: Could not connect to the server. @ http://localhost:4401/api/billing/ai-credits/summary:0
[10593373ms] [ERROR] Failed to load resource: Could not connect to the server. @ http://localhost:4401/dashboard/overview:0
[10593374ms] [ERROR] Failed to load resource: Could not connect to the server. @ http://localhost:4401/dashboard/alerts?limit=6:0
[10593454ms] [ERROR] Failed to load resource: Could not connect to the server. @ http://localhost:4401/api/billing/ai-credits/summary:0
[10594065ms] [ERROR] Failed to load resource: Could not connect to the server. @ http://localhost:4401/api/billing/ai-credits/summary:0
[10623262ms] [ERROR] Failed to load resource: Could not connect to the server. @ http://localhost:4401/api/billing/ai-credits/summary:0
[10623469ms] [ERROR] Failed to load resource: Could not connect to the server. @ http://localhost:4401/api/billing/ai-credits/summary:0
[10624078ms] [ERROR] Failed to load resource: Could not connect to the server. @ http://localhost:4401/api/billing/ai-credits/summary:0
[10652564ms] [ERROR] Failed to load resource: Could not connect to the server. @ http://localhost:4401/dashboard/overview:0
[10652565ms] [ERROR] Failed to load resource: Could not connect to the server. @ http://localhost:4401/dashboard/alerts?limit=6:0
[10652776ms] [ERROR] Failed to load resource: Could not connect to the server. @ http://localhost:4401/dashboard/overview:0
[10652778ms] [ERROR] Failed to load resource: Could not connect to the server. @ http://localhost:4401/dashboard/alerts?limit=6:0
[10653260ms] [ERROR] Failed to load resource: Could not connect to the server. @ http://localhost:4401/api/billing/ai-credits/summary:0
[10653382ms] [ERROR] Failed to load resource: Could not connect to the server. @ http://localhost:4401/dashboard/overview:0
[10653383ms] [ERROR] Failed to load resource: Could not connect to the server. @ http://localhost:4401/dashboard/alerts?limit=6:0
[10653464ms] [ERROR] Failed to load resource: Could not connect to the server. @ http://localhost:4401/api/billing/ai-credits/summary:0
[10654076ms] [ERROR] Failed to load resource: Could not connect to the server. @ http://localhost:4401/api/billing/ai-credits/summary:0
[10683270ms] [ERROR] Failed to load resource: Could not connect to the server. @ http://localhost:4401/api/billing/ai-credits/summary:0
[10683475ms] [ERROR] Failed to load resource: Could not connect to the server. @ http://localhost:4401/api/billing/ai-credits/summary:0
[10684086ms] [ERROR] Failed to load resource: Could not connect to the server. @ http://localhost:4401/api/billing/ai-credits/summary:0
[10712568ms] [ERROR] Failed to load resource: Could not connect to the server. @ http://localhost:4401/dashboard/overview:0
[10712569ms] [ERROR] Failed to load resource: Could not connect to the server. @ http://localhost:4401/dashboard/alerts?limit=6:0
[10712780ms] [ERROR] Failed to load resource: Could not connect to the server. @ http://localhost:4401/dashboard/overview:0
[10712781ms] [ERROR] Failed to load resource: Could not connect to the server. @ http://localhost:4401/dashboard/alerts?limit=6:0
[10713269ms] [ERROR] Failed to load resource: Could not connect to the server. @ http://localhost:4401/api/billing/ai-credits/summary:0
[10713385ms] [ERROR] Failed to load resource: Could not connect to the server. @ http://localhost:4401/dashboard/overview:0
[10713386ms] [ERROR] Failed to load resource: Could not connect to the server. @ http://localhost:4401/dashboard/alerts?limit=6:0
[10713473ms] [ERROR] Failed to load resource: Could not connect to the server. @ http://localhost:4401/api/billing/ai-credits/summary:0
[10714085ms] [ERROR] Failed to load resource: Could not connect to the server. @ http://localhost:4401/api/billing/ai-credits/summary:0
[10743277ms] [ERROR] Failed to load resource: Could not connect to the server. @ http://localhost:4401/api/billing/ai-credits/summary:0
[10743483ms] [ERROR] Failed to load resource: Could not connect to the server. @ http://localhost:4401/api/billing/ai-credits/summary:0
[10744093ms] [ERROR] Failed to load resource: Could not connect to the server. @ http://localhost:4401/api/billing/ai-credits/summary:0
[10772572ms] [ERROR] Failed to load resource: Could not connect to the server. @ http://localhost:4401/dashboard/overview:0
[10772574ms] [ERROR] Failed to load resource: Could not connect to the server. @ http://localhost:4401/dashboard/alerts?limit=6:0
[10772782ms] [ERROR] Failed to load resource: Could not connect to the server. @ http://localhost:4401/dashboard/overview:0
[10772783ms] [ERROR] Failed to load resource: Could not connect to the server. @ http://localhost:4401/dashboard/alerts?limit=6:0
[10773277ms] [ERROR] Failed to load resource: Could not connect to the server. @ http://localhost:4401/api/billing/ai-credits/summary:0
[10773387ms] [ERROR] Failed to load resource: Could not connect to the server. @ http://localhost:4401/dashboard/overview:0
[10773387ms] [ERROR] Failed to load resource: Could not connect to the server. @ http://localhost:4401/dashboard/alerts?limit=6:0
[10773481ms] [ERROR] Failed to load resource: Could not connect to the server. @ http://localhost:4401/api/billing/ai-credits/summary:0
[10774090ms] [ERROR] Failed to load resource: Could not connect to the server. @ http://localhost:4401/api/billing/ai-credits/summary:0
[10803289ms] [ERROR] Failed to load resource: Could not connect to the server. @ http://localhost:4401/api/billing/ai-credits/summary:0
[10803495ms] [ERROR] Failed to load resource: Could not connect to the server. @ http://localhost:4401/api/billing/ai-credits/summary:0
[10804107ms] [ERROR] Failed to load resource: Could not connect to the server. @ http://localhost:4401/api/billing/ai-credits/summary:0
[10832577ms] [ERROR] Failed to load resource: Could not connect to the server. @ http://localhost:4401/dashboard/overview:0
[10832578ms] [ERROR] Failed to load resource: Could not connect to the server. @ http://localhost:4401/dashboard/alerts?limit=6:0
[10832789ms] [ERROR] Failed to load resource: Could not connect to the server. @ http://localhost:4401/dashboard/overview:0
[10832790ms] [ERROR] Failed to load resource: Could not connect to the server. @ http://localhost:4401/dashboard/alerts?limit=6:0
[10833284ms] [ERROR] Failed to load resource: Could not connect to the server. @ http://localhost:4401/api/billing/ai-credits/summary:0
[10833394ms] [ERROR] Failed to load resource: Could not connect to the server. @ http://localhost:4401/dashboard/overview:0
[10833395ms] [ERROR] Failed to load resource: Could not connect to the server. @ http://localhost:4401/dashboard/alerts?limit=6:0
[10833488ms] [ERROR] Failed to load resource: Could not connect to the server. @ http://localhost:4401/api/billing/ai-credits/summary:0
[10834098ms] [ERROR] Failed to load resource: Could not connect to the server. @ http://localhost:4401/api/billing/ai-credits/summary:0
[10863295ms] [ERROR] Failed to load resource: Could not connect to the server. @ http://localhost:4401/api/billing/ai-credits/summary:0
[10863499ms] [ERROR] Failed to load resource: Could not connect to the server. @ http://localhost:4401/api/billing/ai-credits/summary:0
[10864109ms] [ERROR] Failed to load resource: Could not connect to the server. @ http://localhost:4401/api/billing/ai-credits/summary:0
[10892581ms] [ERROR] Failed to load resource: Could not connect to the server. @ http://localhost:4401/dashboard/overview:0
[10892582ms] [ERROR] Failed to load resource: Could not connect to the server. @ http://localhost:4401/dashboard/alerts?limit=6:0
[10892788ms] [ERROR] Failed to load resource: Could not connect to the server. @ http://localhost:4401/dashboard/overview:0
[10892789ms] [ERROR] Failed to load resource: Could not connect to the server. @ http://localhost:4401/dashboard/alerts?limit=6:0
[10893298ms] [ERROR] Failed to load resource: Could not connect to the server. @ http://localhost:4401/api/billing/ai-credits/summary:0
[10893399ms] [ERROR] Failed to load resource: Could not connect to the server. @ http://localhost:4401/dashboard/overview:0
[10893400ms] [ERROR] Failed to load resource: Could not connect to the server. @ http://localhost:4401/dashboard/alerts?limit=6:0
[10893509ms] [ERROR] Failed to load resource: Could not connect to the server. @ http://localhost:4401/api/billing/ai-credits/summary:0
[10894114ms] [ERROR] Failed to load resource: Could not connect to the server. @ http://localhost:4401/api/billing/ai-credits/summary:0
[10923298ms] [ERROR] Failed to load resource: Could not connect to the server. @ http://localhost:4401/api/billing/ai-credits/summary:0
[10923502ms] [ERROR] Failed to load resource: Could not connect to the server. @ http://localhost:4401/api/billing/ai-credits/summary:0
[10924112ms] [ERROR] Failed to load resource: Could not connect to the server. @ http://localhost:4401/api/billing/ai-credits/summary:0
[10952584ms] [ERROR] Failed to load resource: Could not connect to the server. @ http://localhost:4401/dashboard/overview:0
[10952585ms] [ERROR] Failed to load resource: Could not connect to the server. @ http://localhost:4401/dashboard/alerts?limit=6:0
[10952796ms] [ERROR] Failed to load resource: Could not connect to the server. @ http://localhost:4401/dashboard/overview:0
[10952797ms] [ERROR] Failed to load resource: Could not connect to the server. @ http://localhost:4401/dashboard/alerts?limit=6:0
[10953301ms] [ERROR] Failed to load resource: Could not connect to the server. @ http://localhost:4401/api/billing/ai-credits/summary:0
[10953402ms] [ERROR] Failed to load resource: Could not connect to the server. @ http://localhost:4401/dashboard/overview:0
[10953403ms] [ERROR] Failed to load resource: Could not connect to the server. @ http://localhost:4401/dashboard/alerts?limit=6:0
[10953504ms] [ERROR] Failed to load resource: Could not connect to the server. @ http://localhost:4401/api/billing/ai-credits/summary:0
[10954114ms] [ERROR] Failed to load resource: Could not connect to the server. @ http://localhost:4401/api/billing/ai-credits/summary:0
[10983312ms] [ERROR] Failed to load resource: Could not connect to the server. @ http://localhost:4401/api/billing/ai-credits/summary:0
[10983516ms] [ERROR] Failed to load resource: Could not connect to the server. @ http://localhost:4401/api/billing/ai-credits/summary:0
[10984126ms] [ERROR] Failed to load resource: Could not connect to the server. @ http://localhost:4401/api/billing/ai-credits/summary:0
[11012590ms] [ERROR] Failed to load resource: Could not connect to the server. @ http://localhost:4401/dashboard/overview:0
[11012591ms] [ERROR] Failed to load resource: Could not connect to the server. @ http://localhost:4401/dashboard/alerts?limit=6:0
[11012801ms] [ERROR] Failed to load resource: Could not connect to the server. @ http://localhost:4401/dashboard/overview:0
[11012802ms] [ERROR] Failed to load resource: Could not connect to the server. @ http://localhost:4401/dashboard/alerts?limit=6:0
[11013309ms] [ERROR] Failed to load resource: Could not connect to the server. @ http://localhost:4401/api/billing/ai-credits/summary:0
[11013407ms] [ERROR] Failed to load resource: Could not connect to the server. @ http://localhost:4401/dashboard/overview:0
[11013408ms] [ERROR] Failed to load resource: Could not connect to the server. @ http://localhost:4401/dashboard/alerts?limit=6:0
[11013513ms] [ERROR] Failed to load resource: Could not connect to the server. @ http://localhost:4401/api/billing/ai-credits/summary:0
[11014123ms] [ERROR] Failed to load resource: Could not connect to the server. @ http://localhost:4401/api/billing/ai-credits/summary:0
[11043320ms] [ERROR] Failed to load resource: Could not connect to the server. @ http://localhost:4401/api/billing/ai-credits/summary:0
[11043525ms] [ERROR] Failed to load resource: Could not connect to the server. @ http://localhost:4401/api/billing/ai-credits/summary:0
[11044135ms] [ERROR] Failed to load resource: Could not connect to the server. @ http://localhost:4401/api/billing/ai-credits/summary:0
[11072593ms] [ERROR] Failed to load resource: Could not connect to the server. @ http://localhost:4401/dashboard/overview:0
[11072594ms] [ERROR] Failed to load resource: Could not connect to the server. @ http://localhost:4401/dashboard/alerts?limit=6:0
[11072805ms] [ERROR] Failed to load resource: Could not connect to the server. @ http://localhost:4401/dashboard/overview:0
[11072807ms] [ERROR] Failed to load resource: Could not connect to the server. @ http://localhost:4401/dashboard/alerts?limit=6:0
[11073317ms] [ERROR] Failed to load resource: Could not connect to the server. @ http://localhost:4401/api/billing/ai-credits/summary:0
[11073410ms] [ERROR] Failed to load resource: Could not connect to the server. @ http://localhost:4401/dashboard/overview:0
[11073411ms] [ERROR] Failed to load resource: Could not connect to the server. @ http://localhost:4401/dashboard/alerts?limit=6:0
[11073520ms] [ERROR] Failed to load resource: Could not connect to the server. @ http://localhost:4401/api/billing/ai-credits/summary:0
[11074128ms] [ERROR] Failed to load resource: Could not connect to the server. @ http://localhost:4401/api/billing/ai-credits/summary:0
[11103327ms] [ERROR] Failed to load resource: Could not connect to the server. @ http://localhost:4401/api/billing/ai-credits/summary:0
[11103531ms] [ERROR] Failed to load resource: Could not connect to the server. @ http://localhost:4401/api/billing/ai-credits/summary:0
[11104141ms] [ERROR] Failed to load resource: Could not connect to the server. @ http://localhost:4401/api/billing/ai-credits/summary:0
[11132592ms] [ERROR] Failed to load resource: Could not connect to the server. @ http://localhost:4401/dashboard/overview:0
[11132593ms] [ERROR] Failed to load resource: Could not connect to the server. @ http://localhost:4401/dashboard/alerts?limit=6:0
[11132797ms] [ERROR] Failed to load resource: Could not connect to the server. @ http://localhost:4401/dashboard/overview:0
[11132798ms] [ERROR] Failed to load resource: Could not connect to the server. @ http://localhost:4401/dashboard/alerts?limit=6:0
[11133329ms] [ERROR] Failed to load resource: Could not connect to the server. @ http://localhost:4401/api/billing/ai-credits/summary:0
[11133409ms] [ERROR] Failed to load resource: Could not connect to the server. @ http://localhost:4401/dashboard/overview:0
[11133410ms] [ERROR] Failed to load resource: Could not connect to the server. @ http://localhost:4401/dashboard/alerts?limit=6:0
[11133540ms] [ERROR] Failed to load resource: Could not connect to the server. @ http://localhost:4401/api/billing/ai-credits/summary:0
[11134143ms] [ERROR] Failed to load resource: Could not connect to the server. @ http://localhost:4401/api/billing/ai-credits/summary:0
[11163336ms] [ERROR] Failed to load resource: Could not connect to the server. @ http://localhost:4401/api/billing/ai-credits/summary:0
[11163541ms] [ERROR] Failed to load resource: Could not connect to the server. @ http://localhost:4401/api/billing/ai-credits/summary:0
[11164152ms] [ERROR] Failed to load resource: Could not connect to the server. @ http://localhost:4401/api/billing/ai-credits/summary:0
[11192601ms] [ERROR] Failed to load resource: Could not connect to the server. @ http://localhost:4401/dashboard/overview:0
[11192602ms] [ERROR] Failed to load resource: Could not connect to the server. @ http://localhost:4401/dashboard/alerts?limit=6:0
[11192810ms] [ERROR] Failed to load resource: Could not connect to the server. @ http://localhost:4401/dashboard/overview:0
[11192812ms] [ERROR] Failed to load resource: Could not connect to the server. @ http://localhost:4401/dashboard/alerts?limit=6:0
[11193333ms] [ERROR] Failed to load resource: Could not connect to the server. @ http://localhost:4401/api/billing/ai-credits/summary:0
[11193415ms] [ERROR] Failed to load resource: Could not connect to the server. @ http://localhost:4401/dashboard/overview:0
[11193416ms] [ERROR] Failed to load resource: Could not connect to the server. @ http://localhost:4401/dashboard/alerts?limit=6:0
[11193536ms] [ERROR] Failed to load resource: Could not connect to the server. @ http://localhost:4401/api/billing/ai-credits/summary:0
[11194147ms] [ERROR] Failed to load resource: Could not connect to the server. @ http://localhost:4401/api/billing/ai-credits/summary:0
[11223348ms] [ERROR] Failed to load resource: Could not connect to the server. @ http://localhost:4401/api/billing/ai-credits/summary:0
[11223555ms] [ERROR] Failed to load resource: Could not connect to the server. @ http://localhost:4401/api/billing/ai-credits/summary:0
[11224168ms] [ERROR] Failed to load resource: Could not connect to the server. @ http://localhost:4401/api/billing/ai-credits/summary:0
[11252607ms] [ERROR] Failed to load resource: Could not connect to the server. @ http://localhost:4401/dashboard/overview:0
[11252609ms] [ERROR] Failed to load resource: Could not connect to the server. @ http://localhost:4401/dashboard/alerts?limit=6:0
[11252820ms] [ERROR] Failed to load resource: Could not connect to the server. @ http://localhost:4401/dashboard/overview:0
[11252822ms] [ERROR] Failed to load resource: Could not connect to the server. @ http://localhost:4401/dashboard/alerts?limit=6:0
[11253343ms] [ERROR] Failed to load resource: Could not connect to the server. @ http://localhost:4401/api/billing/ai-credits/summary:0
[11253426ms] [ERROR] Failed to load resource: Could not connect to the server. @ http://localhost:4401/dashboard/overview:0
[11253427ms] [ERROR] Failed to load resource: Could not connect to the server. @ http://localhost:4401/dashboard/alerts?limit=6:0
[11253547ms] [ERROR] Failed to load resource: Could not connect to the server. @ http://localhost:4401/api/billing/ai-credits/summary:0
[11254160ms] [ERROR] Failed to load resource: Could not connect to the server. @ http://localhost:4401/api/billing/ai-credits/summary:0
[11283354ms] [ERROR] Failed to load resource: Could not connect to the server. @ http://localhost:4401/api/billing/ai-credits/summary:0
[11283559ms] [ERROR] Failed to load resource: Could not connect to the server. @ http://localhost:4401/api/billing/ai-credits/summary:0
[11284163ms] [ERROR] Failed to load resource: Could not connect to the server. @ http://localhost:4401/api/billing/ai-credits/summary:0
[11312609ms] [ERROR] Failed to load resource: Could not connect to the server. @ http://localhost:4401/dashboard/overview:0
[11312610ms] [ERROR] Failed to load resource: Could not connect to the server. @ http://localhost:4401/dashboard/alerts?limit=6:0
[11312821ms] [ERROR] Failed to load resource: Could not connect to the server. @ http://localhost:4401/dashboard/overview:0
[11312823ms] [ERROR] Failed to load resource: Could not connect to the server. @ http://localhost:4401/dashboard/alerts?limit=6:0
[11313352ms] [ERROR] Failed to load resource: Could not connect to the server. @ http://localhost:4401/api/billing/ai-credits/summary:0
[11313425ms] [ERROR] Failed to load resource: Could not connect to the server. @ http://localhost:4401/dashboard/overview:0
[11313426ms] [ERROR] Failed to load resource: Could not connect to the server. @ http://localhost:4401/dashboard/alerts?limit=6:0
[11313556ms] [ERROR] Failed to load resource: Could not connect to the server. @ http://localhost:4401/api/billing/ai-credits/summary:0
[11314166ms] [ERROR] Failed to load resource: Could not connect to the server. @ http://localhost:4401/api/billing/ai-credits/summary:0
[11343364ms] [ERROR] Failed to load resource: Could not connect to the server. @ http://localhost:4401/api/billing/ai-credits/summary:0
[11343569ms] [ERROR] Failed to load resource: Could not connect to the server. @ http://localhost:4401/api/billing/ai-credits/summary:0
[11344177ms] [ERROR] Failed to load resource: Could not connect to the server. @ http://localhost:4401/api/billing/ai-credits/summary:0
[11372607ms] [ERROR] Failed to load resource: Could not connect to the server. @ http://localhost:4401/dashboard/overview:0
[11372608ms] [ERROR] Failed to load resource: Could not connect to the server. @ http://localhost:4401/dashboard/alerts?limit=6:0
[11372811ms] [ERROR] Failed to load resource: Could not connect to the server. @ http://localhost:4401/dashboard/overview:0
[11372812ms] [ERROR] Failed to load resource: Could not connect to the server. @ http://localhost:4401/dashboard/alerts?limit=6:0
[11373364ms] [ERROR] Failed to load resource: Could not connect to the server. @ http://localhost:4401/api/billing/ai-credits/summary:0
[11373422ms] [ERROR] Failed to load resource: Could not connect to the server. @ http://localhost:4401/dashboard/overview:0
[11373423ms] [ERROR] Failed to load resource: Could not connect to the server. @ http://localhost:4401/dashboard/alerts?limit=6:0
[11373574ms] [ERROR] Failed to load resource: Could not connect to the server. @ http://localhost:4401/api/billing/ai-credits/summary:0
[11374187ms] [ERROR] Failed to load resource: Could not connect to the server. @ http://localhost:4401/api/billing/ai-credits/summary:0
[11403372ms] [ERROR] Failed to load resource: Could not connect to the server. @ http://localhost:4401/api/billing/ai-credits/summary:0
[11403577ms] [ERROR] Failed to load resource: Could not connect to the server. @ http://localhost:4401/api/billing/ai-credits/summary:0
[11404189ms] [ERROR] Failed to load resource: Could not connect to the server. @ http://localhost:4401/api/billing/ai-credits/summary:0
[11432621ms] [ERROR] Failed to load resource: Could not connect to the server. @ http://localhost:4401/dashboard/overview:0
[11432622ms] [ERROR] Failed to load resource: Could not connect to the server. @ http://localhost:4401/dashboard/alerts?limit=6:0
[11432833ms] [ERROR] Failed to load resource: Could not connect to the server. @ http://localhost:4401/dashboard/overview:0
[11432834ms] [ERROR] Failed to load resource: Could not connect to the server. @ http://localhost:4401/dashboard/alerts?limit=6:0
[11433366ms] [ERROR] Failed to load resource: Could not connect to the server. @ http://localhost:4401/api/billing/ai-credits/summary:0
[11433439ms] [ERROR] Failed to load resource: Could not connect to the server. @ http://localhost:4401/dashboard/overview:0
[11433440ms] [ERROR] Failed to load resource: Could not connect to the server. @ http://localhost:4401/dashboard/alerts?limit=6:0
[11433571ms] [ERROR] Failed to load resource: Could not connect to the server. @ http://localhost:4401/api/billing/ai-credits/summary:0
[11434184ms] [ERROR] Failed to load resource: Could not connect to the server. @ http://localhost:4401/api/billing/ai-credits/summary:0
[11463381ms] [ERROR] Failed to load resource: Could not connect to the server. @ http://localhost:4401/api/billing/ai-credits/summary:0
[11463586ms] [ERROR] Failed to load resource: Could not connect to the server. @ http://localhost:4401/api/billing/ai-credits/summary:0
[11464196ms] [ERROR] Failed to load resource: Could not connect to the server. @ http://localhost:4401/api/billing/ai-credits/summary:0
[11492628ms] [ERROR] Failed to load resource: Could not connect to the server. @ http://localhost:4401/dashboard/overview:0
[11492629ms] [ERROR] Failed to load resource: Could not connect to the server. @ http://localhost:4401/dashboard/alerts?limit=6:0
[11492842ms] [ERROR] Failed to load resource: Could not connect to the server. @ http://localhost:4401/dashboard/overview:0
[11492843ms] [ERROR] Failed to load resource: Could not connect to the server. @ http://localhost:4401/dashboard/alerts?limit=6:0
[11493374ms] [ERROR] Failed to load resource: Could not connect to the server. @ http://localhost:4401/api/billing/ai-credits/summary:0
[11493446ms] [ERROR] Failed to load resource: Could not connect to the server. @ http://localhost:4401/dashboard/overview:0
[11493447ms] [ERROR] Failed to load resource: Could not connect to the server. @ http://localhost:4401/dashboard/alerts?limit=6:0
[11493578ms] [ERROR] Failed to load resource: Could not connect to the server. @ http://localhost:4401/api/billing/ai-credits/summary:0
[11494188ms] [ERROR] Failed to load resource: Could not connect to the server. @ http://localhost:4401/api/billing/ai-credits/summary:0
[11523386ms] [ERROR] Failed to load resource: Could not connect to the server. @ http://localhost:4401/api/billing/ai-credits/summary:0
[11523592ms] [ERROR] Failed to load resource: Could not connect to the server. @ http://localhost:4401/api/billing/ai-credits/summary:0
[11524209ms] [ERROR] Failed to load resource: Could not connect to the server. @ http://localhost:4401/api/billing/ai-credits/summary:0
[11552630ms] [ERROR] Failed to load resource: Could not connect to the server. @ http://localhost:4401/dashboard/overview:0
[11552631ms] [ERROR] Failed to load resource: Could not connect to the server. @ http://localhost:4401/dashboard/alerts?limit=6:0
[11552844ms] [ERROR] Failed to load resource: Could not connect to the server. @ http://localhost:4401/dashboard/overview:0
[11552845ms] [ERROR] Failed to load resource: Could not connect to the server. @ http://localhost:4401/dashboard/alerts?limit=6:0
[11553384ms] [ERROR] Failed to load resource: Could not connect to the server. @ http://localhost:4401/api/billing/ai-credits/summary:0
[11553450ms] [ERROR] Failed to load resource: Could not connect to the server. @ http://localhost:4401/dashboard/overview:0
[11553451ms] [ERROR] Failed to load resource: Could not connect to the server. @ http://localhost:4401/dashboard/alerts?limit=6:0
[11553587ms] [ERROR] Failed to load resource: Could not connect to the server. @ http://localhost:4401/api/billing/ai-credits/summary:0
[11554200ms] [ERROR] Failed to load resource: Could not connect to the server. @ http://localhost:4401/api/billing/ai-credits/summary:0
[11583396ms] [ERROR] Failed to load resource: Could not connect to the server. @ http://localhost:4401/api/billing/ai-credits/summary:0
[11583600ms] [ERROR] Failed to load resource: Could not connect to the server. @ http://localhost:4401/api/billing/ai-credits/summary:0
[11584212ms] [ERROR] Failed to load resource: Could not connect to the server. @ http://localhost:4401/api/billing/ai-credits/summary:0
[11612634ms] [ERROR] Failed to load resource: Could not connect to the server. @ http://localhost:4401/dashboard/overview:0
[11612635ms] [ERROR] Failed to load resource: Could not connect to the server. @ http://localhost:4401/dashboard/alerts?limit=6:0
[11612847ms] [ERROR] Failed to load resource: Could not connect to the server. @ http://localhost:4401/dashboard/overview:0
[11612848ms] [ERROR] Failed to load resource: Could not connect to the server. @ http://localhost:4401/dashboard/alerts?limit=6:0
[11613392ms] [ERROR] Failed to load resource: Could not connect to the server. @ http://localhost:4401/api/billing/ai-credits/summary:0
[11613453ms] [ERROR] Failed to load resource: Could not connect to the server. @ http://localhost:4401/dashboard/overview:0
[11613453ms] [ERROR] Failed to load resource: Could not connect to the server. @ http://localhost:4401/dashboard/alerts?limit=6:0
[11613596ms] [ERROR] Failed to load resource: Could not connect to the server. @ http://localhost:4401/api/billing/ai-credits/summary:0
[11614208ms] [ERROR] Failed to load resource: Could not connect to the server. @ http://localhost:4401/api/billing/ai-credits/summary:0
[11643403ms] [ERROR] Failed to load resource: Could not connect to the server. @ http://localhost:4401/api/billing/ai-credits/summary:0
[11643609ms] [ERROR] Failed to load resource: Could not connect to the server. @ http://localhost:4401/api/billing/ai-credits/summary:0
[11644220ms] [ERROR] Failed to load resource: Could not connect to the server. @ http://localhost:4401/api/billing/ai-credits/summary:0
[11672633ms] [ERROR] Failed to load resource: Could not connect to the server. @ http://localhost:4401/dashboard/overview:0
[11672634ms] [ERROR] Failed to load resource: Could not connect to the server. @ http://localhost:4401/dashboard/alerts?limit=6:0
[11672844ms] [ERROR] Failed to load resource: Could not connect to the server. @ http://localhost:4401/dashboard/overview:0
[11672845ms] [ERROR] Failed to load resource: Could not connect to the server. @ http://localhost:4401/dashboard/alerts?limit=6:0
[11673400ms] [ERROR] Failed to load resource: Could not connect to the server. @ http://localhost:4401/api/billing/ai-credits/summary:0
[11673449ms] [ERROR] Failed to load resource: Could not connect to the server. @ http://localhost:4401/dashboard/overview:0
[11673450ms] [ERROR] Failed to load resource: Could not connect to the server. @ http://localhost:4401/dashboard/alerts?limit=6:0
[11673604ms] [ERROR] Failed to load resource: Could not connect to the server. @ http://localhost:4401/api/billing/ai-credits/summary:0
[11674216ms] [ERROR] Failed to load resource: Could not connect to the server. @ http://localhost:4401/api/billing/ai-credits/summary:0
[11703412ms] [ERROR] Failed to load resource: Could not connect to the server. @ http://localhost:4401/api/billing/ai-credits/summary:0
[11703615ms] [ERROR] Failed to load resource: Could not connect to the server. @ http://localhost:4401/api/billing/ai-credits/summary:0
[11704228ms] [ERROR] Failed to load resource: Could not connect to the server. @ http://localhost:4401/api/billing/ai-credits/summary:0
[11732637ms] [ERROR] Failed to load resource: Could not connect to the server. @ http://localhost:4401/dashboard/overview:0
[11732639ms] [ERROR] Failed to load resource: Could not connect to the server. @ http://localhost:4401/dashboard/alerts?limit=6:0
[11732850ms] [ERROR] Failed to load resource: Could not connect to the server. @ http://localhost:4401/dashboard/overview:0
[11732851ms] [ERROR] Failed to load resource: Could not connect to the server. @ http://localhost:4401/dashboard/alerts?limit=6:0
[11733411ms] [ERROR] Failed to load resource: Could not connect to the server. @ http://localhost:4401/api/billing/ai-credits/summary:0
[11733460ms] [ERROR] Failed to load resource: Could not connect to the server. @ http://localhost:4401/dashboard/overview:0
[11733462ms] [ERROR] Failed to load resource: Could not connect to the server. @ http://localhost:4401/dashboard/alerts?limit=6:0
[11733625ms] [ERROR] Failed to load resource: Could not connect to the server. @ http://localhost:4401/api/billing/ai-credits/summary:0
[11734228ms] [ERROR] Failed to load resource: Could not connect to the server. @ http://localhost:4401/api/billing/ai-credits/summary:0
[11763415ms] [ERROR] Failed to load resource: Could not connect to the server. @ http://localhost:4401/api/billing/ai-credits/summary:0
[11763628ms] [ERROR] Failed to load resource: Could not connect to the server. @ http://localhost:4401/api/billing/ai-credits/summary:0
[11764232ms] [ERROR] Failed to load resource: Could not connect to the server. @ http://localhost:4401/api/billing/ai-credits/summary:0
[11792647ms] [ERROR] Failed to load resource: Could not connect to the server. @ http://localhost:4401/dashboard/overview:0
[11792648ms] [ERROR] Failed to load resource: Could not connect to the server. @ http://localhost:4401/dashboard/alerts?limit=6:0
[11792860ms] [ERROR] Failed to load resource: Could not connect to the server. @ http://localhost:4401/dashboard/overview:0
[11792861ms] [ERROR] Failed to load resource: Could not connect to the server. @ http://localhost:4401/dashboard/alerts?limit=6:0
[11793415ms] [ERROR] Failed to load resource: Could not connect to the server. @ http://localhost:4401/api/billing/ai-credits/summary:0
[11793466ms] [ERROR] Failed to load resource: Could not connect to the server. @ http://localhost:4401/dashboard/overview:0
[11793466ms] [ERROR] Failed to load resource: Could not connect to the server. @ http://localhost:4401/dashboard/alerts?limit=6:0
[11793619ms] [ERROR] Failed to load resource: Could not connect to the server. @ http://localhost:4401/api/billing/ai-credits/summary:0
[11794230ms] [ERROR] Failed to load resource: Could not connect to the server. @ http://localhost:4401/api/billing/ai-credits/summary:0
[11823429ms] [ERROR] Failed to load resource: Could not connect to the server. @ http://localhost:4401/api/billing/ai-credits/summary:0
[11823635ms] [ERROR] Failed to load resource: Could not connect to the server. @ http://localhost:4401/api/billing/ai-credits/summary:0
[11824247ms] [ERROR] Failed to load resource: Could not connect to the server. @ http://localhost:4401/api/billing/ai-credits/summary:0
[11852644ms] [ERROR] Failed to load resource: Could not connect to the server. @ http://localhost:4401/dashboard/overview:0
[11852646ms] [ERROR] Failed to load resource: Could not connect to the server. @ http://localhost:4401/dashboard/alerts?limit=6:0
[11852857ms] [ERROR] Failed to load resource: Could not connect to the server. @ http://localhost:4401/dashboard/overview:0
[11852858ms] [ERROR] Failed to load resource: Could not connect to the server. @ http://localhost:4401/dashboard/alerts?limit=6:0
[11853425ms] [ERROR] Failed to load resource: Could not connect to the server. @ http://localhost:4401/api/billing/ai-credits/summary:0
[11853461ms] [ERROR] Failed to load resource: Could not connect to the server. @ http://localhost:4401/dashboard/overview:0
[11853462ms] [ERROR] Failed to load resource: Could not connect to the server. @ http://localhost:4401/dashboard/alerts?limit=6:0
[11853630ms] [ERROR] Failed to load resource: Could not connect to the server. @ http://localhost:4401/api/billing/ai-credits/summary:0
[11854243ms] [ERROR] Failed to load resource: Could not connect to the server. @ http://localhost:4401/api/billing/ai-credits/summary:0
[11883430ms] [ERROR] Failed to load resource: Could not connect to the server. @ http://localhost:4401/api/billing/ai-credits/summary:0
[11883634ms] [ERROR] Failed to load resource: Could not connect to the server. @ http://localhost:4401/api/billing/ai-credits/summary:0
[11884246ms] [ERROR] Failed to load resource: Could not connect to the server. @ http://localhost:4401/api/billing/ai-credits/summary:0
[11912648ms] [ERROR] Failed to load resource: Could not connect to the server. @ http://localhost:4401/dashboard/overview:0
[11912649ms] [ERROR] Failed to load resource: Could not connect to the server. @ http://localhost:4401/dashboard/alerts?limit=6:0
[11912862ms] [ERROR] Failed to load resource: Could not connect to the server. @ http://localhost:4401/dashboard/overview:0
[11912863ms] [ERROR] Failed to load resource: Could not connect to the server. @ http://localhost:4401/dashboard/alerts?limit=6:0
[11913435ms] [ERROR] Failed to load resource: Could not connect to the server. @ http://localhost:4401/api/billing/ai-credits/summary:0
[11913467ms] [ERROR] Failed to load resource: Could not connect to the server. @ http://localhost:4401/dashboard/overview:0
[11913468ms] [ERROR] Failed to load resource: Could not connect to the server. @ http://localhost:4401/dashboard/alerts?limit=6:0
[11913639ms] [ERROR] Failed to load resource: Could not connect to the server. @ http://localhost:4401/api/billing/ai-credits/summary:0
[11914252ms] [ERROR] Failed to load resource: Could not connect to the server. @ http://localhost:4401/api/billing/ai-credits/summary:0
[11943450ms] [ERROR] Failed to load resource: Could not connect to the server. @ http://localhost:4401/api/billing/ai-credits/summary:0
[11943654ms] [ERROR] Failed to load resource: Could not connect to the server. @ http://localhost:4401/api/billing/ai-credits/summary:0
[11944261ms] [ERROR] Failed to load resource: Could not connect to the server. @ http://localhost:4401/api/billing/ai-credits/summary:0
[11972650ms] [ERROR] Failed to load resource: Could not connect to the server. @ http://localhost:4401/dashboard/overview:0
[11972651ms] [ERROR] Failed to load resource: Could not connect to the server. @ http://localhost:4401/dashboard/alerts?limit=6:0
[11972855ms] [ERROR] Failed to load resource: Could not connect to the server. @ http://localhost:4401/dashboard/overview:0
[11972855ms] [ERROR] Failed to load resource: Could not connect to the server. @ http://localhost:4401/dashboard/alerts?limit=6:0
[11973441ms] [ERROR] Failed to load resource: Could not connect to the server. @ http://localhost:4401/api/billing/ai-credits/summary:0
[11973458ms] [ERROR] Failed to load resource: Could not connect to the server. @ http://localhost:4401/dashboard/overview:0
[11973458ms] [ERROR] Failed to load resource: Could not connect to the server. @ http://localhost:4401/dashboard/alerts?limit=6:0
[11973645ms] [ERROR] Failed to load resource: Could not connect to the server. @ http://localhost:4401/api/billing/ai-credits/summary:0
[11974248ms] [ERROR] Failed to load resource: Could not connect to the server. @ http://localhost:4401/api/billing/ai-credits/summary:0
[12003452ms] [ERROR] Failed to load resource: Could not connect to the server. @ http://localhost:4401/api/billing/ai-credits/summary:0
[12003657ms] [ERROR] Failed to load resource: Could not connect to the server. @ http://localhost:4401/api/billing/ai-credits/summary:0
[12004268ms] [ERROR] Failed to load resource: Could not connect to the server. @ http://localhost:4401/api/billing/ai-credits/summary:0
[12032653ms] [ERROR] Failed to load resource: Could not connect to the server. @ http://localhost:4401/dashboard/overview:0
[12032653ms] [ERROR] Failed to load resource: Could not connect to the server. @ http://localhost:4401/dashboard/alerts?limit=6:0
[12032859ms] [ERROR] Failed to load resource: Could not connect to the server. @ http://localhost:4401/dashboard/overview:0
[12032859ms] [ERROR] Failed to load resource: Could not connect to the server. @ http://localhost:4401/dashboard/alerts?limit=6:0
[12033449ms] [ERROR] Failed to load resource: Could not connect to the server. @ http://localhost:4401/api/billing/ai-credits/summary:0
[12033461ms] [ERROR] Failed to load resource: Could not connect to the server. @ http://localhost:4401/dashboard/overview:0
[12033462ms] [ERROR] Failed to load resource: Could not connect to the server. @ http://localhost:4401/dashboard/alerts?limit=6:0
[12033653ms] [ERROR] Failed to load resource: Could not connect to the server. @ http://localhost:4401/api/billing/ai-credits/summary:0
[12034266ms] [ERROR] Failed to load resource: Could not connect to the server. @ http://localhost:4401/api/billing/ai-credits/summary:0
[12063464ms] [ERROR] Failed to load resource: Could not connect to the server. @ http://localhost:4401/api/billing/ai-credits/summary:0
[12063667ms] [ERROR] Failed to load resource: Could not connect to the server. @ http://localhost:4401/api/billing/ai-credits/summary:0
[12064279ms] [ERROR] Failed to load resource: Could not connect to the server. @ http://localhost:4401/api/billing/ai-credits/summary:0
[12092666ms] [ERROR] Failed to load resource: Could not connect to the server. @ http://localhost:4401/dashboard/overview:0
[12092667ms] [ERROR] Failed to load resource: Could not connect to the server. @ http://localhost:4401/dashboard/alerts?limit=6:0
[12092879ms] [ERROR] Failed to load resource: Could not connect to the server. @ http://localhost:4401/dashboard/overview:0
[12092880ms] [ERROR] Failed to load resource: Could not connect to the server. @ http://localhost:4401/dashboard/alerts?limit=6:0
[12093460ms] [ERROR] Failed to load resource: Could not connect to the server. @ http://localhost:4401/api/billing/ai-credits/summary:0
[12093484ms] [ERROR] Failed to load resource: Could not connect to the server. @ http://localhost:4401/dashboard/overview:0
[12093485ms] [ERROR] Failed to load resource: Could not connect to the server. @ http://localhost:4401/dashboard/alerts?limit=6:0
[12093667ms] [ERROR] Failed to load resource: Could not connect to the server. @ http://localhost:4401/api/billing/ai-credits/summary:0
[12094276ms] [ERROR] Failed to load resource: Could not connect to the server. @ http://localhost:4401/api/billing/ai-credits/summary:0
[12123465ms] [ERROR] Failed to load resource: Could not connect to the server. @ http://localhost:4401/api/billing/ai-credits/summary:0
[12123669ms] [ERROR] Failed to load resource: Could not connect to the server. @ http://localhost:4401/api/billing/ai-credits/summary:0
[12124272ms] [ERROR] Failed to load resource: Could not connect to the server. @ http://localhost:4401/api/billing/ai-credits/summary:0
[12152664ms] [ERROR] Failed to load resource: Could not connect to the server. @ http://localhost:4401/dashboard/overview:0
[12152665ms] [ERROR] Failed to load resource: Could not connect to the server. @ http://localhost:4401/dashboard/alerts?limit=6:0
[12152872ms] [ERROR] Failed to load resource: Could not connect to the server. @ http://localhost:4401/dashboard/overview:0
[12152874ms] [ERROR] Failed to load resource: Could not connect to the server. @ http://localhost:4401/dashboard/alerts?limit=6:0
[12153468ms] [ERROR] Failed to load resource: Could not connect to the server. @ http://localhost:4401/api/billing/ai-credits/summary:0
[12153477ms] [ERROR] Failed to load resource: Could not connect to the server. @ http://localhost:4401/dashboard/overview:0
[12153478ms] [ERROR] Failed to load resource: Could not connect to the server. @ http://localhost:4401/dashboard/alerts?limit=6:0
[12153673ms] [ERROR] Failed to load resource: Could not connect to the server. @ http://localhost:4401/api/billing/ai-credits/summary:0
[12154285ms] [ERROR] Failed to load resource: Could not connect to the server. @ http://localhost:4401/api/billing/ai-credits/summary:0
[12183481ms] [ERROR] Failed to load resource: Could not connect to the server. @ http://localhost:4401/api/billing/ai-credits/summary:0
[12183685ms] [ERROR] Failed to load resource: Could not connect to the server. @ http://localhost:4401/api/billing/ai-credits/summary:0
[12184296ms] [ERROR] Failed to load resource: Could not connect to the server. @ http://localhost:4401/api/billing/ai-credits/summary:0
[12212724ms] [ERROR] Failed to load resource: Could not connect to the server. @ http://localhost:4401/dashboard/overview:0
[12212725ms] [ERROR] Failed to load resource: Could not connect to the server. @ http://localhost:4401/dashboard/alerts?limit=6:0
[12212937ms] [ERROR] Failed to load resource: Could not connect to the server. @ http://localhost:4401/dashboard/overview:0
[12212938ms] [ERROR] Failed to load resource: Could not connect to the server. @ http://localhost:4401/dashboard/alerts?limit=6:0
[12213530ms] [ERROR] Failed to load resource: Could not connect to the server. @ http://localhost:4401/api/billing/ai-credits/summary:0
[12213543ms] [ERROR] Failed to load resource: Could not connect to the server. @ http://localhost:4401/dashboard/overview:0
[12213544ms] [ERROR] Failed to load resource: Could not connect to the server. @ http://localhost:4401/dashboard/alerts?limit=6:0
[12213734ms] [ERROR] Failed to load resource: Could not connect to the server. @ http://localhost:4401/api/billing/ai-credits/summary:0
[12214340ms] [ERROR] Failed to load resource: Could not connect to the server. @ http://localhost:4401/api/billing/ai-credits/summary:0
[12243540ms] [ERROR] Failed to load resource: Could not connect to the server. @ http://localhost:4401/api/billing/ai-credits/summary:0
[12243743ms] [ERROR] Failed to load resource: Could not connect to the server. @ http://localhost:4401/api/billing/ai-credits/summary:0
[12244354ms] [ERROR] Failed to load resource: Could not connect to the server. @ http://localhost:4401/api/billing/ai-credits/summary:0
[12272736ms] [ERROR] Failed to load resource: Could not connect to the server. @ http://localhost:4401/dashboard/overview:0
[12272737ms] [ERROR] Failed to load resource: Could not connect to the server. @ http://localhost:4401/dashboard/alerts?limit=6:0
[12272948ms] [ERROR] Failed to load resource: Could not connect to the server. @ http://localhost:4401/dashboard/overview:0
[12272949ms] [ERROR] Failed to load resource: Could not connect to the server. @ http://localhost:4401/dashboard/alerts?limit=6:0
[12273536ms] [ERROR] Failed to load resource: Could not connect to the server. @ http://localhost:4401/api/billing/ai-credits/summary:0
[12273551ms] [ERROR] Failed to load resource: Could not connect to the server. @ http://localhost:4401/dashboard/overview:0
[12273552ms] [ERROR] Failed to load resource: Could not connect to the server. @ http://localhost:4401/dashboard/alerts?limit=6:0
[12273749ms] [ERROR] Failed to load resource: Could not connect to the server. @ http://localhost:4401/api/billing/ai-credits/summary:0
[12274362ms] [ERROR] Failed to load resource: Could not connect to the server. @ http://localhost:4401/api/billing/ai-credits/summary:0
[12303545ms] [ERROR] Failed to load resource: Could not connect to the server. @ http://localhost:4401/api/billing/ai-credits/summary:0
[12303749ms] [ERROR] Failed to load resource: Could not connect to the server. @ http://localhost:4401/api/billing/ai-credits/summary:0
[12304359ms] [ERROR] Failed to load resource: Could not connect to the server. @ http://localhost:4401/api/billing/ai-credits/summary:0
[12332742ms] [ERROR] Failed to load resource: Could not connect to the server. @ http://localhost:4401/dashboard/overview:0
[12332743ms] [ERROR] Failed to load resource: Could not connect to the server. @ http://localhost:4401/dashboard/alerts?limit=6:0
[12332956ms] [ERROR] Failed to load resource: Could not connect to the server. @ http://localhost:4401/dashboard/overview:0
[12332957ms] [ERROR] Failed to load resource: Could not connect to the server. @ http://localhost:4401/dashboard/alerts?limit=6:0
[12333551ms] [ERROR] Failed to load resource: Could not connect to the server. @ http://localhost:4401/api/billing/ai-credits/summary:0
[12333561ms] [ERROR] Failed to load resource: Could not connect to the server. @ http://localhost:4401/dashboard/overview:0
[12333563ms] [ERROR] Failed to load resource: Could not connect to the server. @ http://localhost:4401/dashboard/alerts?limit=6:0
[12333754ms] [ERROR] Failed to load resource: Could not connect to the server. @ http://localhost:4401/api/billing/ai-credits/summary:0
[12334366ms] [ERROR] Failed to load resource: Could not connect to the server. @ http://localhost:4401/api/billing/ai-credits/summary:0
[12363556ms] [ERROR] Failed to load resource: Could not connect to the server. @ http://localhost:4401/api/billing/ai-credits/summary:0
[12363759ms] [ERROR] Failed to load resource: Could not connect to the server. @ http://localhost:4401/api/billing/ai-credits/summary:0
[12364370ms] [ERROR] Failed to load resource: Could not connect to the server. @ http://localhost:4401/api/billing/ai-credits/summary:0
[12392742ms] [ERROR] Failed to load resource: Could not connect to the server. @ http://localhost:4401/dashboard/overview:0
[12392743ms] [ERROR] Failed to load resource: Could not connect to the server. @ http://localhost:4401/dashboard/alerts?limit=6:0
[12392954ms] [ERROR] Failed to load resource: Could not connect to the server. @ http://localhost:4401/dashboard/overview:0
[12392955ms] [ERROR] Failed to load resource: Could not connect to the server. @ http://localhost:4401/dashboard/alerts?limit=6:0
[12393557ms] [ERROR] Failed to load resource: Could not connect to the server. @ http://localhost:4401/api/billing/ai-credits/summary:0
[12393558ms] [ERROR] Failed to load resource: Could not connect to the server. @ http://localhost:4401/dashboard/overview:0
[12393559ms] [ERROR] Failed to load resource: Could not connect to the server. @ http://localhost:4401/dashboard/alerts?limit=6:0
[12393770ms] [ERROR] Failed to load resource: Could not connect to the server. @ http://localhost:4401/api/billing/ai-credits/summary:0
[12394378ms] [ERROR] Failed to load resource: Could not connect to the server. @ http://localhost:4401/api/billing/ai-credits/summary:0
[12423571ms] [ERROR] Failed to load resource: Could not connect to the server. @ http://localhost:4401/api/billing/ai-credits/summary:0
[12423778ms] [ERROR] Failed to load resource: Could not connect to the server. @ http://localhost:4401/api/billing/ai-credits/summary:0
[12424386ms] [ERROR] Failed to load resource: Could not connect to the server. @ http://localhost:4401/api/billing/ai-credits/summary:0
[12452752ms] [ERROR] Failed to load resource: Could not connect to the server. @ http://localhost:4401/dashboard/overview:0
[12452753ms] [ERROR] Failed to load resource: Could not connect to the server. @ http://localhost:4401/dashboard/alerts?limit=6:0
[12452967ms] [ERROR] Failed to load resource: Could not connect to the server. @ http://localhost:4401/dashboard/overview:0
[12452968ms] [ERROR] Failed to load resource: Could not connect to the server. @ http://localhost:4401/dashboard/alerts?limit=6:0
[12453574ms] [ERROR] Failed to load resource: Could not connect to the server. @ http://localhost:4401/api/billing/ai-credits/summary:0
[12453575ms] [ERROR] Failed to load resource: Could not connect to the server. @ http://localhost:4401/dashboard/overview:0
[12453577ms] [ERROR] Failed to load resource: Could not connect to the server. @ http://localhost:4401/dashboard/alerts?limit=6:0
[12453777ms] [ERROR] Failed to load resource: Could not connect to the server. @ http://localhost:4401/api/billing/ai-credits/summary:0
[12454390ms] [ERROR] Failed to load resource: Could not connect to the server. @ http://localhost:4401/api/billing/ai-credits/summary:0
[12483578ms] [ERROR] Failed to load resource: Could not connect to the server. @ http://localhost:4401/api/billing/ai-credits/summary:0
[12483782ms] [ERROR] Failed to load resource: Could not connect to the server. @ http://localhost:4401/api/billing/ai-credits/summary:0
[12484395ms] [ERROR] Failed to load resource: Could not connect to the server. @ http://localhost:4401/api/billing/ai-credits/summary:0
[12512746ms] [ERROR] Failed to load resource: Could not connect to the server. @ http://localhost:4401/dashboard/overview:0
[12512747ms] [ERROR] Failed to load resource: Could not connect to the server. @ http://localhost:4401/dashboard/alerts?limit=6:0
[12512956ms] [ERROR] Failed to load resource: Could not connect to the server. @ http://localhost:4401/dashboard/overview:0
[12512957ms] [ERROR] Failed to load resource: Could not connect to the server. @ http://localhost:4401/dashboard/alerts?limit=6:0
[12513563ms] [ERROR] Failed to load resource: Could not connect to the server. @ http://localhost:4401/dashboard/overview:0
[12513564ms] [ERROR] Failed to load resource: Could not connect to the server. @ http://localhost:4401/dashboard/alerts?limit=6:0
[12513574ms] [ERROR] Failed to load resource: Could not connect to the server. @ http://localhost:4401/api/billing/ai-credits/summary:0
[12513779ms] [ERROR] Failed to load resource: Could not connect to the server. @ http://localhost:4401/api/billing/ai-credits/summary:0
[12514391ms] [ERROR] Failed to load resource: Could not connect to the server. @ http://localhost:4401/api/billing/ai-credits/summary:0
[12543583ms] [ERROR] Failed to load resource: Could not connect to the server. @ http://localhost:4401/api/billing/ai-credits/summary:0
[12543787ms] [ERROR] Failed to load resource: Could not connect to the server. @ http://localhost:4401/api/billing/ai-credits/summary:0
[12544395ms] [ERROR] Failed to load resource: Could not connect to the server. @ http://localhost:4401/api/billing/ai-credits/summary:0
[12572760ms] [ERROR] Failed to load resource: Could not connect to the server. @ http://localhost:4401/dashboard/overview:0
[12572761ms] [ERROR] Failed to load resource: Could not connect to the server. @ http://localhost:4401/dashboard/alerts?limit=6:0
[12572974ms] [ERROR] Failed to load resource: Could not connect to the server. @ http://localhost:4401/dashboard/overview:0
[12572975ms] [ERROR] Failed to load resource: Could not connect to the server. @ http://localhost:4401/dashboard/alerts?limit=6:0
[12573586ms] [ERROR] Failed to load resource: Could not connect to the server. @ http://localhost:4401/dashboard/overview:0
[12573588ms] [ERROR] Failed to load resource: Could not connect to the server. @ http://localhost:4401/dashboard/alerts?limit=6:0
[12573588ms] [ERROR] Failed to load resource: Could not connect to the server. @ http://localhost:4401/api/billing/ai-credits/summary:0
[12573791ms] [ERROR] Failed to load resource: Could not connect to the server. @ http://localhost:4401/api/billing/ai-credits/summary:0
[12574403ms] [ERROR] Failed to load resource: Could not connect to the server. @ http://localhost:4401/api/billing/ai-credits/summary:0
[12603596ms] [ERROR] Failed to load resource: Could not connect to the server. @ http://localhost:4401/api/billing/ai-credits/summary:0
[12603801ms] [ERROR] Failed to load resource: Could not connect to the server. @ http://localhost:4401/api/billing/ai-credits/summary:0
[12604413ms] [ERROR] Failed to load resource: Could not connect to the server. @ http://localhost:4401/api/billing/ai-credits/summary:0
[12632756ms] [ERROR] Failed to load resource: Could not connect to the server. @ http://localhost:4401/dashboard/overview:0
[12632757ms] [ERROR] Failed to load resource: Could not connect to the server. @ http://localhost:4401/dashboard/alerts?limit=6:0
[12632963ms] [ERROR] Failed to load resource: Could not connect to the server. @ http://localhost:4401/dashboard/overview:0
[12632964ms] [ERROR] Failed to load resource: Could not connect to the server. @ http://localhost:4401/dashboard/alerts?limit=6:0
[12633568ms] [ERROR] Failed to load resource: Could not connect to the server. @ http://localhost:4401/dashboard/overview:0
[12633569ms] [ERROR] Failed to load resource: Could not connect to the server. @ http://localhost:4401/dashboard/alerts?limit=6:0
[12633594ms] [ERROR] Failed to load resource: Could not connect to the server. @ http://localhost:4401/api/billing/ai-credits/summary:0
[12633799ms] [ERROR] Failed to load resource: Could not connect to the server. @ http://localhost:4401/api/billing/ai-credits/summary:0
[12634405ms] [ERROR] Failed to load resource: Could not connect to the server. @ http://localhost:4401/api/billing/ai-credits/summary:0
[12663602ms] [ERROR] Failed to load resource: Could not connect to the server. @ http://localhost:4401/api/billing/ai-credits/summary:0
[12663805ms] [ERROR] Failed to load resource: Could not connect to the server. @ http://localhost:4401/api/billing/ai-credits/summary:0
[12664418ms] [ERROR] Failed to load resource: Could not connect to the server. @ http://localhost:4401/api/billing/ai-credits/summary:0
[12692770ms] [ERROR] Failed to load resource: Could not connect to the server. @ http://localhost:4401/dashboard/overview:0
[12692771ms] [ERROR] Failed to load resource: Could not connect to the server. @ http://localhost:4401/dashboard/alerts?limit=6:0
[12692984ms] [ERROR] Failed to load resource: Could not connect to the server. @ http://localhost:4401/dashboard/overview:0
[12692986ms] [ERROR] Failed to load resource: Could not connect to the server. @ http://localhost:4401/dashboard/alerts?limit=6:0
[12693590ms] [ERROR] Failed to load resource: Could not connect to the server. @ http://localhost:4401/dashboard/overview:0
[12693590ms] [ERROR] Failed to load resource: Could not connect to the server. @ http://localhost:4401/dashboard/alerts?limit=6:0
[12693600ms] [ERROR] Failed to load resource: Could not connect to the server. @ http://localhost:4401/api/billing/ai-credits/summary:0
[12693810ms] [ERROR] Failed to load resource: Could not connect to the server. @ http://localhost:4401/api/billing/ai-credits/summary:0
[12694416ms] [ERROR] Failed to load resource: Could not connect to the server. @ http://localhost:4401/api/billing/ai-credits/summary:0
[12723609ms] [ERROR] Failed to load resource: Could not connect to the server. @ http://localhost:4401/api/billing/ai-credits/summary:0
[12723812ms] [ERROR] Failed to load resource: Could not connect to the server. @ http://localhost:4401/api/billing/ai-credits/summary:0
[12724421ms] [ERROR] Failed to load resource: Could not connect to the server. @ http://localhost:4401/api/billing/ai-credits/summary:0
[12752771ms] [ERROR] Failed to load resource: Could not connect to the server. @ http://localhost:4401/dashboard/overview:0
[12752772ms] [ERROR] Failed to load resource: Could not connect to the server. @ http://localhost:4401/dashboard/alerts?limit=6:0
[12752986ms] [ERROR] Failed to load resource: Could not connect to the server. @ http://localhost:4401/dashboard/overview:0
[12752987ms] [ERROR] Failed to load resource: Could not connect to the server. @ http://localhost:4401/dashboard/alerts?limit=6:0
[12753600ms] [ERROR] Failed to load resource: Could not connect to the server. @ http://localhost:4401/dashboard/overview:0
[12753601ms] [ERROR] Failed to load resource: Could not connect to the server. @ http://localhost:4401/dashboard/alerts?limit=6:0
[12753611ms] [ERROR] Failed to load resource: Could not connect to the server. @ http://localhost:4401/api/billing/ai-credits/summary:0
[12753814ms] [ERROR] Failed to load resource: Could not connect to the server. @ http://localhost:4401/api/billing/ai-credits/summary:0
[12754426ms] [ERROR] Failed to load resource: Could not connect to the server. @ http://localhost:4401/api/billing/ai-credits/summary:0
[12783624ms] [ERROR] Failed to load resource: Could not connect to the server. @ http://localhost:4401/api/billing/ai-credits/summary:0
[12783827ms] [ERROR] Failed to load resource: Could not connect to the server. @ http://localhost:4401/api/billing/ai-credits/summary:0
[12784438ms] [ERROR] Failed to load resource: Could not connect to the server. @ http://localhost:4401/api/billing/ai-credits/summary:0
[12812784ms] [ERROR] Failed to load resource: Could not connect to the server. @ http://localhost:4401/dashboard/overview:0
[12812785ms] [ERROR] Failed to load resource: Could not connect to the server. @ http://localhost:4401/dashboard/alerts?limit=6:0
[12812990ms] [ERROR] Failed to load resource: Could not connect to the server. @ http://localhost:4401/dashboard/overview:0
[12812990ms] [ERROR] Failed to load resource: Could not connect to the server. @ http://localhost:4401/dashboard/alerts?limit=6:0
[12813600ms] [ERROR] Failed to load resource: Could not connect to the server. @ http://localhost:4401/dashboard/overview:0
[12813602ms] [ERROR] Failed to load resource: Could not connect to the server. @ http://localhost:4401/dashboard/alerts?limit=6:0
[12813620ms] [ERROR] Failed to load resource: Could not connect to the server. @ http://localhost:4401/api/billing/ai-credits/summary:0
[12813833ms] [ERROR] Failed to load resource: Could not connect to the server. @ http://localhost:4401/api/billing/ai-credits/summary:0
[12814440ms] [ERROR] Failed to load resource: Could not connect to the server. @ http://localhost:4401/api/billing/ai-credits/summary:0
[12843639ms] [ERROR] Failed to load resource: Could not connect to the server. @ http://localhost:4401/api/billing/ai-credits/summary:0
[12843846ms] [ERROR] Failed to load resource: Could not connect to the server. @ http://localhost:4401/api/billing/ai-credits/summary:0
[12844458ms] [ERROR] Failed to load resource: Could not connect to the server. @ http://localhost:4401/api/billing/ai-credits/summary:0
[12872787ms] [ERROR] Failed to load resource: Could not connect to the server. @ http://localhost:4401/dashboard/overview:0
[12872788ms] [ERROR] Failed to load resource: Could not connect to the server. @ http://localhost:4401/dashboard/alerts?limit=6:0
[12873001ms] [ERROR] Failed to load resource: Could not connect to the server. @ http://localhost:4401/dashboard/overview:0
[12873002ms] [ERROR] Failed to load resource: Could not connect to the server. @ http://localhost:4401/dashboard/alerts?limit=6:0
[12873615ms] [ERROR] Failed to load resource: Could not connect to the server. @ http://localhost:4401/dashboard/overview:0
[12873616ms] [ERROR] Failed to load resource: Could not connect to the server. @ http://localhost:4401/dashboard/alerts?limit=6:0
[12873632ms] [ERROR] Failed to load resource: Could not connect to the server. @ http://localhost:4401/api/billing/ai-credits/summary:0
[12873836ms] [ERROR] Failed to load resource: Could not connect to the server. @ http://localhost:4401/api/billing/ai-credits/summary:0
[12874443ms] [ERROR] Failed to load resource: Could not connect to the server. @ http://localhost:4401/api/billing/ai-credits/summary:0
[12903643ms] [ERROR] Failed to load resource: Could not connect to the server. @ http://localhost:4401/api/billing/ai-credits/summary:0
[12903848ms] [ERROR] Failed to load resource: Could not connect to the server. @ http://localhost:4401/api/billing/ai-credits/summary:0
[12904460ms] [ERROR] Failed to load resource: Could not connect to the server. @ http://localhost:4401/api/billing/ai-credits/summary:0
[12932791ms] [ERROR] Failed to load resource: Could not connect to the server. @ http://localhost:4401/dashboard/overview:0
[12932792ms] [ERROR] Failed to load resource: Could not connect to the server. @ http://localhost:4401/dashboard/alerts?limit=6:0
[12933006ms] [ERROR] Failed to load resource: Could not connect to the server. @ http://localhost:4401/dashboard/overview:0
[12933007ms] [ERROR] Failed to load resource: Could not connect to the server. @ http://localhost:4401/dashboard/alerts?limit=6:0
[12933621ms] [ERROR] Failed to load resource: Could not connect to the server. @ http://localhost:4401/dashboard/overview:0
[12933622ms] [ERROR] Failed to load resource: Could not connect to the server. @ http://localhost:4401/dashboard/alerts?limit=6:0
[12933640ms] [ERROR] Failed to load resource: Could not connect to the server. @ http://localhost:4401/api/billing/ai-credits/summary:0
[12933845ms] [ERROR] Failed to load resource: Could not connect to the server. @ http://localhost:4401/api/billing/ai-credits/summary:0
[12934457ms] [ERROR] Failed to load resource: Could not connect to the server. @ http://localhost:4401/api/billing/ai-credits/summary:0
[12963654ms] [ERROR] Failed to load resource: Could not connect to the server. @ http://localhost:4401/api/billing/ai-credits/summary:0
[12963859ms] [ERROR] Failed to load resource: Could not connect to the server. @ http://localhost:4401/api/billing/ai-credits/summary:0
[12964471ms] [ERROR] Failed to load resource: Could not connect to the server. @ http://localhost:4401/api/billing/ai-credits/summary:0
[12992798ms] [ERROR] Failed to load resource: Could not connect to the server. @ http://localhost:4401/dashboard/overview:0
[12992799ms] [ERROR] Failed to load resource: Could not connect to the server. @ http://localhost:4401/dashboard/alerts?limit=6:0
[12993013ms] [ERROR] Failed to load resource: Could not connect to the server. @ http://localhost:4401/dashboard/overview:0
[12993014ms] [ERROR] Failed to load resource: Could not connect to the server. @ http://localhost:4401/dashboard/alerts?limit=6:0
[12993626ms] [ERROR] Failed to load resource: Could not connect to the server. @ http://localhost:4401/dashboard/overview:0
[12993627ms] [ERROR] Failed to load resource: Could not connect to the server. @ http://localhost:4401/dashboard/alerts?limit=6:0
[12993650ms] [ERROR] Failed to load resource: Could not connect to the server. @ http://localhost:4401/api/billing/ai-credits/summary:0
[12993855ms] [ERROR] Failed to load resource: Could not connect to the server. @ http://localhost:4401/api/billing/ai-credits/summary:0
[12994467ms] [ERROR] Failed to load resource: Could not connect to the server. @ http://localhost:4401/api/billing/ai-credits/summary:0
[13023663ms] [ERROR] Failed to load resource: Could not connect to the server. @ http://localhost:4401/api/billing/ai-credits/summary:0
[13023874ms] [ERROR] Failed to load resource: Could not connect to the server. @ http://localhost:4401/api/billing/ai-credits/summary:0
[13024479ms] [ERROR] Failed to load resource: Could not connect to the server. @ http://localhost:4401/api/billing/ai-credits/summary:0
[13052802ms] [ERROR] Failed to load resource: Could not connect to the server. @ http://localhost:4401/dashboard/overview:0
[13052804ms] [ERROR] Failed to load resource: Could not connect to the server. @ http://localhost:4401/dashboard/alerts?limit=6:0
[13053014ms] [ERROR] Failed to load resource: Could not connect to the server. @ http://localhost:4401/dashboard/overview:0
[13053015ms] [ERROR] Failed to load resource: Could not connect to the server. @ http://localhost:4401/dashboard/alerts?limit=6:0
[13053620ms] [ERROR] Failed to load resource: Could not connect to the server. @ http://localhost:4401/dashboard/overview:0
[13053621ms] [ERROR] Failed to load resource: Could not connect to the server. @ http://localhost:4401/dashboard/alerts?limit=6:0
[13053656ms] [ERROR] Failed to load resource: Could not connect to the server. @ http://localhost:4401/api/billing/ai-credits/summary:0
[13053869ms] [ERROR] Failed to load resource: Could not connect to the server. @ http://localhost:4401/api/billing/ai-credits/summary:0
[13054474ms] [ERROR] Failed to load resource: Could not connect to the server. @ http://localhost:4401/api/billing/ai-credits/summary:0
[13083673ms] [ERROR] Failed to load resource: Could not connect to the server. @ http://localhost:4401/api/billing/ai-credits/summary:0
[13083878ms] [ERROR] Failed to load resource: Could not connect to the server. @ http://localhost:4401/api/billing/ai-credits/summary:0
[13084490ms] [ERROR] Failed to load resource: Could not connect to the server. @ http://localhost:4401/api/billing/ai-credits/summary:0
[13112810ms] [ERROR] Failed to load resource: Could not connect to the server. @ http://localhost:4401/dashboard/overview:0
[13112811ms] [ERROR] Failed to load resource: Could not connect to the server. @ http://localhost:4401/dashboard/alerts?limit=6:0
[13113025ms] [ERROR] Failed to load resource: Could not connect to the server. @ http://localhost:4401/dashboard/overview:0
[13113026ms] [ERROR] Failed to load resource: Could not connect to the server. @ http://localhost:4401/dashboard/alerts?limit=6:0
[13113637ms] [ERROR] Failed to load resource: Could not connect to the server. @ http://localhost:4401/dashboard/overview:0
[13113638ms] [ERROR] Failed to load resource: Could not connect to the server. @ http://localhost:4401/dashboard/alerts?limit=6:0
[13113672ms] [ERROR] Failed to load resource: Could not connect to the server. @ http://localhost:4401/api/billing/ai-credits/summary:0
[13113878ms] [ERROR] Failed to load resource: Could not connect to the server. @ http://localhost:4401/api/billing/ai-credits/summary:0
[13114489ms] [ERROR] Failed to load resource: Could not connect to the server. @ http://localhost:4401/api/billing/ai-credits/summary:0
[13143682ms] [ERROR] Failed to load resource: Could not connect to the server. @ http://localhost:4401/api/billing/ai-credits/summary:0
[13143887ms] [ERROR] Failed to load resource: Could not connect to the server. @ http://localhost:4401/api/billing/ai-credits/summary:0
[13144498ms] [ERROR] Failed to load resource: Could not connect to the server. @ http://localhost:4401/api/billing/ai-credits/summary:0
[13172817ms] [ERROR] Failed to load resource: Could not connect to the server. @ http://localhost:4401/dashboard/overview:0
[13172818ms] [ERROR] Failed to load resource: Could not connect to the server. @ http://localhost:4401/dashboard/alerts?limit=6:0
[13173029ms] [ERROR] Failed to load resource: Could not connect to the server. @ http://localhost:4401/dashboard/overview:0
[13173031ms] [ERROR] Failed to load resource: Could not connect to the server. @ http://localhost:4401/dashboard/alerts?limit=6:0
[13173643ms] [ERROR] Failed to load resource: Could not connect to the server. @ http://localhost:4401/dashboard/overview:0
[13173645ms] [ERROR] Failed to load resource: Could not connect to the server. @ http://localhost:4401/dashboard/alerts?limit=6:0
[13173680ms] [ERROR] Failed to load resource: Could not connect to the server. @ http://localhost:4401/api/billing/ai-credits/summary:0
[13173885ms] [ERROR] Failed to load resource: Could not connect to the server. @ http://localhost:4401/api/billing/ai-credits/summary:0
[13174498ms] [ERROR] Failed to load resource: Could not connect to the server. @ http://localhost:4401/api/billing/ai-credits/summary:0
[13203688ms] [ERROR] Failed to load resource: Could not connect to the server. @ http://localhost:4401/api/billing/ai-credits/summary:0
[13203893ms] [ERROR] Failed to load resource: Could not connect to the server. @ http://localhost:4401/api/billing/ai-credits/summary:0
[13204505ms] [ERROR] Failed to load resource: Could not connect to the server. @ http://localhost:4401/api/billing/ai-credits/summary:0
[13232818ms] [ERROR] Failed to load resource: Could not connect to the server. @ http://localhost:4401/dashboard/overview:0
[13232818ms] [ERROR] Failed to load resource: Could not connect to the server. @ http://localhost:4401/dashboard/alerts?limit=6:0
[13233029ms] [ERROR] Failed to load resource: Could not connect to the server. @ http://localhost:4401/dashboard/overview:0
[13233031ms] [ERROR] Failed to load resource: Could not connect to the server. @ http://localhost:4401/dashboard/alerts?limit=6:0
[13233642ms] [ERROR] Failed to load resource: Could not connect to the server. @ http://localhost:4401/dashboard/overview:0
[13233643ms] [ERROR] Failed to load resource: Could not connect to the server. @ http://localhost:4401/dashboard/alerts?limit=6:0
[13233690ms] [ERROR] Failed to load resource: Could not connect to the server. @ http://localhost:4401/api/billing/ai-credits/summary:0
[13233894ms] [ERROR] Failed to load resource: Could not connect to the server. @ http://localhost:4401/api/billing/ai-credits/summary:0
[13234507ms] [ERROR] Failed to load resource: Could not connect to the server. @ http://localhost:4401/api/billing/ai-credits/summary:0
[13263699ms] [ERROR] Failed to load resource: Could not connect to the server. @ http://localhost:4401/api/billing/ai-credits/summary:0
[13263902ms] [ERROR] Failed to load resource: Could not connect to the server. @ http://localhost:4401/api/billing/ai-credits/summary:0
[13264512ms] [ERROR] Failed to load resource: Could not connect to the server. @ http://localhost:4401/api/billing/ai-credits/summary:0
[13292825ms] [ERROR] Failed to load resource: Could not connect to the server. @ http://localhost:4401/dashboard/overview:0
[13292827ms] [ERROR] Failed to load resource: Could not connect to the server. @ http://localhost:4401/dashboard/alerts?limit=6:0
[13293038ms] [ERROR] Failed to load resource: Could not connect to the server. @ http://localhost:4401/dashboard/overview:0
[13293039ms] [ERROR] Failed to load resource: Could not connect to the server. @ http://localhost:4401/dashboard/alerts?limit=6:0
[13293651ms] [ERROR] Failed to load resource: Could not connect to the server. @ http://localhost:4401/dashboard/overview:0
[13293652ms] [ERROR] Failed to load resource: Could not connect to the server. @ http://localhost:4401/dashboard/alerts?limit=6:0
[13293702ms] [ERROR] Failed to load resource: Could not connect to the server. @ http://localhost:4401/api/billing/ai-credits/summary:0
[13293907ms] [ERROR] Failed to load resource: Could not connect to the server. @ http://localhost:4401/api/billing/ai-credits/summary:0
[13294520ms] [ERROR] Failed to load resource: Could not connect to the server. @ http://localhost:4401/api/billing/ai-credits/summary:0
[13323707ms] [ERROR] Failed to load resource: Could not connect to the server. @ http://localhost:4401/api/billing/ai-credits/summary:0
[13323910ms] [ERROR] Failed to load resource: Could not connect to the server. @ http://localhost:4401/api/billing/ai-credits/summary:0
[13324523ms] [ERROR] Failed to load resource: Could not connect to the server. @ http://localhost:4401/api/billing/ai-credits/summary:0
[13352828ms] [ERROR] Failed to load resource: Could not connect to the server. @ http://localhost:4401/dashboard/overview:0
[13352829ms] [ERROR] Failed to load resource: Could not connect to the server. @ http://localhost:4401/dashboard/alerts?limit=6:0
[13353041ms] [ERROR] Failed to load resource: Could not connect to the server. @ http://localhost:4401/dashboard/overview:0
[13353042ms] [ERROR] Failed to load resource: Could not connect to the server. @ http://localhost:4401/dashboard/alerts?limit=6:0
[13353653ms] [ERROR] Failed to load resource: Could not connect to the server. @ http://localhost:4401/dashboard/overview:0
[13353654ms] [ERROR] Failed to load resource: Could not connect to the server. @ http://localhost:4401/dashboard/alerts?limit=6:0
[13353709ms] [ERROR] Failed to load resource: Could not connect to the server. @ http://localhost:4401/api/billing/ai-credits/summary:0
[13353915ms] [ERROR] Failed to load resource: Could not connect to the server. @ http://localhost:4401/api/billing/ai-credits/summary:0
[13354527ms] [ERROR] Failed to load resource: Could not connect to the server. @ http://localhost:4401/api/billing/ai-credits/summary:0
[13383716ms] [ERROR] Failed to load resource: Could not connect to the server. @ http://localhost:4401/api/billing/ai-credits/summary:0
[13383920ms] [ERROR] Failed to load resource: Could not connect to the server. @ http://localhost:4401/api/billing/ai-credits/summary:0
[13384533ms] [ERROR] Failed to load resource: Could not connect to the server. @ http://localhost:4401/api/billing/ai-credits/summary:0
[13412837ms] [ERROR] Failed to load resource: Could not connect to the server. @ http://localhost:4401/dashboard/overview:0
[13412838ms] [ERROR] Failed to load resource: Could not connect to the server. @ http://localhost:4401/dashboard/alerts?limit=6:0
[13413048ms] [ERROR] Failed to load resource: Could not connect to the server. @ http://localhost:4401/dashboard/overview:0
[13413049ms] [ERROR] Failed to load resource: Could not connect to the server. @ http://localhost:4401/dashboard/alerts?limit=6:0
[13413661ms] [ERROR] Failed to load resource: Could not connect to the server. @ http://localhost:4401/dashboard/overview:0
[13413662ms] [ERROR] Failed to load resource: Could not connect to the server. @ http://localhost:4401/dashboard/alerts?limit=6:0
[13413718ms] [ERROR] Failed to load resource: Could not connect to the server. @ http://localhost:4401/api/billing/ai-credits/summary:0
[13413923ms] [ERROR] Failed to load resource: Could not connect to the server. @ http://localhost:4401/api/billing/ai-credits/summary:0
[13414535ms] [ERROR] Failed to load resource: Could not connect to the server. @ http://localhost:4401/api/billing/ai-credits/summary:0
[13443727ms] [ERROR] Failed to load resource: Could not connect to the server. @ http://localhost:4401/api/billing/ai-credits/summary:0
[13443931ms] [ERROR] Failed to load resource: Could not connect to the server. @ http://localhost:4401/api/billing/ai-credits/summary:0
[13444542ms] [ERROR] Failed to load resource: Could not connect to the server. @ http://localhost:4401/api/billing/ai-credits/summary:0
[13472839ms] [ERROR] Failed to load resource: Could not connect to the server. @ http://localhost:4401/dashboard/overview:0
[13472840ms] [ERROR] Failed to load resource: Could not connect to the server. @ http://localhost:4401/dashboard/alerts?limit=6:0
[13473052ms] [ERROR] Failed to load resource: Could not connect to the server. @ http://localhost:4401/dashboard/overview:0
[13473053ms] [ERROR] Failed to load resource: Could not connect to the server. @ http://localhost:4401/dashboard/alerts?limit=6:0
[13473657ms] [ERROR] Failed to load resource: Could not connect to the server. @ http://localhost:4401/dashboard/overview:0
[13473658ms] [ERROR] Failed to load resource: Could not connect to the server. @ http://localhost:4401/dashboard/alerts?limit=6:0
[13473723ms] [ERROR] Failed to load resource: Could not connect to the server. @ http://localhost:4401/api/billing/ai-credits/summary:0
[13473928ms] [ERROR] Failed to load resource: Could not connect to the server. @ http://localhost:4401/api/billing/ai-credits/summary:0
[13474540ms] [ERROR] Failed to load resource: Could not connect to the server. @ http://localhost:4401/api/billing/ai-credits/summary:0
[13503736ms] [ERROR] Failed to load resource: Could not connect to the server. @ http://localhost:4401/api/billing/ai-credits/summary:0
[13503939ms] [ERROR] Failed to load resource: Could not connect to the server. @ http://localhost:4401/api/billing/ai-credits/summary:0
[13504552ms] [ERROR] Failed to load resource: Could not connect to the server. @ http://localhost:4401/api/billing/ai-credits/summary:0
[13532838ms] [ERROR] Failed to load resource: Could not connect to the server. @ http://localhost:4401/dashboard/overview:0
[13532838ms] [ERROR] Failed to load resource: Could not connect to the server. @ http://localhost:4401/dashboard/alerts?limit=6:0
[13533050ms] [ERROR] Failed to load resource: Could not connect to the server. @ http://localhost:4401/dashboard/overview:0
[13533051ms] [ERROR] Failed to load resource: Could not connect to the server. @ http://localhost:4401/dashboard/alerts?limit=6:0
[13533664ms] [ERROR] Failed to load resource: Could not connect to the server. @ http://localhost:4401/dashboard/overview:0
[13533665ms] [ERROR] Failed to load resource: Could not connect to the server. @ http://localhost:4401/dashboard/alerts?limit=6:0
[13533740ms] [ERROR] Failed to load resource: Could not connect to the server. @ http://localhost:4401/api/billing/ai-credits/summary:0
[13533944ms] [ERROR] Failed to load resource: Could not connect to the server. @ http://localhost:4401/api/billing/ai-credits/summary:0
[13534556ms] [ERROR] Failed to load resource: Could not connect to the server. @ http://localhost:4401/api/billing/ai-credits/summary:0
[13563745ms] [ERROR] Failed to load resource: Could not connect to the server. @ http://localhost:4401/api/billing/ai-credits/summary:0
[13563957ms] [ERROR] Failed to load resource: Could not connect to the server. @ http://localhost:4401/api/billing/ai-credits/summary:0
[13564565ms] [ERROR] Failed to load resource: Could not connect to the server. @ http://localhost:4401/api/billing/ai-credits/summary:0
[13592852ms] [ERROR] Failed to load resource: Could not connect to the server. @ http://localhost:4401/dashboard/overview:0
[13592853ms] [ERROR] Failed to load resource: Could not connect to the server. @ http://localhost:4401/dashboard/alerts?limit=6:0
[13593066ms] [ERROR] Failed to load resource: Could not connect to the server. @ http://localhost:4401/dashboard/overview:0
[13593068ms] [ERROR] Failed to load resource: Could not connect to the server. @ http://localhost:4401/dashboard/alerts?limit=6:0
[13593680ms] [ERROR] Failed to load resource: Could not connect to the server. @ http://localhost:4401/dashboard/overview:0
[13593682ms] [ERROR] Failed to load resource: Could not connect to the server. @ http://localhost:4401/dashboard/alerts?limit=6:0
[13593749ms] [ERROR] Failed to load resource: Could not connect to the server. @ http://localhost:4401/api/billing/ai-credits/summary:0
[13593954ms] [ERROR] Failed to load resource: Could not connect to the server. @ http://localhost:4401/api/billing/ai-credits/summary:0
[13594567ms] [ERROR] Failed to load resource: Could not connect to the server. @ http://localhost:4401/api/billing/ai-credits/summary:0
[13623747ms] [ERROR] Failed to load resource: Could not connect to the server. @ http://localhost:4401/api/billing/ai-credits/summary:0
[13623952ms] [ERROR] Failed to load resource: Could not connect to the server. @ http://localhost:4401/api/billing/ai-credits/summary:0
[13624565ms] [ERROR] Failed to load resource: Could not connect to the server. @ http://localhost:4401/api/billing/ai-credits/summary:0
[13652848ms] [ERROR] Failed to load resource: Could not connect to the server. @ http://localhost:4401/dashboard/overview:0
[13652848ms] [ERROR] Failed to load resource: Could not connect to the server. @ http://localhost:4401/dashboard/alerts?limit=6:0
[13653053ms] [ERROR] Failed to load resource: Could not connect to the server. @ http://localhost:4401/dashboard/overview:0
[13653053ms] [ERROR] Failed to load resource: Could not connect to the server. @ http://localhost:4401/dashboard/alerts?limit=6:0
[13653665ms] [ERROR] Failed to load resource: Could not connect to the server. @ http://localhost:4401/dashboard/overview:0
[13653666ms] [ERROR] Failed to load resource: Could not connect to the server. @ http://localhost:4401/dashboard/alerts?limit=6:0
[13653757ms] [ERROR] Failed to load resource: Could not connect to the server. @ http://localhost:4401/api/billing/ai-credits/summary:0
[13653965ms] [ERROR] Failed to load resource: Could not connect to the server. @ http://localhost:4401/api/billing/ai-credits/summary:0
[13654579ms] [ERROR] Failed to load resource: Could not connect to the server. @ http://localhost:4401/api/billing/ai-credits/summary:0
[13683765ms] [ERROR] Failed to load resource: Could not connect to the server. @ http://localhost:4401/api/billing/ai-credits/summary:0
[13683971ms] [ERROR] Failed to load resource: Could not connect to the server. @ http://localhost:4401/api/billing/ai-credits/summary:0
[13684584ms] [ERROR] Failed to load resource: Could not connect to the server. @ http://localhost:4401/api/billing/ai-credits/summary:0
[13712861ms] [ERROR] Failed to load resource: Could not connect to the server. @ http://localhost:4401/dashboard/overview:0
[13712862ms] [ERROR] Failed to load resource: Could not connect to the server. @ http://localhost:4401/dashboard/alerts?limit=6:0
[13713072ms] [ERROR] Failed to load resource: Could not connect to the server. @ http://localhost:4401/dashboard/overview:0
[13713073ms] [ERROR] Failed to load resource: Could not connect to the server. @ http://localhost:4401/dashboard/alerts?limit=6:0
[13713686ms] [ERROR] Failed to load resource: Could not connect to the server. @ http://localhost:4401/dashboard/overview:0
[13713687ms] [ERROR] Failed to load resource: Could not connect to the server. @ http://localhost:4401/dashboard/alerts?limit=6:0
[13713767ms] [ERROR] Failed to load resource: Could not connect to the server. @ http://localhost:4401/api/billing/ai-credits/summary:0
[13713973ms] [ERROR] Failed to load resource: Could not connect to the server. @ http://localhost:4401/api/billing/ai-credits/summary:0
[13714584ms] [ERROR] Failed to load resource: Could not connect to the server. @ http://localhost:4401/api/billing/ai-credits/summary:0
[13743767ms] [ERROR] Failed to load resource: Could not connect to the server. @ http://localhost:4401/api/billing/ai-credits/summary:0
[13743971ms] [ERROR] Failed to load resource: Could not connect to the server. @ http://localhost:4401/api/billing/ai-credits/summary:0
[13744582ms] [ERROR] Failed to load resource: Could not connect to the server. @ http://localhost:4401/api/billing/ai-credits/summary:0
[13772862ms] [ERROR] Failed to load resource: Could not connect to the server. @ http://localhost:4401/dashboard/overview:0
[13772863ms] [ERROR] Failed to load resource: Could not connect to the server. @ http://localhost:4401/dashboard/alerts?limit=6:0
[13773074ms] [ERROR] Failed to load resource: Could not connect to the server. @ http://localhost:4401/dashboard/overview:0
[13773075ms] [ERROR] Failed to load resource: Could not connect to the server. @ http://localhost:4401/dashboard/alerts?limit=6:0
[13773683ms] [ERROR] Failed to load resource: Could not connect to the server. @ http://localhost:4401/dashboard/overview:0
[13773684ms] [ERROR] Failed to load resource: Could not connect to the server. @ http://localhost:4401/dashboard/alerts?limit=6:0
[13773774ms] [ERROR] Failed to load resource: Could not connect to the server. @ http://localhost:4401/api/billing/ai-credits/summary:0
[13773979ms] [ERROR] Failed to load resource: Could not connect to the server. @ http://localhost:4401/api/billing/ai-credits/summary:0
[13774589ms] [ERROR] Failed to load resource: Could not connect to the server. @ http://localhost:4401/api/billing/ai-credits/summary:0
[13803783ms] [ERROR] Failed to load resource: Could not connect to the server. @ http://localhost:4401/api/billing/ai-credits/summary:0
[13803988ms] [ERROR] Failed to load resource: Could not connect to the server. @ http://localhost:4401/api/billing/ai-credits/summary:0
[13804600ms] [ERROR] Failed to load resource: Could not connect to the server. @ http://localhost:4401/api/billing/ai-credits/summary:0
[13832868ms] [ERROR] Failed to load resource: Could not connect to the server. @ http://localhost:4401/dashboard/overview:0
[13832869ms] [ERROR] Failed to load resource: Could not connect to the server. @ http://localhost:4401/dashboard/alerts?limit=6:0
[13833078ms] [ERROR] Failed to load resource: Could not connect to the server. @ http://localhost:4401/dashboard/overview:0
[13833079ms] [ERROR] Failed to load resource: Could not connect to the server. @ http://localhost:4401/dashboard/alerts?limit=6:0
[13833686ms] [ERROR] Failed to load resource: Could not connect to the server. @ http://localhost:4401/dashboard/overview:0
[13833687ms] [ERROR] Failed to load resource: Could not connect to the server. @ http://localhost:4401/dashboard/alerts?limit=6:0
[13833786ms] [ERROR] Failed to load resource: Could not connect to the server. @ http://localhost:4401/api/billing/ai-credits/summary:0
[13833993ms] [ERROR] Failed to load resource: Could not connect to the server. @ http://localhost:4401/api/billing/ai-credits/summary:0
[13834603ms] [ERROR] Failed to load resource: Could not connect to the server. @ http://localhost:4401/api/billing/ai-credits/summary:0
[13863790ms] [ERROR] Failed to load resource: Could not connect to the server. @ http://localhost:4401/api/billing/ai-credits/summary:0
[13863995ms] [ERROR] Failed to load resource: Could not connect to the server. @ http://localhost:4401/api/billing/ai-credits/summary:0
[13864607ms] [ERROR] Failed to load resource: Could not connect to the server. @ http://localhost:4401/api/billing/ai-credits/summary:0
[13892870ms] [ERROR] Failed to load resource: Could not connect to the server. @ http://localhost:4401/dashboard/overview:0
[13892871ms] [ERROR] Failed to load resource: Could not connect to the server. @ http://localhost:4401/dashboard/alerts?limit=6:0
[13893079ms] [ERROR] Failed to load resource: Could not connect to the server. @ http://localhost:4401/dashboard/overview:0
[13893080ms] [ERROR] Failed to load resource: Could not connect to the server. @ http://localhost:4401/dashboard/alerts?limit=6:0
[13893688ms] [ERROR] Failed to load resource: Could not connect to the server. @ http://localhost:4401/dashboard/overview:0
[13893689ms] [ERROR] Failed to load resource: Could not connect to the server. @ http://localhost:4401/dashboard/alerts?limit=6:0
[13893793ms] [ERROR] Failed to load resource: Could not connect to the server. @ http://localhost:4401/api/billing/ai-credits/summary:0
[13894000ms] [ERROR] Failed to load resource: Could not connect to the server. @ http://localhost:4401/api/billing/ai-credits/summary:0
[13894611ms] [ERROR] Failed to load resource: Could not connect to the server. @ http://localhost:4401/api/billing/ai-credits/summary:0
[13923792ms] [ERROR] Failed to load resource: Could not connect to the server. @ http://localhost:4401/api/billing/ai-credits/summary:0
[13923997ms] [ERROR] Failed to load resource: Could not connect to the server. @ http://localhost:4401/api/billing/ai-credits/summary:0
[13924607ms] [ERROR] Failed to load resource: Could not connect to the server. @ http://localhost:4401/api/billing/ai-credits/summary:0
[13952878ms] [ERROR] Failed to load resource: Could not connect to the server. @ http://localhost:4401/dashboard/overview:0
[13952878ms] [ERROR] Failed to load resource: Could not connect to the server. @ http://localhost:4401/dashboard/alerts?limit=6:0
[13953086ms] [ERROR] Failed to load resource: Could not connect to the server. @ http://localhost:4401/dashboard/overview:0
[13953087ms] [ERROR] Failed to load resource: Could not connect to the server. @ http://localhost:4401/dashboard/alerts?limit=6:0
[13953694ms] [ERROR] Failed to load resource: Could not connect to the server. @ http://localhost:4401/dashboard/overview:0
[13953696ms] [ERROR] Failed to load resource: Could not connect to the server. @ http://localhost:4401/dashboard/alerts?limit=6:0
[13953802ms] [ERROR] Failed to load resource: Could not connect to the server. @ http://localhost:4401/api/billing/ai-credits/summary:0
[13954008ms] [ERROR] Failed to load resource: Could not connect to the server. @ http://localhost:4401/api/billing/ai-credits/summary:0
[13954628ms] [ERROR] Failed to load resource: Could not connect to the server. @ http://localhost:4401/api/billing/ai-credits/summary:0
[13983804ms] [ERROR] Failed to load resource: Could not connect to the server. @ http://localhost:4401/api/billing/ai-credits/summary:0
[13984017ms] [ERROR] Failed to load resource: Could not connect to the server. @ http://localhost:4401/api/billing/ai-credits/summary:0
[13984628ms] [ERROR] Failed to load resource: Could not connect to the server. @ http://localhost:4401/api/billing/ai-credits/summary:0
[14012884ms] [ERROR] Failed to load resource: Could not connect to the server. @ http://localhost:4401/dashboard/overview:0
[14012885ms] [ERROR] Failed to load resource: Could not connect to the server. @ http://localhost:4401/dashboard/alerts?limit=6:0
[14013092ms] [ERROR] Failed to load resource: Could not connect to the server. @ http://localhost:4401/dashboard/overview:0
[14013093ms] [ERROR] Failed to load resource: Could not connect to the server. @ http://localhost:4401/dashboard/alerts?limit=6:0
[14013701ms] [ERROR] Failed to load resource: Could not connect to the server. @ http://localhost:4401/dashboard/overview:0
[14013702ms] [ERROR] Failed to load resource: Could not connect to the server. @ http://localhost:4401/dashboard/alerts?limit=6:0
[14013808ms] [ERROR] Failed to load resource: Could not connect to the server. @ http://localhost:4401/api/billing/ai-credits/summary:0
[14014015ms] [ERROR] Failed to load resource: Could not connect to the server. @ http://localhost:4401/api/billing/ai-credits/summary:0
[14014629ms] [ERROR] Failed to load resource: Could not connect to the server. @ http://localhost:4401/api/billing/ai-credits/summary:0
[14043811ms] [ERROR] Failed to load resource: Could not connect to the server. @ http://localhost:4401/api/billing/ai-credits/summary:0
[14044022ms] [ERROR] Failed to load resource: Could not connect to the server. @ http://localhost:4401/api/billing/ai-credits/summary:0
[14044627ms] [ERROR] Failed to load resource: Could not connect to the server. @ http://localhost:4401/api/billing/ai-credits/summary:0
[14072887ms] [ERROR] Failed to load resource: Could not connect to the server. @ http://localhost:4401/dashboard/overview:0
[14072888ms] [ERROR] Failed to load resource: Could not connect to the server. @ http://localhost:4401/dashboard/alerts?limit=6:0
[14073102ms] [ERROR] Failed to load resource: Could not connect to the server. @ http://localhost:4401/dashboard/overview:0
[14073103ms] [ERROR] Failed to load resource: Could not connect to the server. @ http://localhost:4401/dashboard/alerts?limit=6:0
[14073716ms] [ERROR] Failed to load resource: Could not connect to the server. @ http://localhost:4401/dashboard/overview:0
[14073717ms] [ERROR] Failed to load resource: Could not connect to the server. @ http://localhost:4401/dashboard/alerts?limit=6:0
[14073821ms] [ERROR] Failed to load resource: Could not connect to the server. @ http://localhost:4401/api/billing/ai-credits/summary:0
[14074026ms] [ERROR] Failed to load resource: Could not connect to the server. @ http://localhost:4401/api/billing/ai-credits/summary:0
[14074639ms] [ERROR] Failed to load resource: Could not connect to the server. @ http://localhost:4401/api/billing/ai-credits/summary:0
[14103812ms] [ERROR] Failed to load resource: Could not connect to the server. @ http://localhost:4401/api/billing/ai-credits/summary:0
[14104016ms] [ERROR] Failed to load resource: Could not connect to the server. @ http://localhost:4401/api/billing/ai-credits/summary:0
[14104628ms] [ERROR] Failed to load resource: Could not connect to the server. @ http://localhost:4401/api/billing/ai-credits/summary:0
[14132876ms] [ERROR] Failed to load resource: Could not connect to the server. @ http://localhost:4401/dashboard/overview:0
[14132876ms] [ERROR] Failed to load resource: Could not connect to the server. @ http://localhost:4401/dashboard/alerts?limit=6:0
[14133082ms] [ERROR] Failed to load resource: Could not connect to the server. @ http://localhost:4401/dashboard/overview:0
[14133083ms] [ERROR] Failed to load resource: Could not connect to the server. @ http://localhost:4401/dashboard/alerts?limit=6:0
[14133694ms] [ERROR] Failed to load resource: Could not connect to the server. @ http://localhost:4401/dashboard/overview:0
[14133695ms] [ERROR] Failed to load resource: Could not connect to the server. @ http://localhost:4401/dashboard/alerts?limit=6:0
[14133820ms] [ERROR] Failed to load resource: Could not connect to the server. @ http://localhost:4401/api/billing/ai-credits/summary:0
[14134026ms] [ERROR] Failed to load resource: Could not connect to the server. @ http://localhost:4401/api/billing/ai-credits/summary:0
[14134636ms] [ERROR] Failed to load resource: Could not connect to the server. @ http://localhost:4401/api/billing/ai-credits/summary:0
[14163815ms] [ERROR] Failed to load resource: Could not connect to the server. @ http://localhost:4401/api/billing/ai-credits/summary:0
[14164019ms] [ERROR] Failed to load resource: Could not connect to the server. @ http://localhost:4401/api/billing/ai-credits/summary:0
[14164630ms] [ERROR] Failed to load resource: Could not connect to the server. @ http://localhost:4401/api/billing/ai-credits/summary:0
[14192883ms] [ERROR] Failed to load resource: Could not connect to the server. @ http://localhost:4401/dashboard/overview:0
[14192884ms] [ERROR] Failed to load resource: Could not connect to the server. @ http://localhost:4401/dashboard/alerts?limit=6:0
[14193095ms] [ERROR] Failed to load resource: Could not connect to the server. @ http://localhost:4401/dashboard/overview:0
[14193097ms] [ERROR] Failed to load resource: Could not connect to the server. @ http://localhost:4401/dashboard/alerts?limit=6:0
[14193700ms] [ERROR] Failed to load resource: Could not connect to the server. @ http://localhost:4401/dashboard/overview:0
[14193700ms] [ERROR] Failed to load resource: Could not connect to the server. @ http://localhost:4401/dashboard/alerts?limit=6:0
[14193821ms] [ERROR] Failed to load resource: Could not connect to the server. @ http://localhost:4401/api/billing/ai-credits/summary:0
[14194033ms] [ERROR] Failed to load resource: Could not connect to the server. @ http://localhost:4401/api/billing/ai-credits/summary:0
[14194646ms] [ERROR] Failed to load resource: Could not connect to the server. @ http://localhost:4401/api/billing/ai-credits/summary:0
[14223825ms] [ERROR] Failed to load resource: Could not connect to the server. @ http://localhost:4401/api/billing/ai-credits/summary:0
[14224028ms] [ERROR] Failed to load resource: Could not connect to the server. @ http://localhost:4401/api/billing/ai-credits/summary:0
[14224632ms] [ERROR] Failed to load resource: Could not connect to the server. @ http://localhost:4401/api/billing/ai-credits/summary:0
[14252884ms] [ERROR] Failed to load resource: Could not connect to the server. @ http://localhost:4401/dashboard/overview:0
[14252885ms] [ERROR] Failed to load resource: Could not connect to the server. @ http://localhost:4401/dashboard/alerts?limit=6:0
[14253091ms] [ERROR] Failed to load resource: Could not connect to the server. @ http://localhost:4401/dashboard/overview:0
[14253092ms] [ERROR] Failed to load resource: Could not connect to the server. @ http://localhost:4401/dashboard/alerts?limit=6:0
[14253703ms] [ERROR] Failed to load resource: Could not connect to the server. @ http://localhost:4401/dashboard/overview:0
[14253704ms] [ERROR] Failed to load resource: Could not connect to the server. @ http://localhost:4401/dashboard/alerts?limit=6:0
[14253832ms] [ERROR] Failed to load resource: Could not connect to the server. @ http://localhost:4401/api/billing/ai-credits/summary:0
[14254038ms] [ERROR] Failed to load resource: Could not connect to the server. @ http://localhost:4401/api/billing/ai-credits/summary:0
[14254649ms] [ERROR] Failed to load resource: Could not connect to the server. @ http://localhost:4401/api/billing/ai-credits/summary:0
[14283835ms] [ERROR] Failed to load resource: Could not connect to the server. @ http://localhost:4401/api/billing/ai-credits/summary:0
[14284039ms] [ERROR] Failed to load resource: Could not connect to the server. @ http://localhost:4401/api/billing/ai-credits/summary:0
[14284653ms] [ERROR] Failed to load resource: Could not connect to the server. @ http://localhost:4401/api/billing/ai-credits/summary:0
[14312899ms] [ERROR] Failed to load resource: Could not connect to the server. @ http://localhost:4401/dashboard/overview:0
[14312900ms] [ERROR] Failed to load resource: Could not connect to the server. @ http://localhost:4401/dashboard/alerts?limit=6:0
[14313111ms] [ERROR] Failed to load resource: Could not connect to the server. @ http://localhost:4401/dashboard/overview:0
[14313113ms] [ERROR] Failed to load resource: Could not connect to the server. @ http://localhost:4401/dashboard/alerts?limit=6:0
[14313715ms] [ERROR] Failed to load resource: Could not connect to the server. @ http://localhost:4401/dashboard/overview:0
[14313716ms] [ERROR] Failed to load resource: Could not connect to the server. @ http://localhost:4401/dashboard/alerts?limit=6:0
[14313837ms] [ERROR] Failed to load resource: Could not connect to the server. @ http://localhost:4401/api/billing/ai-credits/summary:0
[14314042ms] [ERROR] Failed to load resource: Could not connect to the server. @ http://localhost:4401/api/billing/ai-credits/summary:0
[14314646ms] [ERROR] Failed to load resource: Could not connect to the server. @ http://localhost:4401/api/billing/ai-credits/summary:0
[14343843ms] [ERROR] Failed to load resource: Could not connect to the server. @ http://localhost:4401/api/billing/ai-credits/summary:0
[14344048ms] [ERROR] Failed to load resource: Could not connect to the server. @ http://localhost:4401/api/billing/ai-credits/summary:0
[14344659ms] [ERROR] Failed to load resource: Could not connect to the server. @ http://localhost:4401/api/billing/ai-credits/summary:0
[14372905ms] [ERROR] Failed to load resource: Could not connect to the server. @ http://localhost:4401/dashboard/overview:0
[14372906ms] [ERROR] Failed to load resource: Could not connect to the server. @ http://localhost:4401/dashboard/alerts?limit=6:0
[14373110ms] [ERROR] Failed to load resource: Could not connect to the server. @ http://localhost:4401/dashboard/overview:0
[14373110ms] [ERROR] Failed to load resource: Could not connect to the server. @ http://localhost:4401/dashboard/alerts?limit=6:0
[14373724ms] [ERROR] Failed to load resource: Could not connect to the server. @ http://localhost:4401/dashboard/overview:0
[14373725ms] [ERROR] Failed to load resource: Could not connect to the server. @ http://localhost:4401/dashboard/alerts?limit=6:0
[14373852ms] [ERROR] Failed to load resource: Could not connect to the server. @ http://localhost:4401/api/billing/ai-credits/summary:0
[14374058ms] [ERROR] Failed to load resource: Could not connect to the server. @ http://localhost:4401/api/billing/ai-credits/summary:0
[14374669ms] [ERROR] Failed to load resource: Could not connect to the server. @ http://localhost:4401/api/billing/ai-credits/summary:0
[14403861ms] [ERROR] Failed to load resource: Could not connect to the server. @ http://localhost:4401/api/billing/ai-credits/summary:0
[14404067ms] [ERROR] Failed to load resource: Could not connect to the server. @ http://localhost:4401/api/billing/ai-credits/summary:0
[14404680ms] [ERROR] Failed to load resource: Could not connect to the server. @ http://localhost:4401/api/billing/ai-credits/summary:0
[14432909ms] [ERROR] Failed to load resource: Could not connect to the server. @ http://localhost:4401/dashboard/overview:0
[14432910ms] [ERROR] Failed to load resource: Could not connect to the server. @ http://localhost:4401/dashboard/alerts?limit=6:0
[14433124ms] [ERROR] Failed to load resource: Could not connect to the server. @ http://localhost:4401/dashboard/overview:0
[14433125ms] [ERROR] Failed to load resource: Could not connect to the server. @ http://localhost:4401/dashboard/alerts?limit=6:0
[14433737ms] [ERROR] Failed to load resource: Could not connect to the server. @ http://localhost:4401/dashboard/overview:0
[14433738ms] [ERROR] Failed to load resource: Could not connect to the server. @ http://localhost:4401/dashboard/alerts?limit=6:0
[14433863ms] [ERROR] Failed to load resource: Could not connect to the server. @ http://localhost:4401/api/billing/ai-credits/summary:0
[14434071ms] [ERROR] Failed to load resource: Could not connect to the server. @ http://localhost:4401/api/billing/ai-credits/summary:0
[14434675ms] [ERROR] Failed to load resource: Could not connect to the server. @ http://localhost:4401/api/billing/ai-credits/summary:0
[14463882ms] [ERROR] Failed to load resource: Could not connect to the server. @ http://localhost:4401/api/billing/ai-credits/summary:0
[14464089ms] [ERROR] Failed to load resource: Could not connect to the server. @ http://localhost:4401/api/billing/ai-credits/summary:0
[14464698ms] [ERROR] Failed to load resource: Could not connect to the server. @ http://localhost:4401/api/billing/ai-credits/summary:0
[14492913ms] [ERROR] Failed to load resource: Could not connect to the server. @ http://localhost:4401/dashboard/overview:0
[14492914ms] [ERROR] Failed to load resource: Could not connect to the server. @ http://localhost:4401/dashboard/alerts?limit=6:0
[14493123ms] [ERROR] Failed to load resource: Could not connect to the server. @ http://localhost:4401/dashboard/overview:0
[14493124ms] [ERROR] Failed to load resource: Could not connect to the server. @ http://localhost:4401/dashboard/alerts?limit=6:0
[14493734ms] [ERROR] Failed to load resource: Could not connect to the server. @ http://localhost:4401/dashboard/overview:0
[14493736ms] [ERROR] Failed to load resource: Could not connect to the server. @ http://localhost:4401/dashboard/alerts?limit=6:0
[14493866ms] [ERROR] Failed to load resource: Could not connect to the server. @ http://localhost:4401/api/billing/ai-credits/summary:0
[14494072ms] [ERROR] Failed to load resource: Could not connect to the server. @ http://localhost:4401/api/billing/ai-credits/summary:0
[14494680ms] [ERROR] Failed to load resource: Could not connect to the server. @ http://localhost:4401/api/billing/ai-credits/summary:0
[14523871ms] [ERROR] Failed to load resource: Could not connect to the server. @ http://localhost:4401/api/billing/ai-credits/summary:0
[14524074ms] [ERROR] Failed to load resource: Could not connect to the server. @ http://localhost:4401/api/billing/ai-credits/summary:0
[14524686ms] [ERROR] Failed to load resource: Could not connect to the server. @ http://localhost:4401/api/billing/ai-credits/summary:0
[14552915ms] [ERROR] Failed to load resource: Could not connect to the server. @ http://localhost:4401/dashboard/overview:0
[14552917ms] [ERROR] Failed to load resource: Could not connect to the server. @ http://localhost:4401/dashboard/alerts?limit=6:0
[14553124ms] [ERROR] Failed to load resource: Could not connect to the server. @ http://localhost:4401/dashboard/overview:0
[14553126ms] [ERROR] Failed to load resource: Could not connect to the server. @ http://localhost:4401/dashboard/alerts?limit=6:0
[14553728ms] [ERROR] Failed to load resource: Could not connect to the server. @ http://localhost:4401/dashboard/overview:0
[14553729ms] [ERROR] Failed to load resource: Could not connect to the server. @ http://localhost:4401/dashboard/alerts?limit=6:0
[14553873ms] [ERROR] Failed to load resource: Could not connect to the server. @ http://localhost:4401/api/billing/ai-credits/summary:0
[14554082ms] [ERROR] Failed to load resource: Could not connect to the server. @ http://localhost:4401/api/billing/ai-credits/summary:0
[14554686ms] [ERROR] Failed to load resource: Could not connect to the server. @ http://localhost:4401/api/billing/ai-credits/summary:0
[14583891ms] [ERROR] Failed to load resource: Could not connect to the server. @ http://localhost:4401/api/billing/ai-credits/summary:0
[14584096ms] [ERROR] Failed to load resource: Could not connect to the server. @ http://localhost:4401/api/billing/ai-credits/summary:0
[14584705ms] [ERROR] Failed to load resource: Could not connect to the server. @ http://localhost:4401/api/billing/ai-credits/summary:0
[14612914ms] [ERROR] Failed to load resource: Could not connect to the server. @ http://localhost:4401/dashboard/overview:0
[14612915ms] [ERROR] Failed to load resource: Could not connect to the server. @ http://localhost:4401/dashboard/alerts?limit=6:0
[14613122ms] [ERROR] Failed to load resource: Could not connect to the server. @ http://localhost:4401/dashboard/overview:0
[14613123ms] [ERROR] Failed to load resource: Could not connect to the server. @ http://localhost:4401/dashboard/alerts?limit=6:0
[14613732ms] [ERROR] Failed to load resource: Could not connect to the server. @ http://localhost:4401/dashboard/overview:0
[14613733ms] [ERROR] Failed to load resource: Could not connect to the server. @ http://localhost:4401/dashboard/alerts?limit=6:0
[14613882ms] [ERROR] Failed to load resource: Could not connect to the server. @ http://localhost:4401/api/billing/ai-credits/summary:0
[14614087ms] [ERROR] Failed to load resource: Could not connect to the server. @ http://localhost:4401/api/billing/ai-credits/summary:0
[14614695ms] [ERROR] Failed to load resource: Could not connect to the server. @ http://localhost:4401/api/billing/ai-credits/summary:0
[14643888ms] [ERROR] Failed to load resource: Could not connect to the server. @ http://localhost:4401/api/billing/ai-credits/summary:0
[14644091ms] [ERROR] Failed to load resource: Could not connect to the server. @ http://localhost:4401/api/billing/ai-credits/summary:0
[14644699ms] [ERROR] Failed to load resource: Could not connect to the server. @ http://localhost:4401/api/billing/ai-credits/summary:0
[14672926ms] [ERROR] Failed to load resource: Could not connect to the server. @ http://localhost:4401/dashboard/overview:0
[14672927ms] [ERROR] Failed to load resource: Could not connect to the server. @ http://localhost:4401/dashboard/alerts?limit=6:0
[14673138ms] [ERROR] Failed to load resource: Could not connect to the server. @ http://localhost:4401/dashboard/overview:0
[14673139ms] [ERROR] Failed to load resource: Could not connect to the server. @ http://localhost:4401/dashboard/alerts?limit=6:0
[14673750ms] [ERROR] Failed to load resource: Could not connect to the server. @ http://localhost:4401/dashboard/overview:0
[14673751ms] [ERROR] Failed to load resource: Could not connect to the server. @ http://localhost:4401/dashboard/alerts?limit=6:0
[14673896ms] [ERROR] Failed to load resource: Could not connect to the server. @ http://localhost:4401/api/billing/ai-credits/summary:0
[14674101ms] [ERROR] Failed to load resource: Could not connect to the server. @ http://localhost:4401/api/billing/ai-credits/summary:0
[14674708ms] [ERROR] Failed to load resource: Could not connect to the server. @ http://localhost:4401/api/billing/ai-credits/summary:0
[14703897ms] [ERROR] Failed to load resource: Could not connect to the server. @ http://localhost:4401/api/billing/ai-credits/summary:0
[14704106ms] [ERROR] Failed to load resource: Could not connect to the server. @ http://localhost:4401/api/billing/ai-credits/summary:0
[14704712ms] [ERROR] Failed to load resource: Could not connect to the server. @ http://localhost:4401/api/billing/ai-credits/summary:0
[14732928ms] [ERROR] Failed to load resource: Could not connect to the server. @ http://localhost:4401/dashboard/overview:0
[14732929ms] [ERROR] Failed to load resource: Could not connect to the server. @ http://localhost:4401/dashboard/alerts?limit=6:0
[14733135ms] [ERROR] Failed to load resource: Could not connect to the server. @ http://localhost:4401/dashboard/overview:0
[14733136ms] [ERROR] Failed to load resource: Could not connect to the server. @ http://localhost:4401/dashboard/alerts?limit=6:0
[14733744ms] [ERROR] Failed to load resource: Could not connect to the server. @ http://localhost:4401/dashboard/overview:0
[14733745ms] [ERROR] Failed to load resource: Could not connect to the server. @ http://localhost:4401/dashboard/alerts?limit=6:0
[14733899ms] [ERROR] Failed to load resource: Could not connect to the server. @ http://localhost:4401/api/billing/ai-credits/summary:0
[14734103ms] [ERROR] Failed to load resource: Could not connect to the server. @ http://localhost:4401/api/billing/ai-credits/summary:0
[14734709ms] [ERROR] Failed to load resource: Could not connect to the server. @ http://localhost:4401/api/billing/ai-credits/summary:0
[14763910ms] [ERROR] Failed to load resource: Could not connect to the server. @ http://localhost:4401/api/billing/ai-credits/summary:0
[14764116ms] [ERROR] Failed to load resource: Could not connect to the server. @ http://localhost:4401/api/billing/ai-credits/summary:0
[14764724ms] [ERROR] Failed to load resource: Could not connect to the server. @ http://localhost:4401/api/billing/ai-credits/summary:0
[14792939ms] [ERROR] Failed to load resource: Could not connect to the server. @ http://localhost:4401/dashboard/overview:0
[14792940ms] [ERROR] Failed to load resource: Could not connect to the server. @ http://localhost:4401/dashboard/alerts?limit=6:0
[14793151ms] [ERROR] Failed to load resource: Could not connect to the server. @ http://localhost:4401/dashboard/overview:0
[14793152ms] [ERROR] Failed to load resource: Could not connect to the server. @ http://localhost:4401/dashboard/alerts?limit=6:0
[14793762ms] [ERROR] Failed to load resource: Could not connect to the server. @ http://localhost:4401/dashboard/overview:0
[14793763ms] [ERROR] Failed to load resource: Could not connect to the server. @ http://localhost:4401/dashboard/alerts?limit=6:0
[14793913ms] [ERROR] Failed to load resource: Could not connect to the server. @ http://localhost:4401/api/billing/ai-credits/summary:0
[14794119ms] [ERROR] Failed to load resource: Could not connect to the server. @ http://localhost:4401/api/billing/ai-credits/summary:0
[14794730ms] [ERROR] Failed to load resource: Could not connect to the server. @ http://localhost:4401/api/billing/ai-credits/summary:0
[14823918ms] [ERROR] Failed to load resource: Could not connect to the server. @ http://localhost:4401/api/billing/ai-credits/summary:0
[14824126ms] [ERROR] Failed to load resource: Could not connect to the server. @ http://localhost:4401/api/billing/ai-credits/summary:0
[14824734ms] [ERROR] Failed to load resource: Could not connect to the server. @ http://localhost:4401/api/billing/ai-credits/summary:0
[14852935ms] [ERROR] Failed to load resource: Could not connect to the server. @ http://localhost:4401/dashboard/overview:0
[14852935ms] [ERROR] Failed to load resource: Could not connect to the server. @ http://localhost:4401/dashboard/alerts?limit=6:0
[14853139ms] [ERROR] Failed to load resource: Could not connect to the server. @ http://localhost:4401/dashboard/overview:0
[14853140ms] [ERROR] Failed to load resource: Could not connect to the server. @ http://localhost:4401/dashboard/alerts?limit=6:0
[14853749ms] [ERROR] Failed to load resource: Could not connect to the server. @ http://localhost:4401/dashboard/overview:0
[14853750ms] [ERROR] Failed to load resource: Could not connect to the server. @ http://localhost:4401/dashboard/alerts?limit=6:0
[14853922ms] [ERROR] Failed to load resource: Could not connect to the server. @ http://localhost:4401/api/billing/ai-credits/summary:0
[14854126ms] [ERROR] Failed to load resource: Could not connect to the server. @ http://localhost:4401/api/billing/ai-credits/summary:0
[14854737ms] [ERROR] Failed to load resource: Could not connect to the server. @ http://localhost:4401/api/billing/ai-credits/summary:0
[14883928ms] [ERROR] Failed to load resource: Could not connect to the server. @ http://localhost:4401/api/billing/ai-credits/summary:0
[14884134ms] [ERROR] Failed to load resource: Could not connect to the server. @ http://localhost:4401/api/billing/ai-credits/summary:0
[14884744ms] [ERROR] Failed to load resource: Could not connect to the server. @ http://localhost:4401/api/billing/ai-credits/summary:0
[14912939ms] [ERROR] Failed to load resource: Could not connect to the server. @ http://localhost:4401/dashboard/overview:0
[14912940ms] [ERROR] Failed to load resource: Could not connect to the server. @ http://localhost:4401/dashboard/alerts?limit=6:0
[14913147ms] [ERROR] Failed to load resource: Could not connect to the server. @ http://localhost:4401/dashboard/overview:0
[14913148ms] [ERROR] Failed to load resource: Could not connect to the server. @ http://localhost:4401/dashboard/alerts?limit=6:0
[14913758ms] [ERROR] Failed to load resource: Could not connect to the server. @ http://localhost:4401/dashboard/overview:0
[14913759ms] [ERROR] Failed to load resource: Could not connect to the server. @ http://localhost:4401/dashboard/alerts?limit=6:0
[14913929ms] [ERROR] Failed to load resource: Could not connect to the server. @ http://localhost:4401/api/billing/ai-credits/summary:0
[14914133ms] [ERROR] Failed to load resource: Could not connect to the server. @ http://localhost:4401/api/billing/ai-credits/summary:0
[14914739ms] [ERROR] Failed to load resource: Could not connect to the server. @ http://localhost:4401/api/billing/ai-credits/summary:0
[14943931ms] [ERROR] Failed to load resource: Could not connect to the server. @ http://localhost:4401/api/billing/ai-credits/summary:0
[14944137ms] [ERROR] Failed to load resource: Could not connect to the server. @ http://localhost:4401/api/billing/ai-credits/summary:0
[14944746ms] [ERROR] Failed to load resource: Could not connect to the server. @ http://localhost:4401/api/billing/ai-credits/summary:0
[14972948ms] [ERROR] Failed to load resource: Could not connect to the server. @ http://localhost:4401/dashboard/overview:0
[14972950ms] [ERROR] Failed to load resource: Could not connect to the server. @ http://localhost:4401/dashboard/alerts?limit=6:0
[14973157ms] [ERROR] Failed to load resource: Could not connect to the server. @ http://localhost:4401/dashboard/overview:0
[14973159ms] [ERROR] Failed to load resource: Could not connect to the server. @ http://localhost:4401/dashboard/alerts?limit=6:0
[14973765ms] [ERROR] Failed to load resource: Could not connect to the server. @ http://localhost:4401/dashboard/overview:0
[14973765ms] [ERROR] Failed to load resource: Could not connect to the server. @ http://localhost:4401/dashboard/alerts?limit=6:0
[14973940ms] [ERROR] Failed to load resource: Could not connect to the server. @ http://localhost:4401/api/billing/ai-credits/summary:0
[14974145ms] [ERROR] Failed to load resource: Could not connect to the server. @ http://localhost:4401/api/billing/ai-credits/summary:0
[14974754ms] [ERROR] Failed to load resource: Could not connect to the server. @ http://localhost:4401/api/billing/ai-credits/summary:0
[15003944ms] [ERROR] Failed to load resource: Could not connect to the server. @ http://localhost:4401/api/billing/ai-credits/summary:0
[15004154ms] [ERROR] Failed to load resource: Could not connect to the server. @ http://localhost:4401/api/billing/ai-credits/summary:0
[15004760ms] [ERROR] Failed to load resource: Could not connect to the server. @ http://localhost:4401/api/billing/ai-credits/summary:0
[15032958ms] [ERROR] Failed to load resource: Could not connect to the server. @ http://localhost:4401/dashboard/overview:0
[15032959ms] [ERROR] Failed to load resource: Could not connect to the server. @ http://localhost:4401/dashboard/alerts?limit=6:0
[15033169ms] [ERROR] Failed to load resource: Could not connect to the server. @ http://localhost:4401/dashboard/overview:0
[15033170ms] [ERROR] Failed to load resource: Could not connect to the server. @ http://localhost:4401/dashboard/alerts?limit=6:0
[15033779ms] [ERROR] Failed to load resource: Could not connect to the server. @ http://localhost:4401/dashboard/overview:0
[15033781ms] [ERROR] Failed to load resource: Could not connect to the server. @ http://localhost:4401/dashboard/alerts?limit=6:0
[15033946ms] [ERROR] Failed to load resource: Could not connect to the server. @ http://localhost:4401/api/billing/ai-credits/summary:0
[15034150ms] [ERROR] Failed to load resource: Could not connect to the server. @ http://localhost:4401/api/billing/ai-credits/summary:0
[15034756ms] [ERROR] Failed to load resource: Could not connect to the server. @ http://localhost:4401/api/billing/ai-credits/summary:0
[15063957ms] [ERROR] Failed to load resource: Could not connect to the server. @ http://localhost:4401/api/billing/ai-credits/summary:0
[15064161ms] [ERROR] Failed to load resource: Could not connect to the server. @ http://localhost:4401/api/billing/ai-credits/summary:0
[15064770ms] [ERROR] Failed to load resource: Could not connect to the server. @ http://localhost:4401/api/billing/ai-credits/summary:0
[15092960ms] [ERROR] Failed to load resource: Could not connect to the server. @ http://localhost:4401/dashboard/overview:0
[15092961ms] [ERROR] Failed to load resource: Could not connect to the server. @ http://localhost:4401/dashboard/alerts?limit=6:0
[15093163ms] [ERROR] Failed to load resource: Could not connect to the server. @ http://localhost:4401/dashboard/overview:0
[15093164ms] [ERROR] Failed to load resource: Could not connect to the server. @ http://localhost:4401/dashboard/alerts?limit=6:0
[15093772ms] [ERROR] Failed to load resource: Could not connect to the server. @ http://localhost:4401/dashboard/overview:0
[15093773ms] [ERROR] Failed to load resource: Could not connect to the server. @ http://localhost:4401/dashboard/alerts?limit=6:0
[15093956ms] [ERROR] Failed to load resource: Could not connect to the server. @ http://localhost:4401/api/billing/ai-credits/summary:0
[15094162ms] [ERROR] Failed to load resource: Could not connect to the server. @ http://localhost:4401/api/billing/ai-credits/summary:0
[15094768ms] [ERROR] Failed to load resource: Could not connect to the server. @ http://localhost:4401/api/billing/ai-credits/summary:0
[15123961ms] [ERROR] Failed to load resource: Could not connect to the server. @ http://localhost:4401/api/billing/ai-credits/summary:0
[15124164ms] [ERROR] Failed to load resource: Could not connect to the server. @ http://localhost:4401/api/billing/ai-credits/summary:0
[15124772ms] [ERROR] Failed to load resource: Could not connect to the server. @ http://localhost:4401/api/billing/ai-credits/summary:0
[15152963ms] [ERROR] Failed to load resource: Could not connect to the server. @ http://localhost:4401/dashboard/overview:0
[15152964ms] [ERROR] Failed to load resource: Could not connect to the server. @ http://localhost:4401/dashboard/alerts?limit=6:0
[15153171ms] [ERROR] Failed to load resource: Could not connect to the server. @ http://localhost:4401/dashboard/overview:0
[15153172ms] [ERROR] Failed to load resource: Could not connect to the server. @ http://localhost:4401/dashboard/alerts?limit=6:0
[15153776ms] [ERROR] Failed to load resource: Could not connect to the server. @ http://localhost:4401/dashboard/overview:0
[15153777ms] [ERROR] Failed to load resource: Could not connect to the server. @ http://localhost:4401/dashboard/alerts?limit=6:0
[15153962ms] [ERROR] Failed to load resource: Could not connect to the server. @ http://localhost:4401/api/billing/ai-credits/summary:0
[15154168ms] [ERROR] Failed to load resource: Could not connect to the server. @ http://localhost:4401/api/billing/ai-credits/summary:0
[15154777ms] [ERROR] Failed to load resource: Could not connect to the server. @ http://localhost:4401/api/billing/ai-credits/summary:0
[15183971ms] [ERROR] Failed to load resource: Could not connect to the server. @ http://localhost:4401/api/billing/ai-credits/summary:0
[15184175ms] [ERROR] Failed to load resource: Could not connect to the server. @ http://localhost:4401/api/billing/ai-credits/summary:0
[15184784ms] [ERROR] Failed to load resource: Could not connect to the server. @ http://localhost:4401/api/billing/ai-credits/summary:0
[15212970ms] [ERROR] Failed to load resource: Could not connect to the server. @ http://localhost:4401/dashboard/overview:0
[15212972ms] [ERROR] Failed to load resource: Could not connect to the server. @ http://localhost:4401/dashboard/alerts?limit=6:0
[15213181ms] [ERROR] Failed to load resource: Could not connect to the server. @ http://localhost:4401/dashboard/overview:0
[15213182ms] [ERROR] Failed to load resource: Could not connect to the server. @ http://localhost:4401/dashboard/alerts?limit=6:0
[15213790ms] [ERROR] Failed to load resource: Could not connect to the server. @ http://localhost:4401/dashboard/overview:0
[15213791ms] [ERROR] Failed to load resource: Could not connect to the server. @ http://localhost:4401/dashboard/alerts?limit=6:0
[15213971ms] [ERROR] Failed to load resource: Could not connect to the server. @ http://localhost:4401/api/billing/ai-credits/summary:0
[15214174ms] [ERROR] Failed to load resource: Could not connect to the server. @ http://localhost:4401/api/billing/ai-credits/summary:0
[15214777ms] [ERROR] Failed to load resource: Could not connect to the server. @ http://localhost:4401/api/billing/ai-credits/summary:0
[15243979ms] [ERROR] Failed to load resource: Could not connect to the server. @ http://localhost:4401/api/billing/ai-credits/summary:0
[15244183ms] [ERROR] Failed to load resource: Could not connect to the server. @ http://localhost:4401/api/billing/ai-credits/summary:0
[15244787ms] [ERROR] Failed to load resource: Could not connect to the server. @ http://localhost:4401/api/billing/ai-credits/summary:0
[15272973ms] [ERROR] Failed to load resource: Could not connect to the server. @ http://localhost:4401/dashboard/overview:0
[15272973ms] [ERROR] Failed to load resource: Could not connect to the server. @ http://localhost:4401/dashboard/alerts?limit=6:0
[15273185ms] [ERROR] Failed to load resource: Could not connect to the server. @ http://localhost:4401/dashboard/overview:0
[15273186ms] [ERROR] Failed to load resource: Could not connect to the server. @ http://localhost:4401/dashboard/alerts?limit=6:0
[15273798ms] [ERROR] Failed to load resource: Could not connect to the server. @ http://localhost:4401/dashboard/overview:0
[15273799ms] [ERROR] Failed to load resource: Could not connect to the server. @ http://localhost:4401/dashboard/alerts?limit=6:0
[15273988ms] [ERROR] Failed to load resource: Could not connect to the server. @ http://localhost:4401/api/billing/ai-credits/summary:0
[15274191ms] [ERROR] Failed to load resource: Could not connect to the server. @ http://localhost:4401/api/billing/ai-credits/summary:0
[15274801ms] [ERROR] Failed to load resource: Could not connect to the server. @ http://localhost:4401/api/billing/ai-credits/summary:0
[15303993ms] [ERROR] Failed to load resource: Could not connect to the server. @ http://localhost:4401/api/billing/ai-credits/summary:0
[15304198ms] [ERROR] Failed to load resource: Could not connect to the server. @ http://localhost:4401/api/billing/ai-credits/summary:0
[15304809ms] [ERROR] Failed to load resource: Could not connect to the server. @ http://localhost:4401/api/billing/ai-credits/summary:0
[15332982ms] [ERROR] Failed to load resource: Could not connect to the server. @ http://localhost:4401/dashboard/overview:0
[15332983ms] [ERROR] Failed to load resource: Could not connect to the server. @ http://localhost:4401/dashboard/alerts?limit=6:0
[15333191ms] [ERROR] Failed to load resource: Could not connect to the server. @ http://localhost:4401/dashboard/overview:0
[15333192ms] [ERROR] Failed to load resource: Could not connect to the server. @ http://localhost:4401/dashboard/alerts?limit=6:0
[15333796ms] [ERROR] Failed to load resource: Could not connect to the server. @ http://localhost:4401/dashboard/overview:0
[15333797ms] [ERROR] Failed to load resource: Could not connect to the server. @ http://localhost:4401/dashboard/alerts?limit=6:0
[15333989ms] [ERROR] Failed to load resource: Could not connect to the server. @ http://localhost:4401/api/billing/ai-credits/summary:0
[15334194ms] [ERROR] Failed to load resource: Could not connect to the server. @ http://localhost:4401/api/billing/ai-credits/summary:0
[15334804ms] [ERROR] Failed to load resource: Could not connect to the server. @ http://localhost:4401/api/billing/ai-credits/summary:0
[15364002ms] [ERROR] Failed to load resource: Could not connect to the server. @ http://localhost:4401/api/billing/ai-credits/summary:0
[15364207ms] [ERROR] Failed to load resource: Could not connect to the server. @ http://localhost:4401/api/billing/ai-credits/summary:0
[15364818ms] [ERROR] Failed to load resource: Could not connect to the server. @ http://localhost:4401/api/billing/ai-credits/summary:0
[15392987ms] [ERROR] Failed to load resource: Could not connect to the server. @ http://localhost:4401/dashboard/overview:0
[15392988ms] [ERROR] Failed to load resource: Could not connect to the server. @ http://localhost:4401/dashboard/alerts?limit=6:0
[15393198ms] [ERROR] Failed to load resource: Could not connect to the server. @ http://localhost:4401/dashboard/overview:0
[15393200ms] [ERROR] Failed to load resource: Could not connect to the server. @ http://localhost:4401/dashboard/alerts?limit=6:0
[15393811ms] [ERROR] Failed to load resource: Could not connect to the server. @ http://localhost:4401/dashboard/overview:0
[15393812ms] [ERROR] Failed to load resource: Could not connect to the server. @ http://localhost:4401/dashboard/alerts?limit=6:0
[15394008ms] [ERROR] Failed to load resource: Could not connect to the server. @ http://localhost:4401/api/billing/ai-credits/summary:0
[15394211ms] [ERROR] Failed to load resource: Could not connect to the server. @ http://localhost:4401/api/billing/ai-credits/summary:0
[15394822ms] [ERROR] Failed to load resource: Could not connect to the server. @ http://localhost:4401/api/billing/ai-credits/summary:0
[15424011ms] [ERROR] Failed to load resource: Could not connect to the server. @ http://localhost:4401/api/billing/ai-credits/summary:0
[15424217ms] [ERROR] Failed to load resource: Could not connect to the server. @ http://localhost:4401/api/billing/ai-credits/summary:0
[15424827ms] [ERROR] Failed to load resource: Could not connect to the server. @ http://localhost:4401/api/billing/ai-credits/summary:0
[15452983ms] [ERROR] Failed to load resource: Could not connect to the server. @ http://localhost:4401/dashboard/overview:0
[15452984ms] [ERROR] Failed to load resource: Could not connect to the server. @ http://localhost:4401/dashboard/alerts?limit=6:0
[15453188ms] [ERROR] Failed to load resource: Could not connect to the server. @ http://localhost:4401/dashboard/overview:0
[15453189ms] [ERROR] Failed to load resource: Could not connect to the server. @ http://localhost:4401/dashboard/alerts?limit=6:0
[15453801ms] [ERROR] Failed to load resource: Could not connect to the server. @ http://localhost:4401/dashboard/overview:0
[15453802ms] [ERROR] Failed to load resource: Could not connect to the server. @ http://localhost:4401/dashboard/alerts?limit=6:0
[15454011ms] [ERROR] Failed to load resource: Could not connect to the server. @ http://localhost:4401/api/billing/ai-credits/summary:0
[15454216ms] [ERROR] Failed to load resource: Could not connect to the server. @ http://localhost:4401/api/billing/ai-credits/summary:0
[15454827ms] [ERROR] Failed to load resource: Could not connect to the server. @ http://localhost:4401/api/billing/ai-credits/summary:0
[15484015ms] [ERROR] Failed to load resource: Could not connect to the server. @ http://localhost:4401/api/billing/ai-credits/summary:0
[15484221ms] [ERROR] Failed to load resource: Could not connect to the server. @ http://localhost:4401/api/billing/ai-credits/summary:0
[15484832ms] [ERROR] Failed to load resource: Could not connect to the server. @ http://localhost:4401/api/billing/ai-credits/summary:0
[15512996ms] [ERROR] Failed to load resource: Could not connect to the server. @ http://localhost:4401/dashboard/overview:0
[15512997ms] [ERROR] Failed to load resource: Could not connect to the server. @ http://localhost:4401/dashboard/alerts?limit=6:0
[15513207ms] [ERROR] Failed to load resource: Could not connect to the server. @ http://localhost:4401/dashboard/overview:0
[15513209ms] [ERROR] Failed to load resource: Could not connect to the server. @ http://localhost:4401/dashboard/alerts?limit=6:0
[15513820ms] [ERROR] Failed to load resource: Could not connect to the server. @ http://localhost:4401/dashboard/overview:0
[15513821ms] [ERROR] Failed to load resource: Could not connect to the server. @ http://localhost:4401/dashboard/alerts?limit=6:0
[15514022ms] [ERROR] Failed to load resource: Could not connect to the server. @ http://localhost:4401/api/billing/ai-credits/summary:0
[15514227ms] [ERROR] Failed to load resource: Could not connect to the server. @ http://localhost:4401/api/billing/ai-credits/summary:0
[15514834ms] [ERROR] Failed to load resource: Could not connect to the server. @ http://localhost:4401/api/billing/ai-credits/summary:0
[15544036ms] [ERROR] Failed to load resource: Could not connect to the server. @ http://localhost:4401/api/billing/ai-credits/summary:0
[15544239ms] [ERROR] Failed to load resource: Could not connect to the server. @ http://localhost:4401/api/billing/ai-credits/summary:0
[15544843ms] [ERROR] Failed to load resource: Could not connect to the server. @ http://localhost:4401/api/billing/ai-credits/summary:0
[15572996ms] [ERROR] Failed to load resource: Could not connect to the server. @ http://localhost:4401/dashboard/overview:0
[15572997ms] [ERROR] Failed to load resource: Could not connect to the server. @ http://localhost:4401/dashboard/alerts?limit=6:0
[15573200ms] [ERROR] Failed to load resource: Could not connect to the server. @ http://localhost:4401/dashboard/overview:0
[15573201ms] [ERROR] Failed to load resource: Could not connect to the server. @ http://localhost:4401/dashboard/alerts?limit=6:0
[15573809ms] [ERROR] Failed to load resource: Could not connect to the server. @ http://localhost:4401/dashboard/overview:0
[15573811ms] [ERROR] Failed to load resource: Could not connect to the server. @ http://localhost:4401/dashboard/alerts?limit=6:0
[15574025ms] [ERROR] Failed to load resource: Could not connect to the server. @ http://localhost:4401/api/billing/ai-credits/summary:0
[15574228ms] [ERROR] Failed to load resource: Could not connect to the server. @ http://localhost:4401/api/billing/ai-credits/summary:0
[15574835ms] [ERROR] Failed to load resource: Could not connect to the server. @ http://localhost:4401/api/billing/ai-credits/summary:0
[15604031ms] [ERROR] Failed to load resource: Could not connect to the server. @ http://localhost:4401/api/billing/ai-credits/summary:0
[15604234ms] [ERROR] Failed to load resource: Could not connect to the server. @ http://localhost:4401/api/billing/ai-credits/summary:0
[15604841ms] [ERROR] Failed to load resource: Could not connect to the server. @ http://localhost:4401/api/billing/ai-credits/summary:0
[15633011ms] [ERROR] Failed to load resource: Could not connect to the server. @ http://localhost:4401/dashboard/overview:0
[15633011ms] [ERROR] Failed to load resource: Could not connect to the server. @ http://localhost:4401/dashboard/alerts?limit=6:0
[15633215ms] [ERROR] Failed to load resource: Could not connect to the server. @ http://localhost:4401/dashboard/overview:0
[15633216ms] [ERROR] Failed to load resource: Could not connect to the server. @ http://localhost:4401/dashboard/alerts?limit=6:0
[15633819ms] [ERROR] Failed to load resource: Could not connect to the server. @ http://localhost:4401/dashboard/overview:0
[15633820ms] [ERROR] Failed to load resource: Could not connect to the server. @ http://localhost:4401/dashboard/alerts?limit=6:0
[15634034ms] [ERROR] Failed to load resource: Could not connect to the server. @ http://localhost:4401/api/billing/ai-credits/summary:0
[15634242ms] [ERROR] Failed to load resource: Could not connect to the server. @ http://localhost:4401/api/billing/ai-credits/summary:0
[15634845ms] [ERROR] Failed to load resource: Could not connect to the server. @ http://localhost:4401/api/billing/ai-credits/summary:0
[15664038ms] [ERROR] Failed to load resource: Could not connect to the server. @ http://localhost:4401/api/billing/ai-credits/summary:0
[15664245ms] [ERROR] Failed to load resource: Could not connect to the server. @ http://localhost:4401/api/billing/ai-credits/summary:0
[15664853ms] [ERROR] Failed to load resource: Could not connect to the server. @ http://localhost:4401/api/billing/ai-credits/summary:0
[15693009ms] [ERROR] Failed to load resource: Could not connect to the server. @ http://localhost:4401/dashboard/overview:0
[15693010ms] [ERROR] Failed to load resource: Could not connect to the server. @ http://localhost:4401/dashboard/alerts?limit=6:0
[15693216ms] [ERROR] Failed to load resource: Could not connect to the server. @ http://localhost:4401/dashboard/overview:0
[15693218ms] [ERROR] Failed to load resource: Could not connect to the server. @ http://localhost:4401/dashboard/alerts?limit=6:0
[15693821ms] [ERROR] Failed to load resource: Could not connect to the server. @ http://localhost:4401/dashboard/overview:0
[15693822ms] [ERROR] Failed to load resource: Could not connect to the server. @ http://localhost:4401/dashboard/alerts?limit=6:0
[15694046ms] [ERROR] Failed to load resource: Could not connect to the server. @ http://localhost:4401/api/billing/ai-credits/summary:0
[15694254ms] [ERROR] Failed to load resource: Could not connect to the server. @ http://localhost:4401/api/billing/ai-credits/summary:0
[15694858ms] [ERROR] Failed to load resource: Could not connect to the server. @ http://localhost:4401/api/billing/ai-credits/summary:0
[15724048ms] [ERROR] Failed to load resource: Could not connect to the server. @ http://localhost:4401/api/billing/ai-credits/summary:0
[15724256ms] [ERROR] Failed to load resource: Could not connect to the server. @ http://localhost:4401/api/billing/ai-credits/summary:0
[15724864ms] [ERROR] Failed to load resource: Could not connect to the server. @ http://localhost:4401/api/billing/ai-credits/summary:0
[15753013ms] [ERROR] Failed to load resource: Could not connect to the server. @ http://localhost:4401/dashboard/overview:0
[15753014ms] [ERROR] Failed to load resource: Could not connect to the server. @ http://localhost:4401/dashboard/alerts?limit=6:0
[15753222ms] [ERROR] Failed to load resource: Could not connect to the server. @ http://localhost:4401/dashboard/overview:0
[15753223ms] [ERROR] Failed to load resource: Could not connect to the server. @ http://localhost:4401/dashboard/alerts?limit=6:0
[15753830ms] [ERROR] Failed to load resource: Could not connect to the server. @ http://localhost:4401/dashboard/overview:0
[15753832ms] [ERROR] Failed to load resource: Could not connect to the server. @ http://localhost:4401/dashboard/alerts?limit=6:0
[15754053ms] [ERROR] Failed to load resource: Could not connect to the server. @ http://localhost:4401/api/billing/ai-credits/summary:0
[15754257ms] [ERROR] Failed to load resource: Could not connect to the server. @ http://localhost:4401/api/billing/ai-credits/summary:0
[15754863ms] [ERROR] Failed to load resource: Could not connect to the server. @ http://localhost:4401/api/billing/ai-credits/summary:0
[15784058ms] [ERROR] Failed to load resource: Could not connect to the server. @ http://localhost:4401/api/billing/ai-credits/summary:0
[15784261ms] [ERROR] Failed to load resource: Could not connect to the server. @ http://localhost:4401/api/billing/ai-credits/summary:0
[15784869ms] [ERROR] Failed to load resource: Could not connect to the server. @ http://localhost:4401/api/billing/ai-credits/summary:0
[15813019ms] [ERROR] Failed to load resource: Could not connect to the server. @ http://localhost:4401/dashboard/overview:0
[15813020ms] [ERROR] Failed to load resource: Could not connect to the server. @ http://localhost:4401/dashboard/alerts?limit=6:0
[15813223ms] [ERROR] Failed to load resource: Could not connect to the server. @ http://localhost:4401/dashboard/overview:0
[15813223ms] [ERROR] Failed to load resource: Could not connect to the server. @ http://localhost:4401/dashboard/alerts?limit=6:0
[15813832ms] [ERROR] Failed to load resource: Could not connect to the server. @ http://localhost:4401/dashboard/overview:0
[15813833ms] [ERROR] Failed to load resource: Could not connect to the server. @ http://localhost:4401/dashboard/alerts?limit=6:0
[15814064ms] [ERROR] Failed to load resource: Could not connect to the server. @ http://localhost:4401/api/billing/ai-credits/summary:0
[15814268ms] [ERROR] Failed to load resource: Could not connect to the server. @ http://localhost:4401/api/billing/ai-credits/summary:0
[15814874ms] [ERROR] Failed to load resource: Could not connect to the server. @ http://localhost:4401/api/billing/ai-credits/summary:0
[15844066ms] [ERROR] Failed to load resource: Could not connect to the server. @ http://localhost:4401/api/billing/ai-credits/summary:0
[15844269ms] [ERROR] Failed to load resource: Could not connect to the server. @ http://localhost:4401/api/billing/ai-credits/summary:0
[15844875ms] [ERROR] Failed to load resource: Could not connect to the server. @ http://localhost:4401/api/billing/ai-credits/summary:0
[15873019ms] [ERROR] Failed to load resource: Could not connect to the server. @ http://localhost:4401/dashboard/overview:0
[15873020ms] [ERROR] Failed to load resource: Could not connect to the server. @ http://localhost:4401/dashboard/alerts?limit=6:0
[15873228ms] [ERROR] Failed to load resource: Could not connect to the server. @ http://localhost:4401/dashboard/overview:0
[15873229ms] [ERROR] Failed to load resource: Could not connect to the server. @ http://localhost:4401/dashboard/alerts?limit=6:0
[15873837ms] [ERROR] Failed to load resource: Could not connect to the server. @ http://localhost:4401/dashboard/overview:0
[15873838ms] [ERROR] Failed to load resource: Could not connect to the server. @ http://localhost:4401/dashboard/alerts?limit=6:0
[15874069ms] [ERROR] Failed to load resource: Could not connect to the server. @ http://localhost:4401/api/billing/ai-credits/summary:0
[15874273ms] [ERROR] Failed to load resource: Could not connect to the server. @ http://localhost:4401/api/billing/ai-credits/summary:0
[15874880ms] [ERROR] Failed to load resource: Could not connect to the server. @ http://localhost:4401/api/billing/ai-credits/summary:0
[15904079ms] [ERROR] Failed to load resource: Could not connect to the server. @ http://localhost:4401/api/billing/ai-credits/summary:0
[15904283ms] [ERROR] Failed to load resource: Could not connect to the server. @ http://localhost:4401/api/billing/ai-credits/summary:0
[15904889ms] [ERROR] Failed to load resource: Could not connect to the server. @ http://localhost:4401/api/billing/ai-credits/summary:0
[15933041ms] [ERROR] Failed to load resource: Could not connect to the server. @ http://localhost:4401/dashboard/overview:0
[15933042ms] [ERROR] Failed to load resource: Could not connect to the server. @ http://localhost:4401/dashboard/alerts?limit=6:0
[15933250ms] [ERROR] Failed to load resource: Could not connect to the server. @ http://localhost:4401/dashboard/overview:0
[15933251ms] [ERROR] Failed to load resource: Could not connect to the server. @ http://localhost:4401/dashboard/alerts?limit=6:0
[15933858ms] [ERROR] Failed to load resource: Could not connect to the server. @ http://localhost:4401/dashboard/overview:0
[15933860ms] [ERROR] Failed to load resource: Could not connect to the server. @ http://localhost:4401/dashboard/alerts?limit=6:0
[15934079ms] [ERROR] Failed to load resource: Could not connect to the server. @ http://localhost:4401/api/billing/ai-credits/summary:0
[15934282ms] [ERROR] Failed to load resource: Could not connect to the server. @ http://localhost:4401/api/billing/ai-credits/summary:0
[15934889ms] [ERROR] Failed to load resource: Could not connect to the server. @ http://localhost:4401/api/billing/ai-credits/summary:0
[15964084ms] [ERROR] Failed to load resource: Could not connect to the server. @ http://localhost:4401/api/billing/ai-credits/summary:0
[15964287ms] [ERROR] Failed to load resource: Could not connect to the server. @ http://localhost:4401/api/billing/ai-credits/summary:0
[15964895ms] [ERROR] Failed to load resource: Could not connect to the server. @ http://localhost:4401/api/billing/ai-credits/summary:0
[15993033ms] [ERROR] Failed to load resource: Could not connect to the server. @ http://localhost:4401/dashboard/overview:0
[15993034ms] [ERROR] Failed to load resource: Could not connect to the server. @ http://localhost:4401/dashboard/alerts?limit=6:0
[15993239ms] [ERROR] Failed to load resource: Could not connect to the server. @ http://localhost:4401/dashboard/overview:0
[15993241ms] [ERROR] Failed to load resource: Could not connect to the server. @ http://localhost:4401/dashboard/alerts?limit=6:0
[15993844ms] [ERROR] Failed to load resource: Could not connect to the server. @ http://localhost:4401/dashboard/overview:0
[15993845ms] [ERROR] Failed to load resource: Could not connect to the server. @ http://localhost:4401/dashboard/alerts?limit=6:0
[15994087ms] [ERROR] Failed to load resource: Could not connect to the server. @ http://localhost:4401/api/billing/ai-credits/summary:0
[15994291ms] [ERROR] Failed to load resource: Could not connect to the server. @ http://localhost:4401/api/billing/ai-credits/summary:0
[15994895ms] [ERROR] Failed to load resource: Could not connect to the server. @ http://localhost:4401/api/billing/ai-credits/summary:0
[16024101ms] [ERROR] Failed to load resource: Could not connect to the server. @ http://localhost:4401/api/billing/ai-credits/summary:0
[16024305ms] [ERROR] Failed to load resource: Could not connect to the server. @ http://localhost:4401/api/billing/ai-credits/summary:0
[16024913ms] [ERROR] Failed to load resource: Could not connect to the server. @ http://localhost:4401/api/billing/ai-credits/summary:0
[16053040ms] [ERROR] Failed to load resource: Could not connect to the server. @ http://localhost:4401/dashboard/overview:0
[16053042ms] [ERROR] Failed to load resource: Could not connect to the server. @ http://localhost:4401/dashboard/alerts?limit=6:0
[16053248ms] [ERROR] Failed to load resource: Could not connect to the server. @ http://localhost:4401/dashboard/overview:0
[16053250ms] [ERROR] Failed to load resource: Could not connect to the server. @ http://localhost:4401/dashboard/alerts?limit=6:0
[16053858ms] [ERROR] Failed to load resource: Could not connect to the server. @ http://localhost:4401/dashboard/overview:0
[16053859ms] [ERROR] Failed to load resource: Could not connect to the server. @ http://localhost:4401/dashboard/alerts?limit=6:0
[16054099ms] [ERROR] Failed to load resource: Could not connect to the server. @ http://localhost:4401/api/billing/ai-credits/summary:0
[16054304ms] [ERROR] Failed to load resource: Could not connect to the server. @ http://localhost:4401/api/billing/ai-credits/summary:0
[16054911ms] [ERROR] Failed to load resource: Could not connect to the server. @ http://localhost:4401/api/billing/ai-credits/summary:0
[16084110ms] [ERROR] Failed to load resource: Could not connect to the server. @ http://localhost:4401/api/billing/ai-credits/summary:0
[16084314ms] [ERROR] Failed to load resource: Could not connect to the server. @ http://localhost:4401/api/billing/ai-credits/summary:0
[16084923ms] [ERROR] Failed to load resource: Could not connect to the server. @ http://localhost:4401/api/billing/ai-credits/summary:0
[16113042ms] [ERROR] Failed to load resource: Could not connect to the server. @ http://localhost:4401/dashboard/overview:0
[16113042ms] [ERROR] Failed to load resource: Could not connect to the server. @ http://localhost:4401/dashboard/alerts?limit=6:0
[16113246ms] [ERROR] Failed to load resource: Could not connect to the server. @ http://localhost:4401/dashboard/overview:0
[16113247ms] [ERROR] Failed to load resource: Could not connect to the server. @ http://localhost:4401/dashboard/alerts?limit=6:0
[16113857ms] [ERROR] Failed to load resource: Could not connect to the server. @ http://localhost:4401/dashboard/overview:0
[16113858ms] [ERROR] Failed to load resource: Could not connect to the server. @ http://localhost:4401/dashboard/alerts?limit=6:0
[16114110ms] [ERROR] Failed to load resource: Could not connect to the server. @ http://localhost:4401/api/billing/ai-credits/summary:0
[16114314ms] [ERROR] Failed to load resource: Could not connect to the server. @ http://localhost:4401/api/billing/ai-credits/summary:0
[16114922ms] [ERROR] Failed to load resource: Could not connect to the server. @ http://localhost:4401/api/billing/ai-credits/summary:0
[16144120ms] [ERROR] Failed to load resource: Could not connect to the server. @ http://localhost:4401/api/billing/ai-credits/summary:0
[16144326ms] [ERROR] Failed to load resource: Could not connect to the server. @ http://localhost:4401/api/billing/ai-credits/summary:0
[16144934ms] [ERROR] Failed to load resource: Could not connect to the server. @ http://localhost:4401/api/billing/ai-credits/summary:0
[16173052ms] [ERROR] Failed to load resource: Could not connect to the server. @ http://localhost:4401/dashboard/overview:0
[16173053ms] [ERROR] Failed to load resource: Could not connect to the server. @ http://localhost:4401/dashboard/alerts?limit=6:0
[16173258ms] [ERROR] Failed to load resource: Could not connect to the server. @ http://localhost:4401/dashboard/overview:0
[16173259ms] [ERROR] Failed to load resource: Could not connect to the server. @ http://localhost:4401/dashboard/alerts?limit=6:0
[16173867ms] [ERROR] Failed to load resource: Could not connect to the server. @ http://localhost:4401/dashboard/overview:0
[16173868ms] [ERROR] Failed to load resource: Could not connect to the server. @ http://localhost:4401/dashboard/alerts?limit=6:0
[16174119ms] [ERROR] Failed to load resource: Could not connect to the server. @ http://localhost:4401/api/billing/ai-credits/summary:0
[16174323ms] [ERROR] Failed to load resource: Could not connect to the server. @ http://localhost:4401/api/billing/ai-credits/summary:0
[16174932ms] [ERROR] Failed to load resource: Could not connect to the server. @ http://localhost:4401/api/billing/ai-credits/summary:0
[16204128ms] [ERROR] Failed to load resource: Could not connect to the server. @ http://localhost:4401/api/billing/ai-credits/summary:0
[16204333ms] [ERROR] Failed to load resource: Could not connect to the server. @ http://localhost:4401/api/billing/ai-credits/summary:0
[16204941ms] [ERROR] Failed to load resource: Could not connect to the server. @ http://localhost:4401/api/billing/ai-credits/summary:0
[16233056ms] [ERROR] Failed to load resource: Could not connect to the server. @ http://localhost:4401/dashboard/overview:0
[16233058ms] [ERROR] Failed to load resource: Could not connect to the server. @ http://localhost:4401/dashboard/alerts?limit=6:0
[16233261ms] [ERROR] Failed to load resource: Could not connect to the server. @ http://localhost:4401/dashboard/overview:0
[16233262ms] [ERROR] Failed to load resource: Could not connect to the server. @ http://localhost:4401/dashboard/alerts?limit=6:0
[16233871ms] [ERROR] Failed to load resource: Could not connect to the server. @ http://localhost:4401/dashboard/overview:0
[16233872ms] [ERROR] Failed to load resource: Could not connect to the server. @ http://localhost:4401/dashboard/alerts?limit=6:0
[16234127ms] [ERROR] Failed to load resource: Could not connect to the server. @ http://localhost:4401/api/billing/ai-credits/summary:0
[16234331ms] [ERROR] Failed to load resource: Could not connect to the server. @ http://localhost:4401/api/billing/ai-credits/summary:0
[16234941ms] [ERROR] Failed to load resource: Could not connect to the server. @ http://localhost:4401/api/billing/ai-credits/summary:0
[16264136ms] [ERROR] Failed to load resource: Could not connect to the server. @ http://localhost:4401/api/billing/ai-credits/summary:0
[16264340ms] [ERROR] Failed to load resource: Could not connect to the server. @ http://localhost:4401/api/billing/ai-credits/summary:0
[16264947ms] [ERROR] Failed to load resource: Could not connect to the server. @ http://localhost:4401/api/billing/ai-credits/summary:0
[16293058ms] [ERROR] Failed to load resource: Could not connect to the server. @ http://localhost:4401/dashboard/overview:0
[16293059ms] [ERROR] Failed to load resource: Could not connect to the server. @ http://localhost:4401/dashboard/alerts?limit=6:0
[16293262ms] [ERROR] Failed to load resource: Could not connect to the server. @ http://localhost:4401/dashboard/overview:0
[16293263ms] [ERROR] Failed to load resource: Could not connect to the server. @ http://localhost:4401/dashboard/alerts?limit=6:0
[16293870ms] [ERROR] Failed to load resource: Could not connect to the server. @ http://localhost:4401/dashboard/overview:0
[16293871ms] [ERROR] Failed to load resource: Could not connect to the server. @ http://localhost:4401/dashboard/alerts?limit=6:0
[16294139ms] [ERROR] Failed to load resource: Could not connect to the server. @ http://localhost:4401/api/billing/ai-credits/summary:0
[16294342ms] [ERROR] Failed to load resource: Could not connect to the server. @ http://localhost:4401/api/billing/ai-credits/summary:0
[16294949ms] [ERROR] Failed to load resource: Could not connect to the server. @ http://localhost:4401/api/billing/ai-credits/summary:0
[16324145ms] [ERROR] Failed to load resource: Could not connect to the server. @ http://localhost:4401/api/billing/ai-credits/summary:0
[16324349ms] [ERROR] Failed to load resource: Could not connect to the server. @ http://localhost:4401/api/billing/ai-credits/summary:0
[16324957ms] [ERROR] Failed to load resource: Could not connect to the server. @ http://localhost:4401/api/billing/ai-credits/summary:0
[16353064ms] [ERROR] Failed to load resource: Could not connect to the server. @ http://localhost:4401/dashboard/overview:0
[16353066ms] [ERROR] Failed to load resource: Could not connect to the server. @ http://localhost:4401/dashboard/alerts?limit=6:0
[16353271ms] [ERROR] Failed to load resource: Could not connect to the server. @ http://localhost:4401/dashboard/overview:0
[16353273ms] [ERROR] Failed to load resource: Could not connect to the server. @ http://localhost:4401/dashboard/alerts?limit=6:0
[16353880ms] [ERROR] Failed to load resource: Could not connect to the server. @ http://localhost:4401/dashboard/overview:0
[16353882ms] [ERROR] Failed to load resource: Could not connect to the server. @ http://localhost:4401/dashboard/alerts?limit=6:0
[16354145ms] [ERROR] Failed to load resource: Could not connect to the server. @ http://localhost:4401/api/billing/ai-credits/summary:0
[16354348ms] [ERROR] Failed to load resource: Could not connect to the server. @ http://localhost:4401/api/billing/ai-credits/summary:0
[16354956ms] [ERROR] Failed to load resource: Could not connect to the server. @ http://localhost:4401/api/billing/ai-credits/summary:0
[16384150ms] [ERROR] Failed to load resource: Could not connect to the server. @ http://localhost:4401/api/billing/ai-credits/summary:0
[16384354ms] [ERROR] Failed to load resource: Could not connect to the server. @ http://localhost:4401/api/billing/ai-credits/summary:0
[16384960ms] [ERROR] Failed to load resource: Could not connect to the server. @ http://localhost:4401/api/billing/ai-credits/summary:0
[16413072ms] [ERROR] Failed to load resource: Could not connect to the server. @ http://localhost:4401/dashboard/overview:0
[16413073ms] [ERROR] Failed to load resource: Could not connect to the server. @ http://localhost:4401/dashboard/alerts?limit=6:0
[16413282ms] [ERROR] Failed to load resource: Could not connect to the server. @ http://localhost:4401/dashboard/overview:0
[16413284ms] [ERROR] Failed to load resource: Could not connect to the server. @ http://localhost:4401/dashboard/alerts?limit=6:0
[16413887ms] [ERROR] Failed to load resource: Could not connect to the server. @ http://localhost:4401/dashboard/overview:0
[16413888ms] [ERROR] Failed to load resource: Could not connect to the server. @ http://localhost:4401/dashboard/alerts?limit=6:0
[16414157ms] [ERROR] Failed to load resource: Could not connect to the server. @ http://localhost:4401/api/billing/ai-credits/summary:0
[16414365ms] [ERROR] Failed to load resource: Could not connect to the server. @ http://localhost:4401/api/billing/ai-credits/summary:0
[16414970ms] [ERROR] Failed to load resource: Could not connect to the server. @ http://localhost:4401/api/billing/ai-credits/summary:0
[16444163ms] [ERROR] Failed to load resource: Could not connect to the server. @ http://localhost:4401/api/billing/ai-credits/summary:0
[16444367ms] [ERROR] Failed to load resource: Could not connect to the server. @ http://localhost:4401/api/billing/ai-credits/summary:0
[16444973ms] [ERROR] Failed to load resource: Could not connect to the server. @ http://localhost:4401/api/billing/ai-credits/summary:0
[16473073ms] [ERROR] Failed to load resource: Could not connect to the server. @ http://localhost:4401/dashboard/overview:0
[16473074ms] [ERROR] Failed to load resource: Could not connect to the server. @ http://localhost:4401/dashboard/alerts?limit=6:0
[16473276ms] [ERROR] Failed to load resource: Could not connect to the server. @ http://localhost:4401/dashboard/overview:0
[16473277ms] [ERROR] Failed to load resource: Could not connect to the server. @ http://localhost:4401/dashboard/alerts?limit=6:0
[16473885ms] [ERROR] Failed to load resource: Could not connect to the server. @ http://localhost:4401/dashboard/overview:0
[16473887ms] [ERROR] Failed to load resource: Could not connect to the server. @ http://localhost:4401/dashboard/alerts?limit=6:0
[16474163ms] [ERROR] Failed to load resource: Could not connect to the server. @ http://localhost:4401/api/billing/ai-credits/summary:0
[16474367ms] [ERROR] Failed to load resource: Could not connect to the server. @ http://localhost:4401/api/billing/ai-credits/summary:0
[16474973ms] [ERROR] Failed to load resource: Could not connect to the server. @ http://localhost:4401/api/billing/ai-credits/summary:0
[16504171ms] [ERROR] Failed to load resource: Could not connect to the server. @ http://localhost:4401/api/billing/ai-credits/summary:0
[16504376ms] [ERROR] Failed to load resource: Could not connect to the server. @ http://localhost:4401/api/billing/ai-credits/summary:0
[16504982ms] [ERROR] Failed to load resource: Could not connect to the server. @ http://localhost:4401/api/billing/ai-credits/summary:0
[16533080ms] [ERROR] Failed to load resource: Could not connect to the server. @ http://localhost:4401/dashboard/overview:0
[16533081ms] [ERROR] Failed to load resource: Could not connect to the server. @ http://localhost:4401/dashboard/alerts?limit=6:0
[16533289ms] [ERROR] Failed to load resource: Could not connect to the server. @ http://localhost:4401/dashboard/overview:0
[16533290ms] [ERROR] Failed to load resource: Could not connect to the server. @ http://localhost:4401/dashboard/alerts?limit=6:0
[16533898ms] [ERROR] Failed to load resource: Could not connect to the server. @ http://localhost:4401/dashboard/overview:0
[16533899ms] [ERROR] Failed to load resource: Could not connect to the server. @ http://localhost:4401/dashboard/alerts?limit=6:0
[16534172ms] [ERROR] Failed to load resource: Could not connect to the server. @ http://localhost:4401/api/billing/ai-credits/summary:0
[16534376ms] [ERROR] Failed to load resource: Could not connect to the server. @ http://localhost:4401/api/billing/ai-credits/summary:0
[16534984ms] [ERROR] Failed to load resource: Could not connect to the server. @ http://localhost:4401/api/billing/ai-credits/summary:0
[16564176ms] [ERROR] Failed to load resource: Could not connect to the server. @ http://localhost:4401/api/billing/ai-credits/summary:0
[16564382ms] [ERROR] Failed to load resource: Could not connect to the server. @ http://localhost:4401/api/billing/ai-credits/summary:0
[16564990ms] [ERROR] Failed to load resource: Could not connect to the server. @ http://localhost:4401/api/billing/ai-credits/summary:0
[16593085ms] [ERROR] Failed to load resource: Could not connect to the server. @ http://localhost:4401/dashboard/overview:0
[16593086ms] [ERROR] Failed to load resource: Could not connect to the server. @ http://localhost:4401/dashboard/alerts?limit=6:0
[16593294ms] [ERROR] Failed to load resource: Could not connect to the server. @ http://localhost:4401/dashboard/overview:0
[16593296ms] [ERROR] Failed to load resource: Could not connect to the server. @ http://localhost:4401/dashboard/alerts?limit=6:0
[16593904ms] [ERROR] Failed to load resource: Could not connect to the server. @ http://localhost:4401/dashboard/overview:0
[16593905ms] [ERROR] Failed to load resource: Could not connect to the server. @ http://localhost:4401/dashboard/alerts?limit=6:0
[16594182ms] [ERROR] Failed to load resource: Could not connect to the server. @ http://localhost:4401/api/billing/ai-credits/summary:0
[16594387ms] [ERROR] Failed to load resource: Could not connect to the server. @ http://localhost:4401/api/billing/ai-credits/summary:0
[16594994ms] [ERROR] Failed to load resource: Could not connect to the server. @ http://localhost:4401/api/billing/ai-credits/summary:0
[16624186ms] [ERROR] Failed to load resource: Could not connect to the server. @ http://localhost:4401/api/billing/ai-credits/summary:0
[16624390ms] [ERROR] Failed to load resource: Could not connect to the server. @ http://localhost:4401/api/billing/ai-credits/summary:0
[16624998ms] [ERROR] Failed to load resource: Could not connect to the server. @ http://localhost:4401/api/billing/ai-credits/summary:0
[16653091ms] [ERROR] Failed to load resource: Could not connect to the server. @ http://localhost:4401/dashboard/overview:0
[16653092ms] [ERROR] Failed to load resource: Could not connect to the server. @ http://localhost:4401/dashboard/alerts?limit=6:0
[16653300ms] [ERROR] Failed to load resource: Could not connect to the server. @ http://localhost:4401/dashboard/overview:0
[16653301ms] [ERROR] Failed to load resource: Could not connect to the server. @ http://localhost:4401/dashboard/alerts?limit=6:0
[16653906ms] [ERROR] Failed to load resource: Could not connect to the server. @ http://localhost:4401/dashboard/overview:0
[16653906ms] [ERROR] Failed to load resource: Could not connect to the server. @ http://localhost:4401/dashboard/alerts?limit=6:0
[16654194ms] [ERROR] Failed to load resource: Could not connect to the server. @ http://localhost:4401/api/billing/ai-credits/summary:0
[16654402ms] [ERROR] Failed to load resource: Could not connect to the server. @ http://localhost:4401/api/billing/ai-credits/summary:0
[16655006ms] [ERROR] Failed to load resource: Could not connect to the server. @ http://localhost:4401/api/billing/ai-credits/summary:0
[16684199ms] [ERROR] Failed to load resource: Could not connect to the server. @ http://localhost:4401/api/billing/ai-credits/summary:0
[16684404ms] [ERROR] Failed to load resource: Could not connect to the server. @ http://localhost:4401/api/billing/ai-credits/summary:0
[16685011ms] [ERROR] Failed to load resource: Could not connect to the server. @ http://localhost:4401/api/billing/ai-credits/summary:0
[16713094ms] [ERROR] Failed to load resource: Could not connect to the server. @ http://localhost:4401/dashboard/overview:0
[16713094ms] [ERROR] Failed to load resource: Could not connect to the server. @ http://localhost:4401/dashboard/alerts?limit=6:0
[16713304ms] [ERROR] Failed to load resource: Could not connect to the server. @ http://localhost:4401/dashboard/overview:0
[16713305ms] [ERROR] Failed to load resource: Could not connect to the server. @ http://localhost:4401/dashboard/alerts?limit=6:0
[16713913ms] [ERROR] Failed to load resource: Could not connect to the server. @ http://localhost:4401/dashboard/overview:0
[16713914ms] [ERROR] Failed to load resource: Could not connect to the server. @ http://localhost:4401/dashboard/alerts?limit=6:0
[16714199ms] [ERROR] Failed to load resource: Could not connect to the server. @ http://localhost:4401/api/billing/ai-credits/summary:0
[16714402ms] [ERROR] Failed to load resource: Could not connect to the server. @ http://localhost:4401/api/billing/ai-credits/summary:0
[16715012ms] [ERROR] Failed to load resource: Could not connect to the server. @ http://localhost:4401/api/billing/ai-credits/summary:0
[16744203ms] [ERROR] Failed to load resource: Could not connect to the server. @ http://localhost:4401/api/billing/ai-credits/summary:0
[16744407ms] [ERROR] Failed to load resource: Could not connect to the server. @ http://localhost:4401/api/billing/ai-credits/summary:0
[16745014ms] [ERROR] Failed to load resource: Could not connect to the server. @ http://localhost:4401/api/billing/ai-credits/summary:0
[16773107ms] [ERROR] Failed to load resource: Could not connect to the server. @ http://localhost:4401/dashboard/overview:0
[16773108ms] [ERROR] Failed to load resource: Could not connect to the server. @ http://localhost:4401/dashboard/alerts?limit=6:0
[16773320ms] [ERROR] Failed to load resource: Could not connect to the server. @ http://localhost:4401/dashboard/overview:0
[16773321ms] [ERROR] Failed to load resource: Could not connect to the server. @ http://localhost:4401/dashboard/alerts?limit=6:0
[16773928ms] [ERROR] Failed to load resource: Could not connect to the server. @ http://localhost:4401/dashboard/overview:0
[16773929ms] [ERROR] Failed to load resource: Could not connect to the server. @ http://localhost:4401/dashboard/alerts?limit=6:0
[16774209ms] [ERROR] Failed to load resource: Could not connect to the server. @ http://localhost:4401/api/billing/ai-credits/summary:0
[16774413ms] [ERROR] Failed to load resource: Could not connect to the server. @ http://localhost:4401/api/billing/ai-credits/summary:0
[16775026ms] [ERROR] Failed to load resource: Could not connect to the server. @ http://localhost:4401/api/billing/ai-credits/summary:0
[16804216ms] [ERROR] Failed to load resource: Could not connect to the server. @ http://localhost:4401/api/billing/ai-credits/summary:0
[16804428ms] [ERROR] Failed to load resource: Could not connect to the server. @ http://localhost:4401/api/billing/ai-credits/summary:0
[16805039ms] [ERROR] Failed to load resource: Could not connect to the server. @ http://localhost:4401/api/billing/ai-credits/summary:0
[16833110ms] [ERROR] Failed to load resource: Could not connect to the server. @ http://localhost:4401/dashboard/overview:0
[16833111ms] [ERROR] Failed to load resource: Could not connect to the server. @ http://localhost:4401/dashboard/alerts?limit=6:0
[16833323ms] [ERROR] Failed to load resource: Could not connect to the server. @ http://localhost:4401/dashboard/overview:0
[16833324ms] [ERROR] Failed to load resource: Could not connect to the server. @ http://localhost:4401/dashboard/alerts?limit=6:0
[16833937ms] [ERROR] Failed to load resource: Could not connect to the server. @ http://localhost:4401/dashboard/overview:0
[16833939ms] [ERROR] Failed to load resource: Could not connect to the server. @ http://localhost:4401/dashboard/alerts?limit=6:0
[16834218ms] [ERROR] Failed to load resource: Could not connect to the server. @ http://localhost:4401/api/billing/ai-credits/summary:0
[16834422ms] [ERROR] Failed to load resource: Could not connect to the server. @ http://localhost:4401/api/billing/ai-credits/summary:0
[16835033ms] [ERROR] Failed to load resource: Could not connect to the server. @ http://localhost:4401/api/billing/ai-credits/summary:0
[16864234ms] [ERROR] Failed to load resource: Could not connect to the server. @ http://localhost:4401/api/billing/ai-credits/summary:0
[16864439ms] [ERROR] Failed to load resource: Could not connect to the server. @ http://localhost:4401/api/billing/ai-credits/summary:0
[16865052ms] [ERROR] Failed to load resource: Could not connect to the server. @ http://localhost:4401/api/billing/ai-credits/summary:0
[16893109ms] [ERROR] Failed to load resource: Could not connect to the server. @ http://localhost:4401/dashboard/overview:0
[16893109ms] [ERROR] Failed to load resource: Could not connect to the server. @ http://localhost:4401/dashboard/alerts?limit=6:0
[16893314ms] [ERROR] Failed to load resource: Could not connect to the server. @ http://localhost:4401/dashboard/overview:0
[16893314ms] [ERROR] Failed to load resource: Could not connect to the server. @ http://localhost:4401/dashboard/alerts?limit=6:0
[16893924ms] [ERROR] Failed to load resource: Could not connect to the server. @ http://localhost:4401/dashboard/overview:0
[16893926ms] [ERROR] Failed to load resource: Could not connect to the server. @ http://localhost:4401/dashboard/alerts?limit=6:0
[16894227ms] [ERROR] Failed to load resource: Could not connect to the server. @ http://localhost:4401/api/billing/ai-credits/summary:0
[16894431ms] [ERROR] Failed to load resource: Could not connect to the server. @ http://localhost:4401/api/billing/ai-credits/summary:0
[16895043ms] [ERROR] Failed to load resource: Could not connect to the server. @ http://localhost:4401/api/billing/ai-credits/summary:0
[16924232ms] [ERROR] Failed to load resource: Could not connect to the server. @ http://localhost:4401/api/billing/ai-credits/summary:0
[16924437ms] [ERROR] Failed to load resource: Could not connect to the server. @ http://localhost:4401/api/billing/ai-credits/summary:0
[16925045ms] [ERROR] Failed to load resource: Could not connect to the server. @ http://localhost:4401/api/billing/ai-credits/summary:0
[16953118ms] [ERROR] Failed to load resource: Could not connect to the server. @ http://localhost:4401/dashboard/overview:0
[16953119ms] [ERROR] Failed to load resource: Could not connect to the server. @ http://localhost:4401/dashboard/alerts?limit=6:0
[16953333ms] [ERROR] Failed to load resource: Could not connect to the server. @ http://localhost:4401/dashboard/overview:0
[16953335ms] [ERROR] Failed to load resource: Could not connect to the server. @ http://localhost:4401/dashboard/alerts?limit=6:0
[16953945ms] [ERROR] Failed to load resource: Could not connect to the server. @ http://localhost:4401/dashboard/overview:0
[16953946ms] [ERROR] Failed to load resource: Could not connect to the server. @ http://localhost:4401/dashboard/alerts?limit=6:0
[16954237ms] [ERROR] Failed to load resource: Could not connect to the server. @ http://localhost:4401/api/billing/ai-credits/summary:0
[16954439ms] [ERROR] Failed to load resource: Could not connect to the server. @ http://localhost:4401/api/billing/ai-credits/summary:0
[16955051ms] [ERROR] Failed to load resource: Could not connect to the server. @ http://localhost:4401/api/billing/ai-credits/summary:0
[16984244ms] [ERROR] Failed to load resource: Could not connect to the server. @ http://localhost:4401/api/billing/ai-credits/summary:0
[16984448ms] [ERROR] Failed to load resource: Could not connect to the server. @ http://localhost:4401/api/billing/ai-credits/summary:0
[16985059ms] [ERROR] Failed to load resource: Could not connect to the server. @ http://localhost:4401/api/billing/ai-credits/summary:0
[17013124ms] [ERROR] Failed to load resource: Could not connect to the server. @ http://localhost:4401/dashboard/overview:0
[17013125ms] [ERROR] Failed to load resource: Could not connect to the server. @ http://localhost:4401/dashboard/alerts?limit=6:0
[17013336ms] [ERROR] Failed to load resource: Could not connect to the server. @ http://localhost:4401/dashboard/overview:0
[17013337ms] [ERROR] Failed to load resource: Could not connect to the server. @ http://localhost:4401/dashboard/alerts?limit=6:0
[17013941ms] [ERROR] Failed to load resource: Could not connect to the server. @ http://localhost:4401/dashboard/overview:0
[17013941ms] [ERROR] Failed to load resource: Could not connect to the server. @ http://localhost:4401/dashboard/alerts?limit=6:0
[17014251ms] [ERROR] Failed to load resource: Could not connect to the server. @ http://localhost:4401/api/billing/ai-credits/summary:0
[17014460ms] [ERROR] Failed to load resource: Could not connect to the server. @ http://localhost:4401/api/billing/ai-credits/summary:0
[17015069ms] [ERROR] Failed to load resource: Could not connect to the server. @ http://localhost:4401/api/billing/ai-credits/summary:0
[17044256ms] [ERROR] Failed to load resource: Could not connect to the server. @ http://localhost:4401/api/billing/ai-credits/summary:0
[17044460ms] [ERROR] Failed to load resource: Could not connect to the server. @ http://localhost:4401/api/billing/ai-credits/summary:0
[17045070ms] [ERROR] Failed to load resource: Could not connect to the server. @ http://localhost:4401/api/billing/ai-credits/summary:0
[17073126ms] [ERROR] Failed to load resource: Could not connect to the server. @ http://localhost:4401/dashboard/overview:0
[17073127ms] [ERROR] Failed to load resource: Could not connect to the server. @ http://localhost:4401/dashboard/alerts?limit=6:0
[17073332ms] [ERROR] Failed to load resource: Could not connect to the server. @ http://localhost:4401/dashboard/overview:0
[17073333ms] [ERROR] Failed to load resource: Could not connect to the server. @ http://localhost:4401/dashboard/alerts?limit=6:0
[17073944ms] [ERROR] Failed to load resource: Could not connect to the server. @ http://localhost:4401/dashboard/overview:0
[17073949ms] [ERROR] Failed to load resource: Could not connect to the server. @ http://localhost:4401/dashboard/alerts?limit=6:0
[17074259ms] [ERROR] Failed to load resource: Could not connect to the server. @ http://localhost:4401/api/billing/ai-credits/summary:0
[17074462ms] [ERROR] Failed to load resource: Could not connect to the server. @ http://localhost:4401/api/billing/ai-credits/summary:0
[17075069ms] [ERROR] Failed to load resource: Could not connect to the server. @ http://localhost:4401/api/billing/ai-credits/summary:0
[17104258ms] [ERROR] Failed to load resource: Could not connect to the server. @ http://localhost:4401/api/billing/ai-credits/summary:0
[17104462ms] [ERROR] Failed to load resource: Could not connect to the server. @ http://localhost:4401/api/billing/ai-credits/summary:0
[17105073ms] [ERROR] Failed to load resource: Could not connect to the server. @ http://localhost:4401/api/billing/ai-credits/summary:0
[17133135ms] [ERROR] Failed to load resource: Could not connect to the server. @ http://localhost:4401/dashboard/overview:0
[17133136ms] [ERROR] Failed to load resource: Could not connect to the server. @ http://localhost:4401/dashboard/alerts?limit=6:0
[17133347ms] [ERROR] Failed to load resource: Could not connect to the server. @ http://localhost:4401/dashboard/overview:0
[17133348ms] [ERROR] Failed to load resource: Could not connect to the server. @ http://localhost:4401/dashboard/alerts?limit=6:0
[17133959ms] [ERROR] Failed to load resource: Could not connect to the server. @ http://localhost:4401/dashboard/overview:0
[17133960ms] [ERROR] Failed to load resource: Could not connect to the server. @ http://localhost:4401/dashboard/alerts?limit=6:0
[17134262ms] [ERROR] Failed to load resource: Could not connect to the server. @ http://localhost:4401/api/billing/ai-credits/summary:0
[17134466ms] [ERROR] Failed to load resource: Could not connect to the server. @ http://localhost:4401/api/billing/ai-credits/summary:0
[17135076ms] [ERROR] Failed to load resource: Could not connect to the server. @ http://localhost:4401/api/billing/ai-credits/summary:0
[17164266ms] [ERROR] Failed to load resource: Could not connect to the server. @ http://localhost:4401/api/billing/ai-credits/summary:0
[17164471ms] [ERROR] Failed to load resource: Could not connect to the server. @ http://localhost:4401/api/billing/ai-credits/summary:0
[17165081ms] [ERROR] Failed to load resource: Could not connect to the server. @ http://localhost:4401/api/billing/ai-credits/summary:0
[17193135ms] [ERROR] Failed to load resource: Could not connect to the server. @ http://localhost:4401/dashboard/overview:0
[17193135ms] [ERROR] Failed to load resource: Could not connect to the server. @ http://localhost:4401/dashboard/alerts?limit=6:0
[17193339ms] [ERROR] Failed to load resource: Could not connect to the server. @ http://localhost:4401/dashboard/overview:0
[17193339ms] [ERROR] Failed to load resource: Could not connect to the server. @ http://localhost:4401/dashboard/alerts?limit=6:0
[17193952ms] [ERROR] Failed to load resource: Could not connect to the server. @ http://localhost:4401/dashboard/overview:0
[17193953ms] [ERROR] Failed to load resource: Could not connect to the server. @ http://localhost:4401/dashboard/alerts?limit=6:0
[17194272ms] [ERROR] Failed to load resource: Could not connect to the server. @ http://localhost:4401/api/billing/ai-credits/summary:0
[17194475ms] [ERROR] Failed to load resource: Could not connect to the server. @ http://localhost:4401/api/billing/ai-credits/summary:0
[17195083ms] [ERROR] Failed to load resource: Could not connect to the server. @ http://localhost:4401/api/billing/ai-credits/summary:0
[17224283ms] [ERROR] Failed to load resource: Could not connect to the server. @ http://localhost:4401/api/billing/ai-credits/summary:0
[17224488ms] [ERROR] Failed to load resource: Could not connect to the server. @ http://localhost:4401/api/billing/ai-credits/summary:0
[17225100ms] [ERROR] Failed to load resource: Could not connect to the server. @ http://localhost:4401/api/billing/ai-credits/summary:0
[17253145ms] [ERROR] Failed to load resource: Could not connect to the server. @ http://localhost:4401/dashboard/overview:0
[17253147ms] [ERROR] Failed to load resource: Could not connect to the server. @ http://localhost:4401/dashboard/alerts?limit=6:0
[17253359ms] [ERROR] Failed to load resource: Could not connect to the server. @ http://localhost:4401/dashboard/overview:0
[17253360ms] [ERROR] Failed to load resource: Could not connect to the server. @ http://localhost:4401/dashboard/alerts?limit=6:0
[17253970ms] [ERROR] Failed to load resource: Could not connect to the server. @ http://localhost:4401/dashboard/overview:0
[17253970ms] [ERROR] Failed to load resource: Could not connect to the server. @ http://localhost:4401/dashboard/alerts?limit=6:0
[17254282ms] [ERROR] Failed to load resource: Could not connect to the server. @ http://localhost:4401/api/billing/ai-credits/summary:0
[17254486ms] [ERROR] Failed to load resource: Could not connect to the server. @ http://localhost:4401/api/billing/ai-credits/summary:0
[17255095ms] [ERROR] Failed to load resource: Could not connect to the server. @ http://localhost:4401/api/billing/ai-credits/summary:0
[17284284ms] [ERROR] Failed to load resource: Could not connect to the server. @ http://localhost:4401/api/billing/ai-credits/summary:0
[17284491ms] [ERROR] Failed to load resource: Could not connect to the server. @ http://localhost:4401/api/billing/ai-credits/summary:0
[17285100ms] [ERROR] Failed to load resource: Could not connect to the server. @ http://localhost:4401/api/billing/ai-credits/summary:0
[17313149ms] [ERROR] Failed to load resource: Could not connect to the server. @ http://localhost:4401/dashboard/overview:0
[17313150ms] [ERROR] Failed to load resource: Could not connect to the server. @ http://localhost:4401/dashboard/alerts?limit=6:0
[17313362ms] [ERROR] Failed to load resource: Could not connect to the server. @ http://localhost:4401/dashboard/overview:0
[17313363ms] [ERROR] Failed to load resource: Could not connect to the server. @ http://localhost:4401/dashboard/alerts?limit=6:0
[17313972ms] [ERROR] Failed to load resource: Could not connect to the server. @ http://localhost:4401/dashboard/overview:0
[17313973ms] [ERROR] Failed to load resource: Could not connect to the server. @ http://localhost:4401/dashboard/alerts?limit=6:0
[17314289ms] [ERROR] Failed to load resource: Could not connect to the server. @ http://localhost:4401/api/billing/ai-credits/summary:0
[17314492ms] [ERROR] Failed to load resource: Could not connect to the server. @ http://localhost:4401/api/billing/ai-credits/summary:0
[17315104ms] [ERROR] Failed to load resource: Could not connect to the server. @ http://localhost:4401/api/billing/ai-credits/summary:0
[17344294ms] [ERROR] Failed to load resource: Could not connect to the server. @ http://localhost:4401/api/billing/ai-credits/summary:0
[17344500ms] [ERROR] Failed to load resource: Could not connect to the server. @ http://localhost:4401/api/billing/ai-credits/summary:0
[17345111ms] [ERROR] Failed to load resource: Could not connect to the server. @ http://localhost:4401/api/billing/ai-credits/summary:0
[17373149ms] [ERROR] Failed to load resource: Could not connect to the server. @ http://localhost:4401/dashboard/overview:0
[17373150ms] [ERROR] Failed to load resource: Could not connect to the server. @ http://localhost:4401/dashboard/alerts?limit=6:0
[17373355ms] [ERROR] Failed to load resource: Could not connect to the server. @ http://localhost:4401/dashboard/overview:0
[17373355ms] [ERROR] Failed to load resource: Could not connect to the server. @ http://localhost:4401/dashboard/alerts?limit=6:0
[17373968ms] [ERROR] Failed to load resource: Could not connect to the server. @ http://localhost:4401/dashboard/overview:0
[17373969ms] [ERROR] Failed to load resource: Could not connect to the server. @ http://localhost:4401/dashboard/alerts?limit=6:0
[17374299ms] [ERROR] Failed to load resource: Could not connect to the server. @ http://localhost:4401/api/billing/ai-credits/summary:0
[17374504ms] [ERROR] Failed to load resource: Could not connect to the server. @ http://localhost:4401/api/billing/ai-credits/summary:0
[17375114ms] [ERROR] Failed to load resource: Could not connect to the server. @ http://localhost:4401/api/billing/ai-credits/summary:0
[17404308ms] [ERROR] Failed to load resource: Could not connect to the server. @ http://localhost:4401/api/billing/ai-credits/summary:0
[17404513ms] [ERROR] Failed to load resource: Could not connect to the server. @ http://localhost:4401/api/billing/ai-credits/summary:0
[17405121ms] [ERROR] Failed to load resource: Could not connect to the server. @ http://localhost:4401/api/billing/ai-credits/summary:0
[17433161ms] [ERROR] Failed to load resource: Could not connect to the server. @ http://localhost:4401/dashboard/overview:0
[17433162ms] [ERROR] Failed to load resource: Could not connect to the server. @ http://localhost:4401/dashboard/alerts?limit=6:0
[17433374ms] [ERROR] Failed to load resource: Could not connect to the server. @ http://localhost:4401/dashboard/overview:0
[17433375ms] [ERROR] Failed to load resource: Could not connect to the server. @ http://localhost:4401/dashboard/alerts?limit=6:0
[17433979ms] [ERROR] Failed to load resource: Could not connect to the server. @ http://localhost:4401/dashboard/overview:0
[17433980ms] [ERROR] Failed to load resource: Could not connect to the server. @ http://localhost:4401/dashboard/alerts?limit=6:0
[17434309ms] [ERROR] Failed to load resource: Could not connect to the server. @ http://localhost:4401/api/billing/ai-credits/summary:0
[17434521ms] [ERROR] Failed to load resource: Could not connect to the server. @ http://localhost:4401/api/billing/ai-credits/summary:0
[17435128ms] [ERROR] Failed to load resource: Could not connect to the server. @ http://localhost:4401/api/billing/ai-credits/summary:0
[17464314ms] [ERROR] Failed to load resource: Could not connect to the server. @ http://localhost:4401/api/billing/ai-credits/summary:0
[17464519ms] [ERROR] Failed to load resource: Could not connect to the server. @ http://localhost:4401/api/billing/ai-credits/summary:0
[17465124ms] [ERROR] Failed to load resource: Could not connect to the server. @ http://localhost:4401/api/billing/ai-credits/summary:0
[17493165ms] [ERROR] Failed to load resource: Could not connect to the server. @ http://localhost:4401/dashboard/overview:0
[17493166ms] [ERROR] Failed to load resource: Could not connect to the server. @ http://localhost:4401/dashboard/alerts?limit=6:0
[17493379ms] [ERROR] Failed to load resource: Could not connect to the server. @ http://localhost:4401/dashboard/overview:0
[17493380ms] [ERROR] Failed to load resource: Could not connect to the server. @ http://localhost:4401/dashboard/alerts?limit=6:0
[17493995ms] [ERROR] Failed to load resource: Could not connect to the server. @ http://localhost:4401/dashboard/overview:0
[17493997ms] [ERROR] Failed to load resource: Could not connect to the server. @ http://localhost:4401/dashboard/alerts?limit=6:0
[17494318ms] [ERROR] Failed to load resource: Could not connect to the server. @ http://localhost:4401/api/billing/ai-credits/summary:0
[17494522ms] [ERROR] Failed to load resource: Could not connect to the server. @ http://localhost:4401/api/billing/ai-credits/summary:0
[17495133ms] [ERROR] Failed to load resource: Could not connect to the server. @ http://localhost:4401/api/billing/ai-credits/summary:0
[17524325ms] [ERROR] Failed to load resource: Could not connect to the server. @ http://localhost:4401/api/billing/ai-credits/summary:0
[17524530ms] [ERROR] Failed to load resource: Could not connect to the server. @ http://localhost:4401/api/billing/ai-credits/summary:0
[17525141ms] [ERROR] Failed to load resource: Could not connect to the server. @ http://localhost:4401/api/billing/ai-credits/summary:0
[17553167ms] [ERROR] Failed to load resource: Could not connect to the server. @ http://localhost:4401/dashboard/overview:0
[17553168ms] [ERROR] Failed to load resource: Could not connect to the server. @ http://localhost:4401/dashboard/alerts?limit=6:0
[17553380ms] [ERROR] Failed to load resource: Could not connect to the server. @ http://localhost:4401/dashboard/overview:0
[17553381ms] [ERROR] Failed to load resource: Could not connect to the server. @ http://localhost:4401/dashboard/alerts?limit=6:0
[17553990ms] [ERROR] Failed to load resource: Could not connect to the server. @ http://localhost:4401/dashboard/overview:0
[17553992ms] [ERROR] Failed to load resource: Could not connect to the server. @ http://localhost:4401/dashboard/alerts?limit=6:0
[17554327ms] [ERROR] Failed to load resource: Could not connect to the server. @ http://localhost:4401/api/billing/ai-credits/summary:0
[17554530ms] [ERROR] Failed to load resource: Could not connect to the server. @ http://localhost:4401/api/billing/ai-credits/summary:0
[17555140ms] [ERROR] Failed to load resource: Could not connect to the server. @ http://localhost:4401/api/billing/ai-credits/summary:0
[17584332ms] [ERROR] Failed to load resource: Could not connect to the server. @ http://localhost:4401/api/billing/ai-credits/summary:0
[17584542ms] [ERROR] Failed to load resource: Could not connect to the server. @ http://localhost:4401/api/billing/ai-credits/summary:0
[17585151ms] [ERROR] Failed to load resource: Could not connect to the server. @ http://localhost:4401/api/billing/ai-credits/summary:0
[17613176ms] [ERROR] Failed to load resource: Could not connect to the server. @ http://localhost:4401/dashboard/overview:0
[17613177ms] [ERROR] Failed to load resource: Could not connect to the server. @ http://localhost:4401/dashboard/alerts?limit=6:0
[17613387ms] [ERROR] Failed to load resource: Could not connect to the server. @ http://localhost:4401/dashboard/overview:0
[17613389ms] [ERROR] Failed to load resource: Could not connect to the server. @ http://localhost:4401/dashboard/alerts?limit=6:0
[17613998ms] [ERROR] Failed to load resource: Could not connect to the server. @ http://localhost:4401/dashboard/overview:0
[17614000ms] [ERROR] Failed to load resource: Could not connect to the server. @ http://localhost:4401/dashboard/alerts?limit=6:0
[17614336ms] [ERROR] Failed to load resource: Could not connect to the server. @ http://localhost:4401/api/billing/ai-credits/summary:0
[17614540ms] [ERROR] Failed to load resource: Could not connect to the server. @ http://localhost:4401/api/billing/ai-credits/summary:0
[17615149ms] [ERROR] Failed to load resource: Could not connect to the server. @ http://localhost:4401/api/billing/ai-credits/summary:0
[17644342ms] [ERROR] Failed to load resource: Could not connect to the server. @ http://localhost:4401/api/billing/ai-credits/summary:0
[17644547ms] [ERROR] Failed to load resource: Could not connect to the server. @ http://localhost:4401/api/billing/ai-credits/summary:0
[17645158ms] [ERROR] Failed to load resource: Could not connect to the server. @ http://localhost:4401/api/billing/ai-credits/summary:0
[17673180ms] [ERROR] Failed to load resource: Could not connect to the server. @ http://localhost:4401/dashboard/overview:0
[17673182ms] [ERROR] Failed to load resource: Could not connect to the server. @ http://localhost:4401/dashboard/alerts?limit=6:0
[17673393ms] [ERROR] Failed to load resource: Could not connect to the server. @ http://localhost:4401/dashboard/overview:0
[17673395ms] [ERROR] Failed to load resource: Could not connect to the server. @ http://localhost:4401/dashboard/alerts?limit=6:0
[17674004ms] [ERROR] Failed to load resource: Could not connect to the server. @ http://localhost:4401/dashboard/overview:0
[17674005ms] [ERROR] Failed to load resource: Could not connect to the server. @ http://localhost:4401/dashboard/alerts?limit=6:0
[17674344ms] [ERROR] Failed to load resource: Could not connect to the server. @ http://localhost:4401/api/billing/ai-credits/summary:0
[17674548ms] [ERROR] Failed to load resource: Could not connect to the server. @ http://localhost:4401/api/billing/ai-credits/summary:0
[17675157ms] [ERROR] Failed to load resource: Could not connect to the server. @ http://localhost:4401/api/billing/ai-credits/summary:0
[17704351ms] [ERROR] Failed to load resource: Could not connect to the server. @ http://localhost:4401/api/billing/ai-credits/summary:0
[17704556ms] [ERROR] Failed to load resource: Could not connect to the server. @ http://localhost:4401/api/billing/ai-credits/summary:0
[17705166ms] [ERROR] Failed to load resource: Could not connect to the server. @ http://localhost:4401/api/billing/ai-credits/summary:0
[17733179ms] [ERROR] Failed to load resource: Could not connect to the server. @ http://localhost:4401/dashboard/overview:0
[17733179ms] [ERROR] Failed to load resource: Could not connect to the server. @ http://localhost:4401/dashboard/alerts?limit=6:0
[17733391ms] [ERROR] Failed to load resource: Could not connect to the server. @ http://localhost:4401/dashboard/overview:0
[17733392ms] [ERROR] Failed to load resource: Could not connect to the server. @ http://localhost:4401/dashboard/alerts?limit=6:0
[17734003ms] [ERROR] Failed to load resource: Could not connect to the server. @ http://localhost:4401/dashboard/overview:0
[17734004ms] [ERROR] Failed to load resource: Could not connect to the server. @ http://localhost:4401/dashboard/alerts?limit=6:0
[17734353ms] [ERROR] Failed to load resource: Could not connect to the server. @ http://localhost:4401/api/billing/ai-credits/summary:0
[17734557ms] [ERROR] Failed to load resource: Could not connect to the server. @ http://localhost:4401/api/billing/ai-credits/summary:0
[17735165ms] [ERROR] Failed to load resource: Could not connect to the server. @ http://localhost:4401/api/billing/ai-credits/summary:0
[17764357ms] [ERROR] Failed to load resource: Could not connect to the server. @ http://localhost:4401/api/billing/ai-credits/summary:0
[17764562ms] [ERROR] Failed to load resource: Could not connect to the server. @ http://localhost:4401/api/billing/ai-credits/summary:0
[17765173ms] [ERROR] Failed to load resource: Could not connect to the server. @ http://localhost:4401/api/billing/ai-credits/summary:0
[17793189ms] [ERROR] Failed to load resource: Could not connect to the server. @ http://localhost:4401/dashboard/overview:0
[17793190ms] [ERROR] Failed to load resource: Could not connect to the server. @ http://localhost:4401/dashboard/alerts?limit=6:0
[17793400ms] [ERROR] Failed to load resource: Could not connect to the server. @ http://localhost:4401/dashboard/overview:0
[17793402ms] [ERROR] Failed to load resource: Could not connect to the server. @ http://localhost:4401/dashboard/alerts?limit=6:0
[17794012ms] [ERROR] Failed to load resource: Could not connect to the server. @ http://localhost:4401/dashboard/overview:0
[17794013ms] [ERROR] Failed to load resource: Could not connect to the server. @ http://localhost:4401/dashboard/alerts?limit=6:0
[17794362ms] [ERROR] Failed to load resource: Could not connect to the server. @ http://localhost:4401/api/billing/ai-credits/summary:0
[17794565ms] [ERROR] Failed to load resource: Could not connect to the server. @ http://localhost:4401/api/billing/ai-credits/summary:0
[17795175ms] [ERROR] Failed to load resource: Could not connect to the server. @ http://localhost:4401/api/billing/ai-credits/summary:0
[17824371ms] [ERROR] Failed to load resource: Could not connect to the server. @ http://localhost:4401/api/billing/ai-credits/summary:0
[17824583ms] [ERROR] Failed to load resource: Could not connect to the server. @ http://localhost:4401/api/billing/ai-credits/summary:0
[17825187ms] [ERROR] Failed to load resource: Could not connect to the server. @ http://localhost:4401/api/billing/ai-credits/summary:0
[17853194ms] [ERROR] Failed to load resource: Could not connect to the server. @ http://localhost:4401/dashboard/overview:0
[17853195ms] [ERROR] Failed to load resource: Could not connect to the server. @ http://localhost:4401/dashboard/alerts?limit=6:0
[17853405ms] [ERROR] Failed to load resource: Could not connect to the server. @ http://localhost:4401/dashboard/overview:0
[17853406ms] [ERROR] Failed to load resource: Could not connect to the server. @ http://localhost:4401/dashboard/alerts?limit=6:0
[17854018ms] [ERROR] Failed to load resource: Could not connect to the server. @ http://localhost:4401/dashboard/overview:0
[17854019ms] [ERROR] Failed to load resource: Could not connect to the server. @ http://localhost:4401/dashboard/alerts?limit=6:0
[17854373ms] [ERROR] Failed to load resource: Could not connect to the server. @ http://localhost:4401/api/billing/ai-credits/summary:0
[17854577ms] [ERROR] Failed to load resource: Could not connect to the server. @ http://localhost:4401/api/billing/ai-credits/summary:0
[17855188ms] [ERROR] Failed to load resource: Could not connect to the server. @ http://localhost:4401/api/billing/ai-credits/summary:0
[17884380ms] [ERROR] Failed to load resource: Could not connect to the server. @ http://localhost:4401/api/billing/ai-credits/summary:0
[17884586ms] [ERROR] Failed to load resource: Could not connect to the server. @ http://localhost:4401/api/billing/ai-credits/summary:0
[17885196ms] [ERROR] Failed to load resource: Could not connect to the server. @ http://localhost:4401/api/billing/ai-credits/summary:0
[17913162ms] [ERROR] Failed to load resource: Could not connect to the server. @ http://localhost:4401/dashboard/overview:0
[17913163ms] [ERROR] Failed to load resource: Could not connect to the server. @ http://localhost:4401/dashboard/alerts?limit=6:0
[17913375ms] [ERROR] Failed to load resource: Could not connect to the server. @ http://localhost:4401/dashboard/overview:0
[17913376ms] [ERROR] Failed to load resource: Could not connect to the server. @ http://localhost:4401/dashboard/alerts?limit=6:0
[17913992ms] [ERROR] Failed to load resource: Could not connect to the server. @ http://localhost:4401/dashboard/overview:0
[17913993ms] [ERROR] Failed to load resource: Could not connect to the server. @ http://localhost:4401/dashboard/alerts?limit=6:0
[17914341ms] [ERROR] Failed to load resource: Could not connect to the server. @ http://localhost:4401/api/billing/ai-credits/summary:0
[17914548ms] [ERROR] Failed to load resource: Could not connect to the server. @ http://localhost:4401/api/billing/ai-credits/summary:0
[17915159ms] [ERROR] Failed to load resource: Could not connect to the server. @ http://localhost:4401/api/billing/ai-credits/summary:0
[17944345ms] [ERROR] Failed to load resource: Could not connect to the server. @ http://localhost:4401/api/billing/ai-credits/summary:0
[17944553ms] [ERROR] Failed to load resource: Could not connect to the server. @ http://localhost:4401/api/billing/ai-credits/summary:0
[17945158ms] [ERROR] Failed to load resource: Could not connect to the server. @ http://localhost:4401/api/billing/ai-credits/summary:0
[17973159ms] [ERROR] Failed to load resource: Could not connect to the server. @ http://localhost:4401/dashboard/overview:0
[17973161ms] [ERROR] Failed to load resource: Could not connect to the server. @ http://localhost:4401/dashboard/alerts?limit=6:0
[17973375ms] [ERROR] Failed to load resource: Could not connect to the server. @ http://localhost:4401/dashboard/overview:0
[17973376ms] [ERROR] Failed to load resource: Could not connect to the server. @ http://localhost:4401/dashboard/alerts?limit=6:0
[17973986ms] [ERROR] Failed to load resource: Could not connect to the server. @ http://localhost:4401/dashboard/overview:0
[17973987ms] [ERROR] Failed to load resource: Could not connect to the server. @ http://localhost:4401/dashboard/alerts?limit=6:0
[17974344ms] [ERROR] Failed to load resource: Could not connect to the server. @ http://localhost:4401/api/billing/ai-credits/summary:0
[17974548ms] [ERROR] Failed to load resource: Could not connect to the server. @ http://localhost:4401/api/billing/ai-credits/summary:0
[17975160ms] [ERROR] Failed to load resource: Could not connect to the server. @ http://localhost:4401/api/billing/ai-credits/summary:0
[18004354ms] [ERROR] Failed to load resource: Could not connect to the server. @ http://localhost:4401/api/billing/ai-credits/summary:0
[18004561ms] [ERROR] Failed to load resource: Could not connect to the server. @ http://localhost:4401/api/billing/ai-credits/summary:0
[18005173ms] [ERROR] Failed to load resource: Could not connect to the server. @ http://localhost:4401/api/billing/ai-credits/summary:0
[18033163ms] [ERROR] Failed to load resource: Could not connect to the server. @ http://localhost:4401/dashboard/overview:0
[18033164ms] [ERROR] Failed to load resource: Could not connect to the server. @ http://localhost:4401/dashboard/alerts?limit=6:0
[18033374ms] [ERROR] Failed to load resource: Could not connect to the server. @ http://localhost:4401/dashboard/overview:0
[18033375ms] [ERROR] Failed to load resource: Could not connect to the server. @ http://localhost:4401/dashboard/alerts?limit=6:0
[18033989ms] [ERROR] Failed to load resource: Could not connect to the server. @ http://localhost:4401/dashboard/overview:0
[18033990ms] [ERROR] Failed to load resource: Could not connect to the server. @ http://localhost:4401/dashboard/alerts?limit=6:0
[18034350ms] [ERROR] Failed to load resource: Could not connect to the server. @ http://localhost:4401/api/billing/ai-credits/summary:0
[18034555ms] [ERROR] Failed to load resource: Could not connect to the server. @ http://localhost:4401/api/billing/ai-credits/summary:0
[18035166ms] [ERROR] Failed to load resource: Could not connect to the server. @ http://localhost:4401/api/billing/ai-credits/summary:0
[18064360ms] [ERROR] Failed to load resource: Could not connect to the server. @ http://localhost:4401/api/billing/ai-credits/summary:0
[18064569ms] [ERROR] Failed to load resource: Could not connect to the server. @ http://localhost:4401/api/billing/ai-credits/summary:0
[18065180ms] [ERROR] Failed to load resource: Could not connect to the server. @ http://localhost:4401/api/billing/ai-credits/summary:0
[18093163ms] [ERROR] Failed to load resource: Could not connect to the server. @ http://localhost:4401/dashboard/overview:0
[18093164ms] [ERROR] Failed to load resource: Could not connect to the server. @ http://localhost:4401/dashboard/alerts?limit=6:0
[18093375ms] [ERROR] Failed to load resource: Could not connect to the server. @ http://localhost:4401/dashboard/overview:0
[18093376ms] [ERROR] Failed to load resource: Could not connect to the server. @ http://localhost:4401/dashboard/alerts?limit=6:0
[18093986ms] [ERROR] Failed to load resource: Could not connect to the server. @ http://localhost:4401/dashboard/overview:0
[18093988ms] [ERROR] Failed to load resource: Could not connect to the server. @ http://localhost:4401/dashboard/alerts?limit=6:0
[18094358ms] [ERROR] Failed to load resource: Could not connect to the server. @ http://localhost:4401/api/billing/ai-credits/summary:0
[18094562ms] [ERROR] Failed to load resource: Could not connect to the server. @ http://localhost:4401/api/billing/ai-credits/summary:0
[18095175ms] [ERROR] Failed to load resource: Could not connect to the server. @ http://localhost:4401/api/billing/ai-credits/summary:0
[18124370ms] [ERROR] Failed to load resource: Could not connect to the server. @ http://localhost:4401/api/billing/ai-credits/summary:0
[18124581ms] [ERROR] Failed to load resource: Could not connect to the server. @ http://localhost:4401/api/billing/ai-credits/summary:0
[18125190ms] [ERROR] Failed to load resource: Could not connect to the server. @ http://localhost:4401/api/billing/ai-credits/summary:0
[18153169ms] [ERROR] Failed to load resource: Could not connect to the server. @ http://localhost:4401/dashboard/overview:0
[18153170ms] [ERROR] Failed to load resource: Could not connect to the server. @ http://localhost:4401/dashboard/alerts?limit=6:0
[18153381ms] [ERROR] Failed to load resource: Could not connect to the server. @ http://localhost:4401/dashboard/overview:0
[18153382ms] [ERROR] Failed to load resource: Could not connect to the server. @ http://localhost:4401/dashboard/alerts?limit=6:0
[18153990ms] [ERROR] Failed to load resource: Could not connect to the server. @ http://localhost:4401/dashboard/overview:0
[18153991ms] [ERROR] Failed to load resource: Could not connect to the server. @ http://localhost:4401/dashboard/alerts?limit=6:0
[18154365ms] [ERROR] Failed to load resource: Could not connect to the server. @ http://localhost:4401/api/billing/ai-credits/summary:0
[18154569ms] [ERROR] Failed to load resource: Could not connect to the server. @ http://localhost:4401/api/billing/ai-credits/summary:0
[18155179ms] [ERROR] Failed to load resource: Could not connect to the server. @ http://localhost:4401/api/billing/ai-credits/summary:0
[18184378ms] [ERROR] Failed to load resource: Could not connect to the server. @ http://localhost:4401/api/billing/ai-credits/summary:0
[18184588ms] [ERROR] Failed to load resource: Could not connect to the server. @ http://localhost:4401/api/billing/ai-credits/summary:0
[18185198ms] [ERROR] Failed to load resource: Could not connect to the server. @ http://localhost:4401/api/billing/ai-credits/summary:0
[18213176ms] [ERROR] Failed to load resource: Could not connect to the server. @ http://localhost:4401/dashboard/overview:0
[18213177ms] [ERROR] Failed to load resource: Could not connect to the server. @ http://localhost:4401/dashboard/alerts?limit=6:0
[18213388ms] [ERROR] Failed to load resource: Could not connect to the server. @ http://localhost:4401/dashboard/overview:0
[18213389ms] [ERROR] Failed to load resource: Could not connect to the server. @ http://localhost:4401/dashboard/alerts?limit=6:0
[18213992ms] [ERROR] Failed to load resource: Could not connect to the server. @ http://localhost:4401/dashboard/overview:0
[18213992ms] [ERROR] Failed to load resource: Could not connect to the server. @ http://localhost:4401/dashboard/alerts?limit=6:0
[18214381ms] [ERROR] Failed to load resource: Could not connect to the server. @ http://localhost:4401/api/billing/ai-credits/summary:0
[18214592ms] [ERROR] Failed to load resource: Could not connect to the server. @ http://localhost:4401/api/billing/ai-credits/summary:0
[18215196ms] [ERROR] Failed to load resource: Could not connect to the server. @ http://localhost:4401/api/billing/ai-credits/summary:0
[18244386ms] [ERROR] Failed to load resource: Could not connect to the server. @ http://localhost:4401/api/billing/ai-credits/summary:0
[18244595ms] [ERROR] Failed to load resource: Could not connect to the server. @ http://localhost:4401/api/billing/ai-credits/summary:0
[18245200ms] [ERROR] Failed to load resource: Could not connect to the server. @ http://localhost:4401/api/billing/ai-credits/summary:0
[18273179ms] [ERROR] Failed to load resource: Could not connect to the server. @ http://localhost:4401/dashboard/overview:0
[18273180ms] [ERROR] Failed to load resource: Could not connect to the server. @ http://localhost:4401/dashboard/alerts?limit=6:0
[18273391ms] [ERROR] Failed to load resource: Could not connect to the server. @ http://localhost:4401/dashboard/overview:0
[18273392ms] [ERROR] Failed to load resource: Could not connect to the server. @ http://localhost:4401/dashboard/alerts?limit=6:0
[18274003ms] [ERROR] Failed to load resource: Could not connect to the server. @ http://localhost:4401/dashboard/overview:0
[18274004ms] [ERROR] Failed to load resource: Could not connect to the server. @ http://localhost:4401/dashboard/alerts?limit=6:0
[18274381ms] [ERROR] Failed to load resource: Could not connect to the server. @ http://localhost:4401/api/billing/ai-credits/summary:0
[18274585ms] [ERROR] Failed to load resource: Could not connect to the server. @ http://localhost:4401/api/billing/ai-credits/summary:0
[18275196ms] [ERROR] Failed to load resource: Could not connect to the server. @ http://localhost:4401/api/billing/ai-credits/summary:0
[18304393ms] [ERROR] Failed to load resource: Could not connect to the server. @ http://localhost:4401/api/billing/ai-credits/summary:0
[18304596ms] [ERROR] Failed to load resource: Could not connect to the server. @ http://localhost:4401/api/billing/ai-credits/summary:0
[18305204ms] [ERROR] Failed to load resource: Could not connect to the server. @ http://localhost:4401/api/billing/ai-credits/summary:0
[18333178ms] [ERROR] Failed to load resource: Could not connect to the server. @ http://localhost:4401/dashboard/overview:0
[18333179ms] [ERROR] Failed to load resource: Could not connect to the server. @ http://localhost:4401/dashboard/alerts?limit=6:0
[18333385ms] [ERROR] Failed to load resource: Could not connect to the server. @ http://localhost:4401/dashboard/overview:0
[18333386ms] [ERROR] Failed to load resource: Could not connect to the server. @ http://localhost:4401/dashboard/alerts?limit=6:0
[18333993ms] [ERROR] Failed to load resource: Could not connect to the server. @ http://localhost:4401/dashboard/overview:0
[18333994ms] [ERROR] Failed to load resource: Could not connect to the server. @ http://localhost:4401/dashboard/alerts?limit=6:0
[18334392ms] [ERROR] Failed to load resource: Could not connect to the server. @ http://localhost:4401/api/billing/ai-credits/summary:0
[18334599ms] [ERROR] Failed to load resource: Could not connect to the server. @ http://localhost:4401/api/billing/ai-credits/summary:0
[18335205ms] [ERROR] Failed to load resource: Could not connect to the server. @ http://localhost:4401/api/billing/ai-credits/summary:0
[18364406ms] [ERROR] Failed to load resource: Could not connect to the server. @ http://localhost:4401/api/billing/ai-credits/summary:0
[18364612ms] [ERROR] Failed to load resource: Could not connect to the server. @ http://localhost:4401/api/billing/ai-credits/summary:0
[18365221ms] [ERROR] Failed to load resource: Could not connect to the server. @ http://localhost:4401/api/billing/ai-credits/summary:0
[18393184ms] [ERROR] Failed to load resource: Could not connect to the server. @ http://localhost:4401/dashboard/overview:0
[18393185ms] [ERROR] Failed to load resource: Could not connect to the server. @ http://localhost:4401/dashboard/alerts?limit=6:0
[18393394ms] [ERROR] Failed to load resource: Could not connect to the server. @ http://localhost:4401/dashboard/overview:0
[18393395ms] [ERROR] Failed to load resource: Could not connect to the server. @ http://localhost:4401/dashboard/alerts?limit=6:0
[18394004ms] [ERROR] Failed to load resource: Could not connect to the server. @ http://localhost:4401/dashboard/overview:0
[18394005ms] [ERROR] Failed to load resource: Could not connect to the server. @ http://localhost:4401/dashboard/alerts?limit=6:0
[18394401ms] [ERROR] Failed to load resource: Could not connect to the server. @ http://localhost:4401/api/billing/ai-credits/summary:0
[18394608ms] [ERROR] Failed to load resource: Could not connect to the server. @ http://localhost:4401/api/billing/ai-credits/summary:0
[18395215ms] [ERROR] Failed to load resource: Could not connect to the server. @ http://localhost:4401/api/billing/ai-credits/summary:0
[18424406ms] [ERROR] Failed to load resource: Could not connect to the server. @ http://localhost:4401/api/billing/ai-credits/summary:0
[18424613ms] [ERROR] Failed to load resource: Could not connect to the server. @ http://localhost:4401/api/billing/ai-credits/summary:0
[18425220ms] [ERROR] Failed to load resource: Could not connect to the server. @ http://localhost:4401/api/billing/ai-credits/summary:0
[18453189ms] [ERROR] Failed to load resource: Could not connect to the server. @ http://localhost:4401/dashboard/overview:0
[18453189ms] [ERROR] Failed to load resource: Could not connect to the server. @ http://localhost:4401/dashboard/alerts?limit=6:0
[18453396ms] [ERROR] Failed to load resource: Could not connect to the server. @ http://localhost:4401/dashboard/overview:0
[18453398ms] [ERROR] Failed to load resource: Could not connect to the server. @ http://localhost:4401/dashboard/alerts?limit=6:0
[18454005ms] [ERROR] Failed to load resource: Could not connect to the server. @ http://localhost:4401/dashboard/overview:0
[18454006ms] [ERROR] Failed to load resource: Could not connect to the server. @ http://localhost:4401/dashboard/alerts?limit=6:0
[18454407ms] [ERROR] Failed to load resource: Could not connect to the server. @ http://localhost:4401/api/billing/ai-credits/summary:0
[18454613ms] [ERROR] Failed to load resource: Could not connect to the server. @ http://localhost:4401/api/billing/ai-credits/summary:0
[18455220ms] [ERROR] Failed to load resource: Could not connect to the server. @ http://localhost:4401/api/billing/ai-credits/summary:0
[18484416ms] [ERROR] Failed to load resource: Could not connect to the server. @ http://localhost:4401/api/billing/ai-credits/summary:0
[18484623ms] [ERROR] Failed to load resource: Could not connect to the server. @ http://localhost:4401/api/billing/ai-credits/summary:0
[18485230ms] [ERROR] Failed to load resource: Could not connect to the server. @ http://localhost:4401/api/billing/ai-credits/summary:0
[18513192ms] [ERROR] Failed to load resource: Could not connect to the server. @ http://localhost:4401/dashboard/overview:0
[18513193ms] [ERROR] Failed to load resource: Could not connect to the server. @ http://localhost:4401/dashboard/alerts?limit=6:0
[18513402ms] [ERROR] Failed to load resource: Could not connect to the server. @ http://localhost:4401/dashboard/overview:0
[18513403ms] [ERROR] Failed to load resource: Could not connect to the server. @ http://localhost:4401/dashboard/alerts?limit=6:0
[18514010ms] [ERROR] Failed to load resource: Could not connect to the server. @ http://localhost:4401/dashboard/overview:0
[18514011ms] [ERROR] Failed to load resource: Could not connect to the server. @ http://localhost:4401/dashboard/alerts?limit=6:0
[18514418ms] [ERROR] Failed to load resource: Could not connect to the server. @ http://localhost:4401/api/billing/ai-credits/summary:0
[18514626ms] [ERROR] Failed to load resource: Could not connect to the server. @ http://localhost:4401/api/billing/ai-credits/summary:0
[18515233ms] [ERROR] Failed to load resource: Could not connect to the server. @ http://localhost:4401/api/billing/ai-credits/summary:0
[18544425ms] [ERROR] Failed to load resource: Could not connect to the server. @ http://localhost:4401/api/billing/ai-credits/summary:0
[18544632ms] [ERROR] Failed to load resource: Could not connect to the server. @ http://localhost:4401/api/billing/ai-credits/summary:0
[18545241ms] [ERROR] Failed to load resource: Could not connect to the server. @ http://localhost:4401/api/billing/ai-credits/summary:0
[18573193ms] [ERROR] Failed to load resource: Could not connect to the server. @ http://localhost:4401/dashboard/overview:0
[18573194ms] [ERROR] Failed to load resource: Could not connect to the server. @ http://localhost:4401/dashboard/alerts?limit=6:0
[18573402ms] [ERROR] Failed to load resource: Could not connect to the server. @ http://localhost:4401/dashboard/overview:0
[18573403ms] [ERROR] Failed to load resource: Could not connect to the server. @ http://localhost:4401/dashboard/alerts?limit=6:0
[18574011ms] [ERROR] Failed to load resource: Could not connect to the server. @ http://localhost:4401/dashboard/overview:0
[18574012ms] [ERROR] Failed to load resource: Could not connect to the server. @ http://localhost:4401/dashboard/alerts?limit=6:0
[18574427ms] [ERROR] Failed to load resource: Could not connect to the server. @ http://localhost:4401/api/billing/ai-credits/summary:0
[18574635ms] [ERROR] Failed to load resource: Could not connect to the server. @ http://localhost:4401/api/billing/ai-credits/summary:0
[18575243ms] [ERROR] Failed to load resource: Could not connect to the server. @ http://localhost:4401/api/billing/ai-credits/summary:0
[18604430ms] [ERROR] Failed to load resource: Could not connect to the server. @ http://localhost:4401/api/billing/ai-credits/summary:0
[18604640ms] [ERROR] Failed to load resource: Could not connect to the server. @ http://localhost:4401/api/billing/ai-credits/summary:0
[18605248ms] [ERROR] Failed to load resource: Could not connect to the server. @ http://localhost:4401/api/billing/ai-credits/summary:0
[18633200ms] [ERROR] Failed to load resource: Could not connect to the server. @ http://localhost:4401/dashboard/overview:0
[18633201ms] [ERROR] Failed to load resource: Could not connect to the server. @ http://localhost:4401/dashboard/alerts?limit=6:0
[18633408ms] [ERROR] Failed to load resource: Could not connect to the server. @ http://localhost:4401/dashboard/overview:0
[18633410ms] [ERROR] Failed to load resource: Could not connect to the server. @ http://localhost:4401/dashboard/alerts?limit=6:0
[18634016ms] [ERROR] Failed to load resource: Could not connect to the server. @ http://localhost:4401/dashboard/overview:0
[18634018ms] [ERROR] Failed to load resource: Could not connect to the server. @ http://localhost:4401/dashboard/alerts?limit=6:0
[18634432ms] [ERROR] Failed to load resource: Could not connect to the server. @ http://localhost:4401/api/billing/ai-credits/summary:0
[18634639ms] [ERROR] Failed to load resource: Could not connect to the server. @ http://localhost:4401/api/billing/ai-credits/summary:0
[18635246ms] [ERROR] Failed to load resource: Could not connect to the server. @ http://localhost:4401/api/billing/ai-credits/summary:0
[18664437ms] [ERROR] Failed to load resource: Could not connect to the server. @ http://localhost:4401/api/billing/ai-credits/summary:0
[18664646ms] [ERROR] Failed to load resource: Could not connect to the server. @ http://localhost:4401/api/billing/ai-credits/summary:0
[18665253ms] [ERROR] Failed to load resource: Could not connect to the server. @ http://localhost:4401/api/billing/ai-credits/summary:0
[18693204ms] [ERROR] Failed to load resource: Could not connect to the server. @ http://localhost:4401/dashboard/overview:0
[18693205ms] [ERROR] Failed to load resource: Could not connect to the server. @ http://localhost:4401/dashboard/alerts?limit=6:0
[18693412ms] [ERROR] Failed to load resource: Could not connect to the server. @ http://localhost:4401/dashboard/overview:0
[18693414ms] [ERROR] Failed to load resource: Could not connect to the server. @ http://localhost:4401/dashboard/alerts?limit=6:0
[18694022ms] [ERROR] Failed to load resource: Could not connect to the server. @ http://localhost:4401/dashboard/overview:0
[18694023ms] [ERROR] Failed to load resource: Could not connect to the server. @ http://localhost:4401/dashboard/alerts?limit=6:0
[18694441ms] [ERROR] Failed to load resource: Could not connect to the server. @ http://localhost:4401/api/billing/ai-credits/summary:0
[18694649ms] [ERROR] Failed to load resource: Could not connect to the server. @ http://localhost:4401/api/billing/ai-credits/summary:0
[18695256ms] [ERROR] Failed to load resource: Could not connect to the server. @ http://localhost:4401/api/billing/ai-credits/summary:0
[18724447ms] [ERROR] Failed to load resource: Could not connect to the server. @ http://localhost:4401/api/billing/ai-credits/summary:0
[18724654ms] [ERROR] Failed to load resource: Could not connect to the server. @ http://localhost:4401/api/billing/ai-credits/summary:0
[18725261ms] [ERROR] Failed to load resource: Could not connect to the server. @ http://localhost:4401/api/billing/ai-credits/summary:0
[18753213ms] [ERROR] Failed to load resource: Could not connect to the server. @ http://localhost:4401/dashboard/overview:0
[18753214ms] [ERROR] Failed to load resource: Could not connect to the server. @ http://localhost:4401/dashboard/alerts?limit=6:0
[18753423ms] [ERROR] Failed to load resource: Could not connect to the server. @ http://localhost:4401/dashboard/overview:0
[18753425ms] [ERROR] Failed to load resource: Could not connect to the server. @ http://localhost:4401/dashboard/alerts?limit=6:0
[18754035ms] [ERROR] Failed to load resource: Could not connect to the server. @ http://localhost:4401/dashboard/overview:0
[18754036ms] [ERROR] Failed to load resource: Could not connect to the server. @ http://localhost:4401/dashboard/alerts?limit=6:0
[18754450ms] [ERROR] Failed to load resource: Could not connect to the server. @ http://localhost:4401/api/billing/ai-credits/summary:0
[18754657ms] [ERROR] Failed to load resource: Could not connect to the server. @ http://localhost:4401/api/billing/ai-credits/summary:0
[18755265ms] [ERROR] Failed to load resource: Could not connect to the server. @ http://localhost:4401/api/billing/ai-credits/summary:0
[18784452ms] [ERROR] Failed to load resource: Could not connect to the server. @ http://localhost:4401/api/billing/ai-credits/summary:0
[18784659ms] [ERROR] Failed to load resource: Could not connect to the server. @ http://localhost:4401/api/billing/ai-credits/summary:0
[18785269ms] [ERROR] Failed to load resource: Could not connect to the server. @ http://localhost:4401/api/billing/ai-credits/summary:0
[18813211ms] [ERROR] Failed to load resource: Could not connect to the server. @ http://localhost:4401/dashboard/overview:0
[18813212ms] [ERROR] Failed to load resource: Could not connect to the server. @ http://localhost:4401/dashboard/alerts?limit=6:0
[18813418ms] [ERROR] Failed to load resource: Could not connect to the server. @ http://localhost:4401/dashboard/overview:0
[18813421ms] [ERROR] Failed to load resource: Could not connect to the server. @ http://localhost:4401/dashboard/alerts?limit=6:0
[18814029ms] [ERROR] Failed to load resource: Could not connect to the server. @ http://localhost:4401/dashboard/overview:0
[18814029ms] [ERROR] Failed to load resource: Could not connect to the server. @ http://localhost:4401/dashboard/alerts?limit=6:0
[18814457ms] [ERROR] Failed to load resource: Could not connect to the server. @ http://localhost:4401/api/billing/ai-credits/summary:0
[18814664ms] [ERROR] Failed to load resource: Could not connect to the server. @ http://localhost:4401/api/billing/ai-credits/summary:0
[18815269ms] [ERROR] Failed to load resource: Could not connect to the server. @ http://localhost:4401/api/billing/ai-credits/summary:0
[18844458ms] [ERROR] Failed to load resource: Could not connect to the server. @ http://localhost:4401/api/billing/ai-credits/summary:0
[18844665ms] [ERROR] Failed to load resource: Could not connect to the server. @ http://localhost:4401/api/billing/ai-credits/summary:0
[18845271ms] [ERROR] Failed to load resource: Could not connect to the server. @ http://localhost:4401/api/billing/ai-credits/summary:0
[18873217ms] [ERROR] Failed to load resource: Could not connect to the server. @ http://localhost:4401/dashboard/overview:0
[18873218ms] [ERROR] Failed to load resource: Could not connect to the server. @ http://localhost:4401/dashboard/alerts?limit=6:0
[18873426ms] [ERROR] Failed to load resource: Could not connect to the server. @ http://localhost:4401/dashboard/overview:0
[18873427ms] [ERROR] Failed to load resource: Could not connect to the server. @ http://localhost:4401/dashboard/alerts?limit=6:0
[18874038ms] [ERROR] Failed to load resource: Could not connect to the server. @ http://localhost:4401/dashboard/overview:0
[18874039ms] [ERROR] Failed to load resource: Could not connect to the server. @ http://localhost:4401/dashboard/alerts?limit=6:0
[18874465ms] [ERROR] Failed to load resource: Could not connect to the server. @ http://localhost:4401/api/billing/ai-credits/summary:0
[18874672ms] [ERROR] Failed to load resource: Could not connect to the server. @ http://localhost:4401/api/billing/ai-credits/summary:0
[18875279ms] [ERROR] Failed to load resource: Could not connect to the server. @ http://localhost:4401/api/billing/ai-credits/summary:0
[18904472ms] [ERROR] Failed to load resource: Could not connect to the server. @ http://localhost:4401/api/billing/ai-credits/summary:0
[18904678ms] [ERROR] Failed to load resource: Could not connect to the server. @ http://localhost:4401/api/billing/ai-credits/summary:0
[18905285ms] [ERROR] Failed to load resource: Could not connect to the server. @ http://localhost:4401/api/billing/ai-credits/summary:0
[18933220ms] [ERROR] Failed to load resource: Could not connect to the server. @ http://localhost:4401/dashboard/overview:0
[18933221ms] [ERROR] Failed to load resource: Could not connect to the server. @ http://localhost:4401/dashboard/alerts?limit=6:0
[18933429ms] [ERROR] Failed to load resource: Could not connect to the server. @ http://localhost:4401/dashboard/overview:0
[18933431ms] [ERROR] Failed to load resource: Could not connect to the server. @ http://localhost:4401/dashboard/alerts?limit=6:0
[18934038ms] [ERROR] Failed to load resource: Could not connect to the server. @ http://localhost:4401/dashboard/overview:0
[18934039ms] [ERROR] Failed to load resource: Could not connect to the server. @ http://localhost:4401/dashboard/alerts?limit=6:0
[18934472ms] [ERROR] Failed to load resource: Could not connect to the server. @ http://localhost:4401/api/billing/ai-credits/summary:0
[18934681ms] [ERROR] Failed to load resource: Could not connect to the server. @ http://localhost:4401/api/billing/ai-credits/summary:0
[18935291ms] [ERROR] Failed to load resource: Could not connect to the server. @ http://localhost:4401/api/billing/ai-credits/summary:0
[18964475ms] [ERROR] Failed to load resource: Could not connect to the server. @ http://localhost:4401/api/billing/ai-credits/summary:0
[18964683ms] [ERROR] Failed to load resource: Could not connect to the server. @ http://localhost:4401/api/billing/ai-credits/summary:0
[18965289ms] [ERROR] Failed to load resource: Could not connect to the server. @ http://localhost:4401/api/billing/ai-credits/summary:0
[18993224ms] [ERROR] Failed to load resource: Could not connect to the server. @ http://localhost:4401/dashboard/overview:0
[18993225ms] [ERROR] Failed to load resource: Could not connect to the server. @ http://localhost:4401/dashboard/alerts?limit=6:0
[18993432ms] [ERROR] Failed to load resource: Could not connect to the server. @ http://localhost:4401/dashboard/overview:0
[18993434ms] [ERROR] Failed to load resource: Could not connect to the server. @ http://localhost:4401/dashboard/alerts?limit=6:0
[18994040ms] [ERROR] Failed to load resource: Could not connect to the server. @ http://localhost:4401/dashboard/overview:0
[18994041ms] [ERROR] Failed to load resource: Could not connect to the server. @ http://localhost:4401/dashboard/alerts?limit=6:0
[18994480ms] [ERROR] Failed to load resource: Could not connect to the server. @ http://localhost:4401/api/billing/ai-credits/summary:0
[18994687ms] [ERROR] Failed to load resource: Could not connect to the server. @ http://localhost:4401/api/billing/ai-credits/summary:0
[18995294ms] [ERROR] Failed to load resource: Could not connect to the server. @ http://localhost:4401/api/billing/ai-credits/summary:0
[19024484ms] [ERROR] Failed to load resource: Could not connect to the server. @ http://localhost:4401/api/billing/ai-credits/summary:0
[19024690ms] [ERROR] Failed to load resource: Could not connect to the server. @ http://localhost:4401/api/billing/ai-credits/summary:0
[19025296ms] [ERROR] Failed to load resource: Could not connect to the server. @ http://localhost:4401/api/billing/ai-credits/summary:0
[19053229ms] [ERROR] Failed to load resource: Could not connect to the server. @ http://localhost:4401/dashboard/overview:0
[19053229ms] [ERROR] Failed to load resource: Could not connect to the server. @ http://localhost:4401/dashboard/alerts?limit=6:0
[19053437ms] [ERROR] Failed to load resource: Could not connect to the server. @ http://localhost:4401/dashboard/overview:0
[19053438ms] [ERROR] Failed to load resource: Could not connect to the server. @ http://localhost:4401/dashboard/alerts?limit=6:0
[19054045ms] [ERROR] Failed to load resource: Could not connect to the server. @ http://localhost:4401/dashboard/overview:0
[19054046ms] [ERROR] Failed to load resource: Could not connect to the server. @ http://localhost:4401/dashboard/alerts?limit=6:0
[19054489ms] [ERROR] Failed to load resource: Could not connect to the server. @ http://localhost:4401/api/billing/ai-credits/summary:0
[19054695ms] [ERROR] Failed to load resource: Could not connect to the server. @ http://localhost:4401/api/billing/ai-credits/summary:0
[19055302ms] [ERROR] Failed to load resource: Could not connect to the server. @ http://localhost:4401/api/billing/ai-credits/summary:0
[19084495ms] [ERROR] Failed to load resource: Could not connect to the server. @ http://localhost:4401/api/billing/ai-credits/summary:0
[19084701ms] [ERROR] Failed to load resource: Could not connect to the server. @ http://localhost:4401/api/billing/ai-credits/summary:0
[19085308ms] [ERROR] Failed to load resource: Could not connect to the server. @ http://localhost:4401/api/billing/ai-credits/summary:0
[19113235ms] [ERROR] Failed to load resource: Could not connect to the server. @ http://localhost:4401/dashboard/overview:0
[19113235ms] [ERROR] Failed to load resource: Could not connect to the server. @ http://localhost:4401/dashboard/alerts?limit=6:0
[19113442ms] [ERROR] Failed to load resource: Could not connect to the server. @ http://localhost:4401/dashboard/overview:0
[19113443ms] [ERROR] Failed to load resource: Could not connect to the server. @ http://localhost:4401/dashboard/alerts?limit=6:0
[19114053ms] [ERROR] Failed to load resource: Could not connect to the server. @ http://localhost:4401/dashboard/overview:0
[19114054ms] [ERROR] Failed to load resource: Could not connect to the server. @ http://localhost:4401/dashboard/alerts?limit=6:0
[19114496ms] [ERROR] Failed to load resource: Could not connect to the server. @ http://localhost:4401/api/billing/ai-credits/summary:0
[19114702ms] [ERROR] Failed to load resource: Could not connect to the server. @ http://localhost:4401/api/billing/ai-credits/summary:0
[19115309ms] [ERROR] Failed to load resource: Could not connect to the server. @ http://localhost:4401/api/billing/ai-credits/summary:0
[19144501ms] [ERROR] Failed to load resource: Could not connect to the server. @ http://localhost:4401/api/billing/ai-credits/summary:0
[19144712ms] [ERROR] Failed to load resource: Could not connect to the server. @ http://localhost:4401/api/billing/ai-credits/summary:0
[19145321ms] [ERROR] Failed to load resource: Could not connect to the server. @ http://localhost:4401/api/billing/ai-credits/summary:0
[19173235ms] [ERROR] Failed to load resource: Could not connect to the server. @ http://localhost:4401/dashboard/overview:0
[19173237ms] [ERROR] Failed to load resource: Could not connect to the server. @ http://localhost:4401/dashboard/alerts?limit=6:0
[19173443ms] [ERROR] Failed to load resource: Could not connect to the server. @ http://localhost:4401/dashboard/overview:0
[19173445ms] [ERROR] Failed to load resource: Could not connect to the server. @ http://localhost:4401/dashboard/alerts?limit=6:0
[19174051ms] [ERROR] Failed to load resource: Could not connect to the server. @ http://localhost:4401/dashboard/overview:0
[19174053ms] [ERROR] Failed to load resource: Could not connect to the server. @ http://localhost:4401/dashboard/alerts?limit=6:0
[19174504ms] [ERROR] Failed to load resource: Could not connect to the server. @ http://localhost:4401/api/billing/ai-credits/summary:0
[19174709ms] [ERROR] Failed to load resource: Could not connect to the server. @ http://localhost:4401/api/billing/ai-credits/summary:0
[19175320ms] [ERROR] Failed to load resource: Could not connect to the server. @ http://localhost:4401/api/billing/ai-credits/summary:0
[19204508ms] [ERROR] Failed to load resource: Could not connect to the server. @ http://localhost:4401/api/billing/ai-credits/summary:0
[19204718ms] [ERROR] Failed to load resource: Could not connect to the server. @ http://localhost:4401/api/billing/ai-credits/summary:0
[19205328ms] [ERROR] Failed to load resource: Could not connect to the server. @ http://localhost:4401/api/billing/ai-credits/summary:0
[19233241ms] [ERROR] Failed to load resource: Could not connect to the server. @ http://localhost:4401/dashboard/overview:0
[19233242ms] [ERROR] Failed to load resource: Could not connect to the server. @ http://localhost:4401/dashboard/alerts?limit=6:0
[19233449ms] [ERROR] Failed to load resource: Could not connect to the server. @ http://localhost:4401/dashboard/overview:0
[19233451ms] [ERROR] Failed to load resource: Could not connect to the server. @ http://localhost:4401/dashboard/alerts?limit=6:0
[19234058ms] [ERROR] Failed to load resource: Could not connect to the server. @ http://localhost:4401/dashboard/overview:0
[19234060ms] [ERROR] Failed to load resource: Could not connect to the server. @ http://localhost:4401/dashboard/alerts?limit=6:0
[19234513ms] [ERROR] Failed to load resource: Could not connect to the server. @ http://localhost:4401/api/billing/ai-credits/summary:0
[19234719ms] [ERROR] Failed to load resource: Could not connect to the server. @ http://localhost:4401/api/billing/ai-credits/summary:0
[19235326ms] [ERROR] Failed to load resource: Could not connect to the server. @ http://localhost:4401/api/billing/ai-credits/summary:0
[19264521ms] [ERROR] Failed to load resource: Could not connect to the server. @ http://localhost:4401/api/billing/ai-credits/summary:0
[19264727ms] [ERROR] Failed to load resource: Could not connect to the server. @ http://localhost:4401/api/billing/ai-credits/summary:0
[19265334ms] [ERROR] Failed to load resource: Could not connect to the server. @ http://localhost:4401/api/billing/ai-credits/summary:0
[19293247ms] [ERROR] Failed to load resource: Could not connect to the server. @ http://localhost:4401/dashboard/overview:0
[19293248ms] [ERROR] Failed to load resource: Could not connect to the server. @ http://localhost:4401/dashboard/alerts?limit=6:0
[19293454ms] [ERROR] Failed to load resource: Could not connect to the server. @ http://localhost:4401/dashboard/overview:0
[19293456ms] [ERROR] Failed to load resource: Could not connect to the server. @ http://localhost:4401/dashboard/alerts?limit=6:0
[19294064ms] [ERROR] Failed to load resource: Could not connect to the server. @ http://localhost:4401/dashboard/overview:0
[19294068ms] [ERROR] Failed to load resource: Could not connect to the server. @ http://localhost:4401/dashboard/alerts?limit=6:0
[19294522ms] [ERROR] Failed to load resource: Could not connect to the server. @ http://localhost:4401/api/billing/ai-credits/summary:0
[19294729ms] [ERROR] Failed to load resource: Could not connect to the server. @ http://localhost:4401/api/billing/ai-credits/summary:0
[19295335ms] [ERROR] Failed to load resource: Could not connect to the server. @ http://localhost:4401/api/billing/ai-credits/summary:0
[19324533ms] [ERROR] Failed to load resource: Could not connect to the server. @ http://localhost:4401/api/billing/ai-credits/summary:0
[19324740ms] [ERROR] Failed to load resource: Could not connect to the server. @ http://localhost:4401/api/billing/ai-credits/summary:0
[19325351ms] [ERROR] Failed to load resource: Could not connect to the server. @ http://localhost:4401/api/billing/ai-credits/summary:0
[19353251ms] [ERROR] Failed to load resource: Could not connect to the server. @ http://localhost:4401/dashboard/overview:0
[19353252ms] [ERROR] Failed to load resource: Could not connect to the server. @ http://localhost:4401/dashboard/alerts?limit=6:0
[19353460ms] [ERROR] Failed to load resource: Could not connect to the server. @ http://localhost:4401/dashboard/overview:0
[19353462ms] [ERROR] Failed to load resource: Could not connect to the server. @ http://localhost:4401/dashboard/alerts?limit=6:0
[19354069ms] [ERROR] Failed to load resource: Could not connect to the server. @ http://localhost:4401/dashboard/overview:0
[19354071ms] [ERROR] Failed to load resource: Could not connect to the server. @ http://localhost:4401/dashboard/alerts?limit=6:0
[19354530ms] [ERROR] Failed to load resource: Could not connect to the server. @ http://localhost:4401/api/billing/ai-credits/summary:0
[19354736ms] [ERROR] Failed to load resource: Could not connect to the server. @ http://localhost:4401/api/billing/ai-credits/summary:0
[19355343ms] [ERROR] Failed to load resource: Could not connect to the server. @ http://localhost:4401/api/billing/ai-credits/summary:0
[19384537ms] [ERROR] Failed to load resource: Could not connect to the server. @ http://localhost:4401/api/billing/ai-credits/summary:0
[19384744ms] [ERROR] Failed to load resource: Could not connect to the server. @ http://localhost:4401/api/billing/ai-credits/summary:0
[19385352ms] [ERROR] Failed to load resource: Could not connect to the server. @ http://localhost:4401/api/billing/ai-credits/summary:0
[19413253ms] [ERROR] Failed to load resource: Could not connect to the server. @ http://localhost:4401/dashboard/overview:0
[19413254ms] [ERROR] Failed to load resource: Could not connect to the server. @ http://localhost:4401/dashboard/alerts?limit=6:0
[19413463ms] [ERROR] Failed to load resource: Could not connect to the server. @ http://localhost:4401/dashboard/overview:0
[19413465ms] [ERROR] Failed to load resource: Could not connect to the server. @ http://localhost:4401/dashboard/alerts?limit=6:0
[19414074ms] [ERROR] Failed to load resource: Could not connect to the server. @ http://localhost:4401/dashboard/overview:0
[19414075ms] [ERROR] Failed to load resource: Could not connect to the server. @ http://localhost:4401/dashboard/alerts?limit=6:0
[19414537ms] [ERROR] Failed to load resource: Could not connect to the server. @ http://localhost:4401/api/billing/ai-credits/summary:0
[19414744ms] [ERROR] Failed to load resource: Could not connect to the server. @ http://localhost:4401/api/billing/ai-credits/summary:0
[19415353ms] [ERROR] Failed to load resource: Could not connect to the server. @ http://localhost:4401/api/billing/ai-credits/summary:0
[19444543ms] [ERROR] Failed to load resource: Could not connect to the server. @ http://localhost:4401/api/billing/ai-credits/summary:0
[19444752ms] [ERROR] Failed to load resource: Could not connect to the server. @ http://localhost:4401/api/billing/ai-credits/summary:0
[19445361ms] [ERROR] Failed to load resource: Could not connect to the server. @ http://localhost:4401/api/billing/ai-credits/summary:0
[19473259ms] [ERROR] Failed to load resource: Could not connect to the server. @ http://localhost:4401/dashboard/overview:0
[19473261ms] [ERROR] Failed to load resource: Could not connect to the server. @ http://localhost:4401/dashboard/alerts?limit=6:0
[19473470ms] [ERROR] Failed to load resource: Could not connect to the server. @ http://localhost:4401/dashboard/overview:0
[19473471ms] [ERROR] Failed to load resource: Could not connect to the server. @ http://localhost:4401/dashboard/alerts?limit=6:0
[19474077ms] [ERROR] Failed to load resource: Could not connect to the server. @ http://localhost:4401/dashboard/overview:0
[19474078ms] [ERROR] Failed to load resource: Could not connect to the server. @ http://localhost:4401/dashboard/alerts?limit=6:0
[19474548ms] [ERROR] Failed to load resource: Could not connect to the server. @ http://localhost:4401/api/billing/ai-credits/summary:0
[19474753ms] [ERROR] Failed to load resource: Could not connect to the server. @ http://localhost:4401/api/billing/ai-credits/summary:0
[19475360ms] [ERROR] Failed to load resource: Could not connect to the server. @ http://localhost:4401/api/billing/ai-credits/summary:0
[19504550ms] [ERROR] Failed to load resource: Could not connect to the server. @ http://localhost:4401/api/billing/ai-credits/summary:0
[19504757ms] [ERROR] Failed to load resource: Could not connect to the server. @ http://localhost:4401/api/billing/ai-credits/summary:0
[19505362ms] [ERROR] Failed to load resource: Could not connect to the server. @ http://localhost:4401/api/billing/ai-credits/summary:0
[19533260ms] [ERROR] Failed to load resource: Could not connect to the server. @ http://localhost:4401/dashboard/overview:0
[19533261ms] [ERROR] Failed to load resource: Could not connect to the server. @ http://localhost:4401/dashboard/alerts?limit=6:0
[19533469ms] [ERROR] Failed to load resource: Could not connect to the server. @ http://localhost:4401/dashboard/overview:0
[19533471ms] [ERROR] Failed to load resource: Could not connect to the server. @ http://localhost:4401/dashboard/alerts?limit=6:0
[19534077ms] [ERROR] Failed to load resource: Could not connect to the server. @ http://localhost:4401/dashboard/overview:0
[19534079ms] [ERROR] Failed to load resource: Could not connect to the server. @ http://localhost:4401/dashboard/alerts?limit=6:0
[19534555ms] [ERROR] Failed to load resource: Could not connect to the server. @ http://localhost:4401/api/billing/ai-credits/summary:0
[19534763ms] [ERROR] Failed to load resource: Could not connect to the server. @ http://localhost:4401/api/billing/ai-credits/summary:0
[19535370ms] [ERROR] Failed to load resource: Could not connect to the server. @ http://localhost:4401/api/billing/ai-credits/summary:0
[19564562ms] [ERROR] Failed to load resource: Could not connect to the server. @ http://localhost:4401/api/billing/ai-credits/summary:0
[19564768ms] [ERROR] Failed to load resource: Could not connect to the server. @ http://localhost:4401/api/billing/ai-credits/summary:0
[19565374ms] [ERROR] Failed to load resource: Could not connect to the server. @ http://localhost:4401/api/billing/ai-credits/summary:0
[19593266ms] [ERROR] Failed to load resource: Could not connect to the server. @ http://localhost:4401/dashboard/overview:0
[19593267ms] [ERROR] Failed to load resource: Could not connect to the server. @ http://localhost:4401/dashboard/alerts?limit=6:0
[19593475ms] [ERROR] Failed to load resource: Could not connect to the server. @ http://localhost:4401/dashboard/overview:0
[19593476ms] [ERROR] Failed to load resource: Could not connect to the server. @ http://localhost:4401/dashboard/alerts?limit=6:0
[19594085ms] [ERROR] Failed to load resource: Could not connect to the server. @ http://localhost:4401/dashboard/overview:0
[19594086ms] [ERROR] Failed to load resource: Could not connect to the server. @ http://localhost:4401/dashboard/alerts?limit=6:0
[19594563ms] [ERROR] Failed to load resource: Could not connect to the server. @ http://localhost:4401/api/billing/ai-credits/summary:0
[19594771ms] [ERROR] Failed to load resource: Could not connect to the server. @ http://localhost:4401/api/billing/ai-credits/summary:0
[19595379ms] [ERROR] Failed to load resource: Could not connect to the server. @ http://localhost:4401/api/billing/ai-credits/summary:0
[19624568ms] [ERROR] Failed to load resource: Could not connect to the server. @ http://localhost:4401/api/billing/ai-credits/summary:0
[19624775ms] [ERROR] Failed to load resource: Could not connect to the server. @ http://localhost:4401/api/billing/ai-credits/summary:0
[19625382ms] [ERROR] Failed to load resource: Could not connect to the server. @ http://localhost:4401/api/billing/ai-credits/summary:0
[19653275ms] [ERROR] Failed to load resource: Could not connect to the server. @ http://localhost:4401/dashboard/overview:0
[19653276ms] [ERROR] Failed to load resource: Could not connect to the server. @ http://localhost:4401/dashboard/alerts?limit=6:0
[19653483ms] [ERROR] Failed to load resource: Could not connect to the server. @ http://localhost:4401/dashboard/overview:0
[19653484ms] [ERROR] Failed to load resource: Could not connect to the server. @ http://localhost:4401/dashboard/alerts?limit=6:0
[19654093ms] [ERROR] Failed to load resource: Could not connect to the server. @ http://localhost:4401/dashboard/overview:0
[19654094ms] [ERROR] Failed to load resource: Could not connect to the server. @ http://localhost:4401/dashboard/alerts?limit=6:0
[19654571ms] [ERROR] Failed to load resource: Could not connect to the server. @ http://localhost:4401/api/billing/ai-credits/summary:0
[19654776ms] [ERROR] Failed to load resource: Could not connect to the server. @ http://localhost:4401/api/billing/ai-credits/summary:0
[19655383ms] [ERROR] Failed to load resource: Could not connect to the server. @ http://localhost:4401/api/billing/ai-credits/summary:0
[19684577ms] [ERROR] Failed to load resource: Could not connect to the server. @ http://localhost:4401/api/billing/ai-credits/summary:0
[19684784ms] [ERROR] Failed to load resource: Could not connect to the server. @ http://localhost:4401/api/billing/ai-credits/summary:0
[19685390ms] [ERROR] Failed to load resource: Could not connect to the server. @ http://localhost:4401/api/billing/ai-credits/summary:0
[19713274ms] [ERROR] Failed to load resource: Could not connect to the server. @ http://localhost:4401/dashboard/overview:0
[19713275ms] [ERROR] Failed to load resource: Could not connect to the server. @ http://localhost:4401/dashboard/alerts?limit=6:0
[19713483ms] [ERROR] Failed to load resource: Could not connect to the server. @ http://localhost:4401/dashboard/overview:0
[19713484ms] [ERROR] Failed to load resource: Could not connect to the server. @ http://localhost:4401/dashboard/alerts?limit=6:0
[19714092ms] [ERROR] Failed to load resource: Could not connect to the server. @ http://localhost:4401/dashboard/overview:0
[19714093ms] [ERROR] Failed to load resource: Could not connect to the server. @ http://localhost:4401/dashboard/alerts?limit=6:0
[19714579ms] [ERROR] Failed to load resource: Could not connect to the server. @ http://localhost:4401/api/billing/ai-credits/summary:0
[19714784ms] [ERROR] Failed to load resource: Could not connect to the server. @ http://localhost:4401/api/billing/ai-credits/summary:0
[19715391ms] [ERROR] Failed to load resource: Could not connect to the server. @ http://localhost:4401/api/billing/ai-credits/summary:0
[19744591ms] [ERROR] Failed to load resource: Could not connect to the server. @ http://localhost:4401/api/billing/ai-credits/summary:0
[19744797ms] [ERROR] Failed to load resource: Could not connect to the server. @ http://localhost:4401/api/billing/ai-credits/summary:0
[19745403ms] [ERROR] Failed to load resource: Could not connect to the server. @ http://localhost:4401/api/billing/ai-credits/summary:0
[19773279ms] [ERROR] Failed to load resource: Could not connect to the server. @ http://localhost:4401/dashboard/overview:0
[19773280ms] [ERROR] Failed to load resource: Could not connect to the server. @ http://localhost:4401/dashboard/alerts?limit=6:0
[19773488ms] [ERROR] Failed to load resource: Could not connect to the server. @ http://localhost:4401/dashboard/overview:0
[19773490ms] [ERROR] Failed to load resource: Could not connect to the server. @ http://localhost:4401/dashboard/alerts?limit=6:0
[19774099ms] [ERROR] Failed to load resource: Could not connect to the server. @ http://localhost:4401/dashboard/overview:0
[19774100ms] [ERROR] Failed to load resource: Could not connect to the server. @ http://localhost:4401/dashboard/alerts?limit=6:0
[19774589ms] [ERROR] Failed to load resource: Could not connect to the server. @ http://localhost:4401/api/billing/ai-credits/summary:0
[19774794ms] [ERROR] Failed to load resource: Could not connect to the server. @ http://localhost:4401/api/billing/ai-credits/summary:0
[19775401ms] [ERROR] Failed to load resource: Could not connect to the server. @ http://localhost:4401/api/billing/ai-credits/summary:0
[19804611ms] [ERROR] Failed to load resource: Could not connect to the server. @ http://localhost:4401/api/billing/ai-credits/summary:0
[19804818ms] [ERROR] Failed to load resource: Could not connect to the server. @ http://localhost:4401/api/billing/ai-credits/summary:0
[19805425ms] [ERROR] Failed to load resource: Could not connect to the server. @ http://localhost:4401/api/billing/ai-credits/summary:0
[19833303ms] [ERROR] Failed to load resource: Could not connect to the server. @ http://localhost:4401/dashboard/overview:0
[19833304ms] [ERROR] Failed to load resource: Could not connect to the server. @ http://localhost:4401/dashboard/alerts?limit=6:0
[19833511ms] [ERROR] Failed to load resource: Could not connect to the server. @ http://localhost:4401/dashboard/overview:0
[19833512ms] [ERROR] Failed to load resource: Could not connect to the server. @ http://localhost:4401/dashboard/alerts?limit=6:0
[19834119ms] [ERROR] Failed to load resource: Could not connect to the server. @ http://localhost:4401/dashboard/overview:0
[19834121ms] [ERROR] Failed to load resource: Could not connect to the server. @ http://localhost:4401/dashboard/alerts?limit=6:0
[19834615ms] [ERROR] Failed to load resource: Could not connect to the server. @ http://localhost:4401/api/billing/ai-credits/summary:0
[19834822ms] [ERROR] Failed to load resource: Could not connect to the server. @ http://localhost:4401/api/billing/ai-credits/summary:0
[19835429ms] [ERROR] Failed to load resource: Could not connect to the server. @ http://localhost:4401/api/billing/ai-credits/summary:0
[19864622ms] [ERROR] Failed to load resource: Could not connect to the server. @ http://localhost:4401/api/billing/ai-credits/summary:0
[19864830ms] [ERROR] Failed to load resource: Could not connect to the server. @ http://localhost:4401/api/billing/ai-credits/summary:0
[19865436ms] [ERROR] Failed to load resource: Could not connect to the server. @ http://localhost:4401/api/billing/ai-credits/summary:0
[19893309ms] [ERROR] Failed to load resource: Could not connect to the server. @ http://localhost:4401/dashboard/overview:0
[19893310ms] [ERROR] Failed to load resource: Could not connect to the server. @ http://localhost:4401/dashboard/alerts?limit=6:0
[19893517ms] [ERROR] Failed to load resource: Could not connect to the server. @ http://localhost:4401/dashboard/overview:0
[19893518ms] [ERROR] Failed to load resource: Could not connect to the server. @ http://localhost:4401/dashboard/alerts?limit=6:0
[19894129ms] [ERROR] Failed to load resource: Could not connect to the server. @ http://localhost:4401/dashboard/overview:0
[19894130ms] [ERROR] Failed to load resource: Could not connect to the server. @ http://localhost:4401/dashboard/alerts?limit=6:0
[19894622ms] [ERROR] Failed to load resource: Could not connect to the server. @ http://localhost:4401/api/billing/ai-credits/summary:0
[19894829ms] [ERROR] Failed to load resource: Could not connect to the server. @ http://localhost:4401/api/billing/ai-credits/summary:0
[19895435ms] [ERROR] Failed to load resource: Could not connect to the server. @ http://localhost:4401/api/billing/ai-credits/summary:0
[19924641ms] [ERROR] Failed to load resource: Could not connect to the server. @ http://localhost:4401/api/billing/ai-credits/summary:0
[19924848ms] [ERROR] Failed to load resource: Could not connect to the server. @ http://localhost:4401/api/billing/ai-credits/summary:0
[19925454ms] [ERROR] Failed to load resource: Could not connect to the server. @ http://localhost:4401/api/billing/ai-credits/summary:0
[19953311ms] [ERROR] Failed to load resource: Could not connect to the server. @ http://localhost:4401/dashboard/overview:0
[19953314ms] [ERROR] Failed to load resource: Could not connect to the server. @ http://localhost:4401/dashboard/alerts?limit=6:0
[19953518ms] [ERROR] Failed to load resource: Could not connect to the server. @ http://localhost:4401/dashboard/overview:0
[19953520ms] [ERROR] Failed to load resource: Could not connect to the server. @ http://localhost:4401/dashboard/alerts?limit=6:0
[19954125ms] [ERROR] Failed to load resource: Could not connect to the server. @ http://localhost:4401/dashboard/overview:0
[19954127ms] [ERROR] Failed to load resource: Could not connect to the server. @ http://localhost:4401/dashboard/alerts?limit=6:0
[19954633ms] [ERROR] Failed to load resource: Could not connect to the server. @ http://localhost:4401/api/billing/ai-credits/summary:0
[19954840ms] [ERROR] Failed to load resource: Could not connect to the server. @ http://localhost:4401/api/billing/ai-credits/summary:0
[19955446ms] [ERROR] Failed to load resource: Could not connect to the server. @ http://localhost:4401/api/billing/ai-credits/summary:0
[19984639ms] [ERROR] Failed to load resource: Could not connect to the server. @ http://localhost:4401/api/billing/ai-credits/summary:0
[19984846ms] [ERROR] Failed to load resource: Could not connect to the server. @ http://localhost:4401/api/billing/ai-credits/summary:0
[19985452ms] [ERROR] Failed to load resource: Could not connect to the server. @ http://localhost:4401/api/billing/ai-credits/summary:0
[20013317ms] [ERROR] Failed to load resource: Could not connect to the server. @ http://localhost:4401/dashboard/overview:0
[20013318ms] [ERROR] Failed to load resource: Could not connect to the server. @ http://localhost:4401/dashboard/alerts?limit=6:0
[20013526ms] [ERROR] Failed to load resource: Could not connect to the server. @ http://localhost:4401/dashboard/overview:0
[20013527ms] [ERROR] Failed to load resource: Could not connect to the server. @ http://localhost:4401/dashboard/alerts?limit=6:0
[20014133ms] [ERROR] Failed to load resource: Could not connect to the server. @ http://localhost:4401/dashboard/overview:0
[20014135ms] [ERROR] Failed to load resource: Could not connect to the server. @ http://localhost:4401/dashboard/alerts?limit=6:0
[20014642ms] [ERROR] Failed to load resource: Could not connect to the server. @ http://localhost:4401/api/billing/ai-credits/summary:0
[20014848ms] [ERROR] Failed to load resource: Could not connect to the server. @ http://localhost:4401/api/billing/ai-credits/summary:0
[20015454ms] [ERROR] Failed to load resource: Could not connect to the server. @ http://localhost:4401/api/billing/ai-credits/summary:0
[20044647ms] [ERROR] Failed to load resource: Could not connect to the server. @ http://localhost:4401/api/billing/ai-credits/summary:0
[20044854ms] [ERROR] Failed to load resource: Could not connect to the server. @ http://localhost:4401/api/billing/ai-credits/summary:0
[20045462ms] [ERROR] Failed to load resource: Could not connect to the server. @ http://localhost:4401/api/billing/ai-credits/summary:0
[20073326ms] [ERROR] Failed to load resource: Could not connect to the server. @ http://localhost:4401/dashboard/overview:0
[20073327ms] [ERROR] Failed to load resource: Could not connect to the server. @ http://localhost:4401/dashboard/alerts?limit=6:0
[20073535ms] [ERROR] Failed to load resource: Could not connect to the server. @ http://localhost:4401/dashboard/overview:0
[20073536ms] [ERROR] Failed to load resource: Could not connect to the server. @ http://localhost:4401/dashboard/alerts?limit=6:0
[20074147ms] [ERROR] Failed to load resource: Could not connect to the server. @ http://localhost:4401/dashboard/overview:0
[20074149ms] [ERROR] Failed to load resource: Could not connect to the server. @ http://localhost:4401/dashboard/alerts?limit=6:0
[20074649ms] [ERROR] Failed to load resource: Could not connect to the server. @ http://localhost:4401/api/billing/ai-credits/summary:0
[20074857ms] [ERROR] Failed to load resource: Could not connect to the server. @ http://localhost:4401/api/billing/ai-credits/summary:0
[20075464ms] [ERROR] Failed to load resource: Could not connect to the server. @ http://localhost:4401/api/billing/ai-credits/summary:0
[20104656ms] [ERROR] Failed to load resource: Could not connect to the server. @ http://localhost:4401/api/billing/ai-credits/summary:0
[20104861ms] [ERROR] Failed to load resource: Could not connect to the server. @ http://localhost:4401/api/billing/ai-credits/summary:0
[20105474ms] [ERROR] Failed to load resource: Could not connect to the server. @ http://localhost:4401/api/billing/ai-credits/summary:0
[20133326ms] [ERROR] Failed to load resource: Could not connect to the server. @ http://localhost:4401/dashboard/overview:0
[20133327ms] [ERROR] Failed to load resource: Could not connect to the server. @ http://localhost:4401/dashboard/alerts?limit=6:0
[20133534ms] [ERROR] Failed to load resource: Could not connect to the server. @ http://localhost:4401/dashboard/overview:0
[20133535ms] [ERROR] Failed to load resource: Could not connect to the server. @ http://localhost:4401/dashboard/alerts?limit=6:0
[20134143ms] [ERROR] Failed to load resource: Could not connect to the server. @ http://localhost:4401/dashboard/overview:0
[20134144ms] [ERROR] Failed to load resource: Could not connect to the server. @ http://localhost:4401/dashboard/alerts?limit=6:0
[20134659ms] [ERROR] Failed to load resource: Could not connect to the server. @ http://localhost:4401/api/billing/ai-credits/summary:0
[20134864ms] [ERROR] Failed to load resource: Could not connect to the server. @ http://localhost:4401/api/billing/ai-credits/summary:0
[20135471ms] [ERROR] Failed to load resource: Could not connect to the server. @ http://localhost:4401/api/billing/ai-credits/summary:0
[20164664ms] [ERROR] Failed to load resource: Could not connect to the server. @ http://localhost:4401/api/billing/ai-credits/summary:0
[20164872ms] [ERROR] Failed to load resource: Could not connect to the server. @ http://localhost:4401/api/billing/ai-credits/summary:0
[20165479ms] [ERROR] Failed to load resource: Could not connect to the server. @ http://localhost:4401/api/billing/ai-credits/summary:0
[20193335ms] [ERROR] Failed to load resource: Could not connect to the server. @ http://localhost:4401/dashboard/overview:0
[20193336ms] [ERROR] Failed to load resource: Could not connect to the server. @ http://localhost:4401/dashboard/alerts?limit=6:0
[20193543ms] [ERROR] Failed to load resource: Could not connect to the server. @ http://localhost:4401/dashboard/overview:0
[20193545ms] [ERROR] Failed to load resource: Could not connect to the server. @ http://localhost:4401/dashboard/alerts?limit=6:0
[20194151ms] [ERROR] Failed to load resource: Could not connect to the server. @ http://localhost:4401/dashboard/overview:0
[20194153ms] [ERROR] Failed to load resource: Could not connect to the server. @ http://localhost:4401/dashboard/alerts?limit=6:0
[20194667ms] [ERROR] Failed to load resource: Could not connect to the server. @ http://localhost:4401/api/billing/ai-credits/summary:0
[20194873ms] [ERROR] Failed to load resource: Could not connect to the server. @ http://localhost:4401/api/billing/ai-credits/summary:0
[20195480ms] [ERROR] Failed to load resource: Could not connect to the server. @ http://localhost:4401/api/billing/ai-credits/summary:0
[20224673ms] [ERROR] Failed to load resource: Could not connect to the server. @ http://localhost:4401/api/billing/ai-credits/summary:0
[20224880ms] [ERROR] Failed to load resource: Could not connect to the server. @ http://localhost:4401/api/billing/ai-credits/summary:0
[20225486ms] [ERROR] Failed to load resource: Could not connect to the server. @ http://localhost:4401/api/billing/ai-credits/summary:0
[20253334ms] [ERROR] Failed to load resource: Could not connect to the server. @ http://localhost:4401/dashboard/overview:0
[20253336ms] [ERROR] Failed to load resource: Could not connect to the server. @ http://localhost:4401/dashboard/alerts?limit=6:0
[20253542ms] [ERROR] Failed to load resource: Could not connect to the server. @ http://localhost:4401/dashboard/overview:0
[20253543ms] [ERROR] Failed to load resource: Could not connect to the server. @ http://localhost:4401/dashboard/alerts?limit=6:0
[20254150ms] [ERROR] Failed to load resource: Could not connect to the server. @ http://localhost:4401/dashboard/overview:0
[20254151ms] [ERROR] Failed to load resource: Could not connect to the server. @ http://localhost:4401/dashboard/alerts?limit=6:0
[20254676ms] [ERROR] Failed to load resource: Could not connect to the server. @ http://localhost:4401/api/billing/ai-credits/summary:0
[20254882ms] [ERROR] Failed to load resource: Could not connect to the server. @ http://localhost:4401/api/billing/ai-credits/summary:0
[20255488ms] [ERROR] Failed to load resource: Could not connect to the server. @ http://localhost:4401/api/billing/ai-credits/summary:0
[20284682ms] [ERROR] Failed to load resource: Could not connect to the server. @ http://localhost:4401/api/billing/ai-credits/summary:0
[20284888ms] [ERROR] Failed to load resource: Could not connect to the server. @ http://localhost:4401/api/billing/ai-credits/summary:0
[20285494ms] [ERROR] Failed to load resource: Could not connect to the server. @ http://localhost:4401/api/billing/ai-credits/summary:0
[20313339ms] [ERROR] Failed to load resource: Could not connect to the server. @ http://localhost:4401/dashboard/overview:0
[20313340ms] [ERROR] Failed to load resource: Could not connect to the server. @ http://localhost:4401/dashboard/alerts?limit=6:0
[20313545ms] [ERROR] Failed to load resource: Could not connect to the server. @ http://localhost:4401/dashboard/overview:0
[20313547ms] [ERROR] Failed to load resource: Could not connect to the server. @ http://localhost:4401/dashboard/alerts?limit=6:0
[20314152ms] [ERROR] Failed to load resource: Could not connect to the server. @ http://localhost:4401/dashboard/overview:0
[20314153ms] [ERROR] Failed to load resource: Could not connect to the server. @ http://localhost:4401/dashboard/alerts?limit=6:0
[20314687ms] [ERROR] Failed to load resource: Could not connect to the server. @ http://localhost:4401/api/billing/ai-credits/summary:0
[20314894ms] [ERROR] Failed to load resource: Could not connect to the server. @ http://localhost:4401/api/billing/ai-credits/summary:0
[20315501ms] [ERROR] Failed to load resource: Could not connect to the server. @ http://localhost:4401/api/billing/ai-credits/summary:0
[20344691ms] [ERROR] Failed to load resource: Could not connect to the server. @ http://localhost:4401/api/billing/ai-credits/summary:0
[20344898ms] [ERROR] Failed to load resource: Could not connect to the server. @ http://localhost:4401/api/billing/ai-credits/summary:0
[20345504ms] [ERROR] Failed to load resource: Could not connect to the server. @ http://localhost:4401/api/billing/ai-credits/summary:0
[20373343ms] [ERROR] Failed to load resource: Could not connect to the server. @ http://localhost:4401/dashboard/overview:0
[20373344ms] [ERROR] Failed to load resource: Could not connect to the server. @ http://localhost:4401/dashboard/alerts?limit=6:0
[20373550ms] [ERROR] Failed to load resource: Could not connect to the server. @ http://localhost:4401/dashboard/overview:0
[20373552ms] [ERROR] Failed to load resource: Could not connect to the server. @ http://localhost:4401/dashboard/alerts?limit=6:0
[20374159ms] [ERROR] Failed to load resource: Could not connect to the server. @ http://localhost:4401/dashboard/overview:0
[20374160ms] [ERROR] Failed to load resource: Could not connect to the server. @ http://localhost:4401/dashboard/alerts?limit=6:0
[20374693ms] [ERROR] Failed to load resource: Could not connect to the server. @ http://localhost:4401/api/billing/ai-credits/summary:0
[20374899ms] [ERROR] Failed to load resource: Could not connect to the server. @ http://localhost:4401/api/billing/ai-credits/summary:0
[20375506ms] [ERROR] Failed to load resource: Could not connect to the server. @ http://localhost:4401/api/billing/ai-credits/summary:0
[20404698ms] [ERROR] Failed to load resource: Could not connect to the server. @ http://localhost:4401/api/billing/ai-credits/summary:0
[20404905ms] [ERROR] Failed to load resource: Could not connect to the server. @ http://localhost:4401/api/billing/ai-credits/summary:0
[20405514ms] [ERROR] Failed to load resource: Could not connect to the server. @ http://localhost:4401/api/billing/ai-credits/summary:0
[20433349ms] [ERROR] Failed to load resource: Could not connect to the server. @ http://localhost:4401/dashboard/overview:0
[20433350ms] [ERROR] Failed to load resource: Could not connect to the server. @ http://localhost:4401/dashboard/alerts?limit=6:0
[20433557ms] [ERROR] Failed to load resource: Could not connect to the server. @ http://localhost:4401/dashboard/overview:0
[20433558ms] [ERROR] Failed to load resource: Could not connect to the server. @ http://localhost:4401/dashboard/alerts?limit=6:0
[20434165ms] [ERROR] Failed to load resource: Could not connect to the server. @ http://localhost:4401/dashboard/overview:0
[20434167ms] [ERROR] Failed to load resource: Could not connect to the server. @ http://localhost:4401/dashboard/alerts?limit=6:0
[20434705ms] [ERROR] Failed to load resource: Could not connect to the server. @ http://localhost:4401/api/billing/ai-credits/summary:0
[20434914ms] [ERROR] Failed to load resource: Could not connect to the server. @ http://localhost:4401/api/billing/ai-credits/summary:0
[20435521ms] [ERROR] Failed to load resource: Could not connect to the server. @ http://localhost:4401/api/billing/ai-credits/summary:0
[20464710ms] [ERROR] Failed to load resource: Could not connect to the server. @ http://localhost:4401/api/billing/ai-credits/summary:0
[20464917ms] [ERROR] Failed to load resource: Could not connect to the server. @ http://localhost:4401/api/billing/ai-credits/summary:0
[20465523ms] [ERROR] Failed to load resource: Could not connect to the server. @ http://localhost:4401/api/billing/ai-credits/summary:0
[20493353ms] [ERROR] Failed to load resource: Could not connect to the server. @ http://localhost:4401/dashboard/overview:0
[20493355ms] [ERROR] Failed to load resource: Could not connect to the server. @ http://localhost:4401/dashboard/alerts?limit=6:0
[20493561ms] [ERROR] Failed to load resource: Could not connect to the server. @ http://localhost:4401/dashboard/overview:0
[20493563ms] [ERROR] Failed to load resource: Could not connect to the server. @ http://localhost:4401/dashboard/alerts?limit=6:0
[20494170ms] [ERROR] Failed to load resource: Could not connect to the server. @ http://localhost:4401/dashboard/overview:0
[20494172ms] [ERROR] Failed to load resource: Could not connect to the server. @ http://localhost:4401/dashboard/alerts?limit=6:0
[20494710ms] [ERROR] Failed to load resource: Could not connect to the server. @ http://localhost:4401/api/billing/ai-credits/summary:0
[20494916ms] [ERROR] Failed to load resource: Could not connect to the server. @ http://localhost:4401/api/billing/ai-credits/summary:0
[20495522ms] [ERROR] Failed to load resource: Could not connect to the server. @ http://localhost:4401/api/billing/ai-credits/summary:0
[20524714ms] [ERROR] Failed to load resource: Could not connect to the server. @ http://localhost:4401/api/billing/ai-credits/summary:0
[20524920ms] [ERROR] Failed to load resource: Could not connect to the server. @ http://localhost:4401/api/billing/ai-credits/summary:0
[20525527ms] [ERROR] Failed to load resource: Could not connect to the server. @ http://localhost:4401/api/billing/ai-credits/summary:0
[20553356ms] [ERROR] Failed to load resource: Could not connect to the server. @ http://localhost:4401/dashboard/overview:0
[20553359ms] [ERROR] Failed to load resource: Could not connect to the server. @ http://localhost:4401/dashboard/alerts?limit=6:0
[20553565ms] [ERROR] Failed to load resource: Could not connect to the server. @ http://localhost:4401/dashboard/overview:0
[20553567ms] [ERROR] Failed to load resource: Could not connect to the server. @ http://localhost:4401/dashboard/alerts?limit=6:0
[20554173ms] [ERROR] Failed to load resource: Could not connect to the server. @ http://localhost:4401/dashboard/overview:0
[20554174ms] [ERROR] Failed to load resource: Could not connect to the server. @ http://localhost:4401/dashboard/alerts?limit=6:0
[20554718ms] [ERROR] Failed to load resource: Could not connect to the server. @ http://localhost:4401/api/billing/ai-credits/summary:0
[20554924ms] [ERROR] Failed to load resource: Could not connect to the server. @ http://localhost:4401/api/billing/ai-credits/summary:0
[20555531ms] [ERROR] Failed to load resource: Could not connect to the server. @ http://localhost:4401/api/billing/ai-credits/summary:0
[20584724ms] [ERROR] Failed to load resource: Could not connect to the server. @ http://localhost:4401/api/billing/ai-credits/summary:0
[20584929ms] [ERROR] Failed to load resource: Could not connect to the server. @ http://localhost:4401/api/billing/ai-credits/summary:0
[20585537ms] [ERROR] Failed to load resource: Could not connect to the server. @ http://localhost:4401/api/billing/ai-credits/summary:0
[20613359ms] [ERROR] Failed to load resource: Could not connect to the server. @ http://localhost:4401/dashboard/overview:0
[20613360ms] [ERROR] Failed to load resource: Could not connect to the server. @ http://localhost:4401/dashboard/alerts?limit=6:0
[20613568ms] [ERROR] Failed to load resource: Could not connect to the server. @ http://localhost:4401/dashboard/overview:0
[20613570ms] [ERROR] Failed to load resource: Could not connect to the server. @ http://localhost:4401/dashboard/alerts?limit=6:0
[20614176ms] [ERROR] Failed to load resource: Could not connect to the server. @ http://localhost:4401/dashboard/overview:0
[20614178ms] [ERROR] Failed to load resource: Could not connect to the server. @ http://localhost:4401/dashboard/alerts?limit=6:0
[20614727ms] [ERROR] Failed to load resource: Could not connect to the server. @ http://localhost:4401/api/billing/ai-credits/summary:0
[20614934ms] [ERROR] Failed to load resource: Could not connect to the server. @ http://localhost:4401/api/billing/ai-credits/summary:0
[20615542ms] [ERROR] Failed to load resource: Could not connect to the server. @ http://localhost:4401/api/billing/ai-credits/summary:0
[20644730ms] [ERROR] Failed to load resource: Could not connect to the server. @ http://localhost:4401/api/billing/ai-credits/summary:0
[20644936ms] [ERROR] Failed to load resource: Could not connect to the server. @ http://localhost:4401/api/billing/ai-credits/summary:0
[20645542ms] [ERROR] Failed to load resource: Could not connect to the server. @ http://localhost:4401/api/billing/ai-credits/summary:0
[20673366ms] [ERROR] Failed to load resource: Could not connect to the server. @ http://localhost:4401/dashboard/overview:0
[20673367ms] [ERROR] Failed to load resource: Could not connect to the server. @ http://localhost:4401/dashboard/alerts?limit=6:0
[20673575ms] [ERROR] Failed to load resource: Could not connect to the server. @ http://localhost:4401/dashboard/overview:0
[20673576ms] [ERROR] Failed to load resource: Could not connect to the server. @ http://localhost:4401/dashboard/alerts?limit=6:0
[20674185ms] [ERROR] Failed to load resource: Could not connect to the server. @ http://localhost:4401/dashboard/overview:0
[20674186ms] [ERROR] Failed to load resource: Could not connect to the server. @ http://localhost:4401/dashboard/alerts?limit=6:0
[20674735ms] [ERROR] Failed to load resource: Could not connect to the server. @ http://localhost:4401/api/billing/ai-credits/summary:0
[20674943ms] [ERROR] Failed to load resource: Could not connect to the server. @ http://localhost:4401/api/billing/ai-credits/summary:0
[20675549ms] [ERROR] Failed to load resource: Could not connect to the server. @ http://localhost:4401/api/billing/ai-credits/summary:0
[20704742ms] [ERROR] Failed to load resource: Could not connect to the server. @ http://localhost:4401/api/billing/ai-credits/summary:0
[20704949ms] [ERROR] Failed to load resource: Could not connect to the server. @ http://localhost:4401/api/billing/ai-credits/summary:0
[20705555ms] [ERROR] Failed to load resource: Could not connect to the server. @ http://localhost:4401/api/billing/ai-credits/summary:0
[20733377ms] [ERROR] Failed to load resource: Could not connect to the server. @ http://localhost:4401/dashboard/overview:0
[20733378ms] [ERROR] Failed to load resource: Could not connect to the server. @ http://localhost:4401/dashboard/alerts?limit=6:0
[20733588ms] [ERROR] Failed to load resource: Could not connect to the server. @ http://localhost:4401/dashboard/overview:0
[20733589ms] [ERROR] Failed to load resource: Could not connect to the server. @ http://localhost:4401/dashboard/alerts?limit=6:0
[20734197ms] [ERROR] Failed to load resource: Could not connect to the server. @ http://localhost:4401/dashboard/overview:0
[20734198ms] [ERROR] Failed to load resource: Could not connect to the server. @ http://localhost:4401/dashboard/alerts?limit=6:0
[20734745ms] [ERROR] Failed to load resource: Could not connect to the server. @ http://localhost:4401/api/billing/ai-credits/summary:0
[20734951ms] [ERROR] Failed to load resource: Could not connect to the server. @ http://localhost:4401/api/billing/ai-credits/summary:0
[20735561ms] [ERROR] Failed to load resource: Could not connect to the server. @ http://localhost:4401/api/billing/ai-credits/summary:0
[20764747ms] [ERROR] Failed to load resource: Could not connect to the server. @ http://localhost:4401/api/billing/ai-credits/summary:0
[20764952ms] [ERROR] Failed to load resource: Could not connect to the server. @ http://localhost:4401/api/billing/ai-credits/summary:0
[20765559ms] [ERROR] Failed to load resource: Could not connect to the server. @ http://localhost:4401/api/billing/ai-credits/summary:0
[20793376ms] [ERROR] Failed to load resource: Could not connect to the server. @ http://localhost:4401/dashboard/overview:0
[20793378ms] [ERROR] Failed to load resource: Could not connect to the server. @ http://localhost:4401/dashboard/alerts?limit=6:0
[20793583ms] [ERROR] Failed to load resource: Could not connect to the server. @ http://localhost:4401/dashboard/overview:0
[20793585ms] [ERROR] Failed to load resource: Could not connect to the server. @ http://localhost:4401/dashboard/alerts?limit=6:0
[20794193ms] [ERROR] Failed to load resource: Could not connect to the server. @ http://localhost:4401/dashboard/overview:0
[20794195ms] [ERROR] Failed to load resource: Could not connect to the server. @ http://localhost:4401/dashboard/alerts?limit=6:0
[20794754ms] [ERROR] Failed to load resource: Could not connect to the server. @ http://localhost:4401/api/billing/ai-credits/summary:0
[20794959ms] [ERROR] Failed to load resource: Could not connect to the server. @ http://localhost:4401/api/billing/ai-credits/summary:0
[20795565ms] [ERROR] Failed to load resource: Could not connect to the server. @ http://localhost:4401/api/billing/ai-credits/summary:0
[20824767ms] [ERROR] Failed to load resource: Could not connect to the server. @ http://localhost:4401/api/billing/ai-credits/summary:0
[20824973ms] [ERROR] Failed to load resource: Could not connect to the server. @ http://localhost:4401/api/billing/ai-credits/summary:0
[20825579ms] [ERROR] Failed to load resource: Could not connect to the server. @ http://localhost:4401/api/billing/ai-credits/summary:0
[20853382ms] [ERROR] Failed to load resource: Could not connect to the server. @ http://localhost:4401/dashboard/overview:0
[20853382ms] [ERROR] Failed to load resource: Could not connect to the server. @ http://localhost:4401/dashboard/alerts?limit=6:0
[20853591ms] [ERROR] Failed to load resource: Could not connect to the server. @ http://localhost:4401/dashboard/overview:0
[20853592ms] [ERROR] Failed to load resource: Could not connect to the server. @ http://localhost:4401/dashboard/alerts?limit=6:0
[20854199ms] [ERROR] Failed to load resource: Could not connect to the server. @ http://localhost:4401/dashboard/overview:0
[20854200ms] [ERROR] Failed to load resource: Could not connect to the server. @ http://localhost:4401/dashboard/alerts?limit=6:0
[20854761ms] [ERROR] Failed to load resource: Could not connect to the server. @ http://localhost:4401/api/billing/ai-credits/summary:0
[20854969ms] [ERROR] Failed to load resource: Could not connect to the server. @ http://localhost:4401/api/billing/ai-credits/summary:0
[20855576ms] [ERROR] Failed to load resource: Could not connect to the server. @ http://localhost:4401/api/billing/ai-credits/summary:0
[20884780ms] [ERROR] Failed to load resource: Could not connect to the server. @ http://localhost:4401/api/billing/ai-credits/summary:0
[20884987ms] [ERROR] Failed to load resource: Could not connect to the server. @ http://localhost:4401/api/billing/ai-credits/summary:0
[20885593ms] [ERROR] Failed to load resource: Could not connect to the server. @ http://localhost:4401/api/billing/ai-credits/summary:0
[20913388ms] [ERROR] Failed to load resource: Could not connect to the server. @ http://localhost:4401/dashboard/overview:0
[20913388ms] [ERROR] Failed to load resource: Could not connect to the server. @ http://localhost:4401/dashboard/alerts?limit=6:0
[20913595ms] [ERROR] Failed to load resource: Could not connect to the server. @ http://localhost:4401/dashboard/overview:0
[20913597ms] [ERROR] Failed to load resource: Could not connect to the server. @ http://localhost:4401/dashboard/alerts?limit=6:0
[20914202ms] [ERROR] Failed to load resource: Could not connect to the server. @ http://localhost:4401/dashboard/overview:0
[20914205ms] [ERROR] Failed to load resource: Could not connect to the server. @ http://localhost:4401/dashboard/alerts?limit=6:0
[20914770ms] [ERROR] Failed to load resource: Could not connect to the server. @ http://localhost:4401/api/billing/ai-credits/summary:0
[20914977ms] [ERROR] Failed to load resource: Could not connect to the server. @ http://localhost:4401/api/billing/ai-credits/summary:0
[20915584ms] [ERROR] Failed to load resource: Could not connect to the server. @ http://localhost:4401/api/billing/ai-credits/summary:0
[21244821ms] [ERROR] Failed to load resource: Could not connect to the server. @ http://localhost:4401/api/billing/ai-credits/summary:0
[21245028ms] [ERROR] Failed to load resource: Could not connect to the server. @ http://localhost:4401/api/billing/ai-credits/summary:0
[21245635ms] [ERROR] Failed to load resource: Could not connect to the server. @ http://localhost:4401/api/billing/ai-credits/summary:0
[21273413ms] [ERROR] Failed to load resource: Could not connect to the server. @ http://localhost:4401/dashboard/overview:0
[21273415ms] [ERROR] Failed to load resource: Could not connect to the server. @ http://localhost:4401/dashboard/alerts?limit=6:0
[21273622ms] [ERROR] Failed to load resource: Could not connect to the server. @ http://localhost:4401/dashboard/overview:0
[21273624ms] [ERROR] Failed to load resource: Could not connect to the server. @ http://localhost:4401/dashboard/alerts?limit=6:0
[21274230ms] [ERROR] Failed to load resource: Could not connect to the server. @ http://localhost:4401/dashboard/overview:0
[21274232ms] [ERROR] Failed to load resource: Could not connect to the server. @ http://localhost:4401/dashboard/alerts?limit=6:0
[21274821ms] [ERROR] Failed to load resource: Could not connect to the server. @ http://localhost:4401/api/billing/ai-credits/summary:0
[21275028ms] [ERROR] Failed to load resource: Could not connect to the server. @ http://localhost:4401/api/billing/ai-credits/summary:0
[21275636ms] [ERROR] Failed to load resource: Could not connect to the server. @ http://localhost:4401/api/billing/ai-credits/summary:0
[21304827ms] [ERROR] Failed to load resource: Could not connect to the server. @ http://localhost:4401/api/billing/ai-credits/summary:0
[21305033ms] [ERROR] Failed to load resource: Could not connect to the server. @ http://localhost:4401/api/billing/ai-credits/summary:0
[21305639ms] [ERROR] Failed to load resource: Could not connect to the server. @ http://localhost:4401/api/billing/ai-credits/summary:0
[21333417ms] [ERROR] Failed to load resource: Could not connect to the server. @ http://localhost:4401/dashboard/overview:0
[21333418ms] [ERROR] Failed to load resource: Could not connect to the server. @ http://localhost:4401/dashboard/alerts?limit=6:0
[21333627ms] [ERROR] Failed to load resource: Could not connect to the server. @ http://localhost:4401/dashboard/overview:0
[21333629ms] [ERROR] Failed to load resource: Could not connect to the server. @ http://localhost:4401/dashboard/alerts?limit=6:0
[21334234ms] [ERROR] Failed to load resource: Could not connect to the server. @ http://localhost:4401/dashboard/overview:0
[21334235ms] [ERROR] Failed to load resource: Could not connect to the server. @ http://localhost:4401/dashboard/alerts?limit=6:0
[21334830ms] [ERROR] Failed to load resource: Could not connect to the server. @ http://localhost:4401/api/billing/ai-credits/summary:0
[21335037ms] [ERROR] Failed to load resource: Could not connect to the server. @ http://localhost:4401/api/billing/ai-credits/summary:0
[21335644ms] [ERROR] Failed to load resource: Could not connect to the server. @ http://localhost:4401/api/billing/ai-credits/summary:0
[21364835ms] [ERROR] Failed to load resource: Could not connect to the server. @ http://localhost:4401/api/billing/ai-credits/summary:0
[21365041ms] [ERROR] Failed to load resource: Could not connect to the server. @ http://localhost:4401/api/billing/ai-credits/summary:0
[21365647ms] [ERROR] Failed to load resource: Could not connect to the server. @ http://localhost:4401/api/billing/ai-credits/summary:0
[21393420ms] [ERROR] Failed to load resource: Could not connect to the server. @ http://localhost:4401/dashboard/overview:0
[21393421ms] [ERROR] Failed to load resource: Could not connect to the server. @ http://localhost:4401/dashboard/alerts?limit=6:0
[21393627ms] [ERROR] Failed to load resource: Could not connect to the server. @ http://localhost:4401/dashboard/overview:0
[21393628ms] [ERROR] Failed to load resource: Could not connect to the server. @ http://localhost:4401/dashboard/alerts?limit=6:0
[21394235ms] [ERROR] Failed to load resource: Could not connect to the server. @ http://localhost:4401/dashboard/overview:0
[21394236ms] [ERROR] Failed to load resource: Could not connect to the server. @ http://localhost:4401/dashboard/alerts?limit=6:0
[21394837ms] [ERROR] Failed to load resource: Could not connect to the server. @ http://localhost:4401/api/billing/ai-credits/summary:0
[21395044ms] [ERROR] Failed to load resource: Could not connect to the server. @ http://localhost:4401/api/billing/ai-credits/summary:0
[21395649ms] [ERROR] Failed to load resource: Could not connect to the server. @ http://localhost:4401/api/billing/ai-credits/summary:0
[21424844ms] [ERROR] Failed to load resource: Could not connect to the server. @ http://localhost:4401/api/billing/ai-credits/summary:0
[21425049ms] [ERROR] Failed to load resource: Could not connect to the server. @ http://localhost:4401/api/billing/ai-credits/summary:0
[21425656ms] [ERROR] Failed to load resource: Could not connect to the server. @ http://localhost:4401/api/billing/ai-credits/summary:0
[21453426ms] [ERROR] Failed to load resource: Could not connect to the server. @ http://localhost:4401/dashboard/overview:0
[21453427ms] [ERROR] Failed to load resource: Could not connect to the server. @ http://localhost:4401/dashboard/alerts?limit=6:0
[21453634ms] [ERROR] Failed to load resource: Could not connect to the server. @ http://localhost:4401/dashboard/overview:0
[21453636ms] [ERROR] Failed to load resource: Could not connect to the server. @ http://localhost:4401/dashboard/alerts?limit=6:0
[21454242ms] [ERROR] Failed to load resource: Could not connect to the server. @ http://localhost:4401/dashboard/overview:0
[21454243ms] [ERROR] Failed to load resource: Could not connect to the server. @ http://localhost:4401/dashboard/alerts?limit=6:0
[21454847ms] [ERROR] Failed to load resource: Could not connect to the server. @ http://localhost:4401/api/billing/ai-credits/summary:0
[21455053ms] [ERROR] Failed to load resource: Could not connect to the server. @ http://localhost:4401/api/billing/ai-credits/summary:0
[21455661ms] [ERROR] Failed to load resource: Could not connect to the server. @ http://localhost:4401/api/billing/ai-credits/summary:0
[21484853ms] [ERROR] Failed to load resource: Could not connect to the server. @ http://localhost:4401/api/billing/ai-credits/summary:0
[21485058ms] [ERROR] Failed to load resource: Could not connect to the server. @ http://localhost:4401/api/billing/ai-credits/summary:0
[21485664ms] [ERROR] Failed to load resource: Could not connect to the server. @ http://localhost:4401/api/billing/ai-credits/summary:0
[21513430ms] [ERROR] Failed to load resource: Could not connect to the server. @ http://localhost:4401/dashboard/overview:0
[21513432ms] [ERROR] Failed to load resource: Could not connect to the server. @ http://localhost:4401/dashboard/alerts?limit=6:0
[21513640ms] [ERROR] Failed to load resource: Could not connect to the server. @ http://localhost:4401/dashboard/overview:0
[21513642ms] [ERROR] Failed to load resource: Could not connect to the server. @ http://localhost:4401/dashboard/alerts?limit=6:0
[21514247ms] [ERROR] Failed to load resource: Could not connect to the server. @ http://localhost:4401/dashboard/overview:0
[21514248ms] [ERROR] Failed to load resource: Could not connect to the server. @ http://localhost:4401/dashboard/alerts?limit=6:0
[21514855ms] [ERROR] Failed to load resource: Could not connect to the server. @ http://localhost:4401/api/billing/ai-credits/summary:0
[21515062ms] [ERROR] Failed to load resource: Could not connect to the server. @ http://localhost:4401/api/billing/ai-credits/summary:0
[21515669ms] [ERROR] Failed to load resource: Could not connect to the server. @ http://localhost:4401/api/billing/ai-credits/summary:0
[21544867ms] [ERROR] Failed to load resource: Could not connect to the server. @ http://localhost:4401/api/billing/ai-credits/summary:0
[21545073ms] [ERROR] Failed to load resource: Could not connect to the server. @ http://localhost:4401/api/billing/ai-credits/summary:0
[21545680ms] [ERROR] Failed to load resource: Could not connect to the server. @ http://localhost:4401/api/billing/ai-credits/summary:0
[21573437ms] [ERROR] Failed to load resource: Could not connect to the server. @ http://localhost:4401/dashboard/overview:0
[21573438ms] [ERROR] Failed to load resource: Could not connect to the server. @ http://localhost:4401/dashboard/alerts?limit=6:0
[21573646ms] [ERROR] Failed to load resource: Could not connect to the server. @ http://localhost:4401/dashboard/overview:0
[21573647ms] [ERROR] Failed to load resource: Could not connect to the server. @ http://localhost:4401/dashboard/alerts?limit=6:0
[21574253ms] [ERROR] Failed to load resource: Could not connect to the server. @ http://localhost:4401/dashboard/overview:0
[21574255ms] [ERROR] Failed to load resource: Could not connect to the server. @ http://localhost:4401/dashboard/alerts?limit=6:0
[21574864ms] [ERROR] Failed to load resource: Could not connect to the server. @ http://localhost:4401/api/billing/ai-credits/summary:0
[21575070ms] [ERROR] Failed to load resource: Could not connect to the server. @ http://localhost:4401/api/billing/ai-credits/summary:0
[21575676ms] [ERROR] Failed to load resource: Could not connect to the server. @ http://localhost:4401/api/billing/ai-credits/summary:0
[21604867ms] [ERROR] Failed to load resource: Could not connect to the server. @ http://localhost:4401/api/billing/ai-credits/summary:0
[21605075ms] [ERROR] Failed to load resource: Could not connect to the server. @ http://localhost:4401/api/billing/ai-credits/summary:0
[21605682ms] [ERROR] Failed to load resource: Could not connect to the server. @ http://localhost:4401/api/billing/ai-credits/summary:0
[21633471ms] [ERROR] Failed to load resource: Could not connect to the server. @ http://localhost:4401/dashboard/overview:0
[21633472ms] [ERROR] Failed to load resource: Could not connect to the server. @ http://localhost:4401/dashboard/alerts?limit=6:0
[21633684ms] [ERROR] Failed to load resource: Could not connect to the server. @ http://localhost:4401/dashboard/overview:0
[21633684ms] [ERROR] Failed to load resource: Could not connect to the server. @ http://localhost:4401/dashboard/alerts?limit=6:0
[21634291ms] [ERROR] Failed to load resource: Could not connect to the server. @ http://localhost:4401/dashboard/overview:0
[21634292ms] [ERROR] Failed to load resource: Could not connect to the server. @ http://localhost:4401/dashboard/alerts?limit=6:0
[21634898ms] [ERROR] Failed to load resource: Could not connect to the server. @ http://localhost:4401/api/billing/ai-credits/summary:0
[21635106ms] [ERROR] Failed to load resource: Could not connect to the server. @ http://localhost:4401/api/billing/ai-credits/summary:0
[21635715ms] [ERROR] Failed to load resource: Could not connect to the server. @ http://localhost:4401/api/billing/ai-credits/summary:0
[21664912ms] [ERROR] Failed to load resource: Could not connect to the server. @ http://localhost:4401/api/billing/ai-credits/summary:0
[21665120ms] [ERROR] Failed to load resource: Could not connect to the server. @ http://localhost:4401/api/billing/ai-credits/summary:0
[21665728ms] [ERROR] Failed to load resource: Could not connect to the server. @ http://localhost:4401/api/billing/ai-credits/summary:0
[21693480ms] [ERROR] Failed to load resource: Could not connect to the server. @ http://localhost:4401/dashboard/overview:0
[21693481ms] [ERROR] Failed to load resource: Could not connect to the server. @ http://localhost:4401/dashboard/alerts?limit=6:0
[21693693ms] [ERROR] Failed to load resource: Could not connect to the server. @ http://localhost:4401/dashboard/overview:0
[21693694ms] [ERROR] Failed to load resource: Could not connect to the server. @ http://localhost:4401/dashboard/alerts?limit=6:0
[21694305ms] [ERROR] Failed to load resource: Could not connect to the server. @ http://localhost:4401/dashboard/overview:0
[21694306ms] [ERROR] Failed to load resource: Could not connect to the server. @ http://localhost:4401/dashboard/alerts?limit=6:0
[21694916ms] [ERROR] Failed to load resource: Could not connect to the server. @ http://localhost:4401/api/billing/ai-credits/summary:0
[21695124ms] [ERROR] Failed to load resource: Could not connect to the server. @ http://localhost:4401/api/billing/ai-credits/summary:0
[21695734ms] [ERROR] Failed to load resource: Could not connect to the server. @ http://localhost:4401/api/billing/ai-credits/summary:0
[21724924ms] [ERROR] Failed to load resource: Could not connect to the server. @ http://localhost:4401/api/billing/ai-credits/summary:0
[21725134ms] [ERROR] Failed to load resource: Could not connect to the server. @ http://localhost:4401/api/billing/ai-credits/summary:0
[21725746ms] [ERROR] Failed to load resource: Could not connect to the server. @ http://localhost:4401/api/billing/ai-credits/summary:0
[21753481ms] [ERROR] Failed to load resource: Could not connect to the server. @ http://localhost:4401/dashboard/overview:0
[21753482ms] [ERROR] Failed to load resource: Could not connect to the server. @ http://localhost:4401/dashboard/alerts?limit=6:0
[21753693ms] [ERROR] Failed to load resource: Could not connect to the server. @ http://localhost:4401/dashboard/overview:0
[21753694ms] [ERROR] Failed to load resource: Could not connect to the server. @ http://localhost:4401/dashboard/alerts?limit=6:0
[21754304ms] [ERROR] Failed to load resource: Could not connect to the server. @ http://localhost:4401/dashboard/overview:0
[21754305ms] [ERROR] Failed to load resource: Could not connect to the server. @ http://localhost:4401/dashboard/alerts?limit=6:0
[21754925ms] [ERROR] Failed to load resource: Could not connect to the server. @ http://localhost:4401/api/billing/ai-credits/summary:0
[21755137ms] [ERROR] Failed to load resource: Could not connect to the server. @ http://localhost:4401/api/billing/ai-credits/summary:0
[21755748ms] [ERROR] Failed to load resource: Could not connect to the server. @ http://localhost:4401/api/billing/ai-credits/summary:0
[21784931ms] [ERROR] Failed to load resource: Could not connect to the server. @ http://localhost:4401/api/billing/ai-credits/summary:0
[21785142ms] [ERROR] Failed to load resource: Could not connect to the server. @ http://localhost:4401/api/billing/ai-credits/summary:0
[21785751ms] [ERROR] Failed to load resource: Could not connect to the server. @ http://localhost:4401/api/billing/ai-credits/summary:0
[21813490ms] [ERROR] Failed to load resource: Could not connect to the server. @ http://localhost:4401/dashboard/overview:0
[21813491ms] [ERROR] Failed to load resource: Could not connect to the server. @ http://localhost:4401/dashboard/alerts?limit=6:0
[21813701ms] [ERROR] Failed to load resource: Could not connect to the server. @ http://localhost:4401/dashboard/overview:0
[21813702ms] [ERROR] Failed to load resource: Could not connect to the server. @ http://localhost:4401/dashboard/alerts?limit=6:0
[21814312ms] [ERROR] Failed to load resource: Could not connect to the server. @ http://localhost:4401/dashboard/overview:0
[21814313ms] [ERROR] Failed to load resource: Could not connect to the server. @ http://localhost:4401/dashboard/alerts?limit=6:0
[21814935ms] [ERROR] Failed to load resource: Could not connect to the server. @ http://localhost:4401/api/billing/ai-credits/summary:0
[21815147ms] [ERROR] Failed to load resource: Could not connect to the server. @ http://localhost:4401/api/billing/ai-credits/summary:0
[21815758ms] [ERROR] Failed to load resource: Could not connect to the server. @ http://localhost:4401/api/billing/ai-credits/summary:0
[21844941ms] [ERROR] Failed to load resource: Could not connect to the server. @ http://localhost:4401/api/billing/ai-credits/summary:0
[21845152ms] [ERROR] Failed to load resource: Could not connect to the server. @ http://localhost:4401/api/billing/ai-credits/summary:0
[21845759ms] [ERROR] Failed to load resource: Could not connect to the server. @ http://localhost:4401/api/billing/ai-credits/summary:0
[21873493ms] [ERROR] Failed to load resource: Could not connect to the server. @ http://localhost:4401/dashboard/overview:0
[21873493ms] [ERROR] Failed to load resource: Could not connect to the server. @ http://localhost:4401/dashboard/alerts?limit=6:0
[21873705ms] [ERROR] Failed to load resource: Could not connect to the server. @ http://localhost:4401/dashboard/overview:0
[21873706ms] [ERROR] Failed to load resource: Could not connect to the server. @ http://localhost:4401/dashboard/alerts?limit=6:0
[21874316ms] [ERROR] Failed to load resource: Could not connect to the server. @ http://localhost:4401/dashboard/overview:0
[21874317ms] [ERROR] Failed to load resource: Could not connect to the server. @ http://localhost:4401/dashboard/alerts?limit=6:0
[21874944ms] [ERROR] Failed to load resource: Could not connect to the server. @ http://localhost:4401/api/billing/ai-credits/summary:0
[21875155ms] [ERROR] Failed to load resource: Could not connect to the server. @ http://localhost:4401/api/billing/ai-credits/summary:0
[21875764ms] [ERROR] Failed to load resource: Could not connect to the server. @ http://localhost:4401/api/billing/ai-credits/summary:0
[21904950ms] [ERROR] Failed to load resource: Could not connect to the server. @ http://localhost:4401/api/billing/ai-credits/summary:0
[21905158ms] [ERROR] Failed to load resource: Could not connect to the server. @ http://localhost:4401/api/billing/ai-credits/summary:0
[21905766ms] [ERROR] Failed to load resource: Could not connect to the server. @ http://localhost:4401/api/billing/ai-credits/summary:0
[21933496ms] [ERROR] Failed to load resource: Could not connect to the server. @ http://localhost:4401/dashboard/overview:0
[21933497ms] [ERROR] Failed to load resource: Could not connect to the server. @ http://localhost:4401/dashboard/alerts?limit=6:0
[21933707ms] [ERROR] Failed to load resource: Could not connect to the server. @ http://localhost:4401/dashboard/overview:0
[21933709ms] [ERROR] Failed to load resource: Could not connect to the server. @ http://localhost:4401/dashboard/alerts?limit=6:0
[21934319ms] [ERROR] Failed to load resource: Could not connect to the server. @ http://localhost:4401/dashboard/overview:0
[21934320ms] [ERROR] Failed to load resource: Could not connect to the server. @ http://localhost:4401/dashboard/alerts?limit=6:0
[21934954ms] [ERROR] Failed to load resource: Could not connect to the server. @ http://localhost:4401/api/billing/ai-credits/summary:0
[21935164ms] [ERROR] Failed to load resource: Could not connect to the server. @ http://localhost:4401/api/billing/ai-credits/summary:0
[21935773ms] [ERROR] Failed to load resource: Could not connect to the server. @ http://localhost:4401/api/billing/ai-credits/summary:0
[21964960ms] [ERROR] Failed to load resource: Could not connect to the server. @ http://localhost:4401/api/billing/ai-credits/summary:0
[21965166ms] [ERROR] Failed to load resource: Could not connect to the server. @ http://localhost:4401/api/billing/ai-credits/summary:0
[21965771ms] [ERROR] Failed to load resource: Could not connect to the server. @ http://localhost:4401/api/billing/ai-credits/summary:0
[21993506ms] [ERROR] Failed to load resource: Could not connect to the server. @ http://localhost:4401/dashboard/overview:0
[21993507ms] [ERROR] Failed to load resource: Could not connect to the server. @ http://localhost:4401/dashboard/alerts?limit=6:0
[21993716ms] [ERROR] Failed to load resource: Could not connect to the server. @ http://localhost:4401/dashboard/overview:0
[21993718ms] [ERROR] Failed to load resource: Could not connect to the server. @ http://localhost:4401/dashboard/alerts?limit=6:0
[21994328ms] [ERROR] Failed to load resource: Could not connect to the server. @ http://localhost:4401/dashboard/overview:0
[21994329ms] [ERROR] Failed to load resource: Could not connect to the server. @ http://localhost:4401/dashboard/alerts?limit=6:0
[21994963ms] [ERROR] Failed to load resource: Could not connect to the server. @ http://localhost:4401/api/billing/ai-credits/summary:0
[21995173ms] [ERROR] Failed to load resource: Could not connect to the server. @ http://localhost:4401/api/billing/ai-credits/summary:0
[21995784ms] [ERROR] Failed to load resource: Could not connect to the server. @ http://localhost:4401/api/billing/ai-credits/summary:0
[22024968ms] [ERROR] Failed to load resource: Could not connect to the server. @ http://localhost:4401/api/billing/ai-credits/summary:0
[22025179ms] [ERROR] Failed to load resource: Could not connect to the server. @ http://localhost:4401/api/billing/ai-credits/summary:0
[22025786ms] [ERROR] Failed to load resource: Could not connect to the server. @ http://localhost:4401/api/billing/ai-credits/summary:0
[22053507ms] [ERROR] Failed to load resource: Could not connect to the server. @ http://localhost:4401/dashboard/overview:0
[22053508ms] [ERROR] Failed to load resource: Could not connect to the server. @ http://localhost:4401/dashboard/alerts?limit=6:0
[22053715ms] [ERROR] Failed to load resource: Could not connect to the server. @ http://localhost:4401/dashboard/overview:0
[22053718ms] [ERROR] Failed to load resource: Could not connect to the server. @ http://localhost:4401/dashboard/alerts?limit=6:0
[22054326ms] [ERROR] Failed to load resource: Could not connect to the server. @ http://localhost:4401/dashboard/overview:0
[22054327ms] [ERROR] Failed to load resource: Could not connect to the server. @ http://localhost:4401/dashboard/alerts?limit=6:0
[22054969ms] [ERROR] Failed to load resource: Could not connect to the server. @ http://localhost:4401/api/billing/ai-credits/summary:0
[22055175ms] [ERROR] Failed to load resource: Could not connect to the server. @ http://localhost:4401/api/billing/ai-credits/summary:0
[22055781ms] [ERROR] Failed to load resource: Could not connect to the server. @ http://localhost:4401/api/billing/ai-credits/summary:0
[22084977ms] [ERROR] Failed to load resource: Could not connect to the server. @ http://localhost:4401/api/billing/ai-credits/summary:0
[22085185ms] [ERROR] Failed to load resource: Could not connect to the server. @ http://localhost:4401/api/billing/ai-credits/summary:0
[22085793ms] [ERROR] Failed to load resource: Could not connect to the server. @ http://localhost:4401/api/billing/ai-credits/summary:0
[22113513ms] [ERROR] Failed to load resource: Could not connect to the server. @ http://localhost:4401/dashboard/overview:0
[22113514ms] [ERROR] Failed to load resource: Could not connect to the server. @ http://localhost:4401/dashboard/alerts?limit=6:0
[22113719ms] [ERROR] Failed to load resource: Could not connect to the server. @ http://localhost:4401/dashboard/overview:0
[22113721ms] [ERROR] Failed to load resource: Could not connect to the server. @ http://localhost:4401/dashboard/alerts?limit=6:0
[22114334ms] [ERROR] Failed to load resource: Could not connect to the server. @ http://localhost:4401/dashboard/overview:0
[22114335ms] [ERROR] Failed to load resource: Could not connect to the server. @ http://localhost:4401/dashboard/alerts?limit=6:0
[22114978ms] [ERROR] Failed to load resource: Could not connect to the server. @ http://localhost:4401/api/billing/ai-credits/summary:0
[22115191ms] [ERROR] Failed to load resource: Could not connect to the server. @ http://localhost:4401/api/billing/ai-credits/summary:0
[22115802ms] [ERROR] Failed to load resource: Could not connect to the server. @ http://localhost:4401/api/billing/ai-credits/summary:0
[22144985ms] [ERROR] Failed to load resource: Could not connect to the server. @ http://localhost:4401/api/billing/ai-credits/summary:0
[22145197ms] [ERROR] Failed to load resource: Could not connect to the server. @ http://localhost:4401/api/billing/ai-credits/summary:0
[22145805ms] [ERROR] Failed to load resource: Could not connect to the server. @ http://localhost:4401/api/billing/ai-credits/summary:0
[22173518ms] [ERROR] Failed to load resource: Could not connect to the server. @ http://localhost:4401/dashboard/overview:0
[22173519ms] [ERROR] Failed to load resource: Could not connect to the server. @ http://localhost:4401/dashboard/alerts?limit=6:0
[22173729ms] [ERROR] Failed to load resource: Could not connect to the server. @ http://localhost:4401/dashboard/overview:0
[22173730ms] [ERROR] Failed to load resource: Could not connect to the server. @ http://localhost:4401/dashboard/alerts?limit=6:0
[22174341ms] [ERROR] Failed to load resource: Could not connect to the server. @ http://localhost:4401/dashboard/overview:0
[22174342ms] [ERROR] Failed to load resource: Could not connect to the server. @ http://localhost:4401/dashboard/alerts?limit=6:0
[22174987ms] [ERROR] Failed to load resource: Could not connect to the server. @ http://localhost:4401/api/billing/ai-credits/summary:0
[22175198ms] [ERROR] Failed to load resource: Could not connect to the server. @ http://localhost:4401/api/billing/ai-credits/summary:0
[22175808ms] [ERROR] Failed to load resource: Could not connect to the server. @ http://localhost:4401/api/billing/ai-credits/summary:0
[22204996ms] [ERROR] Failed to load resource: Could not connect to the server. @ http://localhost:4401/api/billing/ai-credits/summary:0
[22205203ms] [ERROR] Failed to load resource: Could not connect to the server. @ http://localhost:4401/api/billing/ai-credits/summary:0
[22205810ms] [ERROR] Failed to load resource: Could not connect to the server. @ http://localhost:4401/api/billing/ai-credits/summary:0
[22233527ms] [ERROR] Failed to load resource: Could not connect to the server. @ http://localhost:4401/dashboard/overview:0
[22233527ms] [ERROR] Failed to load resource: Could not connect to the server. @ http://localhost:4401/dashboard/alerts?limit=6:0
[22233737ms] [ERROR] Failed to load resource: Could not connect to the server. @ http://localhost:4401/dashboard/overview:0
[22233738ms] [ERROR] Failed to load resource: Could not connect to the server. @ http://localhost:4401/dashboard/alerts?limit=6:0
[22234348ms] [ERROR] Failed to load resource: Could not connect to the server. @ http://localhost:4401/dashboard/overview:0
[22234349ms] [ERROR] Failed to load resource: Could not connect to the server. @ http://localhost:4401/dashboard/alerts?limit=6:0
[22234997ms] [ERROR] Failed to load resource: Could not connect to the server. @ http://localhost:4401/api/billing/ai-credits/summary:0
[22235206ms] [ERROR] Failed to load resource: Could not connect to the server. @ http://localhost:4401/api/billing/ai-credits/summary:0
[22235813ms] [ERROR] Failed to load resource: Could not connect to the server. @ http://localhost:4401/api/billing/ai-credits/summary:0
[22265035ms] [ERROR] Failed to load resource: Could not connect to the server. @ http://localhost:4401/api/billing/ai-credits/summary:0
[22265245ms] [ERROR] Failed to load resource: Could not connect to the server. @ http://localhost:4401/api/billing/ai-credits/summary:0
[22265853ms] [ERROR] Failed to load resource: Could not connect to the server. @ http://localhost:4401/api/billing/ai-credits/summary:0
[22293531ms] [ERROR] Failed to load resource: Could not connect to the server. @ http://localhost:4401/dashboard/overview:0
[22293531ms] [ERROR] Failed to load resource: Could not connect to the server. @ http://localhost:4401/dashboard/alerts?limit=6:0
[22293743ms] [ERROR] Failed to load resource: Could not connect to the server. @ http://localhost:4401/dashboard/overview:0
[22293744ms] [ERROR] Failed to load resource: Could not connect to the server. @ http://localhost:4401/dashboard/alerts?limit=6:0
[22294353ms] [ERROR] Failed to load resource: Could not connect to the server. @ http://localhost:4401/dashboard/overview:0
[22294354ms] [ERROR] Failed to load resource: Could not connect to the server. @ http://localhost:4401/dashboard/alerts?limit=6:0
[22295007ms] [ERROR] Failed to load resource: Could not connect to the server. @ http://localhost:4401/api/billing/ai-credits/summary:0
[22295218ms] [ERROR] Failed to load resource: Could not connect to the server. @ http://localhost:4401/api/billing/ai-credits/summary:0
[22295829ms] [ERROR] Failed to load resource: Could not connect to the server. @ http://localhost:4401/api/billing/ai-credits/summary:0
[22325019ms] [ERROR] Failed to load resource: Could not connect to the server. @ http://localhost:4401/api/billing/ai-credits/summary:0
[22325231ms] [ERROR] Failed to load resource: Could not connect to the server. @ http://localhost:4401/api/billing/ai-credits/summary:0
[22325842ms] [ERROR] Failed to load resource: Could not connect to the server. @ http://localhost:4401/api/billing/ai-credits/summary:0
[22353535ms] [ERROR] Failed to load resource: Could not connect to the server. @ http://localhost:4401/dashboard/overview:0
[22353536ms] [ERROR] Failed to load resource: Could not connect to the server. @ http://localhost:4401/dashboard/alerts?limit=6:0
[22353748ms] [ERROR] Failed to load resource: Could not connect to the server. @ http://localhost:4401/dashboard/overview:0
[22353749ms] [ERROR] Failed to load resource: Could not connect to the server. @ http://localhost:4401/dashboard/alerts?limit=6:0
[22354356ms] [ERROR] Failed to load resource: Could not connect to the server. @ http://localhost:4401/dashboard/overview:0
[22354357ms] [ERROR] Failed to load resource: Could not connect to the server. @ http://localhost:4401/dashboard/alerts?limit=6:0
[22355016ms] [ERROR] Failed to load resource: Could not connect to the server. @ http://localhost:4401/api/billing/ai-credits/summary:0
[22355228ms] [ERROR] Failed to load resource: Could not connect to the server. @ http://localhost:4401/api/billing/ai-credits/summary:0
[22355839ms] [ERROR] Failed to load resource: Could not connect to the server. @ http://localhost:4401/api/billing/ai-credits/summary:0
[22385021ms] [ERROR] Failed to load resource: Could not connect to the server. @ http://localhost:4401/api/billing/ai-credits/summary:0
[22385233ms] [ERROR] Failed to load resource: Could not connect to the server. @ http://localhost:4401/api/billing/ai-credits/summary:0
[22385842ms] [ERROR] Failed to load resource: Could not connect to the server. @ http://localhost:4401/api/billing/ai-credits/summary:0
[22413538ms] [ERROR] Failed to load resource: Could not connect to the server. @ http://localhost:4401/dashboard/overview:0
[22413539ms] [ERROR] Failed to load resource: Could not connect to the server. @ http://localhost:4401/dashboard/alerts?limit=6:0
[22413750ms] [ERROR] Failed to load resource: Could not connect to the server. @ http://localhost:4401/dashboard/overview:0
[22413752ms] [ERROR] Failed to load resource: Could not connect to the server. @ http://localhost:4401/dashboard/alerts?limit=6:0
[22414361ms] [ERROR] Failed to load resource: Could not connect to the server. @ http://localhost:4401/dashboard/overview:0
[22414363ms] [ERROR] Failed to load resource: Could not connect to the server. @ http://localhost:4401/dashboard/alerts?limit=6:0
[22415025ms] [ERROR] Failed to load resource: Could not connect to the server. @ http://localhost:4401/api/billing/ai-credits/summary:0
[22415232ms] [ERROR] Failed to load resource: Could not connect to the server. @ http://localhost:4401/api/billing/ai-credits/summary:0
[22415842ms] [ERROR] Failed to load resource: Could not connect to the server. @ http://localhost:4401/api/billing/ai-credits/summary:0
[22445034ms] [ERROR] Failed to load resource: Could not connect to the server. @ http://localhost:4401/api/billing/ai-credits/summary:0
[22445241ms] [ERROR] Failed to load resource: Could not connect to the server. @ http://localhost:4401/api/billing/ai-credits/summary:0
[22445848ms] [ERROR] Failed to load resource: Could not connect to the server. @ http://localhost:4401/api/billing/ai-credits/summary:0
[22473545ms] [ERROR] Failed to load resource: Could not connect to the server. @ http://localhost:4401/dashboard/overview:0
[22473546ms] [ERROR] Failed to load resource: Could not connect to the server. @ http://localhost:4401/dashboard/alerts?limit=6:0
[22473757ms] [ERROR] Failed to load resource: Could not connect to the server. @ http://localhost:4401/dashboard/overview:0
[22473758ms] [ERROR] Failed to load resource: Could not connect to the server. @ http://localhost:4401/dashboard/alerts?limit=6:0
[22474370ms] [ERROR] Failed to load resource: Could not connect to the server. @ http://localhost:4401/dashboard/overview:0
[22474371ms] [ERROR] Failed to load resource: Could not connect to the server. @ http://localhost:4401/dashboard/alerts?limit=6:0
[22475035ms] [ERROR] Failed to load resource: Could not connect to the server. @ http://localhost:4401/api/billing/ai-credits/summary:0
[22475246ms] [ERROR] Failed to load resource: Could not connect to the server. @ http://localhost:4401/api/billing/ai-credits/summary:0
[22475855ms] [ERROR] Failed to load resource: Could not connect to the server. @ http://localhost:4401/api/billing/ai-credits/summary:0
[22505037ms] [ERROR] Failed to load resource: Could not connect to the server. @ http://localhost:4401/api/billing/ai-credits/summary:0
[22505246ms] [ERROR] Failed to load resource: Could not connect to the server. @ http://localhost:4401/api/billing/ai-credits/summary:0
[22505862ms] [ERROR] Failed to load resource: Could not connect to the server. @ http://localhost:4401/api/billing/ai-credits/summary:0
[22533550ms] [ERROR] Failed to load resource: Could not connect to the server. @ http://localhost:4401/dashboard/overview:0
[22533552ms] [ERROR] Failed to load resource: Could not connect to the server. @ http://localhost:4401/dashboard/alerts?limit=6:0
[22533765ms] [ERROR] Failed to load resource: Could not connect to the server. @ http://localhost:4401/dashboard/overview:0
[22533766ms] [ERROR] Failed to load resource: Could not connect to the server. @ http://localhost:4401/dashboard/alerts?limit=6:0
[22534376ms] [ERROR] Failed to load resource: Could not connect to the server. @ http://localhost:4401/dashboard/overview:0
[22534377ms] [ERROR] Failed to load resource: Could not connect to the server. @ http://localhost:4401/dashboard/alerts?limit=6:0
[22535042ms] [ERROR] Failed to load resource: Could not connect to the server. @ http://localhost:4401/api/billing/ai-credits/summary:0
[22535253ms] [ERROR] Failed to load resource: Could not connect to the server. @ http://localhost:4401/api/billing/ai-credits/summary:0
[22535864ms] [ERROR] Failed to load resource: Could not connect to the server. @ http://localhost:4401/api/billing/ai-credits/summary:0
[22565050ms] [ERROR] Failed to load resource: Could not connect to the server. @ http://localhost:4401/api/billing/ai-credits/summary:0
[22565260ms] [ERROR] Failed to load resource: Could not connect to the server. @ http://localhost:4401/api/billing/ai-credits/summary:0
[22565870ms] [ERROR] Failed to load resource: Could not connect to the server. @ http://localhost:4401/api/billing/ai-credits/summary:0
[22593595ms] [ERROR] Failed to load resource: Could not connect to the server. @ http://localhost:4401/dashboard/overview:0
[22593596ms] [ERROR] Failed to load resource: Could not connect to the server. @ http://localhost:4401/dashboard/alerts?limit=6:0
[22593804ms] [ERROR] Failed to load resource: Could not connect to the server. @ http://localhost:4401/dashboard/overview:0
[22593805ms] [ERROR] Failed to load resource: Could not connect to the server. @ http://localhost:4401/dashboard/alerts?limit=6:0
[22594413ms] [ERROR] Failed to load resource: Could not connect to the server. @ http://localhost:4401/dashboard/overview:0
[22594414ms] [ERROR] Failed to load resource: Could not connect to the server. @ http://localhost:4401/dashboard/alerts?limit=6:0
[22595050ms] [ERROR] Failed to load resource: Could not connect to the server. @ http://localhost:4401/api/billing/ai-credits/summary:0
[22595255ms] [ERROR] Failed to load resource: Could not connect to the server. @ http://localhost:4401/api/billing/ai-credits/summary:0
[22595861ms] [ERROR] Failed to load resource: Could not connect to the server. @ http://localhost:4401/api/billing/ai-credits/summary:0
[23553593ms] [ERROR] Failed to load resource: Could not connect to the server. @ http://localhost:4401/dashboard/overview:0
[23553593ms] [ERROR] Failed to load resource: Could not connect to the server. @ http://localhost:4401/dashboard/alerts?limit=6:0
[23553807ms] [ERROR] Failed to load resource: Could not connect to the server. @ http://localhost:4401/dashboard/overview:0
[23553808ms] [ERROR] Failed to load resource: Could not connect to the server. @ http://localhost:4401/dashboard/alerts?limit=6:0
[23554412ms] [ERROR] Failed to load resource: Could not connect to the server. @ http://localhost:4401/dashboard/overview:0
[23554413ms] [ERROR] Failed to load resource: Could not connect to the server. @ http://localhost:4401/dashboard/alerts?limit=6:0
[23555154ms] [ERROR] Failed to load resource: Could not connect to the server. @ http://localhost:4401/api/billing/ai-credits/summary:0
[23555366ms] [ERROR] Failed to load resource: Could not connect to the server. @ http://localhost:4401/api/billing/ai-credits/summary:0
[23555976ms] [ERROR] Failed to load resource: Could not connect to the server. @ http://localhost:4401/api/billing/ai-credits/summary:0
[23585161ms] [ERROR] Failed to load resource: Could not connect to the server. @ http://localhost:4401/api/billing/ai-credits/summary:0
[23585373ms] [ERROR] Failed to load resource: Could not connect to the server. @ http://localhost:4401/api/billing/ai-credits/summary:0
[23585979ms] [ERROR] Failed to load resource: Could not connect to the server. @ http://localhost:4401/api/billing/ai-credits/summary:0
[23613594ms] [ERROR] Failed to load resource: Could not connect to the server. @ http://localhost:4401/dashboard/overview:0
[23613596ms] [ERROR] Failed to load resource: Could not connect to the server. @ http://localhost:4401/dashboard/alerts?limit=6:0
[23613803ms] [ERROR] Failed to load resource: Could not connect to the server. @ http://localhost:4401/dashboard/overview:0
[23613804ms] [ERROR] Failed to load resource: Could not connect to the server. @ http://localhost:4401/dashboard/alerts?limit=6:0
[23614414ms] [ERROR] Failed to load resource: Could not connect to the server. @ http://localhost:4401/dashboard/overview:0
[23614416ms] [ERROR] Failed to load resource: Could not connect to the server. @ http://localhost:4401/dashboard/alerts?limit=6:0
[23615163ms] [ERROR] Failed to load resource: Could not connect to the server. @ http://localhost:4401/api/billing/ai-credits/summary:0
[23615372ms] [ERROR] Failed to load resource: Could not connect to the server. @ http://localhost:4401/api/billing/ai-credits/summary:0
[23615983ms] [ERROR] Failed to load resource: Could not connect to the server. @ http://localhost:4401/api/billing/ai-credits/summary:0
[23645170ms] [ERROR] Failed to load resource: Could not connect to the server. @ http://localhost:4401/api/billing/ai-credits/summary:0
[23645378ms] [ERROR] Failed to load resource: Could not connect to the server. @ http://localhost:4401/api/billing/ai-credits/summary:0
[23645984ms] [ERROR] Failed to load resource: Could not connect to the server. @ http://localhost:4401/api/billing/ai-credits/summary:0
