[     138ms] [VERBOSE] [DOM] Input elements should have autocomplete attributes (suggested: "current-password"): (More info: https://goo.gl/9p2vKq) %o @ http://localhost:3301/en/login:0
[     157ms] [INFO] %cDownload the React DevTools for a better development experience: https://react.dev/link/react-devtools font-weight:bold @ http://localhost:3301/_next/static/chunks/node_modules_next_dist_1ybzpk2._.js:2489
[     252ms] [LOG] [HMR] connected @ http://localhost:3301/_next/static/chunks/node_modules_next_dist_1ybzpk2._.js:2489
[     322ms] [ERROR] Access to fetch at 'http://localhost:4401/system/settings' from origin 'http://localhost:3301' has been blocked by CORS policy: The 'Access-Control-Allow-Origin' header has a value 'http://127.0.0.1:3301' that is not equal to the supplied origin. Have the server send the header with a valid value. @ http://localhost:3301/en/login:0
[     322ms] [ERROR] Failed to load resource: net::ERR_FAILED @ http://localhost:4401/system/settings:0
[     367ms] [LOG] [Fast Refresh] rebuilding @ http://localhost:3301/_next/static/chunks/node_modules_next_dist_1ybzpk2._.js:2489
[     430ms] [LOG] [Fast Refresh] done in 163ms @ http://localhost:3301/_next/static/chunks/node_modules_next_dist_1ybzpk2._.js:2489
[     525ms] [ERROR] Access to fetch at 'http://localhost:4401/system/settings' from origin 'http://localhost:3301' has been blocked by CORS policy: The 'Access-Control-Allow-Origin' header has a value 'http://127.0.0.1:3301' that is not equal to the supplied origin. Have the server send the header with a valid value. @ http://localhost:3301/en/login:0
[     525ms] [ERROR] Failed to load resource: net::ERR_FAILED @ http://localhost:4401/system/settings:0
[    1128ms] [ERROR] Access to fetch at 'http://localhost:4401/system/settings' from origin 'http://localhost:3301' has been blocked by CORS policy: The 'Access-Control-Allow-Origin' header has a value 'http://127.0.0.1:3301' that is not equal to the supplied origin. Have the server send the header with a valid value. @ http://localhost:3301/en/login:0
[    1128ms] [ERROR] Failed to load resource: net::ERR_FAILED @ http://localhost:4401/system/settings:0
[   42734ms] [LOG] [Fast Refresh] rebuilding @ http://localhost:3301/_next/static/chunks/node_modules_next_dist_1ybzpk2._.js:2489
[   44549ms] [LOG] [Fast Refresh] done in 1917ms @ http://localhost:3301/_next/static/chunks/node_modules_next_dist_1ybzpk2._.js:2489
[   44736ms] [INFO] %cDownload the React DevTools for a better development experience: https://react.dev/link/react-devtools font-weight:bold @ http://localhost:3301/_next/static/chunks/node_modules_next_dist_1ybzpk2._.js:2489
[   44745ms] [LOG] [HMR] connected @ http://localhost:3301/_next/static/chunks/node_modules_next_dist_1ybzpk2._.js:2489
[   44804ms] [ERROR] Failed to load resource: the server responded with a status of 404 (Not Found) @ http://localhost:4401/api/billing/ai-credits/summary:0
[   44812ms] [ERROR] Failed to load resource: the server responded with a status of 404 (Not Found) @ http://localhost:4401/system/settings:0
[   44866ms] [LOG] [Fast Refresh] rebuilding @ http://localhost:3301/_next/static/chunks/node_modules_next_dist_1ybzpk2._.js:2489
[   44867ms] [LOG] [Fast Refresh] done in 104ms @ http://localhost:3301/_next/static/chunks/node_modules_next_dist_1ybzpk2._.js:2489
[   45273ms] [LOG] [Fast Refresh] rebuilding @ http://localhost:3301/_next/static/chunks/node_modules_next_dist_1ybzpk2._.js:2489
[   45287ms] [LOG] [Fast Refresh] done in 116ms @ http://localhost:3301/_next/static/chunks/node_modules_next_dist_1ybzpk2._.js:2489
[   74800ms] [ERROR] Failed to load resource: the server responded with a status of 404 (Not Found) @ http://localhost:4401/api/billing/ai-credits/summary:0
[  104807ms] [ERROR] Failed to load resource: the server responded with a status of 404 (Not Found) @ http://localhost:4401/api/billing/ai-credits/summary:0
[  116315ms] [LOG] [Fast Refresh] rebuilding @ http://localhost:3301/_next/static/chunks/node_modules_next_dist_1ybzpk2._.js:2489
[  116383ms] [LOG] [Fast Refresh] done in 170ms @ http://localhost:3301/_next/static/chunks/node_modules_next_dist_1ybzpk2._.js:2489
[  119534ms] [LOG] [Fast Refresh] rebuilding @ http://localhost:3301/_next/static/chunks/node_modules_next_dist_1ybzpk2._.js:2489
[  119537ms] [LOG] [Fast Refresh] done in 104ms @ http://localhost:3301/_next/static/chunks/node_modules_next_dist_1ybzpk2._.js:2489
[  120710ms] [LOG] [Fast Refresh] rebuilding @ http://localhost:3301/_next/static/chunks/node_modules_next_dist_1ybzpk2._.js:2489
[  120730ms] [LOG] [Fast Refresh] done in 122ms @ http://localhost:3301/_next/static/chunks/node_modules_next_dist_1ybzpk2._.js:2489
[  123380ms] [LOG] [Fast Refresh] rebuilding @ http://localhost:3301/_next/static/chunks/node_modules_next_dist_1ybzpk2._.js:2489
[  123381ms] [LOG] [Fast Refresh] done in 101ms @ http://localhost:3301/_next/static/chunks/node_modules_next_dist_1ybzpk2._.js:2489
[  123581ms] [VERBOSE] [DOM] Input elements should have autocomplete attributes (suggested: "current-password"): (More info: https://goo.gl/9p2vKq) %o @ http://localhost:3301/en/admin/system/ui-components:0
[  123769ms] [LOG] [Fast Refresh] rebuilding @ http://localhost:3301/_next/static/chunks/node_modules_next_dist_1ybzpk2._.js:2489
[  123781ms] [LOG] [Fast Refresh] done in 112ms @ http://localhost:3301/_next/static/chunks/node_modules_next_dist_1ybzpk2._.js:2489
[  123805ms] [VERBOSE] [DOM] Input elements should have autocomplete attributes (suggested: "new-password"): (More info: https://goo.gl/9p2vKq) %o @ http://localhost:3301/en/admin/system/ui-components:0
[  123805ms] [VERBOSE] [DOM] Input elements should have autocomplete attributes (suggested: "new-password"): (More info: https://goo.gl/9p2vKq) %o @ http://localhost:3301/en/admin/system/ui-components:0
[  124016ms] [LOG] [Fast Refresh] rebuilding @ http://localhost:3301/_next/static/chunks/node_modules_next_dist_1ybzpk2._.js:2489
[  124022ms] [LOG] [Fast Refresh] done in 108ms @ http://localhost:3301/_next/static/chunks/node_modules_next_dist_1ybzpk2._.js:2489
[  124420ms] [LOG] [Fast Refresh] rebuilding @ http://localhost:3301/_next/static/chunks/node_modules_next_dist_1ybzpk2._.js:2489
[  124421ms] [LOG] [Fast Refresh] done in 104ms @ http://localhost:3301/_next/static/chunks/node_modules_next_dist_1ybzpk2._.js:2489
[  134802ms] [ERROR] Failed to load resource: the server responded with a status of 404 (Not Found) @ http://localhost:4401/api/billing/ai-credits/summary:0
[  164813ms] [ERROR] Failed to load resource: the server responded with a status of 404 (Not Found) @ http://localhost:4401/api/billing/ai-credits/summary:0
[  194799ms] [ERROR] Failed to load resource: the server responded with a status of 404 (Not Found) @ http://localhost:4401/api/billing/ai-credits/summary:0
[  224802ms] [ERROR] Failed to load resource: the server responded with a status of 404 (Not Found) @ http://localhost:4401/api/billing/ai-credits/summary:0
[  254802ms] [ERROR] Failed to load resource: the server responded with a status of 404 (Not Found) @ http://localhost:4401/api/billing/ai-credits/summary:0
[  284803ms] [ERROR] Failed to load resource: the server responded with a status of 404 (Not Found) @ http://localhost:4401/api/billing/ai-credits/summary:0
[  314803ms] [ERROR] Failed to load resource: the server responded with a status of 404 (Not Found) @ http://localhost:4401/api/billing/ai-credits/summary:0
[  317697ms] [LOG] [Fast Refresh] rebuilding @ http://localhost:3301/_next/static/chunks/node_modules_next_dist_1ybzpk2._.js:2489
[  318189ms] [LOG] [Fast Refresh] done in 556ms @ http://localhost:3301/_next/static/chunks/node_modules_next_dist_1ybzpk2._.js:2489
[  344810ms] [ERROR] Failed to load resource: the server responded with a status of 404 (Not Found) @ http://localhost:4401/api/billing/ai-credits/summary:0
[  374803ms] [ERROR] Failed to load resource: the server responded with a status of 404 (Not Found) @ http://localhost:4401/api/billing/ai-credits/summary:0
[  404809ms] [ERROR] Failed to load resource: the server responded with a status of 404 (Not Found) @ http://localhost:4401/api/billing/ai-credits/summary:0
[  434805ms] [ERROR] Failed to load resource: the server responded with a status of 404 (Not Found) @ http://localhost:4401/api/billing/ai-credits/summary:0
[  434979ms] [LOG] [Fast Refresh] rebuilding @ http://localhost:3301/_next/static/chunks/node_modules_next_dist_1ybzpk2._.js:2489
[  436439ms] [LOG] [Fast Refresh] done in 1422ms @ http://localhost:3301/_next/static/chunks/node_modules_next_dist_1ybzpk2._.js:2489
[  436956ms] [INFO] %cDownload the React DevTools for a better development experience: https://react.dev/link/react-devtools font-weight:bold @ http://localhost:3301/_next/static/chunks/node_modules_next_dist_1ybzpk2._.js:2489
[  436967ms] [LOG] [HMR] connected @ http://localhost:3301/_next/static/chunks/node_modules_next_dist_1ybzpk2._.js:2489
[  437059ms] [ERROR] Failed to load resource: the server responded with a status of 404 (Not Found) @ http://localhost:4401/api/billing/ai-credits/summary:0
[  437068ms] [ERROR] Failed to load resource: the server responded with a status of 404 (Not Found) @ http://localhost:4401/system/settings:0
[  437093ms] [LOG] [Fast Refresh] rebuilding @ http://localhost:3301/_next/static/chunks/node_modules_next_dist_1ybzpk2._.js:2489
[  437243ms] [LOG] [Fast Refresh] done in 250ms @ http://localhost:3301/_next/static/chunks/node_modules_next_dist_1ybzpk2._.js:2489
[  437508ms] [LOG] [Fast Refresh] rebuilding @ http://localhost:3301/_next/static/chunks/node_modules_next_dist_1ybzpk2._.js:2489
[  437521ms] [LOG] [Fast Refresh] done in 115ms @ http://localhost:3301/_next/static/chunks/node_modules_next_dist_1ybzpk2._.js:2489
[  467052ms] [ERROR] Failed to load resource: the server responded with a status of 404 (Not Found) @ http://localhost:4401/api/billing/ai-credits/summary:0
[  497067ms] [ERROR] Failed to load resource: the server responded with a status of 404 (Not Found) @ http://localhost:4401/api/billing/ai-credits/summary:0
[  527053ms] [ERROR] Failed to load resource: the server responded with a status of 404 (Not Found) @ http://localhost:4401/api/billing/ai-credits/summary:0
[  557054ms] [ERROR] Failed to load resource: the server responded with a status of 404 (Not Found) @ http://localhost:4401/api/billing/ai-credits/summary:0
[  571175ms] [LOG] [Fast Refresh] rebuilding @ http://localhost:3301/_next/static/chunks/node_modules_next_dist_1ybzpk2._.js:2489
[  571447ms] [LOG] [Fast Refresh] done in 373ms @ http://localhost:3301/_next/static/chunks/node_modules_next_dist_1ybzpk2._.js:2489
[  587057ms] [ERROR] Failed to load resource: the server responded with a status of 404 (Not Found) @ http://localhost:4401/api/billing/ai-credits/summary:0
[  617062ms] [ERROR] Failed to load resource: the server responded with a status of 404 (Not Found) @ http://localhost:4401/api/billing/ai-credits/summary:0
[  647056ms] [ERROR] Failed to load resource: the server responded with a status of 404 (Not Found) @ http://localhost:4401/api/billing/ai-credits/summary:0
[  677053ms] [ERROR] Failed to load resource: the server responded with a status of 404 (Not Found) @ http://localhost:4401/api/billing/ai-credits/summary:0
[  707055ms] [ERROR] Failed to load resource: the server responded with a status of 404 (Not Found) @ http://localhost:4401/api/billing/ai-credits/summary:0
[  737061ms] [ERROR] Failed to load resource: the server responded with a status of 404 (Not Found) @ http://localhost:4401/api/billing/ai-credits/summary:0
[  767060ms] [ERROR] Failed to load resource: the server responded with a status of 404 (Not Found) @ http://localhost:4401/api/billing/ai-credits/summary:0
[  788367ms] [LOG] [Fast Refresh] rebuilding @ http://localhost:3301/_next/static/chunks/node_modules_next_dist_1ybzpk2._.js:2489
[  788430ms] [LOG] [Fast Refresh] done in 135ms @ http://localhost:3301/_next/static/chunks/node_modules_next_dist_1ybzpk2._.js:2489
[  788647ms] [LOG] [Fast Refresh] rebuilding @ http://localhost:3301/_next/static/chunks/node_modules_next_dist_1ybzpk2._.js:2489
[  788689ms] [LOG] [Fast Refresh] done in 113ms @ http://localhost:3301/_next/static/chunks/node_modules_next_dist_1ybzpk2._.js:2489
[  797061ms] [ERROR] Failed to load resource: the server responded with a status of 404 (Not Found) @ http://localhost:4401/api/billing/ai-credits/summary:0
[  827068ms] [ERROR] Failed to load resource: the server responded with a status of 404 (Not Found) @ http://localhost:4401/api/billing/ai-credits/summary:0
[  857078ms] [ERROR] Failed to load resource: the server responded with a status of 404 (Not Found) @ http://localhost:4401/api/billing/ai-credits/summary:0
[  887062ms] [ERROR] Failed to load resource: the server responded with a status of 404 (Not Found) @ http://localhost:4401/api/billing/ai-credits/summary:0
[  910708ms] [LOG] [Fast Refresh] rebuilding @ http://localhost:3301/_next/static/chunks/node_modules_next_dist_1ybzpk2._.js:2489
[  910770ms] [LOG] [Fast Refresh] done in 133ms @ http://localhost:3301/_next/static/chunks/node_modules_next_dist_1ybzpk2._.js:2489
[  917077ms] [ERROR] Failed to load resource: the server responded with a status of 404 (Not Found) @ http://localhost:4401/api/billing/ai-credits/summary:0
[  947058ms] [ERROR] Failed to load resource: the server responded with a status of 404 (Not Found) @ http://localhost:4401/api/billing/ai-credits/summary:0
[ 1177314ms] [LOG] [Fast Refresh] rebuilding @ http://localhost:3301/_next/static/chunks/node_modules_next_dist_1ybzpk2._.js:2489
[ 1177418ms] [LOG] [Fast Refresh] done in 82ms @ http://localhost:3301/_next/static/chunks/node_modules_next_dist_1ybzpk2._.js:2489
[ 1388210ms] [LOG] [Fast Refresh] rebuilding @ http://localhost:3301/_next/static/chunks/node_modules_next_dist_1ybzpk2._.js:2489
[ 1388243ms] [LOG] [Fast Refresh] done in 85ms @ http://localhost:3301/_next/static/chunks/node_modules_next_dist_1ybzpk2._.js:2489
[ 1715576ms] [LOG] [Fast Refresh] rebuilding @ http://localhost:3301/_next/static/chunks/node_modules_next_dist_1ybzpk2._.js:2489
[ 1715604ms] [LOG] [Fast Refresh] done in 41ms @ http://localhost:3301/_next/static/chunks/node_modules_next_dist_1ybzpk2._.js:2489
[ 1751480ms] [LOG] [Fast Refresh] rebuilding @ http://localhost:3301/_next/static/chunks/node_modules_next_dist_1ybzpk2._.js:2489
[ 1751558ms] [LOG] [Fast Refresh] done in 181ms @ http://localhost:3301/_next/static/chunks/node_modules_next_dist_1ybzpk2._.js:2489
[ 2350764ms] [INFO] %cDownload the React DevTools for a better development experience: https://react.dev/link/react-devtools font-weight:bold @ http://localhost:3301/_next/static/chunks/node_modules_next_dist_1ybzpk2._.js:2489
[ 2350779ms] [LOG] [HMR] connected @ http://localhost:3301/_next/static/chunks/node_modules_next_dist_1ybzpk2._.js:2489
[ 2402175ms] [LOG] [Fast Refresh] rebuilding @ http://localhost:3301/_next/static/chunks/node_modules_next_dist_1ybzpk2._.js:2489
[ 2402249ms] [LOG] [Fast Refresh] done in 141ms @ http://localhost:3301/_next/static/chunks/node_modules_next_dist_1ybzpk2._.js:2489
[ 2428204ms] [WARNING] You have Reduced Motion enabled on your device. Animations may not appear as expected.. For more information and steps for solving, visit https://motion.dev/troubleshooting/reduced-motion-disabled @ http://localhost:3301/_next/static/chunks/node_modules_next_dist_1ybzpk2._.js:2489
[ 2428645ms] [LOG] [Fast Refresh] rebuilding @ http://localhost:3301/_next/static/chunks/node_modules_next_dist_1ybzpk2._.js:2489
[ 2428650ms] [LOG] [Fast Refresh] done in 104ms @ http://localhost:3301/_next/static/chunks/node_modules_next_dist_1ybzpk2._.js:2489
[ 2429159ms] [LOG] [Fast Refresh] rebuilding @ http://localhost:3301/_next/static/chunks/node_modules_next_dist_1ybzpk2._.js:2489
[ 2429173ms] [VERBOSE] [DOM] Input elements should have autocomplete attributes (suggested: "new-password"): (More info: https://goo.gl/9p2vKq) %o @ http://localhost:3301/en/admin/system/ui-components:0
[ 2429173ms] [VERBOSE] [DOM] Input elements should have autocomplete attributes (suggested: "new-password"): (More info: https://goo.gl/9p2vKq) %o @ http://localhost:3301/en/admin/system/ui-components:0
[ 2429210ms] [LOG] [Fast Refresh] done in 156ms @ http://localhost:3301/_next/static/chunks/node_modules_next_dist_1ybzpk2._.js:2489
[ 2429314ms] [LOG] [Fast Refresh] rebuilding @ http://localhost:3301/_next/static/chunks/node_modules_next_dist_1ybzpk2._.js:2489
[ 2429333ms] [LOG] [Fast Refresh] done in 122ms @ http://localhost:3301/_next/static/chunks/node_modules_next_dist_1ybzpk2._.js:2489
[ 2462917ms] [ERROR] WebSocket connection to 'ws://localhost:3301/_next/webpack-hmr?id=Za5-5ihlY944prvCmaG5W' failed: Error in connection establishment: net::ERR_CONNECTION_REFUSED @ http://localhost:3301/_next/static/chunks/node_modules_next_dist_client_0r5nbpw._.js:13422
[ 2463919ms] [ERROR] WebSocket connection to 'ws://localhost:3301/_next/webpack-hmr?id=Za5-5ihlY944prvCmaG5W' failed: Error in connection establishment: net::ERR_CONNECTION_REFUSED @ http://localhost:3301/_next/static/chunks/node_modules_next_dist_client_0r5nbpw._.js:13422
[ 2464920ms] [ERROR] WebSocket connection to 'ws://localhost:3301/_next/webpack-hmr?id=Za5-5ihlY944prvCmaG5W' failed: Error in connection establishment: net::ERR_CONNECTION_REFUSED @ http://localhost:3301/_next/static/chunks/node_modules_next_dist_client_0r5nbpw._.js:13422
[ 2465921ms] [ERROR] WebSocket connection to 'ws://localhost:3301/_next/webpack-hmr?id=Za5-5ihlY944prvCmaG5W' failed: Error in connection establishment: net::ERR_CONNECTION_REFUSED @ http://localhost:3301/_next/static/chunks/node_modules_next_dist_client_0r5nbpw._.js:13422
[ 2466923ms] [ERROR] WebSocket connection to 'ws://localhost:3301/_next/webpack-hmr?id=Za5-5ihlY944prvCmaG5W' failed: Error in connection establishment: net::ERR_CONNECTION_REFUSED @ http://localhost:3301/_next/static/chunks/node_modules_next_dist_client_0r5nbpw._.js:13422
[ 2471925ms] [ERROR] WebSocket connection to 'ws://localhost:3301/_next/webpack-hmr?id=Za5-5ihlY944prvCmaG5W' failed: Error in connection establishment: net::ERR_CONNECTION_REFUSED @ http://localhost:3301/_next/static/chunks/node_modules_next_dist_client_0r5nbpw._.js:13422
[ 2476928ms] [ERROR] WebSocket connection to 'ws://localhost:3301/_next/webpack-hmr?id=Za5-5ihlY944prvCmaG5W' failed: Error in connection establishment: net::ERR_CONNECTION_REFUSED @ http://localhost:3301/_next/static/chunks/node_modules_next_dist_client_0r5nbpw._.js:13422
[ 2481930ms] [ERROR] WebSocket connection to 'ws://localhost:3301/_next/webpack-hmr?id=Za5-5ihlY944prvCmaG5W' failed: Error in connection establishment: net::ERR_CONNECTION_REFUSED @ http://localhost:3301/_next/static/chunks/node_modules_next_dist_client_0r5nbpw._.js:13422
[ 2486934ms] [ERROR] WebSocket connection to 'ws://localhost:3301/_next/webpack-hmr?id=Za5-5ihlY944prvCmaG5W' failed: Error in connection establishment: net::ERR_CONNECTION_REFUSED @ http://localhost:3301/_next/static/chunks/node_modules_next_dist_client_0r5nbpw._.js:13422
[ 2491937ms] [ERROR] WebSocket connection to 'ws://localhost:3301/_next/webpack-hmr?id=Za5-5ihlY944prvCmaG5W' failed: Error in connection establishment: net::ERR_CONNECTION_REFUSED @ http://localhost:3301/_next/static/chunks/node_modules_next_dist_client_0r5nbpw._.js:13422
[ 2496946ms] [ERROR] WebSocket connection to 'ws://localhost:3301/_next/webpack-hmr?id=Za5-5ihlY944prvCmaG5W' failed: Error in connection establishment: net::ERR_CONNECTION_REFUSED @ http://localhost:3301/_next/static/chunks/node_modules_next_dist_client_0r5nbpw._.js:13422
[ 2501951ms] [ERROR] WebSocket connection to 'ws://localhost:3301/_next/webpack-hmr?id=Za5-5ihlY944prvCmaG5W' failed: Error in connection establishment: net::ERR_CONNECTION_REFUSED @ http://localhost:3301/_next/static/chunks/node_modules_next_dist_client_0r5nbpw._.js:13422
[ 2559760ms] [ERROR] Failed to load resource: net::ERR_FAILED @ https://alternative.me/crypto/fear-and-greed-index.png:0
[ 2559843ms] [ERROR] Failed to load resource: the server responded with a status of 404 (Not Found) @ http://localhost:4401/dashboard/watchlist:0
[ 2559843ms] [ERROR] Failed to load resource: the server responded with a status of 404 (Not Found) @ http://localhost:4401/dashboard/market-sessions:0
[ 2559846ms] [ERROR] Failed to load resource: the server responded with a status of 404 (Not Found) @ http://localhost:4401/dashboard/funding-rates:0
[ 2559846ms] [ERROR] Failed to load resource: the server responded with a status of 404 (Not Found) @ http://localhost:4401/dashboard/top-movers:0
[ 2559846ms] [ERROR] Failed to load resource: the server responded with a status of 404 (Not Found) @ http://localhost:4401/dashboard/network-status:0
[ 2559847ms] [ERROR] Failed to load resource: the server responded with a status of 405 (Method Not Allowed) @ http://localhost:4401/dashboard/price-alerts/check:0
[ 2559847ms] [ERROR] Failed to load resource: the server responded with a status of 404 (Not Found) @ http://localhost:4401/dashboard/trade-journal:0
[ 2559847ms] [ERROR] Failed to load resource: the server responded with a status of 404 (Not Found) @ http://localhost:4401/dashboard/trade-journal:0
[ 2559847ms] [ERROR] Failed to load resource: the server responded with a status of 404 (Not Found) @ http://localhost:4401/dashboard/workbench/notes:0
[ 2559849ms] [ERROR] Failed to load resource: the server responded with a status of 404 (Not Found) @ http://localhost:4401/bots/overview:0
[ 2559850ms] [ERROR] Failed to load resource: the server responded with a status of 404 (Not Found) @ http://localhost:4401/economic-calendar?from=2026-09-06&to=2026-09-06&currency=USD&impacts=high,medium:0
[ 2559850ms] [ERROR] Failed to load resource: the server responded with a status of 404 (Not Found) @ http://localhost:4401/grid/instances:0
[ 2559852ms] [ERROR] Failed to load resource: the server responded with a status of 404 (Not Found) @ http://localhost:4401/dashboard/performance?range=24h:0
[ 2559855ms] [ERROR] Failed to load resource: the server responded with a status of 404 (Not Found) @ http://localhost:4401/news?mode=all&limit=3&page=1:0
[ 2559855ms] [ERROR] Failed to load resource: the server responded with a status of 404 (Not Found) @ http://localhost:4401/dashboard/risk-analysis?limit=3:0
[ 2559855ms] [ERROR] Failed to load resource: the server responded with a status of 404 (Not Found) @ http://localhost:4401/dashboard/open-positions:0
[ 2559856ms] [ERROR] Failed to load resource: the server responded with a status of 404 (Not Found) @ http://localhost:4401/settings/affiliate?refreshPayoutWallet=false:0
[ 2559856ms] [ERROR] Failed to load resource: the server responded with a status of 404 (Not Found) @ http://localhost:4401/market-intelligence/summary?horizon=24h:0
[ 2559859ms] [ERROR] Failed to load resource: the server responded with a status of 404 (Not Found) @ http://localhost:4401/dashboard/layout:0
[ 2559867ms] [ERROR] Failed to load resource: net::ERR_FAILED @ https://alternative.me/crypto/fear-and-greed-index.png:0
[ 2559869ms] [ERROR] Failed to load resource: the server responded with a status of 404 (Not Found) @ http://localhost:4401/dashboard/market-sessions:0
[ 2559869ms] [ERROR] Failed to load resource: the server responded with a status of 404 (Not Found) @ http://localhost:4401/dashboard/watchlist:0
[ 2559870ms] [ERROR] Failed to load resource: the server responded with a status of 404 (Not Found) @ http://localhost:4401/dashboard/funding-rates:0
[ 2559870ms] [ERROR] Failed to load resource: the server responded with a status of 404 (Not Found) @ http://localhost:4401/dashboard/top-movers:0
[ 2559871ms] [ERROR] Failed to load resource: the server responded with a status of 404 (Not Found) @ http://localhost:4401/dashboard/network-status:0
[ 2559873ms] [ERROR] Failed to load resource: the server responded with a status of 405 (Method Not Allowed) @ http://localhost:4401/dashboard/price-alerts/check:0
[ 2559874ms] [ERROR] Failed to load resource: the server responded with a status of 404 (Not Found) @ http://localhost:4401/dashboard/trade-journal:0
[ 2559874ms] [ERROR] Failed to load resource: the server responded with a status of 404 (Not Found) @ http://localhost:4401/dashboard/trade-journal:0
[ 2559875ms] [ERROR] Failed to load resource: the server responded with a status of 404 (Not Found) @ http://localhost:4401/dashboard/workbench/notes:0
[ 2574850ms] [ERROR] Failed to load resource: the server responded with a status of 405 (Method Not Allowed) @ http://localhost:4401/dashboard/price-alerts/check:0
[ 2589849ms] [ERROR] Failed to load resource: the server responded with a status of 404 (Not Found) @ http://localhost:4401/dashboard/watchlist:0
[ 2589850ms] [ERROR] Failed to load resource: the server responded with a status of 404 (Not Found) @ http://localhost:4401/dashboard/funding-rates:0
[ 2589850ms] [ERROR] Failed to load resource: the server responded with a status of 404 (Not Found) @ http://localhost:4401/dashboard/top-movers:0
[ 2589851ms] [ERROR] Failed to load resource: the server responded with a status of 404 (Not Found) @ http://localhost:4401/dashboard/network-status:0
[ 2589851ms] [ERROR] Failed to load resource: the server responded with a status of 405 (Method Not Allowed) @ http://localhost:4401/dashboard/price-alerts/check:0
[ 2604689ms] [VERBOSE] [DOM] Input elements should have autocomplete attributes (suggested: "current-password"): (More info: https://goo.gl/9p2vKq) %o @ http://localhost:3302/en/login:0
[ 2605069ms] [VERBOSE] [DOM] Input elements should have autocomplete attributes (suggested: "current-password"): (More info: https://goo.gl/9p2vKq) %o @ http://localhost:3301/en/login:0
[ 2652490ms] [ERROR] Failed to load resource: net::ERR_FAILED @ https://alternative.me/crypto/fear-and-greed-index.png:0
[ 2652535ms] [ERROR] Failed to load resource: the server responded with a status of 404 (Not Found) @ http://localhost:4401/dashboard/market-sessions:0
[ 2652535ms] [ERROR] Failed to load resource: the server responded with a status of 404 (Not Found) @ http://localhost:4401/dashboard/watchlist:0
[ 2652538ms] [ERROR] Failed to load resource: the server responded with a status of 404 (Not Found) @ http://localhost:4401/dashboard/funding-rates:0
[ 2652538ms] [ERROR] Failed to load resource: the server responded with a status of 404 (Not Found) @ http://localhost:4401/dashboard/top-movers:0
[ 2652538ms] [ERROR] Failed to load resource: the server responded with a status of 404 (Not Found) @ http://localhost:4401/dashboard/network-status:0
[ 2652538ms] [ERROR] Failed to load resource: the server responded with a status of 405 (Method Not Allowed) @ http://localhost:4401/dashboard/price-alerts/check:0
[ 2652538ms] [ERROR] Failed to load resource: the server responded with a status of 404 (Not Found) @ http://localhost:4401/dashboard/trade-journal:0
[ 2652538ms] [ERROR] Failed to load resource: the server responded with a status of 404 (Not Found) @ http://localhost:4401/dashboard/trade-journal:0
[ 2652538ms] [ERROR] Failed to load resource: the server responded with a status of 404 (Not Found) @ http://localhost:4401/dashboard/workbench/notes:0
[ 2652538ms] [ERROR] Failed to load resource: the server responded with a status of 404 (Not Found) @ http://localhost:4401/bots/overview:0
[ 2652538ms] [ERROR] Failed to load resource: the server responded with a status of 404 (Not Found) @ http://localhost:4401/economic-calendar?from=2026-09-06&to=2026-09-06&currency=USD&impacts=high,medium:0
[ 2652538ms] [ERROR] Failed to load resource: the server responded with a status of 404 (Not Found) @ http://localhost:4401/grid/instances:0
[ 2652541ms] [ERROR] Failed to load resource: the server responded with a status of 404 (Not Found) @ http://localhost:4401/news?mode=all&limit=3&page=1:0
[ 2652541ms] [ERROR] Failed to load resource: the server responded with a status of 404 (Not Found) @ http://localhost:4401/dashboard/performance?range=24h:0
[ 2652542ms] [ERROR] Failed to load resource: the server responded with a status of 404 (Not Found) @ http://localhost:4401/dashboard/risk-analysis?limit=3:0
[ 2652542ms] [ERROR] Failed to load resource: the server responded with a status of 404 (Not Found) @ http://localhost:4401/dashboard/open-positions:0
[ 2652545ms] [ERROR] Failed to load resource: the server responded with a status of 404 (Not Found) @ http://localhost:4401/settings/affiliate?refreshPayoutWallet=false:0
[ 2652545ms] [ERROR] Failed to load resource: the server responded with a status of 404 (Not Found) @ http://localhost:4401/market-intelligence/summary?horizon=24h:0
[ 2652546ms] [ERROR] Failed to load resource: the server responded with a status of 404 (Not Found) @ http://localhost:4401/dashboard/layout:0
[ 2652552ms] [ERROR] Failed to load resource: net::ERR_FAILED @ https://alternative.me/crypto/fear-and-greed-index.png:0
[ 2652554ms] [ERROR] Failed to load resource: the server responded with a status of 404 (Not Found) @ http://localhost:4401/dashboard/market-sessions:0
[ 2652554ms] [ERROR] Failed to load resource: the server responded with a status of 404 (Not Found) @ http://localhost:4401/dashboard/watchlist:0
[ 2652554ms] [ERROR] Failed to load resource: the server responded with a status of 404 (Not Found) @ http://localhost:4401/dashboard/funding-rates:0
[ 2652560ms] [ERROR] Failed to load resource: the server responded with a status of 404 (Not Found) @ http://localhost:4401/dashboard/top-movers:0
[ 2652560ms] [ERROR] Failed to load resource: the server responded with a status of 404 (Not Found) @ http://localhost:4401/dashboard/network-status:0
[ 2652560ms] [ERROR] Failed to load resource: the server responded with a status of 405 (Method Not Allowed) @ http://localhost:4401/dashboard/price-alerts/check:0
[ 2652560ms] [ERROR] Failed to load resource: the server responded with a status of 404 (Not Found) @ http://localhost:4401/dashboard/trade-journal:0
[ 2652560ms] [ERROR] Failed to load resource: the server responded with a status of 404 (Not Found) @ http://localhost:4401/dashboard/trade-journal:0
[ 2652561ms] [ERROR] Failed to load resource: the server responded with a status of 404 (Not Found) @ http://localhost:4401/dashboard/workbench/notes:0
[ 2653336ms] [ERROR] Failed to load resource: the server responded with a status of 405 (Method Not Allowed) @ http://localhost:4401/exchange-accounts/default-paper:0
[ 2653340ms] [ERROR] Failed to load resource: the server responded with a status of 404 (Not Found) @ http://localhost:4401/exchange-accounts?purpose=execution:0
[ 2653340ms] [ERROR] Failed to load resource: the server responded with a status of 404 (Not Found) @ http://localhost:4401/api/trading/settings:0
[ 2653481ms] [ERROR] Failed to load resource: the server responded with a status of 404 (Not Found) @ http://localhost:4401/vaults/funding-vault:0
[ 2653482ms] [ERROR] Failed to load resource: the server responded with a status of 404 (Not Found) @ http://localhost:4401/agent-wallet:0
[ 2653887ms] [ERROR] Failed to load resource: the server responded with a status of 404 (Not Found) @ http://localhost:4401/exchange-accounts:0
[ 2653887ms] [ERROR] Failed to load resource: the server responded with a status of 404 (Not Found) @ http://localhost:4401/settings/security:0
[ 2653887ms] [ERROR] Failed to load resource: the server responded with a status of 404 (Not Found) @ http://localhost:4401/settings/alerts:0
[ 2653887ms] [ERROR] Failed to load resource: the server responded with a status of 404 (Not Found) @ http://localhost:4401/settings/sessions:0
[ 2653887ms] [ERROR] Failed to load resource: the server responded with a status of 404 (Not Found) @ http://localhost:4401/settings/legal-acknowledgements:0
[ 2653887ms] [ERROR] Failed to load resource: the server responded with a status of 404 (Not Found) @ http://localhost:4401/vaults/funding-vault:0
[ 2653887ms] [ERROR] Failed to load resource: the server responded with a status of 404 (Not Found) @ http://localhost:4401/vaults/bot-vaults/overview:0
[ 2653887ms] [ERROR] Failed to load resource: the server responded with a status of 404 (Not Found) @ http://localhost:4401/settings/affiliate:0
[ 2654284ms] [ERROR] Failed to load resource: net::ERR_FAILED @ https://alternative.me/crypto/fear-and-greed-index.png:0
[ 2654343ms] [ERROR] Failed to load resource: the server responded with a status of 404 (Not Found) @ http://localhost:4401/dashboard/market-sessions:0
[ 2654343ms] [ERROR] Failed to load resource: the server responded with a status of 404 (Not Found) @ http://localhost:4401/dashboard/watchlist:0
[ 2654343ms] [ERROR] Failed to load resource: the server responded with a status of 404 (Not Found) @ http://localhost:4401/dashboard/funding-rates:0
[ 2654343ms] [ERROR] Failed to load resource: the server responded with a status of 404 (Not Found) @ http://localhost:4401/dashboard/top-movers:0
[ 2654346ms] [ERROR] Failed to load resource: the server responded with a status of 405 (Method Not Allowed) @ http://localhost:4401/dashboard/price-alerts/check:0
[ 2654346ms] [ERROR] Failed to load resource: the server responded with a status of 404 (Not Found) @ http://localhost:4401/dashboard/network-status:0
[ 2654346ms] [ERROR] Failed to load resource: the server responded with a status of 404 (Not Found) @ http://localhost:4401/dashboard/trade-journal:0
[ 2654347ms] [ERROR] Failed to load resource: the server responded with a status of 404 (Not Found) @ http://localhost:4401/dashboard/trade-journal:0
[ 2654347ms] [ERROR] Failed to load resource: the server responded with a status of 404 (Not Found) @ http://localhost:4401/dashboard/workbench/notes:0
[ 2654351ms] [ERROR] Failed to load resource: the server responded with a status of 404 (Not Found) @ http://localhost:4401/bots/overview:0
[ 2654351ms] [ERROR] Failed to load resource: the server responded with a status of 404 (Not Found) @ http://localhost:4401/economic-calendar?from=2026-09-06&to=2026-09-06&currency=USD&impacts=high,medium:0
[ 2654351ms] [ERROR] Failed to load resource: the server responded with a status of 404 (Not Found) @ http://localhost:4401/grid/instances:0
[ 2654352ms] [ERROR] Failed to load resource: the server responded with a status of 404 (Not Found) @ http://localhost:4401/news?mode=all&limit=3&page=1:0
[ 2654352ms] [ERROR] Failed to load resource: the server responded with a status of 404 (Not Found) @ http://localhost:4401/dashboard/performance?range=24h:0
[ 2654352ms] [ERROR] Failed to load resource: the server responded with a status of 404 (Not Found) @ http://localhost:4401/dashboard/risk-analysis?limit=3:0
[ 2654352ms] [ERROR] Failed to load resource: the server responded with a status of 404 (Not Found) @ http://localhost:4401/dashboard/open-positions:0
[ 2654352ms] [ERROR] Failed to load resource: the server responded with a status of 404 (Not Found) @ http://localhost:4401/settings/affiliate?refreshPayoutWallet=false:0
[ 2654352ms] [ERROR] Failed to load resource: the server responded with a status of 404 (Not Found) @ http://localhost:4401/market-intelligence/summary?horizon=24h:0
[ 2654352ms] [ERROR] Failed to load resource: the server responded with a status of 404 (Not Found) @ http://localhost:4401/dashboard/layout:0
[ 2654360ms] [ERROR] Failed to load resource: the server responded with a status of 404 (Not Found) @ http://localhost:4401/dashboard/market-sessions:0
[ 2654365ms] [ERROR] Failed to load resource: the server responded with a status of 404 (Not Found) @ http://localhost:4401/dashboard/watchlist:0
[ 2654368ms] [ERROR] Failed to load resource: the server responded with a status of 404 (Not Found) @ http://localhost:4401/dashboard/funding-rates:0
[ 2654370ms] [ERROR] Failed to load resource: the server responded with a status of 404 (Not Found) @ http://localhost:4401/dashboard/top-movers:0
[ 2654372ms] [ERROR] Failed to load resource: the server responded with a status of 405 (Method Not Allowed) @ http://localhost:4401/dashboard/price-alerts/check:0
[ 2654372ms] [ERROR] Failed to load resource: the server responded with a status of 404 (Not Found) @ http://localhost:4401/dashboard/network-status:0
[ 2654372ms] [ERROR] Failed to load resource: the server responded with a status of 404 (Not Found) @ http://localhost:4401/dashboard/trade-journal:0
[ 2654372ms] [ERROR] Failed to load resource: the server responded with a status of 404 (Not Found) @ http://localhost:4401/dashboard/trade-journal:0
[ 2654372ms] [ERROR] Failed to load resource: the server responded with a status of 404 (Not Found) @ http://localhost:4401/dashboard/workbench/notes:0
[ 2654373ms] [ERROR] Failed to load resource: net::ERR_FAILED @ https://alternative.me/crypto/fear-and-greed-index.png:0
[ 2655234ms] [ERROR] Failed to load resource: the server responded with a status of 405 (Method Not Allowed) @ http://localhost:4401/exchange-accounts/default-paper:0
[ 2655236ms] [ERROR] Failed to load resource: the server responded with a status of 404 (Not Found) @ http://localhost:4401/exchange-accounts?purpose=execution:0
[ 2655237ms] [ERROR] Failed to load resource: the server responded with a status of 404 (Not Found) @ http://localhost:4401/api/trading/settings:0
[ 2655521ms] [ERROR] Failed to load resource: the server responded with a status of 404 (Not Found) @ http://localhost:4401/vaults/funding-vault:0
[ 2655521ms] [ERROR] Failed to load resource: the server responded with a status of 404 (Not Found) @ http://localhost:4401/agent-wallet:0
[ 2655978ms] [ERROR] Failed to load resource: the server responded with a status of 404 (Not Found) @ http://localhost:4401/exchange-accounts:0
[ 2655978ms] [ERROR] Failed to load resource: the server responded with a status of 404 (Not Found) @ http://localhost:4401/settings/security:0
[ 2655978ms] [ERROR] Failed to load resource: the server responded with a status of 404 (Not Found) @ http://localhost:4401/settings/alerts:0
[ 2655978ms] [ERROR] Failed to load resource: the server responded with a status of 404 (Not Found) @ http://localhost:4401/settings/sessions:0
[ 2655978ms] [ERROR] Failed to load resource: the server responded with a status of 404 (Not Found) @ http://localhost:4401/settings/legal-acknowledgements:0
[ 2655979ms] [ERROR] Failed to load resource: the server responded with a status of 404 (Not Found) @ http://localhost:4401/vaults/funding-vault:0
[ 2655979ms] [ERROR] Failed to load resource: the server responded with a status of 404 (Not Found) @ http://localhost:4401/vaults/bot-vaults/overview:0
[ 2655979ms] [ERROR] Failed to load resource: the server responded with a status of 404 (Not Found) @ http://localhost:4401/settings/affiliate:0
[ 2691842ms] [ERROR] Failed to load resource: net::ERR_FAILED @ https://alternative.me/crypto/fear-and-greed-index.png:0
[ 2691892ms] [ERROR] Failed to load resource: the server responded with a status of 404 (Not Found) @ http://localhost:4401/dashboard/market-sessions:0
[ 2691893ms] [ERROR] Failed to load resource: the server responded with a status of 404 (Not Found) @ http://localhost:4401/dashboard/watchlist:0
[ 2691893ms] [ERROR] Failed to load resource: the server responded with a status of 404 (Not Found) @ http://localhost:4401/dashboard/funding-rates:0
[ 2691893ms] [ERROR] Failed to load resource: the server responded with a status of 404 (Not Found) @ http://localhost:4401/dashboard/top-movers:0
[ 2691893ms] [ERROR] Failed to load resource: the server responded with a status of 404 (Not Found) @ http://localhost:4401/dashboard/network-status:0
[ 2691893ms] [ERROR] Failed to load resource: the server responded with a status of 405 (Method Not Allowed) @ http://localhost:4401/dashboard/price-alerts/check:0
[ 2691893ms] [ERROR] Failed to load resource: the server responded with a status of 404 (Not Found) @ http://localhost:4401/dashboard/trade-journal:0
[ 2691893ms] [ERROR] Failed to load resource: the server responded with a status of 404 (Not Found) @ http://localhost:4401/dashboard/trade-journal:0
[ 2691893ms] [ERROR] Failed to load resource: the server responded with a status of 404 (Not Found) @ http://localhost:4401/dashboard/workbench/notes:0
[ 2691894ms] [ERROR] Failed to load resource: the server responded with a status of 404 (Not Found) @ http://localhost:4401/bots/overview:0
[ 2691895ms] [ERROR] Failed to load resource: the server responded with a status of 404 (Not Found) @ http://localhost:4401/economic-calendar?from=2026-09-06&to=2026-09-06&currency=USD&impacts=high,medium:0
[ 2691896ms] [ERROR] Failed to load resource: the server responded with a status of 404 (Not Found) @ http://localhost:4401/grid/instances:0
[ 2691896ms] [ERROR] Failed to load resource: the server responded with a status of 404 (Not Found) @ http://localhost:4401/news?mode=all&limit=3&page=1:0
[ 2691896ms] [ERROR] Failed to load resource: the server responded with a status of 404 (Not Found) @ http://localhost:4401/dashboard/performance?range=24h:0
[ 2691896ms] [ERROR] Failed to load resource: the server responded with a status of 404 (Not Found) @ http://localhost:4401/dashboard/risk-analysis?limit=3:0
[ 2691896ms] [ERROR] Failed to load resource: the server responded with a status of 404 (Not Found) @ http://localhost:4401/dashboard/open-positions:0
[ 2691900ms] [ERROR] Failed to load resource: the server responded with a status of 404 (Not Found) @ http://localhost:4401/settings/affiliate?refreshPayoutWallet=false:0
[ 2691900ms] [ERROR] Failed to load resource: the server responded with a status of 404 (Not Found) @ http://localhost:4401/market-intelligence/summary?horizon=24h:0
[ 2691900ms] [ERROR] Failed to load resource: the server responded with a status of 404 (Not Found) @ http://localhost:4401/dashboard/layout:0
[ 2691911ms] [ERROR] Failed to load resource: the server responded with a status of 404 (Not Found) @ http://localhost:4401/dashboard/market-sessions:0
[ 2691911ms] [ERROR] Failed to load resource: the server responded with a status of 404 (Not Found) @ http://localhost:4401/dashboard/watchlist:0
[ 2691911ms] [ERROR] Failed to load resource: the server responded with a status of 404 (Not Found) @ http://localhost:4401/dashboard/funding-rates:0
[ 2691911ms] [ERROR] Failed to load resource: the server responded with a status of 404 (Not Found) @ http://localhost:4401/dashboard/top-movers:0
[ 2691911ms] [ERROR] Failed to load resource: the server responded with a status of 404 (Not Found) @ http://localhost:4401/dashboard/network-status:0
[ 2691911ms] [ERROR] Failed to load resource: the server responded with a status of 405 (Method Not Allowed) @ http://localhost:4401/dashboard/price-alerts/check:0
[ 2691916ms] [ERROR] Failed to load resource: the server responded with a status of 404 (Not Found) @ http://localhost:4401/dashboard/trade-journal:0
[ 2691916ms] [ERROR] Failed to load resource: the server responded with a status of 404 (Not Found) @ http://localhost:4401/dashboard/trade-journal:0
[ 2691917ms] [ERROR] Failed to load resource: the server responded with a status of 404 (Not Found) @ http://localhost:4401/dashboard/workbench/notes:0
[ 2691918ms] [ERROR] Failed to load resource: net::ERR_FAILED @ https://alternative.me/crypto/fear-and-greed-index.png:0
[ 2902023ms] [ERROR] Failed to load resource: net::ERR_CONNECTION_REFUSED @ http://localhost:4401/api/billing/ai-credits/summary:0
[ 2902227ms] [ERROR] Failed to load resource: net::ERR_CONNECTION_REFUSED @ http://localhost:4401/api/billing/ai-credits/summary:0
[ 2902831ms] [ERROR] Failed to load resource: net::ERR_CONNECTION_REFUSED @ http://localhost:4401/api/billing/ai-credits/summary:0
[ 2932022ms] [ERROR] Failed to load resource: net::ERR_CONNECTION_REFUSED @ http://localhost:4401/dashboard/overview:0
[ 2932023ms] [ERROR] Failed to load resource: net::ERR_CONNECTION_REFUSED @ http://localhost:4401/api/billing/ai-credits/summary:0
[ 2932023ms] [ERROR] Failed to load resource: net::ERR_CONNECTION_REFUSED @ http://localhost:4401/dashboard/alerts?limit=6:0
[ 2932226ms] [ERROR] Failed to load resource: net::ERR_CONNECTION_REFUSED @ http://localhost:4401/dashboard/overview:0
[ 2932226ms] [ERROR] Failed to load resource: net::ERR_CONNECTION_REFUSED @ http://localhost:4401/api/billing/ai-credits/summary:0
[ 2932226ms] [ERROR] Failed to load resource: net::ERR_CONNECTION_REFUSED @ http://localhost:4401/dashboard/alerts?limit=6:0
[ 2932832ms] [ERROR] Failed to load resource: net::ERR_CONNECTION_REFUSED @ http://localhost:4401/dashboard/overview:0
[ 2932833ms] [ERROR] Failed to load resource: net::ERR_CONNECTION_REFUSED @ http://localhost:4401/api/billing/ai-credits/summary:0
[ 2932833ms] [ERROR] Failed to load resource: net::ERR_CONNECTION_REFUSED @ http://localhost:4401/dashboard/alerts?limit=6:0
[ 2962024ms] [ERROR] Failed to load resource: net::ERR_CONNECTION_REFUSED @ http://localhost:4401/api/billing/ai-credits/summary:0
[ 2962228ms] [ERROR] Failed to load resource: net::ERR_CONNECTION_REFUSED @ http://localhost:4401/api/billing/ai-credits/summary:0
[ 2962833ms] [ERROR] Failed to load resource: net::ERR_CONNECTION_REFUSED @ http://localhost:4401/api/billing/ai-credits/summary:0
[ 2992023ms] [ERROR] Failed to load resource: net::ERR_CONNECTION_REFUSED @ http://localhost:4401/dashboard/overview:0
[ 2992023ms] [ERROR] Failed to load resource: net::ERR_CONNECTION_REFUSED @ http://localhost:4401/api/billing/ai-credits/summary:0
[ 2992023ms] [ERROR] Failed to load resource: net::ERR_CONNECTION_REFUSED @ http://localhost:4401/dashboard/alerts?limit=6:0
[ 2992226ms] [ERROR] Failed to load resource: net::ERR_CONNECTION_REFUSED @ http://localhost:4401/dashboard/overview:0
[ 2992226ms] [ERROR] Failed to load resource: net::ERR_CONNECTION_REFUSED @ http://localhost:4401/api/billing/ai-credits/summary:0
[ 2992226ms] [ERROR] Failed to load resource: net::ERR_CONNECTION_REFUSED @ http://localhost:4401/dashboard/alerts?limit=6:0
[ 2992829ms] [ERROR] Failed to load resource: net::ERR_CONNECTION_REFUSED @ http://localhost:4401/dashboard/overview:0
[ 2992829ms] [ERROR] Failed to load resource: net::ERR_CONNECTION_REFUSED @ http://localhost:4401/api/billing/ai-credits/summary:0
[ 2992829ms] [ERROR] Failed to load resource: net::ERR_CONNECTION_REFUSED @ http://localhost:4401/dashboard/alerts?limit=6:0
[ 3022025ms] [ERROR] Failed to load resource: net::ERR_CONNECTION_REFUSED @ http://localhost:4401/api/billing/ai-credits/summary:0
[ 3022230ms] [ERROR] Failed to load resource: net::ERR_CONNECTION_REFUSED @ http://localhost:4401/api/billing/ai-credits/summary:0
[ 3022833ms] [ERROR] Failed to load resource: net::ERR_CONNECTION_REFUSED @ http://localhost:4401/api/billing/ai-credits/summary:0
[ 3052032ms] [ERROR] Failed to load resource: net::ERR_CONNECTION_REFUSED @ http://localhost:4401/dashboard/overview:0
[ 3052032ms] [ERROR] Failed to load resource: net::ERR_CONNECTION_REFUSED @ http://localhost:4401/api/billing/ai-credits/summary:0
[ 3052032ms] [ERROR] Failed to load resource: net::ERR_CONNECTION_REFUSED @ http://localhost:4401/dashboard/alerts?limit=6:0
[ 3052245ms] [ERROR] Failed to load resource: net::ERR_CONNECTION_REFUSED @ http://localhost:4401/dashboard/overview:0
[ 3052245ms] [ERROR] Failed to load resource: net::ERR_CONNECTION_REFUSED @ http://localhost:4401/api/billing/ai-credits/summary:0
[ 3052246ms] [ERROR] Failed to load resource: net::ERR_CONNECTION_REFUSED @ http://localhost:4401/dashboard/alerts?limit=6:0
[ 3052855ms] [ERROR] Failed to load resource: net::ERR_CONNECTION_REFUSED @ http://localhost:4401/dashboard/overview:0
[ 3052856ms] [ERROR] Failed to load resource: net::ERR_CONNECTION_REFUSED @ http://localhost:4401/api/billing/ai-credits/summary:0
[ 3052856ms] [ERROR] Failed to load resource: net::ERR_CONNECTION_REFUSED @ http://localhost:4401/dashboard/alerts?limit=6:0
[ 3082029ms] [ERROR] Failed to load resource: net::ERR_CONNECTION_REFUSED @ http://localhost:4401/api/billing/ai-credits/summary:0
[ 3082236ms] [ERROR] Failed to load resource: net::ERR_CONNECTION_REFUSED @ http://localhost:4401/api/billing/ai-credits/summary:0
[ 3082840ms] [ERROR] Failed to load resource: net::ERR_CONNECTION_REFUSED @ http://localhost:4401/api/billing/ai-credits/summary:0
[ 3112031ms] [ERROR] Failed to load resource: net::ERR_CONNECTION_REFUSED @ http://localhost:4401/dashboard/overview:0
[ 3112031ms] [ERROR] Failed to load resource: net::ERR_CONNECTION_REFUSED @ http://localhost:4401/api/billing/ai-credits/summary:0
[ 3112032ms] [ERROR] Failed to load resource: net::ERR_CONNECTION_REFUSED @ http://localhost:4401/dashboard/alerts?limit=6:0
[ 3112236ms] [ERROR] Failed to load resource: net::ERR_CONNECTION_REFUSED @ http://localhost:4401/dashboard/overview:0
[ 3112236ms] [ERROR] Failed to load resource: net::ERR_CONNECTION_REFUSED @ http://localhost:4401/api/billing/ai-credits/summary:0
[ 3112236ms] [ERROR] Failed to load resource: net::ERR_CONNECTION_REFUSED @ http://localhost:4401/dashboard/alerts?limit=6:0
[ 3112844ms] [ERROR] Failed to load resource: net::ERR_CONNECTION_REFUSED @ http://localhost:4401/dashboard/overview:0
[ 3112844ms] [ERROR] Failed to load resource: net::ERR_CONNECTION_REFUSED @ http://localhost:4401/dashboard/alerts?limit=6:0
[ 3112845ms] [ERROR] Failed to load resource: net::ERR_CONNECTION_REFUSED @ http://localhost:4401/api/billing/ai-credits/summary:0
[ 3142029ms] [ERROR] Failed to load resource: net::ERR_CONNECTION_REFUSED @ http://localhost:4401/api/billing/ai-credits/summary:0
[ 3142239ms] [ERROR] Failed to load resource: net::ERR_CONNECTION_REFUSED @ http://localhost:4401/api/billing/ai-credits/summary:0
[ 3142842ms] [ERROR] Failed to load resource: net::ERR_CONNECTION_REFUSED @ http://localhost:4401/api/billing/ai-credits/summary:0
[ 3172032ms] [ERROR] Failed to load resource: net::ERR_CONNECTION_REFUSED @ http://localhost:4401/dashboard/overview:0
[ 3172032ms] [ERROR] Failed to load resource: net::ERR_CONNECTION_REFUSED @ http://localhost:4401/api/billing/ai-credits/summary:0
[ 3172032ms] [ERROR] Failed to load resource: net::ERR_CONNECTION_REFUSED @ http://localhost:4401/dashboard/alerts?limit=6:0
[ 3172245ms] [ERROR] Failed to load resource: net::ERR_CONNECTION_REFUSED @ http://localhost:4401/dashboard/overview:0
[ 3172245ms] [ERROR] Failed to load resource: net::ERR_CONNECTION_REFUSED @ http://localhost:4401/api/billing/ai-credits/summary:0
[ 3172245ms] [ERROR] Failed to load resource: net::ERR_CONNECTION_REFUSED @ http://localhost:4401/dashboard/alerts?limit=6:0
[ 3172853ms] [ERROR] Failed to load resource: net::ERR_CONNECTION_REFUSED @ http://localhost:4401/dashboard/overview:0
[ 3172853ms] [ERROR] Failed to load resource: net::ERR_CONNECTION_REFUSED @ http://localhost:4401/api/billing/ai-credits/summary:0
[ 3172853ms] [ERROR] Failed to load resource: net::ERR_CONNECTION_REFUSED @ http://localhost:4401/dashboard/alerts?limit=6:0
[ 3202029ms] [ERROR] Failed to load resource: net::ERR_CONNECTION_REFUSED @ http://localhost:4401/api/billing/ai-credits/summary:0
[ 3202235ms] [ERROR] Failed to load resource: net::ERR_CONNECTION_REFUSED @ http://localhost:4401/api/billing/ai-credits/summary:0
[ 3202842ms] [ERROR] Failed to load resource: net::ERR_CONNECTION_REFUSED @ http://localhost:4401/api/billing/ai-credits/summary:0
[ 3232032ms] [ERROR] Failed to load resource: net::ERR_CONNECTION_REFUSED @ http://localhost:4401/dashboard/overview:0
[ 3232032ms] [ERROR] Failed to load resource: net::ERR_CONNECTION_REFUSED @ http://localhost:4401/api/billing/ai-credits/summary:0
[ 3232032ms] [ERROR] Failed to load resource: net::ERR_CONNECTION_REFUSED @ http://localhost:4401/dashboard/alerts?limit=6:0
[ 3232241ms] [ERROR] Failed to load resource: net::ERR_CONNECTION_REFUSED @ http://localhost:4401/dashboard/overview:0
[ 3232242ms] [ERROR] Failed to load resource: net::ERR_CONNECTION_REFUSED @ http://localhost:4401/api/billing/ai-credits/summary:0
[ 3232242ms] [ERROR] Failed to load resource: net::ERR_CONNECTION_REFUSED @ http://localhost:4401/dashboard/alerts?limit=6:0
[ 3232849ms] [ERROR] Failed to load resource: net::ERR_CONNECTION_REFUSED @ http://localhost:4401/dashboard/overview:0
[ 3232852ms] [ERROR] Failed to load resource: net::ERR_CONNECTION_REFUSED @ http://localhost:4401/api/billing/ai-credits/summary:0
[ 3232852ms] [ERROR] Failed to load resource: net::ERR_CONNECTION_REFUSED @ http://localhost:4401/dashboard/alerts?limit=6:0
[ 3262029ms] [ERROR] Failed to load resource: net::ERR_CONNECTION_REFUSED @ http://localhost:4401/api/billing/ai-credits/summary:0
[ 3262236ms] [ERROR] Failed to load resource: net::ERR_CONNECTION_REFUSED @ http://localhost:4401/api/billing/ai-credits/summary:0
[ 3262842ms] [ERROR] Failed to load resource: net::ERR_CONNECTION_REFUSED @ http://localhost:4401/api/billing/ai-credits/summary:0
[ 3292031ms] [ERROR] Failed to load resource: net::ERR_CONNECTION_REFUSED @ http://localhost:4401/dashboard/overview:0
[ 3292031ms] [ERROR] Failed to load resource: net::ERR_CONNECTION_REFUSED @ http://localhost:4401/api/billing/ai-credits/summary:0
[ 3292032ms] [ERROR] Failed to load resource: net::ERR_CONNECTION_REFUSED @ http://localhost:4401/dashboard/alerts?limit=6:0
[ 3292240ms] [ERROR] Failed to load resource: net::ERR_CONNECTION_REFUSED @ http://localhost:4401/dashboard/overview:0
[ 3292240ms] [ERROR] Failed to load resource: net::ERR_CONNECTION_REFUSED @ http://localhost:4401/api/billing/ai-credits/summary:0
[ 3292241ms] [ERROR] Failed to load resource: net::ERR_CONNECTION_REFUSED @ http://localhost:4401/dashboard/alerts?limit=6:0
[ 3292851ms] [ERROR] Failed to load resource: net::ERR_CONNECTION_REFUSED @ http://localhost:4401/dashboard/overview:0
[ 3292851ms] [ERROR] Failed to load resource: net::ERR_CONNECTION_REFUSED @ http://localhost:4401/api/billing/ai-credits/summary:0
[ 3292851ms] [ERROR] Failed to load resource: net::ERR_CONNECTION_REFUSED @ http://localhost:4401/dashboard/alerts?limit=6:0
[ 3322028ms] [ERROR] Failed to load resource: net::ERR_CONNECTION_REFUSED @ http://localhost:4401/api/billing/ai-credits/summary:0
[ 3322234ms] [ERROR] Failed to load resource: net::ERR_CONNECTION_REFUSED @ http://localhost:4401/api/billing/ai-credits/summary:0
[ 3322844ms] [ERROR] Failed to load resource: net::ERR_CONNECTION_REFUSED @ http://localhost:4401/api/billing/ai-credits/summary:0
[ 3352031ms] [ERROR] Failed to load resource: net::ERR_CONNECTION_REFUSED @ http://localhost:4401/dashboard/overview:0
[ 3352031ms] [ERROR] Failed to load resource: net::ERR_CONNECTION_REFUSED @ http://localhost:4401/api/billing/ai-credits/summary:0
[ 3352031ms] [ERROR] Failed to load resource: net::ERR_CONNECTION_REFUSED @ http://localhost:4401/dashboard/alerts?limit=6:0
[ 3352241ms] [ERROR] Failed to load resource: net::ERR_CONNECTION_REFUSED @ http://localhost:4401/dashboard/overview:0
[ 3352241ms] [ERROR] Failed to load resource: net::ERR_CONNECTION_REFUSED @ http://localhost:4401/api/billing/ai-credits/summary:0
[ 3352241ms] [ERROR] Failed to load resource: net::ERR_CONNECTION_REFUSED @ http://localhost:4401/dashboard/alerts?limit=6:0
[ 3352850ms] [ERROR] Failed to load resource: net::ERR_CONNECTION_REFUSED @ http://localhost:4401/dashboard/overview:0
[ 3352851ms] [ERROR] Failed to load resource: net::ERR_CONNECTION_REFUSED @ http://localhost:4401/api/billing/ai-credits/summary:0
[ 3352851ms] [ERROR] Failed to load resource: net::ERR_CONNECTION_REFUSED @ http://localhost:4401/dashboard/alerts?limit=6:0
[ 3382032ms] [ERROR] Failed to load resource: net::ERR_CONNECTION_REFUSED @ http://localhost:4401/api/billing/ai-credits/summary:0
[ 3382241ms] [ERROR] Failed to load resource: net::ERR_CONNECTION_REFUSED @ http://localhost:4401/api/billing/ai-credits/summary:0
[ 3382849ms] [ERROR] Failed to load resource: net::ERR_CONNECTION_REFUSED @ http://localhost:4401/api/billing/ai-credits/summary:0
[ 3412032ms] [ERROR] Failed to load resource: net::ERR_CONNECTION_REFUSED @ http://localhost:4401/dashboard/overview:0
[ 3412033ms] [ERROR] Failed to load resource: net::ERR_CONNECTION_REFUSED @ http://localhost:4401/api/billing/ai-credits/summary:0
[ 3412033ms] [ERROR] Failed to load resource: net::ERR_CONNECTION_REFUSED @ http://localhost:4401/dashboard/alerts?limit=6:0
[ 3412245ms] [ERROR] Failed to load resource: net::ERR_CONNECTION_REFUSED @ http://localhost:4401/dashboard/overview:0
[ 3412245ms] [ERROR] Failed to load resource: net::ERR_CONNECTION_REFUSED @ http://localhost:4401/api/billing/ai-credits/summary:0
[ 3412245ms] [ERROR] Failed to load resource: net::ERR_CONNECTION_REFUSED @ http://localhost:4401/dashboard/alerts?limit=6:0
[ 3412855ms] [ERROR] Failed to load resource: net::ERR_CONNECTION_REFUSED @ http://localhost:4401/dashboard/overview:0
[ 3412856ms] [ERROR] Failed to load resource: net::ERR_CONNECTION_REFUSED @ http://localhost:4401/api/billing/ai-credits/summary:0
[ 3412856ms] [ERROR] Failed to load resource: net::ERR_CONNECTION_REFUSED @ http://localhost:4401/dashboard/alerts?limit=6:0
[ 3442026ms] [ERROR] Failed to load resource: net::ERR_CONNECTION_REFUSED @ http://localhost:4401/api/billing/ai-credits/summary:0
[ 3442230ms] [ERROR] Failed to load resource: net::ERR_CONNECTION_REFUSED @ http://localhost:4401/api/billing/ai-credits/summary:0
[ 3442835ms] [ERROR] Failed to load resource: net::ERR_CONNECTION_REFUSED @ http://localhost:4401/api/billing/ai-credits/summary:0
[ 3472033ms] [ERROR] Failed to load resource: net::ERR_CONNECTION_REFUSED @ http://localhost:4401/dashboard/overview:0
[ 3472033ms] [ERROR] Failed to load resource: net::ERR_CONNECTION_REFUSED @ http://localhost:4401/api/billing/ai-credits/summary:0
[ 3472033ms] [ERROR] Failed to load resource: net::ERR_CONNECTION_REFUSED @ http://localhost:4401/dashboard/alerts?limit=6:0
[ 3472237ms] [ERROR] Failed to load resource: net::ERR_CONNECTION_REFUSED @ http://localhost:4401/dashboard/overview:0
[ 3472237ms] [ERROR] Failed to load resource: net::ERR_CONNECTION_REFUSED @ http://localhost:4401/api/billing/ai-credits/summary:0
[ 3472237ms] [ERROR] Failed to load resource: net::ERR_CONNECTION_REFUSED @ http://localhost:4401/dashboard/alerts?limit=6:0
[ 3472849ms] [ERROR] Failed to load resource: net::ERR_CONNECTION_REFUSED @ http://localhost:4401/dashboard/overview:0
[ 3472849ms] [ERROR] Failed to load resource: net::ERR_CONNECTION_REFUSED @ http://localhost:4401/api/billing/ai-credits/summary:0
[ 3472849ms] [ERROR] Failed to load resource: net::ERR_CONNECTION_REFUSED @ http://localhost:4401/dashboard/alerts?limit=6:0
[ 3502032ms] [ERROR] Failed to load resource: net::ERR_CONNECTION_REFUSED @ http://localhost:4401/api/billing/ai-credits/summary:0
[ 3502238ms] [ERROR] Failed to load resource: net::ERR_CONNECTION_REFUSED @ http://localhost:4401/api/billing/ai-credits/summary:0
[ 3502845ms] [ERROR] Failed to load resource: net::ERR_CONNECTION_REFUSED @ http://localhost:4401/api/billing/ai-credits/summary:0
[ 3532037ms] [ERROR] Failed to load resource: net::ERR_CONNECTION_REFUSED @ http://localhost:4401/dashboard/overview:0
[ 3532037ms] [ERROR] Failed to load resource: net::ERR_CONNECTION_REFUSED @ http://localhost:4401/api/billing/ai-credits/summary:0
[ 3532037ms] [ERROR] Failed to load resource: net::ERR_CONNECTION_REFUSED @ http://localhost:4401/dashboard/alerts?limit=6:0
[ 3532242ms] [ERROR] Failed to load resource: net::ERR_CONNECTION_REFUSED @ http://localhost:4401/dashboard/overview:0
[ 3532242ms] [ERROR] Failed to load resource: net::ERR_CONNECTION_REFUSED @ http://localhost:4401/api/billing/ai-credits/summary:0
[ 3532242ms] [ERROR] Failed to load resource: net::ERR_CONNECTION_REFUSED @ http://localhost:4401/dashboard/alerts?limit=6:0
[ 3532852ms] [ERROR] Failed to load resource: net::ERR_CONNECTION_REFUSED @ http://localhost:4401/dashboard/overview:0
[ 3532852ms] [ERROR] Failed to load resource: net::ERR_CONNECTION_REFUSED @ http://localhost:4401/api/billing/ai-credits/summary:0
[ 3532852ms] [ERROR] Failed to load resource: net::ERR_CONNECTION_REFUSED @ http://localhost:4401/dashboard/alerts?limit=6:0
[ 3562046ms] [ERROR] Failed to load resource: net::ERR_CONNECTION_REFUSED @ http://localhost:4401/api/billing/ai-credits/summary:0
[ 3562252ms] [ERROR] Failed to load resource: net::ERR_CONNECTION_REFUSED @ http://localhost:4401/api/billing/ai-credits/summary:0
[ 3562857ms] [ERROR] Failed to load resource: net::ERR_CONNECTION_REFUSED @ http://localhost:4401/api/billing/ai-credits/summary:0
[ 3592050ms] [ERROR] Failed to load resource: net::ERR_CONNECTION_REFUSED @ http://localhost:4401/dashboard/overview:0
[ 3592050ms] [ERROR] Failed to load resource: net::ERR_CONNECTION_REFUSED @ http://localhost:4401/api/billing/ai-credits/summary:0
[ 3592050ms] [ERROR] Failed to load resource: net::ERR_CONNECTION_REFUSED @ http://localhost:4401/dashboard/alerts?limit=6:0
[ 3592260ms] [ERROR] Failed to load resource: net::ERR_CONNECTION_REFUSED @ http://localhost:4401/dashboard/overview:0
[ 3592260ms] [ERROR] Failed to load resource: net::ERR_CONNECTION_REFUSED @ http://localhost:4401/api/billing/ai-credits/summary:0
[ 3592260ms] [ERROR] Failed to load resource: net::ERR_CONNECTION_REFUSED @ http://localhost:4401/dashboard/alerts?limit=6:0
[ 3592865ms] [ERROR] Failed to load resource: net::ERR_CONNECTION_REFUSED @ http://localhost:4401/dashboard/overview:0
[ 3592865ms] [ERROR] Failed to load resource: net::ERR_CONNECTION_REFUSED @ http://localhost:4401/api/billing/ai-credits/summary:0
[ 3592865ms] [ERROR] Failed to load resource: net::ERR_CONNECTION_REFUSED @ http://localhost:4401/dashboard/alerts?limit=6:0
[ 3622049ms] [ERROR] Failed to load resource: net::ERR_CONNECTION_REFUSED @ http://localhost:4401/api/billing/ai-credits/summary:0
[ 3622257ms] [ERROR] Failed to load resource: net::ERR_CONNECTION_REFUSED @ http://localhost:4401/api/billing/ai-credits/summary:0
[ 3622865ms] [ERROR] Failed to load resource: net::ERR_CONNECTION_REFUSED @ http://localhost:4401/api/billing/ai-credits/summary:0
[ 3652051ms] [ERROR] Failed to load resource: net::ERR_CONNECTION_REFUSED @ http://localhost:4401/dashboard/overview:0
[ 3652052ms] [ERROR] Failed to load resource: net::ERR_CONNECTION_REFUSED @ http://localhost:4401/api/billing/ai-credits/summary:0
[ 3652052ms] [ERROR] Failed to load resource: net::ERR_CONNECTION_REFUSED @ http://localhost:4401/dashboard/alerts?limit=6:0
[ 3652261ms] [ERROR] Failed to load resource: net::ERR_CONNECTION_REFUSED @ http://localhost:4401/dashboard/overview:0
[ 3652261ms] [ERROR] Failed to load resource: net::ERR_CONNECTION_REFUSED @ http://localhost:4401/api/billing/ai-credits/summary:0
[ 3652263ms] [ERROR] Failed to load resource: net::ERR_CONNECTION_REFUSED @ http://localhost:4401/dashboard/alerts?limit=6:0
[ 3652874ms] [ERROR] Failed to load resource: net::ERR_CONNECTION_REFUSED @ http://localhost:4401/dashboard/overview:0
[ 3652875ms] [ERROR] Failed to load resource: net::ERR_CONNECTION_REFUSED @ http://localhost:4401/api/billing/ai-credits/summary:0
[ 3652875ms] [ERROR] Failed to load resource: net::ERR_CONNECTION_REFUSED @ http://localhost:4401/dashboard/alerts?limit=6:0
[ 3682049ms] [ERROR] Failed to load resource: net::ERR_CONNECTION_REFUSED @ http://localhost:4401/api/billing/ai-credits/summary:0
[ 3682257ms] [ERROR] Failed to load resource: net::ERR_CONNECTION_REFUSED @ http://localhost:4401/api/billing/ai-credits/summary:0
[ 3682863ms] [ERROR] Failed to load resource: net::ERR_CONNECTION_REFUSED @ http://localhost:4401/api/billing/ai-credits/summary:0
[ 3712050ms] [ERROR] Failed to load resource: net::ERR_CONNECTION_REFUSED @ http://localhost:4401/dashboard/overview:0
[ 3712051ms] [ERROR] Failed to load resource: net::ERR_CONNECTION_REFUSED @ http://localhost:4401/api/billing/ai-credits/summary:0
[ 3712051ms] [ERROR] Failed to load resource: net::ERR_CONNECTION_REFUSED @ http://localhost:4401/dashboard/alerts?limit=6:0
[ 3712259ms] [ERROR] Failed to load resource: net::ERR_CONNECTION_REFUSED @ http://localhost:4401/dashboard/overview:0
[ 3712260ms] [ERROR] Failed to load resource: net::ERR_CONNECTION_REFUSED @ http://localhost:4401/api/billing/ai-credits/summary:0
[ 3712260ms] [ERROR] Failed to load resource: net::ERR_CONNECTION_REFUSED @ http://localhost:4401/dashboard/alerts?limit=6:0
[ 3712870ms] [ERROR] Failed to load resource: net::ERR_CONNECTION_REFUSED @ http://localhost:4401/dashboard/overview:0
[ 3712871ms] [ERROR] Failed to load resource: net::ERR_CONNECTION_REFUSED @ http://localhost:4401/api/billing/ai-credits/summary:0
[ 3712871ms] [ERROR] Failed to load resource: net::ERR_CONNECTION_REFUSED @ http://localhost:4401/dashboard/alerts?limit=6:0
[ 3742052ms] [ERROR] Failed to load resource: net::ERR_CONNECTION_REFUSED @ http://localhost:4401/api/billing/ai-credits/summary:0
[ 3742257ms] [ERROR] Failed to load resource: net::ERR_CONNECTION_REFUSED @ http://localhost:4401/api/billing/ai-credits/summary:0
[ 3742862ms] [ERROR] Failed to load resource: net::ERR_CONNECTION_REFUSED @ http://localhost:4401/api/billing/ai-credits/summary:0
[ 3772056ms] [ERROR] Failed to load resource: net::ERR_CONNECTION_REFUSED @ http://localhost:4401/dashboard/overview:0
[ 3772056ms] [ERROR] Failed to load resource: net::ERR_CONNECTION_REFUSED @ http://localhost:4401/api/billing/ai-credits/summary:0
[ 3772057ms] [ERROR] Failed to load resource: net::ERR_CONNECTION_REFUSED @ http://localhost:4401/dashboard/alerts?limit=6:0
[ 3772269ms] [ERROR] Failed to load resource: net::ERR_CONNECTION_REFUSED @ http://localhost:4401/dashboard/overview:0
[ 3772269ms] [ERROR] Failed to load resource: net::ERR_CONNECTION_REFUSED @ http://localhost:4401/api/billing/ai-credits/summary:0
[ 3772270ms] [ERROR] Failed to load resource: net::ERR_CONNECTION_REFUSED @ http://localhost:4401/dashboard/alerts?limit=6:0
[ 3772880ms] [ERROR] Failed to load resource: net::ERR_CONNECTION_REFUSED @ http://localhost:4401/api/billing/ai-credits/summary:0
[ 3772881ms] [ERROR] Failed to load resource: net::ERR_CONNECTION_REFUSED @ http://localhost:4401/dashboard/overview:0
[ 3772881ms] [ERROR] Failed to load resource: net::ERR_CONNECTION_REFUSED @ http://localhost:4401/dashboard/alerts?limit=6:0
[ 3802049ms] [ERROR] Failed to load resource: net::ERR_CONNECTION_REFUSED @ http://localhost:4401/api/billing/ai-credits/summary:0
[ 3802256ms] [ERROR] Failed to load resource: net::ERR_CONNECTION_REFUSED @ http://localhost:4401/api/billing/ai-credits/summary:0
[ 3802864ms] [ERROR] Failed to load resource: net::ERR_CONNECTION_REFUSED @ http://localhost:4401/api/billing/ai-credits/summary:0
[ 3832056ms] [ERROR] Failed to load resource: net::ERR_CONNECTION_REFUSED @ http://localhost:4401/dashboard/overview:0
[ 3832056ms] [ERROR] Failed to load resource: net::ERR_CONNECTION_REFUSED @ http://localhost:4401/api/billing/ai-credits/summary:0
[ 3832056ms] [ERROR] Failed to load resource: net::ERR_CONNECTION_REFUSED @ http://localhost:4401/dashboard/alerts?limit=6:0
[ 3832266ms] [ERROR] Failed to load resource: net::ERR_CONNECTION_REFUSED @ http://localhost:4401/dashboard/overview:0
[ 3832266ms] [ERROR] Failed to load resource: net::ERR_CONNECTION_REFUSED @ http://localhost:4401/api/billing/ai-credits/summary:0
[ 3832266ms] [ERROR] Failed to load resource: net::ERR_CONNECTION_REFUSED @ http://localhost:4401/dashboard/alerts?limit=6:0
[ 3832872ms] [ERROR] Failed to load resource: net::ERR_CONNECTION_REFUSED @ http://localhost:4401/dashboard/overview:0
[ 3832872ms] [ERROR] Failed to load resource: net::ERR_CONNECTION_REFUSED @ http://localhost:4401/api/billing/ai-credits/summary:0
[ 3832872ms] [ERROR] Failed to load resource: net::ERR_CONNECTION_REFUSED @ http://localhost:4401/dashboard/alerts?limit=6:0
[ 3862052ms] [ERROR] Failed to load resource: net::ERR_CONNECTION_REFUSED @ http://localhost:4401/api/billing/ai-credits/summary:0
[ 3862261ms] [ERROR] Failed to load resource: net::ERR_CONNECTION_REFUSED @ http://localhost:4401/api/billing/ai-credits/summary:0
[ 3862867ms] [ERROR] Failed to load resource: net::ERR_CONNECTION_REFUSED @ http://localhost:4401/api/billing/ai-credits/summary:0
[ 3892055ms] [ERROR] Failed to load resource: net::ERR_CONNECTION_REFUSED @ http://localhost:4401/dashboard/overview:0
[ 3892056ms] [ERROR] Failed to load resource: net::ERR_CONNECTION_REFUSED @ http://localhost:4401/api/billing/ai-credits/summary:0
[ 3892056ms] [ERROR] Failed to load resource: net::ERR_CONNECTION_REFUSED @ http://localhost:4401/dashboard/alerts?limit=6:0
[ 3892264ms] [ERROR] Failed to load resource: net::ERR_CONNECTION_REFUSED @ http://localhost:4401/dashboard/overview:0
[ 3892264ms] [ERROR] Failed to load resource: net::ERR_CONNECTION_REFUSED @ http://localhost:4401/api/billing/ai-credits/summary:0
[ 3892264ms] [ERROR] Failed to load resource: net::ERR_CONNECTION_REFUSED @ http://localhost:4401/dashboard/alerts?limit=6:0
[ 3892872ms] [ERROR] Failed to load resource: net::ERR_CONNECTION_REFUSED @ http://localhost:4401/dashboard/overview:0
[ 3892874ms] [ERROR] Failed to load resource: net::ERR_CONNECTION_REFUSED @ http://localhost:4401/api/billing/ai-credits/summary:0
[ 3892874ms] [ERROR] Failed to load resource: net::ERR_CONNECTION_REFUSED @ http://localhost:4401/dashboard/alerts?limit=6:0
[ 3922052ms] [ERROR] Failed to load resource: net::ERR_CONNECTION_REFUSED @ http://localhost:4401/api/billing/ai-credits/summary:0
[ 3922260ms] [ERROR] Failed to load resource: net::ERR_CONNECTION_REFUSED @ http://localhost:4401/api/billing/ai-credits/summary:0
[ 3922869ms] [ERROR] Failed to load resource: net::ERR_CONNECTION_REFUSED @ http://localhost:4401/api/billing/ai-credits/summary:0
[ 3952057ms] [ERROR] Failed to load resource: net::ERR_CONNECTION_REFUSED @ http://localhost:4401/dashboard/overview:0
[ 3952057ms] [ERROR] Failed to load resource: net::ERR_CONNECTION_REFUSED @ http://localhost:4401/api/billing/ai-credits/summary:0
[ 3952057ms] [ERROR] Failed to load resource: net::ERR_CONNECTION_REFUSED @ http://localhost:4401/dashboard/alerts?limit=6:0
[ 3952268ms] [ERROR] Failed to load resource: net::ERR_CONNECTION_REFUSED @ http://localhost:4401/dashboard/overview:0
[ 3952268ms] [ERROR] Failed to load resource: net::ERR_CONNECTION_REFUSED @ http://localhost:4401/api/billing/ai-credits/summary:0
[ 3952268ms] [ERROR] Failed to load resource: net::ERR_CONNECTION_REFUSED @ http://localhost:4401/dashboard/alerts?limit=6:0
[ 3952879ms] [ERROR] Failed to load resource: net::ERR_CONNECTION_REFUSED @ http://localhost:4401/dashboard/overview:0
[ 3952879ms] [ERROR] Failed to load resource: net::ERR_CONNECTION_REFUSED @ http://localhost:4401/api/billing/ai-credits/summary:0
[ 3952879ms] [ERROR] Failed to load resource: net::ERR_CONNECTION_REFUSED @ http://localhost:4401/dashboard/alerts?limit=6:0
[ 3982050ms] [ERROR] Failed to load resource: net::ERR_CONNECTION_REFUSED @ http://localhost:4401/api/billing/ai-credits/summary:0
[ 3982258ms] [ERROR] Failed to load resource: net::ERR_CONNECTION_REFUSED @ http://localhost:4401/api/billing/ai-credits/summary:0
[ 3982868ms] [ERROR] Failed to load resource: net::ERR_CONNECTION_REFUSED @ http://localhost:4401/api/billing/ai-credits/summary:0
[ 4012057ms] [ERROR] Failed to load resource: net::ERR_CONNECTION_REFUSED @ http://localhost:4401/dashboard/overview:0
[ 4012057ms] [ERROR] Failed to load resource: net::ERR_CONNECTION_REFUSED @ http://localhost:4401/api/billing/ai-credits/summary:0
[ 4012057ms] [ERROR] Failed to load resource: net::ERR_CONNECTION_REFUSED @ http://localhost:4401/dashboard/alerts?limit=6:0
[ 4012269ms] [ERROR] Failed to load resource: net::ERR_CONNECTION_REFUSED @ http://localhost:4401/dashboard/overview:0
[ 4012269ms] [ERROR] Failed to load resource: net::ERR_CONNECTION_REFUSED @ http://localhost:4401/api/billing/ai-credits/summary:0
[ 4012269ms] [ERROR] Failed to load resource: net::ERR_CONNECTION_REFUSED @ http://localhost:4401/dashboard/alerts?limit=6:0
[ 4012880ms] [ERROR] Failed to load resource: net::ERR_CONNECTION_REFUSED @ http://localhost:4401/dashboard/overview:0
[ 4012880ms] [ERROR] Failed to load resource: net::ERR_CONNECTION_REFUSED @ http://localhost:4401/api/billing/ai-credits/summary:0
[ 4012880ms] [ERROR] Failed to load resource: net::ERR_CONNECTION_REFUSED @ http://localhost:4401/dashboard/alerts?limit=6:0
[ 4042049ms] [ERROR] Failed to load resource: net::ERR_CONNECTION_REFUSED @ http://localhost:4401/api/billing/ai-credits/summary:0
[ 4042252ms] [ERROR] Failed to load resource: net::ERR_CONNECTION_REFUSED @ http://localhost:4401/api/billing/ai-credits/summary:0
[ 4042859ms] [ERROR] Failed to load resource: net::ERR_CONNECTION_REFUSED @ http://localhost:4401/api/billing/ai-credits/summary:0
[ 4072057ms] [ERROR] Failed to load resource: net::ERR_CONNECTION_REFUSED @ http://localhost:4401/dashboard/overview:0
[ 4072058ms] [ERROR] Failed to load resource: net::ERR_CONNECTION_REFUSED @ http://localhost:4401/api/billing/ai-credits/summary:0
[ 4072058ms] [ERROR] Failed to load resource: net::ERR_CONNECTION_REFUSED @ http://localhost:4401/dashboard/alerts?limit=6:0
[ 4072268ms] [ERROR] Failed to load resource: net::ERR_CONNECTION_REFUSED @ http://localhost:4401/dashboard/overview:0
[ 4072268ms] [ERROR] Failed to load resource: net::ERR_CONNECTION_REFUSED @ http://localhost:4401/api/billing/ai-credits/summary:0
[ 4072268ms] [ERROR] Failed to load resource: net::ERR_CONNECTION_REFUSED @ http://localhost:4401/dashboard/alerts?limit=6:0
[ 4072877ms] [ERROR] Failed to load resource: net::ERR_CONNECTION_REFUSED @ http://localhost:4401/dashboard/overview:0
[ 4072878ms] [ERROR] Failed to load resource: net::ERR_CONNECTION_REFUSED @ http://localhost:4401/api/billing/ai-credits/summary:0
[ 4072878ms] [ERROR] Failed to load resource: net::ERR_CONNECTION_REFUSED @ http://localhost:4401/dashboard/alerts?limit=6:0
[ 4102055ms] [ERROR] Failed to load resource: net::ERR_CONNECTION_REFUSED @ http://localhost:4401/api/billing/ai-credits/summary:0
[ 4102261ms] [ERROR] Failed to load resource: net::ERR_CONNECTION_REFUSED @ http://localhost:4401/api/billing/ai-credits/summary:0
[ 4102868ms] [ERROR] Failed to load resource: net::ERR_CONNECTION_REFUSED @ http://localhost:4401/api/billing/ai-credits/summary:0
[ 4132057ms] [ERROR] Failed to load resource: net::ERR_CONNECTION_REFUSED @ http://localhost:4401/dashboard/overview:0
[ 4132057ms] [ERROR] Failed to load resource: net::ERR_CONNECTION_REFUSED @ http://localhost:4401/api/billing/ai-credits/summary:0
[ 4132058ms] [ERROR] Failed to load resource: net::ERR_CONNECTION_REFUSED @ http://localhost:4401/dashboard/alerts?limit=6:0
[ 4132266ms] [ERROR] Failed to load resource: net::ERR_CONNECTION_REFUSED @ http://localhost:4401/dashboard/overview:0
[ 4132266ms] [ERROR] Failed to load resource: net::ERR_CONNECTION_REFUSED @ http://localhost:4401/api/billing/ai-credits/summary:0
[ 4132266ms] [ERROR] Failed to load resource: net::ERR_CONNECTION_REFUSED @ http://localhost:4401/dashboard/alerts?limit=6:0
[ 4132878ms] [ERROR] Failed to load resource: net::ERR_CONNECTION_REFUSED @ http://localhost:4401/dashboard/overview:0
[ 4132878ms] [ERROR] Failed to load resource: net::ERR_CONNECTION_REFUSED @ http://localhost:4401/api/billing/ai-credits/summary:0
[ 4132878ms] [ERROR] Failed to load resource: net::ERR_CONNECTION_REFUSED @ http://localhost:4401/dashboard/alerts?limit=6:0
[ 4162055ms] [ERROR] Failed to load resource: net::ERR_CONNECTION_REFUSED @ http://localhost:4401/api/billing/ai-credits/summary:0
[ 4162262ms] [ERROR] Failed to load resource: net::ERR_CONNECTION_REFUSED @ http://localhost:4401/api/billing/ai-credits/summary:0
[ 4162868ms] [ERROR] Failed to load resource: net::ERR_CONNECTION_REFUSED @ http://localhost:4401/api/billing/ai-credits/summary:0
[ 4192058ms] [ERROR] Failed to load resource: net::ERR_CONNECTION_REFUSED @ http://localhost:4401/dashboard/overview:0
[ 4192058ms] [ERROR] Failed to load resource: net::ERR_CONNECTION_REFUSED @ http://localhost:4401/api/billing/ai-credits/summary:0
[ 4192058ms] [ERROR] Failed to load resource: net::ERR_CONNECTION_REFUSED @ http://localhost:4401/dashboard/alerts?limit=6:0
[ 4192267ms] [ERROR] Failed to load resource: net::ERR_CONNECTION_REFUSED @ http://localhost:4401/dashboard/overview:0
[ 4192267ms] [ERROR] Failed to load resource: net::ERR_CONNECTION_REFUSED @ http://localhost:4401/api/billing/ai-credits/summary:0
[ 4192268ms] [ERROR] Failed to load resource: net::ERR_CONNECTION_REFUSED @ http://localhost:4401/dashboard/alerts?limit=6:0
[ 4192873ms] [ERROR] Failed to load resource: net::ERR_CONNECTION_REFUSED @ http://localhost:4401/dashboard/overview:0
[ 4192873ms] [ERROR] Failed to load resource: net::ERR_CONNECTION_REFUSED @ http://localhost:4401/api/billing/ai-credits/summary:0
[ 4192873ms] [ERROR] Failed to load resource: net::ERR_CONNECTION_REFUSED @ http://localhost:4401/dashboard/alerts?limit=6:0
[ 4222054ms] [ERROR] Failed to load resource: net::ERR_CONNECTION_REFUSED @ http://localhost:4401/api/billing/ai-credits/summary:0
[ 4222263ms] [ERROR] Failed to load resource: net::ERR_CONNECTION_REFUSED @ http://localhost:4401/api/billing/ai-credits/summary:0
[ 4222866ms] [ERROR] Failed to load resource: net::ERR_CONNECTION_REFUSED @ http://localhost:4401/api/billing/ai-credits/summary:0
[ 4252060ms] [ERROR] Failed to load resource: net::ERR_CONNECTION_REFUSED @ http://localhost:4401/dashboard/overview:0
[ 4252061ms] [ERROR] Failed to load resource: net::ERR_CONNECTION_REFUSED @ http://localhost:4401/api/billing/ai-credits/summary:0
[ 4252061ms] [ERROR] Failed to load resource: net::ERR_CONNECTION_REFUSED @ http://localhost:4401/dashboard/alerts?limit=6:0
[ 4252272ms] [ERROR] Failed to load resource: net::ERR_CONNECTION_REFUSED @ http://localhost:4401/dashboard/overview:0
[ 4252272ms] [ERROR] Failed to load resource: net::ERR_CONNECTION_REFUSED @ http://localhost:4401/api/billing/ai-credits/summary:0
[ 4252272ms] [ERROR] Failed to load resource: net::ERR_CONNECTION_REFUSED @ http://localhost:4401/dashboard/alerts?limit=6:0
[ 4252879ms] [ERROR] Failed to load resource: net::ERR_CONNECTION_REFUSED @ http://localhost:4401/dashboard/overview:0
[ 4252879ms] [ERROR] Failed to load resource: net::ERR_CONNECTION_REFUSED @ http://localhost:4401/api/billing/ai-credits/summary:0
[ 4252879ms] [ERROR] Failed to load resource: net::ERR_CONNECTION_REFUSED @ http://localhost:4401/dashboard/alerts?limit=6:0
[ 4282059ms] [ERROR] Failed to load resource: net::ERR_CONNECTION_REFUSED @ http://localhost:4401/api/billing/ai-credits/summary:0
[ 4282265ms] [ERROR] Failed to load resource: net::ERR_CONNECTION_REFUSED @ http://localhost:4401/api/billing/ai-credits/summary:0
[ 4282873ms] [ERROR] Failed to load resource: net::ERR_CONNECTION_REFUSED @ http://localhost:4401/api/billing/ai-credits/summary:0
[ 4312062ms] [ERROR] Failed to load resource: net::ERR_CONNECTION_REFUSED @ http://localhost:4401/dashboard/overview:0
[ 4312062ms] [ERROR] Failed to load resource: net::ERR_CONNECTION_REFUSED @ http://localhost:4401/api/billing/ai-credits/summary:0
[ 4312062ms] [ERROR] Failed to load resource: net::ERR_CONNECTION_REFUSED @ http://localhost:4401/dashboard/alerts?limit=6:0
[ 4312273ms] [ERROR] Failed to load resource: net::ERR_CONNECTION_REFUSED @ http://localhost:4401/dashboard/overview:0
[ 4312274ms] [ERROR] Failed to load resource: net::ERR_CONNECTION_REFUSED @ http://localhost:4401/api/billing/ai-credits/summary:0
[ 4312274ms] [ERROR] Failed to load resource: net::ERR_CONNECTION_REFUSED @ http://localhost:4401/dashboard/alerts?limit=6:0
[ 4312883ms] [ERROR] Failed to load resource: net::ERR_CONNECTION_REFUSED @ http://localhost:4401/dashboard/overview:0
[ 4312884ms] [ERROR] Failed to load resource: net::ERR_CONNECTION_REFUSED @ http://localhost:4401/api/billing/ai-credits/summary:0
[ 4312884ms] [ERROR] Failed to load resource: net::ERR_CONNECTION_REFUSED @ http://localhost:4401/dashboard/alerts?limit=6:0
[ 4342058ms] [ERROR] Failed to load resource: net::ERR_CONNECTION_REFUSED @ http://localhost:4401/api/billing/ai-credits/summary:0
[ 4342267ms] [ERROR] Failed to load resource: net::ERR_CONNECTION_REFUSED @ http://localhost:4401/api/billing/ai-credits/summary:0
[ 4342872ms] [ERROR] Failed to load resource: net::ERR_CONNECTION_REFUSED @ http://localhost:4401/api/billing/ai-credits/summary:0
[ 4372056ms] [ERROR] Failed to load resource: net::ERR_CONNECTION_REFUSED @ http://localhost:4401/dashboard/overview:0
[ 4372056ms] [ERROR] Failed to load resource: net::ERR_CONNECTION_REFUSED @ http://localhost:4401/api/billing/ai-credits/summary:0
[ 4372056ms] [ERROR] Failed to load resource: net::ERR_CONNECTION_REFUSED @ http://localhost:4401/dashboard/alerts?limit=6:0
[ 4372266ms] [ERROR] Failed to load resource: net::ERR_CONNECTION_REFUSED @ http://localhost:4401/dashboard/overview:0
[ 4372267ms] [ERROR] Failed to load resource: net::ERR_CONNECTION_REFUSED @ http://localhost:4401/api/billing/ai-credits/summary:0
[ 4372267ms] [ERROR] Failed to load resource: net::ERR_CONNECTION_REFUSED @ http://localhost:4401/dashboard/alerts?limit=6:0
[ 4372875ms] [ERROR] Failed to load resource: net::ERR_CONNECTION_REFUSED @ http://localhost:4401/dashboard/overview:0
[ 4372876ms] [ERROR] Failed to load resource: net::ERR_CONNECTION_REFUSED @ http://localhost:4401/api/billing/ai-credits/summary:0
[ 4372876ms] [ERROR] Failed to load resource: net::ERR_CONNECTION_REFUSED @ http://localhost:4401/dashboard/alerts?limit=6:0
[ 4402059ms] [ERROR] Failed to load resource: net::ERR_CONNECTION_REFUSED @ http://localhost:4401/api/billing/ai-credits/summary:0
[ 4402267ms] [ERROR] Failed to load resource: net::ERR_CONNECTION_REFUSED @ http://localhost:4401/api/billing/ai-credits/summary:0
[ 4402873ms] [ERROR] Failed to load resource: net::ERR_CONNECTION_REFUSED @ http://localhost:4401/api/billing/ai-credits/summary:0
[ 4432063ms] [ERROR] Failed to load resource: net::ERR_CONNECTION_REFUSED @ http://localhost:4401/dashboard/overview:0
[ 4432063ms] [ERROR] Failed to load resource: net::ERR_CONNECTION_REFUSED @ http://localhost:4401/api/billing/ai-credits/summary:0
[ 4432063ms] [ERROR] Failed to load resource: net::ERR_CONNECTION_REFUSED @ http://localhost:4401/dashboard/alerts?limit=6:0
[ 4432273ms] [ERROR] Failed to load resource: net::ERR_CONNECTION_REFUSED @ http://localhost:4401/dashboard/overview:0
[ 4432273ms] [ERROR] Failed to load resource: net::ERR_CONNECTION_REFUSED @ http://localhost:4401/api/billing/ai-credits/summary:0
[ 4432273ms] [ERROR] Failed to load resource: net::ERR_CONNECTION_REFUSED @ http://localhost:4401/dashboard/alerts?limit=6:0
[ 4432884ms] [ERROR] Failed to load resource: net::ERR_CONNECTION_REFUSED @ http://localhost:4401/dashboard/overview:0
[ 4432885ms] [ERROR] Failed to load resource: net::ERR_CONNECTION_REFUSED @ http://localhost:4401/api/billing/ai-credits/summary:0
[ 4432886ms] [ERROR] Failed to load resource: net::ERR_CONNECTION_REFUSED @ http://localhost:4401/dashboard/alerts?limit=6:0
[ 4462059ms] [ERROR] Failed to load resource: net::ERR_CONNECTION_REFUSED @ http://localhost:4401/api/billing/ai-credits/summary:0
[ 4462267ms] [ERROR] Failed to load resource: net::ERR_CONNECTION_REFUSED @ http://localhost:4401/api/billing/ai-credits/summary:0
[ 4462874ms] [ERROR] Failed to load resource: net::ERR_CONNECTION_REFUSED @ http://localhost:4401/api/billing/ai-credits/summary:0
[ 4492062ms] [ERROR] Failed to load resource: net::ERR_CONNECTION_REFUSED @ http://localhost:4401/dashboard/overview:0
[ 4492063ms] [ERROR] Failed to load resource: net::ERR_CONNECTION_REFUSED @ http://localhost:4401/api/billing/ai-credits/summary:0
[ 4492063ms] [ERROR] Failed to load resource: net::ERR_CONNECTION_REFUSED @ http://localhost:4401/dashboard/alerts?limit=6:0
[ 4492272ms] [ERROR] Failed to load resource: net::ERR_CONNECTION_REFUSED @ http://localhost:4401/dashboard/overview:0
[ 4492272ms] [ERROR] Failed to load resource: net::ERR_CONNECTION_REFUSED @ http://localhost:4401/api/billing/ai-credits/summary:0
[ 4492272ms] [ERROR] Failed to load resource: net::ERR_CONNECTION_REFUSED @ http://localhost:4401/dashboard/alerts?limit=6:0
[ 4492884ms] [ERROR] Failed to load resource: net::ERR_CONNECTION_REFUSED @ http://localhost:4401/dashboard/overview:0
[ 4492885ms] [ERROR] Failed to load resource: net::ERR_CONNECTION_REFUSED @ http://localhost:4401/api/billing/ai-credits/summary:0
[ 4492885ms] [ERROR] Failed to load resource: net::ERR_CONNECTION_REFUSED @ http://localhost:4401/dashboard/alerts?limit=6:0
[ 4522060ms] [ERROR] Failed to load resource: net::ERR_CONNECTION_REFUSED @ http://localhost:4401/api/billing/ai-credits/summary:0
[ 4522270ms] [ERROR] Failed to load resource: net::ERR_CONNECTION_REFUSED @ http://localhost:4401/api/billing/ai-credits/summary:0
[ 4522872ms] [ERROR] Failed to load resource: net::ERR_CONNECTION_REFUSED @ http://localhost:4401/api/billing/ai-credits/summary:0
[ 4552062ms] [ERROR] Failed to load resource: net::ERR_CONNECTION_REFUSED @ http://localhost:4401/dashboard/overview:0
[ 4552062ms] [ERROR] Failed to load resource: net::ERR_CONNECTION_REFUSED @ http://localhost:4401/api/billing/ai-credits/summary:0
[ 4552062ms] [ERROR] Failed to load resource: net::ERR_CONNECTION_REFUSED @ http://localhost:4401/dashboard/alerts?limit=6:0
[ 4552266ms] [ERROR] Failed to load resource: net::ERR_CONNECTION_REFUSED @ http://localhost:4401/dashboard/overview:0
[ 4552267ms] [ERROR] Failed to load resource: net::ERR_CONNECTION_REFUSED @ http://localhost:4401/api/billing/ai-credits/summary:0
[ 4552267ms] [ERROR] Failed to load resource: net::ERR_CONNECTION_REFUSED @ http://localhost:4401/dashboard/alerts?limit=6:0
[ 4552877ms] [ERROR] Failed to load resource: net::ERR_CONNECTION_REFUSED @ http://localhost:4401/dashboard/overview:0
[ 4552877ms] [ERROR] Failed to load resource: net::ERR_CONNECTION_REFUSED @ http://localhost:4401/api/billing/ai-credits/summary:0
[ 4552877ms] [ERROR] Failed to load resource: net::ERR_CONNECTION_REFUSED @ http://localhost:4401/dashboard/alerts?limit=6:0
[ 4582062ms] [ERROR] Failed to load resource: net::ERR_CONNECTION_REFUSED @ http://localhost:4401/api/billing/ai-credits/summary:0
[ 4582270ms] [ERROR] Failed to load resource: net::ERR_CONNECTION_REFUSED @ http://localhost:4401/api/billing/ai-credits/summary:0
[ 4582877ms] [ERROR] Failed to load resource: net::ERR_CONNECTION_REFUSED @ http://localhost:4401/api/billing/ai-credits/summary:0
[ 4612068ms] [ERROR] Failed to load resource: net::ERR_CONNECTION_REFUSED @ http://localhost:4401/dashboard/overview:0
[ 4612068ms] [ERROR] Failed to load resource: net::ERR_CONNECTION_REFUSED @ http://localhost:4401/api/billing/ai-credits/summary:0
[ 4612068ms] [ERROR] Failed to load resource: net::ERR_CONNECTION_REFUSED @ http://localhost:4401/dashboard/alerts?limit=6:0
[ 4612274ms] [ERROR] Failed to load resource: net::ERR_CONNECTION_REFUSED @ http://localhost:4401/dashboard/overview:0
[ 4612274ms] [ERROR] Failed to load resource: net::ERR_CONNECTION_REFUSED @ http://localhost:4401/api/billing/ai-credits/summary:0
[ 4612274ms] [ERROR] Failed to load resource: net::ERR_CONNECTION_REFUSED @ http://localhost:4401/dashboard/alerts?limit=6:0
[ 4612886ms] [ERROR] Failed to load resource: net::ERR_CONNECTION_REFUSED @ http://localhost:4401/dashboard/overview:0
[ 4612887ms] [ERROR] Failed to load resource: net::ERR_CONNECTION_REFUSED @ http://localhost:4401/api/billing/ai-credits/summary:0
[ 4612887ms] [ERROR] Failed to load resource: net::ERR_CONNECTION_REFUSED @ http://localhost:4401/dashboard/alerts?limit=6:0
[ 4642058ms] [ERROR] Failed to load resource: net::ERR_CONNECTION_REFUSED @ http://localhost:4401/api/billing/ai-credits/summary:0
[ 4642261ms] [ERROR] Failed to load resource: net::ERR_CONNECTION_REFUSED @ http://localhost:4401/api/billing/ai-credits/summary:0
[ 4642868ms] [ERROR] Failed to load resource: net::ERR_CONNECTION_REFUSED @ http://localhost:4401/api/billing/ai-credits/summary:0
[ 4672064ms] [ERROR] Failed to load resource: net::ERR_CONNECTION_REFUSED @ http://localhost:4401/dashboard/overview:0
[ 4672064ms] [ERROR] Failed to load resource: net::ERR_CONNECTION_REFUSED @ http://localhost:4401/api/billing/ai-credits/summary:0
[ 4672064ms] [ERROR] Failed to load resource: net::ERR_CONNECTION_REFUSED @ http://localhost:4401/dashboard/alerts?limit=6:0
[ 4672275ms] [ERROR] Failed to load resource: net::ERR_CONNECTION_REFUSED @ http://localhost:4401/dashboard/overview:0
[ 4672275ms] [ERROR] Failed to load resource: net::ERR_CONNECTION_REFUSED @ http://localhost:4401/api/billing/ai-credits/summary:0
[ 4672275ms] [ERROR] Failed to load resource: net::ERR_CONNECTION_REFUSED @ http://localhost:4401/dashboard/alerts?limit=6:0
[ 4672886ms] [ERROR] Failed to load resource: net::ERR_CONNECTION_REFUSED @ http://localhost:4401/dashboard/overview:0
[ 4672886ms] [ERROR] Failed to load resource: net::ERR_CONNECTION_REFUSED @ http://localhost:4401/api/billing/ai-credits/summary:0
[ 4672886ms] [ERROR] Failed to load resource: net::ERR_CONNECTION_REFUSED @ http://localhost:4401/dashboard/alerts?limit=6:0
[ 4702062ms] [ERROR] Failed to load resource: net::ERR_CONNECTION_REFUSED @ http://localhost:4401/api/billing/ai-credits/summary:0
[ 4702270ms] [ERROR] Failed to load resource: net::ERR_CONNECTION_REFUSED @ http://localhost:4401/api/billing/ai-credits/summary:0
[ 4702876ms] [ERROR] Failed to load resource: net::ERR_CONNECTION_REFUSED @ http://localhost:4401/api/billing/ai-credits/summary:0
[ 4732066ms] [ERROR] Failed to load resource: net::ERR_CONNECTION_REFUSED @ http://localhost:4401/dashboard/overview:0
[ 4732066ms] [ERROR] Failed to load resource: net::ERR_CONNECTION_REFUSED @ http://localhost:4401/api/billing/ai-credits/summary:0
[ 4732066ms] [ERROR] Failed to load resource: net::ERR_CONNECTION_REFUSED @ http://localhost:4401/dashboard/alerts?limit=6:0
[ 4732274ms] [ERROR] Failed to load resource: net::ERR_CONNECTION_REFUSED @ http://localhost:4401/dashboard/overview:0
[ 4732276ms] [ERROR] Failed to load resource: net::ERR_CONNECTION_REFUSED @ http://localhost:4401/api/billing/ai-credits/summary:0
[ 4732276ms] [ERROR] Failed to load resource: net::ERR_CONNECTION_REFUSED @ http://localhost:4401/dashboard/alerts?limit=6:0
[ 4732887ms] [ERROR] Failed to load resource: net::ERR_CONNECTION_REFUSED @ http://localhost:4401/dashboard/overview:0
[ 4732887ms] [ERROR] Failed to load resource: net::ERR_CONNECTION_REFUSED @ http://localhost:4401/api/billing/ai-credits/summary:0
[ 4732887ms] [ERROR] Failed to load resource: net::ERR_CONNECTION_REFUSED @ http://localhost:4401/dashboard/alerts?limit=6:0
[ 4762062ms] [ERROR] Failed to load resource: net::ERR_CONNECTION_REFUSED @ http://localhost:4401/api/billing/ai-credits/summary:0
[ 4762270ms] [ERROR] Failed to load resource: net::ERR_CONNECTION_REFUSED @ http://localhost:4401/api/billing/ai-credits/summary:0
[ 4762873ms] [ERROR] Failed to load resource: net::ERR_CONNECTION_REFUSED @ http://localhost:4401/api/billing/ai-credits/summary:0
[ 4792067ms] [ERROR] Failed to load resource: net::ERR_CONNECTION_REFUSED @ http://localhost:4401/dashboard/overview:0
[ 4792067ms] [ERROR] Failed to load resource: net::ERR_CONNECTION_REFUSED @ http://localhost:4401/api/billing/ai-credits/summary:0
[ 4792067ms] [ERROR] Failed to load resource: net::ERR_CONNECTION_REFUSED @ http://localhost:4401/dashboard/alerts?limit=6:0
[ 4792277ms] [ERROR] Failed to load resource: net::ERR_CONNECTION_REFUSED @ http://localhost:4401/dashboard/overview:0
[ 4792277ms] [ERROR] Failed to load resource: net::ERR_CONNECTION_REFUSED @ http://localhost:4401/api/billing/ai-credits/summary:0
[ 4792278ms] [ERROR] Failed to load resource: net::ERR_CONNECTION_REFUSED @ http://localhost:4401/dashboard/alerts?limit=6:0
[ 4792888ms] [ERROR] Failed to load resource: net::ERR_CONNECTION_REFUSED @ http://localhost:4401/dashboard/overview:0
[ 4792889ms] [ERROR] Failed to load resource: net::ERR_CONNECTION_REFUSED @ http://localhost:4401/api/billing/ai-credits/summary:0
[ 4792889ms] [ERROR] Failed to load resource: net::ERR_CONNECTION_REFUSED @ http://localhost:4401/dashboard/alerts?limit=6:0
[ 4822062ms] [ERROR] Failed to load resource: net::ERR_CONNECTION_REFUSED @ http://localhost:4401/api/billing/ai-credits/summary:0
[ 4822269ms] [ERROR] Failed to load resource: net::ERR_CONNECTION_REFUSED @ http://localhost:4401/api/billing/ai-credits/summary:0
[ 4822879ms] [ERROR] Failed to load resource: net::ERR_CONNECTION_REFUSED @ http://localhost:4401/api/billing/ai-credits/summary:0
[ 4852067ms] [ERROR] Failed to load resource: net::ERR_CONNECTION_REFUSED @ http://localhost:4401/dashboard/overview:0
[ 4852067ms] [ERROR] Failed to load resource: net::ERR_CONNECTION_REFUSED @ http://localhost:4401/api/billing/ai-credits/summary:0
[ 4852067ms] [ERROR] Failed to load resource: net::ERR_CONNECTION_REFUSED @ http://localhost:4401/dashboard/alerts?limit=6:0
[ 4852278ms] [ERROR] Failed to load resource: net::ERR_CONNECTION_REFUSED @ http://localhost:4401/dashboard/overview:0
[ 4852278ms] [ERROR] Failed to load resource: net::ERR_CONNECTION_REFUSED @ http://localhost:4401/api/billing/ai-credits/summary:0
[ 4852278ms] [ERROR] Failed to load resource: net::ERR_CONNECTION_REFUSED @ http://localhost:4401/dashboard/alerts?limit=6:0
[ 4852886ms] [ERROR] Failed to load resource: net::ERR_CONNECTION_REFUSED @ http://localhost:4401/dashboard/overview:0
[ 4852887ms] [ERROR] Failed to load resource: net::ERR_CONNECTION_REFUSED @ http://localhost:4401/api/billing/ai-credits/summary:0
[ 4852888ms] [ERROR] Failed to load resource: net::ERR_CONNECTION_REFUSED @ http://localhost:4401/dashboard/alerts?limit=6:0
[ 4882064ms] [ERROR] Failed to load resource: net::ERR_CONNECTION_REFUSED @ http://localhost:4401/api/billing/ai-credits/summary:0
[ 4882270ms] [ERROR] Failed to load resource: net::ERR_CONNECTION_REFUSED @ http://localhost:4401/api/billing/ai-credits/summary:0
[ 4882877ms] [ERROR] Failed to load resource: net::ERR_CONNECTION_REFUSED @ http://localhost:4401/api/billing/ai-credits/summary:0
[ 4912067ms] [ERROR] Failed to load resource: net::ERR_CONNECTION_REFUSED @ http://localhost:4401/dashboard/overview:0
[ 4912067ms] [ERROR] Failed to load resource: net::ERR_CONNECTION_REFUSED @ http://localhost:4401/api/billing/ai-credits/summary:0
[ 4912068ms] [ERROR] Failed to load resource: net::ERR_CONNECTION_REFUSED @ http://localhost:4401/dashboard/alerts?limit=6:0
[ 4912277ms] [ERROR] Failed to load resource: net::ERR_CONNECTION_REFUSED @ http://localhost:4401/dashboard/overview:0
[ 4912278ms] [ERROR] Failed to load resource: net::ERR_CONNECTION_REFUSED @ http://localhost:4401/api/billing/ai-credits/summary:0
[ 4912278ms] [ERROR] Failed to load resource: net::ERR_CONNECTION_REFUSED @ http://localhost:4401/dashboard/alerts?limit=6:0
[ 4912884ms] [ERROR] Failed to load resource: net::ERR_CONNECTION_REFUSED @ http://localhost:4401/dashboard/overview:0
[ 4912885ms] [ERROR] Failed to load resource: net::ERR_CONNECTION_REFUSED @ http://localhost:4401/api/billing/ai-credits/summary:0
[ 4912885ms] [ERROR] Failed to load resource: net::ERR_CONNECTION_REFUSED @ http://localhost:4401/dashboard/alerts?limit=6:0
[ 4942065ms] [ERROR] Failed to load resource: net::ERR_CONNECTION_REFUSED @ http://localhost:4401/api/billing/ai-credits/summary:0
[ 4942273ms] [ERROR] Failed to load resource: net::ERR_CONNECTION_REFUSED @ http://localhost:4401/api/billing/ai-credits/summary:0
[ 4942879ms] [ERROR] Failed to load resource: net::ERR_CONNECTION_REFUSED @ http://localhost:4401/api/billing/ai-credits/summary:0
[ 4972067ms] [ERROR] Failed to load resource: net::ERR_CONNECTION_REFUSED @ http://localhost:4401/dashboard/overview:0
[ 4972067ms] [ERROR] Failed to load resource: net::ERR_CONNECTION_REFUSED @ http://localhost:4401/api/billing/ai-credits/summary:0
[ 4972067ms] [ERROR] Failed to load resource: net::ERR_CONNECTION_REFUSED @ http://localhost:4401/dashboard/alerts?limit=6:0
[ 4972279ms] [ERROR] Failed to load resource: net::ERR_CONNECTION_REFUSED @ http://localhost:4401/dashboard/overview:0
[ 4972279ms] [ERROR] Failed to load resource: net::ERR_CONNECTION_REFUSED @ http://localhost:4401/api/billing/ai-credits/summary:0
[ 4972279ms] [ERROR] Failed to load resource: net::ERR_CONNECTION_REFUSED @ http://localhost:4401/dashboard/alerts?limit=6:0
[ 4972884ms] [ERROR] Failed to load resource: net::ERR_CONNECTION_REFUSED @ http://localhost:4401/dashboard/overview:0
[ 4972884ms] [ERROR] Failed to load resource: net::ERR_CONNECTION_REFUSED @ http://localhost:4401/api/billing/ai-credits/summary:0
[ 4972884ms] [ERROR] Failed to load resource: net::ERR_CONNECTION_REFUSED @ http://localhost:4401/dashboard/alerts?limit=6:0
[ 5002068ms] [ERROR] Failed to load resource: net::ERR_CONNECTION_REFUSED @ http://localhost:4401/api/billing/ai-credits/summary:0
[ 5002276ms] [ERROR] Failed to load resource: net::ERR_CONNECTION_REFUSED @ http://localhost:4401/api/billing/ai-credits/summary:0
[ 5002882ms] [ERROR] Failed to load resource: net::ERR_CONNECTION_REFUSED @ http://localhost:4401/api/billing/ai-credits/summary:0
[ 5032068ms] [ERROR] Failed to load resource: net::ERR_CONNECTION_REFUSED @ http://localhost:4401/dashboard/overview:0
[ 5032069ms] [ERROR] Failed to load resource: net::ERR_CONNECTION_REFUSED @ http://localhost:4401/api/billing/ai-credits/summary:0
[ 5032069ms] [ERROR] Failed to load resource: net::ERR_CONNECTION_REFUSED @ http://localhost:4401/dashboard/alerts?limit=6:0
[ 5032280ms] [ERROR] Failed to load resource: net::ERR_CONNECTION_REFUSED @ http://localhost:4401/dashboard/overview:0
[ 5032280ms] [ERROR] Failed to load resource: net::ERR_CONNECTION_REFUSED @ http://localhost:4401/api/billing/ai-credits/summary:0
[ 5032280ms] [ERROR] Failed to load resource: net::ERR_CONNECTION_REFUSED @ http://localhost:4401/dashboard/alerts?limit=6:0
[ 5032890ms] [ERROR] Failed to load resource: net::ERR_CONNECTION_REFUSED @ http://localhost:4401/dashboard/overview:0
[ 5032890ms] [ERROR] Failed to load resource: net::ERR_CONNECTION_REFUSED @ http://localhost:4401/api/billing/ai-credits/summary:0
[ 5032890ms] [ERROR] Failed to load resource: net::ERR_CONNECTION_REFUSED @ http://localhost:4401/dashboard/alerts?limit=6:0
[ 5062066ms] [ERROR] Failed to load resource: net::ERR_CONNECTION_REFUSED @ http://localhost:4401/api/billing/ai-credits/summary:0
[ 5062275ms] [ERROR] Failed to load resource: net::ERR_CONNECTION_REFUSED @ http://localhost:4401/api/billing/ai-credits/summary:0
[ 5062881ms] [ERROR] Failed to load resource: net::ERR_CONNECTION_REFUSED @ http://localhost:4401/api/billing/ai-credits/summary:0
[ 5092070ms] [ERROR] Failed to load resource: net::ERR_CONNECTION_REFUSED @ http://localhost:4401/dashboard/overview:0
[ 5092070ms] [ERROR] Failed to load resource: net::ERR_CONNECTION_REFUSED @ http://localhost:4401/api/billing/ai-credits/summary:0
[ 5092071ms] [ERROR] Failed to load resource: net::ERR_CONNECTION_REFUSED @ http://localhost:4401/dashboard/alerts?limit=6:0
[ 5092280ms] [ERROR] Failed to load resource: net::ERR_CONNECTION_REFUSED @ http://localhost:4401/dashboard/overview:0
[ 5092280ms] [ERROR] Failed to load resource: net::ERR_CONNECTION_REFUSED @ http://localhost:4401/api/billing/ai-credits/summary:0
[ 5092280ms] [ERROR] Failed to load resource: net::ERR_CONNECTION_REFUSED @ http://localhost:4401/dashboard/alerts?limit=6:0
[ 5092891ms] [ERROR] Failed to load resource: net::ERR_CONNECTION_REFUSED @ http://localhost:4401/dashboard/overview:0
[ 5092891ms] [ERROR] Failed to load resource: net::ERR_CONNECTION_REFUSED @ http://localhost:4401/api/billing/ai-credits/summary:0
[ 5092891ms] [ERROR] Failed to load resource: net::ERR_CONNECTION_REFUSED @ http://localhost:4401/dashboard/alerts?limit=6:0
[ 5122068ms] [ERROR] Failed to load resource: net::ERR_CONNECTION_REFUSED @ http://localhost:4401/api/billing/ai-credits/summary:0
[ 5122276ms] [ERROR] Failed to load resource: net::ERR_CONNECTION_REFUSED @ http://localhost:4401/api/billing/ai-credits/summary:0
[ 5122884ms] [ERROR] Failed to load resource: net::ERR_CONNECTION_REFUSED @ http://localhost:4401/api/billing/ai-credits/summary:0
[ 5152069ms] [ERROR] Failed to load resource: net::ERR_CONNECTION_REFUSED @ http://localhost:4401/dashboard/overview:0
[ 5152069ms] [ERROR] Failed to load resource: net::ERR_CONNECTION_REFUSED @ http://localhost:4401/api/billing/ai-credits/summary:0
[ 5152069ms] [ERROR] Failed to load resource: net::ERR_CONNECTION_REFUSED @ http://localhost:4401/dashboard/alerts?limit=6:0
[ 5152283ms] [ERROR] Failed to load resource: net::ERR_CONNECTION_REFUSED @ http://localhost:4401/dashboard/overview:0
[ 5152283ms] [ERROR] Failed to load resource: net::ERR_CONNECTION_REFUSED @ http://localhost:4401/api/billing/ai-credits/summary:0
[ 5152283ms] [ERROR] Failed to load resource: net::ERR_CONNECTION_REFUSED @ http://localhost:4401/dashboard/alerts?limit=6:0
[ 5152892ms] [ERROR] Failed to load resource: net::ERR_CONNECTION_REFUSED @ http://localhost:4401/dashboard/overview:0
[ 5152892ms] [ERROR] Failed to load resource: net::ERR_CONNECTION_REFUSED @ http://localhost:4401/api/billing/ai-credits/summary:0
[ 5152892ms] [ERROR] Failed to load resource: net::ERR_CONNECTION_REFUSED @ http://localhost:4401/dashboard/alerts?limit=6:0
[ 5182069ms] [ERROR] Failed to load resource: net::ERR_CONNECTION_REFUSED @ http://localhost:4401/api/billing/ai-credits/summary:0
[ 5182278ms] [ERROR] Failed to load resource: net::ERR_CONNECTION_REFUSED @ http://localhost:4401/api/billing/ai-credits/summary:0
[ 5182887ms] [ERROR] Failed to load resource: net::ERR_CONNECTION_REFUSED @ http://localhost:4401/api/billing/ai-credits/summary:0
[ 5212075ms] [ERROR] Failed to load resource: net::ERR_CONNECTION_REFUSED @ http://localhost:4401/dashboard/overview:0
[ 5212075ms] [ERROR] Failed to load resource: net::ERR_CONNECTION_REFUSED @ http://localhost:4401/api/billing/ai-credits/summary:0
[ 5212075ms] [ERROR] Failed to load resource: net::ERR_CONNECTION_REFUSED @ http://localhost:4401/dashboard/alerts?limit=6:0
[ 5212285ms] [ERROR] Failed to load resource: net::ERR_CONNECTION_REFUSED @ http://localhost:4401/dashboard/overview:0
[ 5212286ms] [ERROR] Failed to load resource: net::ERR_CONNECTION_REFUSED @ http://localhost:4401/api/billing/ai-credits/summary:0
[ 5212286ms] [ERROR] Failed to load resource: net::ERR_CONNECTION_REFUSED @ http://localhost:4401/dashboard/alerts?limit=6:0
[ 5212897ms] [ERROR] Failed to load resource: net::ERR_CONNECTION_REFUSED @ http://localhost:4401/dashboard/overview:0
[ 5212898ms] [ERROR] Failed to load resource: net::ERR_CONNECTION_REFUSED @ http://localhost:4401/api/billing/ai-credits/summary:0
[ 5212898ms] [ERROR] Failed to load resource: net::ERR_CONNECTION_REFUSED @ http://localhost:4401/dashboard/alerts?limit=6:0
[ 5242067ms] [ERROR] Failed to load resource: net::ERR_CONNECTION_REFUSED @ http://localhost:4401/api/billing/ai-credits/summary:0
[ 5242271ms] [ERROR] Failed to load resource: net::ERR_CONNECTION_REFUSED @ http://localhost:4401/api/billing/ai-credits/summary:0
[ 5242879ms] [ERROR] Failed to load resource: net::ERR_CONNECTION_REFUSED @ http://localhost:4401/api/billing/ai-credits/summary:0
[ 5272071ms] [ERROR] Failed to load resource: net::ERR_CONNECTION_REFUSED @ http://localhost:4401/dashboard/overview:0
[ 5272072ms] [ERROR] Failed to load resource: net::ERR_CONNECTION_REFUSED @ http://localhost:4401/api/billing/ai-credits/summary:0
[ 5272073ms] [ERROR] Failed to load resource: net::ERR_CONNECTION_REFUSED @ http://localhost:4401/dashboard/alerts?limit=6:0
[ 5272280ms] [ERROR] Failed to load resource: net::ERR_CONNECTION_REFUSED @ http://localhost:4401/dashboard/overview:0
[ 5272281ms] [ERROR] Failed to load resource: net::ERR_CONNECTION_REFUSED @ http://localhost:4401/api/billing/ai-credits/summary:0
[ 5272282ms] [ERROR] Failed to load resource: net::ERR_CONNECTION_REFUSED @ http://localhost:4401/dashboard/alerts?limit=6:0
[ 5272891ms] [ERROR] Failed to load resource: net::ERR_CONNECTION_REFUSED @ http://localhost:4401/dashboard/overview:0
[ 5272892ms] [ERROR] Failed to load resource: net::ERR_CONNECTION_REFUSED @ http://localhost:4401/api/billing/ai-credits/summary:0
[ 5272892ms] [ERROR] Failed to load resource: net::ERR_CONNECTION_REFUSED @ http://localhost:4401/dashboard/alerts?limit=6:0
[ 5302071ms] [ERROR] Failed to load resource: net::ERR_CONNECTION_REFUSED @ http://localhost:4401/api/billing/ai-credits/summary:0
[ 5302278ms] [ERROR] Failed to load resource: net::ERR_CONNECTION_REFUSED @ http://localhost:4401/api/billing/ai-credits/summary:0
[ 5302890ms] [ERROR] Failed to load resource: net::ERR_CONNECTION_REFUSED @ http://localhost:4401/api/billing/ai-credits/summary:0
[ 5332067ms] [ERROR] Failed to load resource: net::ERR_CONNECTION_REFUSED @ http://localhost:4401/dashboard/overview:0
[ 5332067ms] [ERROR] Failed to load resource: net::ERR_CONNECTION_REFUSED @ http://localhost:4401/api/billing/ai-credits/summary:0
[ 5332067ms] [ERROR] Failed to load resource: net::ERR_CONNECTION_REFUSED @ http://localhost:4401/dashboard/alerts?limit=6:0
[ 5332279ms] [ERROR] Failed to load resource: net::ERR_CONNECTION_REFUSED @ http://localhost:4401/dashboard/overview:0
[ 5332279ms] [ERROR] Failed to load resource: net::ERR_CONNECTION_REFUSED @ http://localhost:4401/api/billing/ai-credits/summary:0
[ 5332279ms] [ERROR] Failed to load resource: net::ERR_CONNECTION_REFUSED @ http://localhost:4401/dashboard/alerts?limit=6:0
[ 5332887ms] [ERROR] Failed to load resource: net::ERR_CONNECTION_REFUSED @ http://localhost:4401/dashboard/overview:0
[ 5332887ms] [ERROR] Failed to load resource: net::ERR_CONNECTION_REFUSED @ http://localhost:4401/api/billing/ai-credits/summary:0
[ 5332887ms] [ERROR] Failed to load resource: net::ERR_CONNECTION_REFUSED @ http://localhost:4401/dashboard/alerts?limit=6:0
[ 5362072ms] [ERROR] Failed to load resource: net::ERR_CONNECTION_REFUSED @ http://localhost:4401/api/billing/ai-credits/summary:0
[ 5362278ms] [ERROR] Failed to load resource: net::ERR_CONNECTION_REFUSED @ http://localhost:4401/api/billing/ai-credits/summary:0
[ 5362881ms] [ERROR] Failed to load resource: net::ERR_CONNECTION_REFUSED @ http://localhost:4401/api/billing/ai-credits/summary:0
[ 5392074ms] [ERROR] Failed to load resource: net::ERR_CONNECTION_REFUSED @ http://localhost:4401/dashboard/overview:0
[ 5392074ms] [ERROR] Failed to load resource: net::ERR_CONNECTION_REFUSED @ http://localhost:4401/api/billing/ai-credits/summary:0
[ 5392074ms] [ERROR] Failed to load resource: net::ERR_CONNECTION_REFUSED @ http://localhost:4401/dashboard/alerts?limit=6:0
[ 5392285ms] [ERROR] Failed to load resource: net::ERR_CONNECTION_REFUSED @ http://localhost:4401/dashboard/overview:0
[ 5392285ms] [ERROR] Failed to load resource: net::ERR_CONNECTION_REFUSED @ http://localhost:4401/api/billing/ai-credits/summary:0
[ 5392285ms] [ERROR] Failed to load resource: net::ERR_CONNECTION_REFUSED @ http://localhost:4401/dashboard/alerts?limit=6:0
[ 5392890ms] [ERROR] Failed to load resource: net::ERR_CONNECTION_REFUSED @ http://localhost:4401/dashboard/overview:0
[ 5392890ms] [ERROR] Failed to load resource: net::ERR_CONNECTION_REFUSED @ http://localhost:4401/api/billing/ai-credits/summary:0
[ 5392890ms] [ERROR] Failed to load resource: net::ERR_CONNECTION_REFUSED @ http://localhost:4401/dashboard/alerts?limit=6:0
[ 5422071ms] [ERROR] Failed to load resource: net::ERR_CONNECTION_REFUSED @ http://localhost:4401/api/billing/ai-credits/summary:0
[ 5422277ms] [ERROR] Failed to load resource: net::ERR_CONNECTION_REFUSED @ http://localhost:4401/api/billing/ai-credits/summary:0
[ 5422879ms] [ERROR] Failed to load resource: net::ERR_CONNECTION_REFUSED @ http://localhost:4401/api/billing/ai-credits/summary:0
[ 5452076ms] [ERROR] Failed to load resource: net::ERR_CONNECTION_REFUSED @ http://localhost:4401/dashboard/overview:0
[ 5452076ms] [ERROR] Failed to load resource: net::ERR_CONNECTION_REFUSED @ http://localhost:4401/api/billing/ai-credits/summary:0
[ 5452076ms] [ERROR] Failed to load resource: net::ERR_CONNECTION_REFUSED @ http://localhost:4401/dashboard/alerts?limit=6:0
[ 5452286ms] [ERROR] Failed to load resource: net::ERR_CONNECTION_REFUSED @ http://localhost:4401/dashboard/overview:0
[ 5452286ms] [ERROR] Failed to load resource: net::ERR_CONNECTION_REFUSED @ http://localhost:4401/api/billing/ai-credits/summary:0
[ 5452287ms] [ERROR] Failed to load resource: net::ERR_CONNECTION_REFUSED @ http://localhost:4401/dashboard/alerts?limit=6:0
[ 5452889ms] [ERROR] Failed to load resource: net::ERR_CONNECTION_REFUSED @ http://localhost:4401/dashboard/overview:0
[ 5452890ms] [ERROR] Failed to load resource: net::ERR_CONNECTION_REFUSED @ http://localhost:4401/api/billing/ai-credits/summary:0
[ 5452890ms] [ERROR] Failed to load resource: net::ERR_CONNECTION_REFUSED @ http://localhost:4401/dashboard/alerts?limit=6:0
[ 5482083ms] [ERROR] Failed to load resource: net::ERR_CONNECTION_REFUSED @ http://localhost:4401/api/billing/ai-credits/summary:0
[ 5482289ms] [ERROR] Failed to load resource: net::ERR_CONNECTION_REFUSED @ http://localhost:4401/api/billing/ai-credits/summary:0
[ 5482897ms] [ERROR] Failed to load resource: net::ERR_CONNECTION_REFUSED @ http://localhost:4401/api/billing/ai-credits/summary:0
[ 5512078ms] [ERROR] Failed to load resource: net::ERR_CONNECTION_REFUSED @ http://localhost:4401/dashboard/overview:0
[ 5512078ms] [ERROR] Failed to load resource: net::ERR_CONNECTION_REFUSED @ http://localhost:4401/api/billing/ai-credits/summary:0
[ 5512078ms] [ERROR] Failed to load resource: net::ERR_CONNECTION_REFUSED @ http://localhost:4401/dashboard/alerts?limit=6:0
[ 5512288ms] [ERROR] Failed to load resource: net::ERR_CONNECTION_REFUSED @ http://localhost:4401/dashboard/overview:0
[ 5512289ms] [ERROR] Failed to load resource: net::ERR_CONNECTION_REFUSED @ http://localhost:4401/api/billing/ai-credits/summary:0
[ 5512289ms] [ERROR] Failed to load resource: net::ERR_CONNECTION_REFUSED @ http://localhost:4401/dashboard/alerts?limit=6:0
[ 5512900ms] [ERROR] Failed to load resource: net::ERR_CONNECTION_REFUSED @ http://localhost:4401/dashboard/overview:0
[ 5512900ms] [ERROR] Failed to load resource: net::ERR_CONNECTION_REFUSED @ http://localhost:4401/api/billing/ai-credits/summary:0
[ 5512900ms] [ERROR] Failed to load resource: net::ERR_CONNECTION_REFUSED @ http://localhost:4401/dashboard/alerts?limit=6:0
[ 5542069ms] [ERROR] Failed to load resource: net::ERR_CONNECTION_REFUSED @ http://localhost:4401/api/billing/ai-credits/summary:0
[ 5542272ms] [ERROR] Failed to load resource: net::ERR_CONNECTION_REFUSED @ http://localhost:4401/api/billing/ai-credits/summary:0
[ 5542880ms] [ERROR] Failed to load resource: net::ERR_CONNECTION_REFUSED @ http://localhost:4401/api/billing/ai-credits/summary:0
[ 5572078ms] [ERROR] Failed to load resource: net::ERR_CONNECTION_REFUSED @ http://localhost:4401/dashboard/overview:0
[ 5572079ms] [ERROR] Failed to load resource: net::ERR_CONNECTION_REFUSED @ http://localhost:4401/api/billing/ai-credits/summary:0
[ 5572079ms] [ERROR] Failed to load resource: net::ERR_CONNECTION_REFUSED @ http://localhost:4401/dashboard/alerts?limit=6:0
[ 5572286ms] [ERROR] Failed to load resource: net::ERR_CONNECTION_REFUSED @ http://localhost:4401/dashboard/overview:0
[ 5572286ms] [ERROR] Failed to load resource: net::ERR_CONNECTION_REFUSED @ http://localhost:4401/api/billing/ai-credits/summary:0
[ 5572286ms] [ERROR] Failed to load resource: net::ERR_CONNECTION_REFUSED @ http://localhost:4401/dashboard/alerts?limit=6:0
[ 5572896ms] [ERROR] Failed to load resource: net::ERR_CONNECTION_REFUSED @ http://localhost:4401/api/billing/ai-credits/summary:0
[ 5572896ms] [ERROR] Failed to load resource: net::ERR_CONNECTION_REFUSED @ http://localhost:4401/dashboard/overview:0
[ 5572896ms] [ERROR] Failed to load resource: net::ERR_CONNECTION_REFUSED @ http://localhost:4401/dashboard/alerts?limit=6:0
[ 5602076ms] [ERROR] Failed to load resource: net::ERR_CONNECTION_REFUSED @ http://localhost:4401/api/billing/ai-credits/summary:0
[ 5602284ms] [ERROR] Failed to load resource: net::ERR_CONNECTION_REFUSED @ http://localhost:4401/api/billing/ai-credits/summary:0
[ 5602891ms] [ERROR] Failed to load resource: net::ERR_CONNECTION_REFUSED @ http://localhost:4401/api/billing/ai-credits/summary:0
[ 5632072ms] [ERROR] Failed to load resource: net::ERR_CONNECTION_REFUSED @ http://localhost:4401/dashboard/overview:0
[ 5632072ms] [ERROR] Failed to load resource: net::ERR_CONNECTION_REFUSED @ http://localhost:4401/api/billing/ai-credits/summary:0
[ 5632073ms] [ERROR] Failed to load resource: net::ERR_CONNECTION_REFUSED @ http://localhost:4401/dashboard/alerts?limit=6:0
[ 5632277ms] [ERROR] Failed to load resource: net::ERR_CONNECTION_REFUSED @ http://localhost:4401/dashboard/overview:0
[ 5632277ms] [ERROR] Failed to load resource: net::ERR_CONNECTION_REFUSED @ http://localhost:4401/api/billing/ai-credits/summary:0
[ 5632277ms] [ERROR] Failed to load resource: net::ERR_CONNECTION_REFUSED @ http://localhost:4401/dashboard/alerts?limit=6:0
[ 5632881ms] [ERROR] Failed to load resource: net::ERR_CONNECTION_REFUSED @ http://localhost:4401/dashboard/overview:0
[ 5632881ms] [ERROR] Failed to load resource: net::ERR_CONNECTION_REFUSED @ http://localhost:4401/api/billing/ai-credits/summary:0
[ 5632881ms] [ERROR] Failed to load resource: net::ERR_CONNECTION_REFUSED @ http://localhost:4401/dashboard/alerts?limit=6:0
[ 5662076ms] [ERROR] Failed to load resource: net::ERR_CONNECTION_REFUSED @ http://localhost:4401/api/billing/ai-credits/summary:0
[ 5662284ms] [ERROR] Failed to load resource: net::ERR_CONNECTION_REFUSED @ http://localhost:4401/api/billing/ai-credits/summary:0
[ 5662890ms] [ERROR] Failed to load resource: net::ERR_CONNECTION_REFUSED @ http://localhost:4401/api/billing/ai-credits/summary:0
[ 5692081ms] [ERROR] Failed to load resource: net::ERR_CONNECTION_REFUSED @ http://localhost:4401/dashboard/overview:0
[ 5692081ms] [ERROR] Failed to load resource: net::ERR_CONNECTION_REFUSED @ http://localhost:4401/api/billing/ai-credits/summary:0
[ 5692081ms] [ERROR] Failed to load resource: net::ERR_CONNECTION_REFUSED @ http://localhost:4401/dashboard/alerts?limit=6:0
[ 5692292ms] [ERROR] Failed to load resource: net::ERR_CONNECTION_REFUSED @ http://localhost:4401/dashboard/overview:0
[ 5692292ms] [ERROR] Failed to load resource: net::ERR_CONNECTION_REFUSED @ http://localhost:4401/api/billing/ai-credits/summary:0
[ 5692292ms] [ERROR] Failed to load resource: net::ERR_CONNECTION_REFUSED @ http://localhost:4401/dashboard/alerts?limit=6:0
[ 5692900ms] [ERROR] Failed to load resource: net::ERR_CONNECTION_REFUSED @ http://localhost:4401/dashboard/overview:0
[ 5692900ms] [ERROR] Failed to load resource: net::ERR_CONNECTION_REFUSED @ http://localhost:4401/api/billing/ai-credits/summary:0
[ 5692900ms] [ERROR] Failed to load resource: net::ERR_CONNECTION_REFUSED @ http://localhost:4401/dashboard/alerts?limit=6:0
[ 5722077ms] [ERROR] Failed to load resource: net::ERR_CONNECTION_REFUSED @ http://localhost:4401/api/billing/ai-credits/summary:0
[ 5722284ms] [ERROR] Failed to load resource: net::ERR_CONNECTION_REFUSED @ http://localhost:4401/api/billing/ai-credits/summary:0
[ 5722893ms] [ERROR] Failed to load resource: net::ERR_CONNECTION_REFUSED @ http://localhost:4401/api/billing/ai-credits/summary:0
[ 5752083ms] [ERROR] Failed to load resource: net::ERR_CONNECTION_REFUSED @ http://localhost:4401/dashboard/overview:0
[ 5752083ms] [ERROR] Failed to load resource: net::ERR_CONNECTION_REFUSED @ http://localhost:4401/api/billing/ai-credits/summary:0
[ 5752084ms] [ERROR] Failed to load resource: net::ERR_CONNECTION_REFUSED @ http://localhost:4401/dashboard/alerts?limit=6:0
[ 5752292ms] [ERROR] Failed to load resource: net::ERR_CONNECTION_REFUSED @ http://localhost:4401/dashboard/overview:0
[ 5752292ms] [ERROR] Failed to load resource: net::ERR_CONNECTION_REFUSED @ http://localhost:4401/api/billing/ai-credits/summary:0
[ 5752293ms] [ERROR] Failed to load resource: net::ERR_CONNECTION_REFUSED @ http://localhost:4401/dashboard/alerts?limit=6:0
[ 5752901ms] [ERROR] Failed to load resource: net::ERR_CONNECTION_REFUSED @ http://localhost:4401/dashboard/overview:0
[ 5752901ms] [ERROR] Failed to load resource: net::ERR_CONNECTION_REFUSED @ http://localhost:4401/api/billing/ai-credits/summary:0
[ 5752901ms] [ERROR] Failed to load resource: net::ERR_CONNECTION_REFUSED @ http://localhost:4401/dashboard/alerts?limit=6:0
[ 5782109ms] [ERROR] Failed to load resource: net::ERR_CONNECTION_REFUSED @ http://localhost:4401/api/billing/ai-credits/summary:0
[ 5782312ms] [ERROR] Failed to load resource: net::ERR_CONNECTION_REFUSED @ http://localhost:4401/api/billing/ai-credits/summary:0
[ 5782915ms] [ERROR] Failed to load resource: net::ERR_CONNECTION_REFUSED @ http://localhost:4401/api/billing/ai-credits/summary:0
[ 5812073ms] [ERROR] Failed to load resource: net::ERR_CONNECTION_REFUSED @ http://localhost:4401/dashboard/overview:0
[ 5812073ms] [ERROR] Failed to load resource: net::ERR_CONNECTION_REFUSED @ http://localhost:4401/api/billing/ai-credits/summary:0
[ 5812073ms] [ERROR] Failed to load resource: net::ERR_CONNECTION_REFUSED @ http://localhost:4401/dashboard/alerts?limit=6:0
[ 5812277ms] [ERROR] Failed to load resource: net::ERR_CONNECTION_REFUSED @ http://localhost:4401/dashboard/overview:0
[ 5812277ms] [ERROR] Failed to load resource: net::ERR_CONNECTION_REFUSED @ http://localhost:4401/api/billing/ai-credits/summary:0
[ 5812277ms] [ERROR] Failed to load resource: net::ERR_CONNECTION_REFUSED @ http://localhost:4401/dashboard/alerts?limit=6:0
[ 5812882ms] [ERROR] Failed to load resource: net::ERR_CONNECTION_REFUSED @ http://localhost:4401/dashboard/overview:0
[ 5812882ms] [ERROR] Failed to load resource: net::ERR_CONNECTION_REFUSED @ http://localhost:4401/api/billing/ai-credits/summary:0
[ 5812882ms] [ERROR] Failed to load resource: net::ERR_CONNECTION_REFUSED @ http://localhost:4401/dashboard/alerts?limit=6:0
[ 5842076ms] [ERROR] Failed to load resource: net::ERR_CONNECTION_REFUSED @ http://localhost:4401/api/billing/ai-credits/summary:0
[ 5842280ms] [ERROR] Failed to load resource: net::ERR_CONNECTION_REFUSED @ http://localhost:4401/api/billing/ai-credits/summary:0
[ 5842884ms] [ERROR] Failed to load resource: net::ERR_CONNECTION_REFUSED @ http://localhost:4401/api/billing/ai-credits/summary:0
[ 5872085ms] [ERROR] Failed to load resource: net::ERR_CONNECTION_REFUSED @ http://localhost:4401/dashboard/overview:0
[ 5872086ms] [ERROR] Failed to load resource: net::ERR_CONNECTION_REFUSED @ http://localhost:4401/api/billing/ai-credits/summary:0
[ 5872086ms] [ERROR] Failed to load resource: net::ERR_CONNECTION_REFUSED @ http://localhost:4401/dashboard/alerts?limit=6:0
[ 5872295ms] [ERROR] Failed to load resource: net::ERR_CONNECTION_REFUSED @ http://localhost:4401/dashboard/overview:0
[ 5872296ms] [ERROR] Failed to load resource: net::ERR_CONNECTION_REFUSED @ http://localhost:4401/api/billing/ai-credits/summary:0
[ 5872296ms] [ERROR] Failed to load resource: net::ERR_CONNECTION_REFUSED @ http://localhost:4401/dashboard/alerts?limit=6:0
[ 5872899ms] [ERROR] Failed to load resource: net::ERR_CONNECTION_REFUSED @ http://localhost:4401/dashboard/overview:0
[ 5872899ms] [ERROR] Failed to load resource: net::ERR_CONNECTION_REFUSED @ http://localhost:4401/api/billing/ai-credits/summary:0
[ 5872899ms] [ERROR] Failed to load resource: net::ERR_CONNECTION_REFUSED @ http://localhost:4401/dashboard/alerts?limit=6:0
[ 5902082ms] [ERROR] Failed to load resource: net::ERR_CONNECTION_REFUSED @ http://localhost:4401/api/billing/ai-credits/summary:0
[ 5902291ms] [ERROR] Failed to load resource: net::ERR_CONNECTION_REFUSED @ http://localhost:4401/api/billing/ai-credits/summary:0
[ 5902895ms] [ERROR] Failed to load resource: net::ERR_CONNECTION_REFUSED @ http://localhost:4401/api/billing/ai-credits/summary:0
[ 5932082ms] [ERROR] Failed to load resource: net::ERR_CONNECTION_REFUSED @ http://localhost:4401/dashboard/overview:0
[ 5932083ms] [ERROR] Failed to load resource: net::ERR_CONNECTION_REFUSED @ http://localhost:4401/api/billing/ai-credits/summary:0
[ 5932083ms] [ERROR] Failed to load resource: net::ERR_CONNECTION_REFUSED @ http://localhost:4401/dashboard/alerts?limit=6:0
[ 5932296ms] [ERROR] Failed to load resource: net::ERR_CONNECTION_REFUSED @ http://localhost:4401/dashboard/overview:0
[ 5932296ms] [ERROR] Failed to load resource: net::ERR_CONNECTION_REFUSED @ http://localhost:4401/api/billing/ai-credits/summary:0
[ 5932296ms] [ERROR] Failed to load resource: net::ERR_CONNECTION_REFUSED @ http://localhost:4401/dashboard/alerts?limit=6:0
[ 5932908ms] [ERROR] Failed to load resource: net::ERR_CONNECTION_REFUSED @ http://localhost:4401/dashboard/overview:0
[ 5932908ms] [ERROR] Failed to load resource: net::ERR_CONNECTION_REFUSED @ http://localhost:4401/api/billing/ai-credits/summary:0
[ 5932908ms] [ERROR] Failed to load resource: net::ERR_CONNECTION_REFUSED @ http://localhost:4401/dashboard/alerts?limit=6:0
[ 5962081ms] [ERROR] Failed to load resource: net::ERR_CONNECTION_REFUSED @ http://localhost:4401/api/billing/ai-credits/summary:0
[ 5962288ms] [ERROR] Failed to load resource: net::ERR_CONNECTION_REFUSED @ http://localhost:4401/api/billing/ai-credits/summary:0
[ 5962896ms] [ERROR] Failed to load resource: net::ERR_CONNECTION_REFUSED @ http://localhost:4401/api/billing/ai-credits/summary:0
[ 5992084ms] [ERROR] Failed to load resource: net::ERR_CONNECTION_REFUSED @ http://localhost:4401/dashboard/overview:0
[ 5992085ms] [ERROR] Failed to load resource: net::ERR_CONNECTION_REFUSED @ http://localhost:4401/api/billing/ai-credits/summary:0
[ 5992085ms] [ERROR] Failed to load resource: net::ERR_CONNECTION_REFUSED @ http://localhost:4401/dashboard/alerts?limit=6:0
[ 5992297ms] [ERROR] Failed to load resource: net::ERR_CONNECTION_REFUSED @ http://localhost:4401/dashboard/overview:0
[ 5992297ms] [ERROR] Failed to load resource: net::ERR_CONNECTION_REFUSED @ http://localhost:4401/api/billing/ai-credits/summary:0
[ 5992297ms] [ERROR] Failed to load resource: net::ERR_CONNECTION_REFUSED @ http://localhost:4401/dashboard/alerts?limit=6:0
[ 5992908ms] [ERROR] Failed to load resource: net::ERR_CONNECTION_REFUSED @ http://localhost:4401/dashboard/overview:0
[ 5992909ms] [ERROR] Failed to load resource: net::ERR_CONNECTION_REFUSED @ http://localhost:4401/api/billing/ai-credits/summary:0
[ 5992909ms] [ERROR] Failed to load resource: net::ERR_CONNECTION_REFUSED @ http://localhost:4401/dashboard/alerts?limit=6:0
[ 6022084ms] [ERROR] Failed to load resource: net::ERR_CONNECTION_REFUSED @ http://localhost:4401/api/billing/ai-credits/summary:0
[ 6022290ms] [ERROR] Failed to load resource: net::ERR_CONNECTION_REFUSED @ http://localhost:4401/api/billing/ai-credits/summary:0
[ 6022895ms] [ERROR] Failed to load resource: net::ERR_CONNECTION_REFUSED @ http://localhost:4401/api/billing/ai-credits/summary:0
[ 6052079ms] [ERROR] Failed to load resource: net::ERR_CONNECTION_REFUSED @ http://localhost:4401/dashboard/overview:0
[ 6052079ms] [ERROR] Failed to load resource: net::ERR_CONNECTION_REFUSED @ http://localhost:4401/api/billing/ai-credits/summary:0
[ 6052079ms] [ERROR] Failed to load resource: net::ERR_CONNECTION_REFUSED @ http://localhost:4401/dashboard/alerts?limit=6:0
[ 6052290ms] [ERROR] Failed to load resource: net::ERR_CONNECTION_REFUSED @ http://localhost:4401/dashboard/overview:0
[ 6052290ms] [ERROR] Failed to load resource: net::ERR_CONNECTION_REFUSED @ http://localhost:4401/api/billing/ai-credits/summary:0
[ 6052290ms] [ERROR] Failed to load resource: net::ERR_CONNECTION_REFUSED @ http://localhost:4401/dashboard/alerts?limit=6:0
[ 6052895ms] [ERROR] Failed to load resource: net::ERR_CONNECTION_REFUSED @ http://localhost:4401/dashboard/overview:0
[ 6052895ms] [ERROR] Failed to load resource: net::ERR_CONNECTION_REFUSED @ http://localhost:4401/api/billing/ai-credits/summary:0
[ 6052896ms] [ERROR] Failed to load resource: net::ERR_CONNECTION_REFUSED @ http://localhost:4401/dashboard/alerts?limit=6:0
[ 6082080ms] [ERROR] Failed to load resource: net::ERR_CONNECTION_REFUSED @ http://localhost:4401/api/billing/ai-credits/summary:0
[ 6082284ms] [ERROR] Failed to load resource: net::ERR_CONNECTION_REFUSED @ http://localhost:4401/api/billing/ai-credits/summary:0
[ 6082893ms] [ERROR] Failed to load resource: net::ERR_CONNECTION_REFUSED @ http://localhost:4401/api/billing/ai-credits/summary:0
[ 6112087ms] [ERROR] Failed to load resource: net::ERR_CONNECTION_REFUSED @ http://localhost:4401/dashboard/overview:0
[ 6112088ms] [ERROR] Failed to load resource: net::ERR_CONNECTION_REFUSED @ http://localhost:4401/api/billing/ai-credits/summary:0
[ 6112088ms] [ERROR] Failed to load resource: net::ERR_CONNECTION_REFUSED @ http://localhost:4401/dashboard/alerts?limit=6:0
[ 6112298ms] [ERROR] Failed to load resource: net::ERR_CONNECTION_REFUSED @ http://localhost:4401/dashboard/overview:0
[ 6112299ms] [ERROR] Failed to load resource: net::ERR_CONNECTION_REFUSED @ http://localhost:4401/api/billing/ai-credits/summary:0
[ 6112299ms] [ERROR] Failed to load resource: net::ERR_CONNECTION_REFUSED @ http://localhost:4401/dashboard/alerts?limit=6:0
[ 6112910ms] [ERROR] Failed to load resource: net::ERR_CONNECTION_REFUSED @ http://localhost:4401/dashboard/overview:0
[ 6112911ms] [ERROR] Failed to load resource: net::ERR_CONNECTION_REFUSED @ http://localhost:4401/api/billing/ai-credits/summary:0
[ 6112911ms] [ERROR] Failed to load resource: net::ERR_CONNECTION_REFUSED @ http://localhost:4401/dashboard/alerts?limit=6:0
[ 6142273ms] [ERROR] Failed to load resource: net::ERR_CONNECTION_REFUSED @ http://localhost:4401/api/billing/ai-credits/summary:0
[ 6142484ms] [ERROR] Failed to load resource: net::ERR_CONNECTION_REFUSED @ http://localhost:4401/api/billing/ai-credits/summary:0
[ 6143089ms] [ERROR] Failed to load resource: net::ERR_CONNECTION_REFUSED @ http://localhost:4401/api/billing/ai-credits/summary:0
[ 6172318ms] [ERROR] Failed to load resource: net::ERR_CONNECTION_REFUSED @ http://localhost:4401/dashboard/overview:0
[ 6172322ms] [ERROR] Failed to load resource: net::ERR_CONNECTION_REFUSED @ http://localhost:4401/api/billing/ai-credits/summary:0
[ 6172323ms] [ERROR] Failed to load resource: net::ERR_CONNECTION_REFUSED @ http://localhost:4401/dashboard/alerts?limit=6:0
[ 6172538ms] [ERROR] Failed to load resource: net::ERR_CONNECTION_REFUSED @ http://localhost:4401/dashboard/overview:0
[ 6172567ms] [ERROR] Failed to load resource: net::ERR_CONNECTION_REFUSED @ http://localhost:4401/api/billing/ai-credits/summary:0
[ 6172567ms] [ERROR] Failed to load resource: net::ERR_CONNECTION_REFUSED @ http://localhost:4401/dashboard/alerts?limit=6:0
[ 6173186ms] [ERROR] Failed to load resource: net::ERR_CONNECTION_REFUSED @ http://localhost:4401/dashboard/overview:0
[ 6173228ms] [ERROR] Failed to load resource: net::ERR_CONNECTION_REFUSED @ http://localhost:4401/api/billing/ai-credits/summary:0
[ 6173228ms] [ERROR] Failed to load resource: net::ERR_CONNECTION_REFUSED @ http://localhost:4401/dashboard/alerts?limit=6:0
[ 6202093ms] [ERROR] Failed to load resource: net::ERR_CONNECTION_REFUSED @ http://localhost:4401/api/billing/ai-credits/summary:0
[ 6202302ms] [ERROR] Failed to load resource: net::ERR_CONNECTION_REFUSED @ http://localhost:4401/api/billing/ai-credits/summary:0
[ 6202908ms] [ERROR] Failed to load resource: net::ERR_CONNECTION_REFUSED @ http://localhost:4401/api/billing/ai-credits/summary:0
[ 6232090ms] [ERROR] Failed to load resource: net::ERR_CONNECTION_REFUSED @ http://localhost:4401/dashboard/overview:0
[ 6232090ms] [ERROR] Failed to load resource: net::ERR_CONNECTION_REFUSED @ http://localhost:4401/api/billing/ai-credits/summary:0
[ 6232090ms] [ERROR] Failed to load resource: net::ERR_CONNECTION_REFUSED @ http://localhost:4401/dashboard/alerts?limit=6:0
[ 6232302ms] [ERROR] Failed to load resource: net::ERR_CONNECTION_REFUSED @ http://localhost:4401/dashboard/overview:0
[ 6232302ms] [ERROR] Failed to load resource: net::ERR_CONNECTION_REFUSED @ http://localhost:4401/api/billing/ai-credits/summary:0
[ 6232302ms] [ERROR] Failed to load resource: net::ERR_CONNECTION_REFUSED @ http://localhost:4401/dashboard/alerts?limit=6:0
[ 6232913ms] [ERROR] Failed to load resource: net::ERR_CONNECTION_REFUSED @ http://localhost:4401/dashboard/overview:0
[ 6232914ms] [ERROR] Failed to load resource: net::ERR_CONNECTION_REFUSED @ http://localhost:4401/api/billing/ai-credits/summary:0
[ 6232914ms] [ERROR] Failed to load resource: net::ERR_CONNECTION_REFUSED @ http://localhost:4401/dashboard/alerts?limit=6:0
[ 6262087ms] [ERROR] Failed to load resource: net::ERR_CONNECTION_REFUSED @ http://localhost:4401/api/billing/ai-credits/summary:0
[ 6262297ms] [ERROR] Failed to load resource: net::ERR_CONNECTION_REFUSED @ http://localhost:4401/api/billing/ai-credits/summary:0
[ 6262906ms] [ERROR] Failed to load resource: net::ERR_CONNECTION_REFUSED @ http://localhost:4401/api/billing/ai-credits/summary:0
[ 6292091ms] [ERROR] Failed to load resource: net::ERR_CONNECTION_REFUSED @ http://localhost:4401/dashboard/overview:0
[ 6292091ms] [ERROR] Failed to load resource: net::ERR_CONNECTION_REFUSED @ http://localhost:4401/api/billing/ai-credits/summary:0
[ 6292091ms] [ERROR] Failed to load resource: net::ERR_CONNECTION_REFUSED @ http://localhost:4401/dashboard/alerts?limit=6:0
[ 6292302ms] [ERROR] Failed to load resource: net::ERR_CONNECTION_REFUSED @ http://localhost:4401/dashboard/overview:0
[ 6292303ms] [ERROR] Failed to load resource: net::ERR_CONNECTION_REFUSED @ http://localhost:4401/api/billing/ai-credits/summary:0
[ 6292303ms] [ERROR] Failed to load resource: net::ERR_CONNECTION_REFUSED @ http://localhost:4401/dashboard/alerts?limit=6:0
[ 6292909ms] [ERROR] Failed to load resource: net::ERR_CONNECTION_REFUSED @ http://localhost:4401/dashboard/overview:0
[ 6292909ms] [ERROR] Failed to load resource: net::ERR_CONNECTION_REFUSED @ http://localhost:4401/api/billing/ai-credits/summary:0
[ 6292909ms] [ERROR] Failed to load resource: net::ERR_CONNECTION_REFUSED @ http://localhost:4401/dashboard/alerts?limit=6:0
[ 6322081ms] [ERROR] Failed to load resource: net::ERR_CONNECTION_REFUSED @ http://localhost:4401/api/billing/ai-credits/summary:0
[ 6322285ms] [ERROR] Failed to load resource: net::ERR_CONNECTION_REFUSED @ http://localhost:4401/api/billing/ai-credits/summary:0
[ 6322895ms] [ERROR] Failed to load resource: net::ERR_CONNECTION_REFUSED @ http://localhost:4401/api/billing/ai-credits/summary:0
[ 6352091ms] [ERROR] Failed to load resource: net::ERR_CONNECTION_REFUSED @ http://localhost:4401/dashboard/overview:0
[ 6352091ms] [ERROR] Failed to load resource: net::ERR_CONNECTION_REFUSED @ http://localhost:4401/api/billing/ai-credits/summary:0
[ 6352091ms] [ERROR] Failed to load resource: net::ERR_CONNECTION_REFUSED @ http://localhost:4401/dashboard/alerts?limit=6:0
[ 6352300ms] [ERROR] Failed to load resource: net::ERR_CONNECTION_REFUSED @ http://localhost:4401/dashboard/overview:0
[ 6352300ms] [ERROR] Failed to load resource: net::ERR_CONNECTION_REFUSED @ http://localhost:4401/api/billing/ai-credits/summary:0
[ 6352300ms] [ERROR] Failed to load resource: net::ERR_CONNECTION_REFUSED @ http://localhost:4401/dashboard/alerts?limit=6:0
[ 6352913ms] [ERROR] Failed to load resource: net::ERR_CONNECTION_REFUSED @ http://localhost:4401/dashboard/overview:0
[ 6352913ms] [ERROR] Failed to load resource: net::ERR_CONNECTION_REFUSED @ http://localhost:4401/api/billing/ai-credits/summary:0
[ 6352913ms] [ERROR] Failed to load resource: net::ERR_CONNECTION_REFUSED @ http://localhost:4401/dashboard/alerts?limit=6:0
[ 6382083ms] [ERROR] Failed to load resource: net::ERR_CONNECTION_REFUSED @ http://localhost:4401/api/billing/ai-credits/summary:0
[ 6382290ms] [ERROR] Failed to load resource: net::ERR_CONNECTION_REFUSED @ http://localhost:4401/api/billing/ai-credits/summary:0
[ 6382897ms] [ERROR] Failed to load resource: net::ERR_CONNECTION_REFUSED @ http://localhost:4401/api/billing/ai-credits/summary:0
[ 6412090ms] [ERROR] Failed to load resource: net::ERR_CONNECTION_REFUSED @ http://localhost:4401/dashboard/overview:0
[ 6412091ms] [ERROR] Failed to load resource: net::ERR_CONNECTION_REFUSED @ http://localhost:4401/api/billing/ai-credits/summary:0
[ 6412091ms] [ERROR] Failed to load resource: net::ERR_CONNECTION_REFUSED @ http://localhost:4401/dashboard/alerts?limit=6:0
[ 6412302ms] [ERROR] Failed to load resource: net::ERR_CONNECTION_REFUSED @ http://localhost:4401/dashboard/overview:0
[ 6412302ms] [ERROR] Failed to load resource: net::ERR_CONNECTION_REFUSED @ http://localhost:4401/api/billing/ai-credits/summary:0
[ 6412302ms] [ERROR] Failed to load resource: net::ERR_CONNECTION_REFUSED @ http://localhost:4401/dashboard/alerts?limit=6:0
[ 6412914ms] [ERROR] Failed to load resource: net::ERR_CONNECTION_REFUSED @ http://localhost:4401/dashboard/overview:0
[ 6412914ms] [ERROR] Failed to load resource: net::ERR_CONNECTION_REFUSED @ http://localhost:4401/api/billing/ai-credits/summary:0
[ 6412914ms] [ERROR] Failed to load resource: net::ERR_CONNECTION_REFUSED @ http://localhost:4401/dashboard/alerts?limit=6:0
[ 6442086ms] [ERROR] Failed to load resource: net::ERR_CONNECTION_REFUSED @ http://localhost:4401/api/billing/ai-credits/summary:0
[ 6442293ms] [ERROR] Failed to load resource: net::ERR_CONNECTION_REFUSED @ http://localhost:4401/api/billing/ai-credits/summary:0
[ 6442897ms] [ERROR] Failed to load resource: net::ERR_CONNECTION_REFUSED @ http://localhost:4401/api/billing/ai-credits/summary:0
[ 6472090ms] [ERROR] Failed to load resource: net::ERR_CONNECTION_REFUSED @ http://localhost:4401/dashboard/overview:0
[ 6472091ms] [ERROR] Failed to load resource: net::ERR_CONNECTION_REFUSED @ http://localhost:4401/api/billing/ai-credits/summary:0
[ 6472091ms] [ERROR] Failed to load resource: net::ERR_CONNECTION_REFUSED @ http://localhost:4401/dashboard/alerts?limit=6:0
[ 6472300ms] [ERROR] Failed to load resource: net::ERR_CONNECTION_REFUSED @ http://localhost:4401/dashboard/overview:0
[ 6472300ms] [ERROR] Failed to load resource: net::ERR_CONNECTION_REFUSED @ http://localhost:4401/api/billing/ai-credits/summary:0
[ 6472300ms] [ERROR] Failed to load resource: net::ERR_CONNECTION_REFUSED @ http://localhost:4401/dashboard/alerts?limit=6:0
[ 6472909ms] [ERROR] Failed to load resource: net::ERR_CONNECTION_REFUSED @ http://localhost:4401/dashboard/overview:0
[ 6472909ms] [ERROR] Failed to load resource: net::ERR_CONNECTION_REFUSED @ http://localhost:4401/api/billing/ai-credits/summary:0
[ 6472909ms] [ERROR] Failed to load resource: net::ERR_CONNECTION_REFUSED @ http://localhost:4401/dashboard/alerts?limit=6:0
[ 6502090ms] [ERROR] Failed to load resource: net::ERR_CONNECTION_REFUSED @ http://localhost:4401/api/billing/ai-credits/summary:0
[ 6502297ms] [ERROR] Failed to load resource: net::ERR_CONNECTION_REFUSED @ http://localhost:4401/api/billing/ai-credits/summary:0
[ 6502899ms] [ERROR] Failed to load resource: net::ERR_CONNECTION_REFUSED @ http://localhost:4401/api/billing/ai-credits/summary:0
[ 6532094ms] [ERROR] Failed to load resource: net::ERR_CONNECTION_REFUSED @ http://localhost:4401/dashboard/overview:0
[ 6532095ms] [ERROR] Failed to load resource: net::ERR_CONNECTION_REFUSED @ http://localhost:4401/api/billing/ai-credits/summary:0
[ 6532095ms] [ERROR] Failed to load resource: net::ERR_CONNECTION_REFUSED @ http://localhost:4401/dashboard/alerts?limit=6:0
[ 6532307ms] [ERROR] Failed to load resource: net::ERR_CONNECTION_REFUSED @ http://localhost:4401/dashboard/overview:0
[ 6532307ms] [ERROR] Failed to load resource: net::ERR_CONNECTION_REFUSED @ http://localhost:4401/api/billing/ai-credits/summary:0
[ 6532307ms] [ERROR] Failed to load resource: net::ERR_CONNECTION_REFUSED @ http://localhost:4401/dashboard/alerts?limit=6:0
[ 6532919ms] [ERROR] Failed to load resource: net::ERR_CONNECTION_REFUSED @ http://localhost:4401/dashboard/overview:0
[ 6532920ms] [ERROR] Failed to load resource: net::ERR_CONNECTION_REFUSED @ http://localhost:4401/api/billing/ai-credits/summary:0
[ 6532920ms] [ERROR] Failed to load resource: net::ERR_CONNECTION_REFUSED @ http://localhost:4401/dashboard/alerts?limit=6:0
[ 6562089ms] [ERROR] Failed to load resource: net::ERR_CONNECTION_REFUSED @ http://localhost:4401/api/billing/ai-credits/summary:0
[ 6562298ms] [ERROR] Failed to load resource: net::ERR_CONNECTION_REFUSED @ http://localhost:4401/api/billing/ai-credits/summary:0
[ 6562907ms] [ERROR] Failed to load resource: net::ERR_CONNECTION_REFUSED @ http://localhost:4401/api/billing/ai-credits/summary:0
[ 6592094ms] [ERROR] Failed to load resource: net::ERR_CONNECTION_REFUSED @ http://localhost:4401/dashboard/overview:0
[ 6592094ms] [ERROR] Failed to load resource: net::ERR_CONNECTION_REFUSED @ http://localhost:4401/api/billing/ai-credits/summary:0
[ 6592094ms] [ERROR] Failed to load resource: net::ERR_CONNECTION_REFUSED @ http://localhost:4401/dashboard/alerts?limit=6:0
[ 6592305ms] [ERROR] Failed to load resource: net::ERR_CONNECTION_REFUSED @ http://localhost:4401/dashboard/overview:0
[ 6592307ms] [ERROR] Failed to load resource: net::ERR_CONNECTION_REFUSED @ http://localhost:4401/api/billing/ai-credits/summary:0
[ 6592307ms] [ERROR] Failed to load resource: net::ERR_CONNECTION_REFUSED @ http://localhost:4401/dashboard/alerts?limit=6:0
[ 6592918ms] [ERROR] Failed to load resource: net::ERR_CONNECTION_REFUSED @ http://localhost:4401/dashboard/overview:0
[ 6592919ms] [ERROR] Failed to load resource: net::ERR_CONNECTION_REFUSED @ http://localhost:4401/api/billing/ai-credits/summary:0
[ 6592919ms] [ERROR] Failed to load resource: net::ERR_CONNECTION_REFUSED @ http://localhost:4401/dashboard/alerts?limit=6:0
[ 6622088ms] [ERROR] Failed to load resource: net::ERR_CONNECTION_REFUSED @ http://localhost:4401/api/billing/ai-credits/summary:0
[ 6622293ms] [ERROR] Failed to load resource: net::ERR_CONNECTION_REFUSED @ http://localhost:4401/api/billing/ai-credits/summary:0
[ 6622899ms] [ERROR] Failed to load resource: net::ERR_CONNECTION_REFUSED @ http://localhost:4401/api/billing/ai-credits/summary:0
[ 6652095ms] [ERROR] Failed to load resource: net::ERR_CONNECTION_REFUSED @ http://localhost:4401/dashboard/overview:0
[ 6652095ms] [ERROR] Failed to load resource: net::ERR_CONNECTION_REFUSED @ http://localhost:4401/api/billing/ai-credits/summary:0
[ 6652095ms] [ERROR] Failed to load resource: net::ERR_CONNECTION_REFUSED @ http://localhost:4401/dashboard/alerts?limit=6:0
[ 6652306ms] [ERROR] Failed to load resource: net::ERR_CONNECTION_REFUSED @ http://localhost:4401/dashboard/overview:0
[ 6652306ms] [ERROR] Failed to load resource: net::ERR_CONNECTION_REFUSED @ http://localhost:4401/api/billing/ai-credits/summary:0
[ 6652306ms] [ERROR] Failed to load resource: net::ERR_CONNECTION_REFUSED @ http://localhost:4401/dashboard/alerts?limit=6:0
[ 6652917ms] [ERROR] Failed to load resource: net::ERR_CONNECTION_REFUSED @ http://localhost:4401/dashboard/overview:0
[ 6652917ms] [ERROR] Failed to load resource: net::ERR_CONNECTION_REFUSED @ http://localhost:4401/api/billing/ai-credits/summary:0
[ 6652917ms] [ERROR] Failed to load resource: net::ERR_CONNECTION_REFUSED @ http://localhost:4401/dashboard/alerts?limit=6:0
[ 6682093ms] [ERROR] Failed to load resource: net::ERR_CONNECTION_REFUSED @ http://localhost:4401/api/billing/ai-credits/summary:0
[ 6682302ms] [ERROR] Failed to load resource: net::ERR_CONNECTION_REFUSED @ http://localhost:4401/api/billing/ai-credits/summary:0
[ 6682911ms] [ERROR] Failed to load resource: net::ERR_CONNECTION_REFUSED @ http://localhost:4401/api/billing/ai-credits/summary:0
[ 6712091ms] [ERROR] Failed to load resource: net::ERR_CONNECTION_REFUSED @ http://localhost:4401/dashboard/overview:0
[ 6712091ms] [ERROR] Failed to load resource: net::ERR_CONNECTION_REFUSED @ http://localhost:4401/api/billing/ai-credits/summary:0
[ 6712091ms] [ERROR] Failed to load resource: net::ERR_CONNECTION_REFUSED @ http://localhost:4401/dashboard/alerts?limit=6:0
[ 6712298ms] [ERROR] Failed to load resource: net::ERR_CONNECTION_REFUSED @ http://localhost:4401/dashboard/overview:0
[ 6712299ms] [ERROR] Failed to load resource: net::ERR_CONNECTION_REFUSED @ http://localhost:4401/api/billing/ai-credits/summary:0
[ 6712299ms] [ERROR] Failed to load resource: net::ERR_CONNECTION_REFUSED @ http://localhost:4401/dashboard/alerts?limit=6:0
[ 6712917ms] [ERROR] Failed to load resource: net::ERR_CONNECTION_REFUSED @ http://localhost:4401/dashboard/overview:0
[ 6712917ms] [ERROR] Failed to load resource: net::ERR_CONNECTION_REFUSED @ http://localhost:4401/api/billing/ai-credits/summary:0
[ 6712917ms] [ERROR] Failed to load resource: net::ERR_CONNECTION_REFUSED @ http://localhost:4401/dashboard/alerts?limit=6:0
[ 6742087ms] [ERROR] Failed to load resource: net::ERR_CONNECTION_REFUSED @ http://localhost:4401/api/billing/ai-credits/summary:0
[ 6742296ms] [ERROR] Failed to load resource: net::ERR_CONNECTION_REFUSED @ http://localhost:4401/api/billing/ai-credits/summary:0
[ 6742908ms] [ERROR] Failed to load resource: net::ERR_CONNECTION_REFUSED @ http://localhost:4401/api/billing/ai-credits/summary:0
[ 6772095ms] [ERROR] Failed to load resource: net::ERR_CONNECTION_REFUSED @ http://localhost:4401/dashboard/overview:0
[ 6772095ms] [ERROR] Failed to load resource: net::ERR_CONNECTION_REFUSED @ http://localhost:4401/api/billing/ai-credits/summary:0
[ 6772095ms] [ERROR] Failed to load resource: net::ERR_CONNECTION_REFUSED @ http://localhost:4401/dashboard/alerts?limit=6:0
[ 6772307ms] [ERROR] Failed to load resource: net::ERR_CONNECTION_REFUSED @ http://localhost:4401/dashboard/overview:0
[ 6772307ms] [ERROR] Failed to load resource: net::ERR_CONNECTION_REFUSED @ http://localhost:4401/api/billing/ai-credits/summary:0
[ 6772307ms] [ERROR] Failed to load resource: net::ERR_CONNECTION_REFUSED @ http://localhost:4401/dashboard/alerts?limit=6:0
[ 6772918ms] [ERROR] Failed to load resource: net::ERR_CONNECTION_REFUSED @ http://localhost:4401/dashboard/overview:0
[ 6772918ms] [ERROR] Failed to load resource: net::ERR_CONNECTION_REFUSED @ http://localhost:4401/api/billing/ai-credits/summary:0
[ 6772918ms] [ERROR] Failed to load resource: net::ERR_CONNECTION_REFUSED @ http://localhost:4401/dashboard/alerts?limit=6:0
[ 6802096ms] [ERROR] Failed to load resource: net::ERR_CONNECTION_REFUSED @ http://localhost:4401/api/billing/ai-credits/summary:0
[ 6802304ms] [ERROR] Failed to load resource: net::ERR_CONNECTION_REFUSED @ http://localhost:4401/api/billing/ai-credits/summary:0
[ 6802912ms] [ERROR] Failed to load resource: net::ERR_CONNECTION_REFUSED @ http://localhost:4401/api/billing/ai-credits/summary:0
[ 6832095ms] [ERROR] Failed to load resource: net::ERR_CONNECTION_REFUSED @ http://localhost:4401/dashboard/overview:0
[ 6832097ms] [ERROR] Failed to load resource: net::ERR_CONNECTION_REFUSED @ http://localhost:4401/api/billing/ai-credits/summary:0
[ 6832097ms] [ERROR] Failed to load resource: net::ERR_CONNECTION_REFUSED @ http://localhost:4401/dashboard/alerts?limit=6:0
[ 6832306ms] [ERROR] Failed to load resource: net::ERR_CONNECTION_REFUSED @ http://localhost:4401/dashboard/overview:0
[ 6832306ms] [ERROR] Failed to load resource: net::ERR_CONNECTION_REFUSED @ http://localhost:4401/api/billing/ai-credits/summary:0
[ 6832306ms] [ERROR] Failed to load resource: net::ERR_CONNECTION_REFUSED @ http://localhost:4401/dashboard/alerts?limit=6:0
[ 6832918ms] [ERROR] Failed to load resource: net::ERR_CONNECTION_REFUSED @ http://localhost:4401/dashboard/overview:0
[ 6832918ms] [ERROR] Failed to load resource: net::ERR_CONNECTION_REFUSED @ http://localhost:4401/api/billing/ai-credits/summary:0
[ 6832918ms] [ERROR] Failed to load resource: net::ERR_CONNECTION_REFUSED @ http://localhost:4401/dashboard/alerts?limit=6:0
[ 6862096ms] [ERROR] Failed to load resource: net::ERR_CONNECTION_REFUSED @ http://localhost:4401/api/billing/ai-credits/summary:0
[ 6862303ms] [ERROR] Failed to load resource: net::ERR_CONNECTION_REFUSED @ http://localhost:4401/api/billing/ai-credits/summary:0
[ 6862911ms] [ERROR] Failed to load resource: net::ERR_CONNECTION_REFUSED @ http://localhost:4401/api/billing/ai-credits/summary:0
[ 6892098ms] [ERROR] Failed to load resource: net::ERR_CONNECTION_REFUSED @ http://localhost:4401/dashboard/overview:0
[ 6892098ms] [ERROR] Failed to load resource: net::ERR_CONNECTION_REFUSED @ http://localhost:4401/api/billing/ai-credits/summary:0
[ 6892098ms] [ERROR] Failed to load resource: net::ERR_CONNECTION_REFUSED @ http://localhost:4401/dashboard/alerts?limit=6:0
[ 6892310ms] [ERROR] Failed to load resource: net::ERR_CONNECTION_REFUSED @ http://localhost:4401/dashboard/overview:0
[ 6892310ms] [ERROR] Failed to load resource: net::ERR_CONNECTION_REFUSED @ http://localhost:4401/api/billing/ai-credits/summary:0
[ 6892310ms] [ERROR] Failed to load resource: net::ERR_CONNECTION_REFUSED @ http://localhost:4401/dashboard/alerts?limit=6:0
[ 6892921ms] [ERROR] Failed to load resource: net::ERR_CONNECTION_REFUSED @ http://localhost:4401/dashboard/overview:0
[ 6892921ms] [ERROR] Failed to load resource: net::ERR_CONNECTION_REFUSED @ http://localhost:4401/api/billing/ai-credits/summary:0
[ 6892921ms] [ERROR] Failed to load resource: net::ERR_CONNECTION_REFUSED @ http://localhost:4401/dashboard/alerts?limit=6:0
[ 6922095ms] [ERROR] Failed to load resource: net::ERR_CONNECTION_REFUSED @ http://localhost:4401/api/billing/ai-credits/summary:0
[ 6922305ms] [ERROR] Failed to load resource: net::ERR_CONNECTION_REFUSED @ http://localhost:4401/api/billing/ai-credits/summary:0
[ 6922915ms] [ERROR] Failed to load resource: net::ERR_CONNECTION_REFUSED @ http://localhost:4401/api/billing/ai-credits/summary:0
[ 6952099ms] [ERROR] Failed to load resource: net::ERR_CONNECTION_REFUSED @ http://localhost:4401/dashboard/overview:0
[ 6952099ms] [ERROR] Failed to load resource: net::ERR_CONNECTION_REFUSED @ http://localhost:4401/api/billing/ai-credits/summary:0
[ 6952099ms] [ERROR] Failed to load resource: net::ERR_CONNECTION_REFUSED @ http://localhost:4401/dashboard/alerts?limit=6:0
[ 6952311ms] [ERROR] Failed to load resource: net::ERR_CONNECTION_REFUSED @ http://localhost:4401/dashboard/overview:0
[ 6952311ms] [ERROR] Failed to load resource: net::ERR_CONNECTION_REFUSED @ http://localhost:4401/api/billing/ai-credits/summary:0
[ 6952311ms] [ERROR] Failed to load resource: net::ERR_CONNECTION_REFUSED @ http://localhost:4401/dashboard/alerts?limit=6:0
[ 6952915ms] [ERROR] Failed to load resource: net::ERR_CONNECTION_REFUSED @ http://localhost:4401/dashboard/overview:0
[ 6952916ms] [ERROR] Failed to load resource: net::ERR_CONNECTION_REFUSED @ http://localhost:4401/api/billing/ai-credits/summary:0
[ 6952916ms] [ERROR] Failed to load resource: net::ERR_CONNECTION_REFUSED @ http://localhost:4401/dashboard/alerts?limit=6:0
[ 6982097ms] [ERROR] Failed to load resource: net::ERR_CONNECTION_REFUSED @ http://localhost:4401/api/billing/ai-credits/summary:0
[ 6982304ms] [ERROR] Failed to load resource: net::ERR_CONNECTION_REFUSED @ http://localhost:4401/api/billing/ai-credits/summary:0
[ 6982913ms] [ERROR] Failed to load resource: net::ERR_CONNECTION_REFUSED @ http://localhost:4401/api/billing/ai-credits/summary:0
[ 7012100ms] [ERROR] Failed to load resource: net::ERR_CONNECTION_REFUSED @ http://localhost:4401/dashboard/overview:0
[ 7012100ms] [ERROR] Failed to load resource: net::ERR_CONNECTION_REFUSED @ http://localhost:4401/api/billing/ai-credits/summary:0
[ 7012100ms] [ERROR] Failed to load resource: net::ERR_CONNECTION_REFUSED @ http://localhost:4401/dashboard/alerts?limit=6:0
[ 7012313ms] [ERROR] Failed to load resource: net::ERR_CONNECTION_REFUSED @ http://localhost:4401/dashboard/overview:0
[ 7012313ms] [ERROR] Failed to load resource: net::ERR_CONNECTION_REFUSED @ http://localhost:4401/api/billing/ai-credits/summary:0
[ 7012313ms] [ERROR] Failed to load resource: net::ERR_CONNECTION_REFUSED @ http://localhost:4401/dashboard/alerts?limit=6:0
[ 7012924ms] [ERROR] Failed to load resource: net::ERR_CONNECTION_REFUSED @ http://localhost:4401/dashboard/overview:0
[ 7012924ms] [ERROR] Failed to load resource: net::ERR_CONNECTION_REFUSED @ http://localhost:4401/api/billing/ai-credits/summary:0
[ 7012924ms] [ERROR] Failed to load resource: net::ERR_CONNECTION_REFUSED @ http://localhost:4401/dashboard/alerts?limit=6:0
[ 7042095ms] [ERROR] Failed to load resource: net::ERR_CONNECTION_REFUSED @ http://localhost:4401/api/billing/ai-credits/summary:0
[ 7042300ms] [ERROR] Failed to load resource: net::ERR_CONNECTION_REFUSED @ http://localhost:4401/api/billing/ai-credits/summary:0
[ 7042908ms] [ERROR] Failed to load resource: net::ERR_CONNECTION_REFUSED @ http://localhost:4401/api/billing/ai-credits/summary:0
[ 7072103ms] [ERROR] Failed to load resource: net::ERR_CONNECTION_REFUSED @ http://localhost:4401/dashboard/overview:0
[ 7072104ms] [ERROR] Failed to load resource: net::ERR_CONNECTION_REFUSED @ http://localhost:4401/api/billing/ai-credits/summary:0
[ 7072104ms] [ERROR] Failed to load resource: net::ERR_CONNECTION_REFUSED @ http://localhost:4401/dashboard/alerts?limit=6:0
[ 7072312ms] [ERROR] Failed to load resource: net::ERR_CONNECTION_REFUSED @ http://localhost:4401/dashboard/overview:0
[ 7072312ms] [ERROR] Failed to load resource: net::ERR_CONNECTION_REFUSED @ http://localhost:4401/api/billing/ai-credits/summary:0
[ 7072313ms] [ERROR] Failed to load resource: net::ERR_CONNECTION_REFUSED @ http://localhost:4401/dashboard/alerts?limit=6:0
[ 7072920ms] [ERROR] Failed to load resource: net::ERR_CONNECTION_REFUSED @ http://localhost:4401/dashboard/overview:0
[ 7072921ms] [ERROR] Failed to load resource: net::ERR_CONNECTION_REFUSED @ http://localhost:4401/api/billing/ai-credits/summary:0
[ 7072921ms] [ERROR] Failed to load resource: net::ERR_CONNECTION_REFUSED @ http://localhost:4401/dashboard/alerts?limit=6:0
[ 7102099ms] [ERROR] Failed to load resource: net::ERR_CONNECTION_REFUSED @ http://localhost:4401/api/billing/ai-credits/summary:0
[ 7102304ms] [ERROR] Failed to load resource: net::ERR_CONNECTION_REFUSED @ http://localhost:4401/api/billing/ai-credits/summary:0
[ 7102912ms] [ERROR] Failed to load resource: net::ERR_CONNECTION_REFUSED @ http://localhost:4401/api/billing/ai-credits/summary:0
[ 7132099ms] [ERROR] Failed to load resource: net::ERR_CONNECTION_REFUSED @ http://localhost:4401/dashboard/overview:0
[ 7132099ms] [ERROR] Failed to load resource: net::ERR_CONNECTION_REFUSED @ http://localhost:4401/api/billing/ai-credits/summary:0
[ 7132099ms] [ERROR] Failed to load resource: net::ERR_CONNECTION_REFUSED @ http://localhost:4401/dashboard/alerts?limit=6:0
[ 7132303ms] [ERROR] Failed to load resource: net::ERR_CONNECTION_REFUSED @ http://localhost:4401/dashboard/overview:0
[ 7132303ms] [ERROR] Failed to load resource: net::ERR_CONNECTION_REFUSED @ http://localhost:4401/api/billing/ai-credits/summary:0
[ 7132303ms] [ERROR] Failed to load resource: net::ERR_CONNECTION_REFUSED @ http://localhost:4401/dashboard/alerts?limit=6:0
[ 7132914ms] [ERROR] Failed to load resource: net::ERR_CONNECTION_REFUSED @ http://localhost:4401/dashboard/overview:0
[ 7132914ms] [ERROR] Failed to load resource: net::ERR_CONNECTION_REFUSED @ http://localhost:4401/api/billing/ai-credits/summary:0
[ 7132915ms] [ERROR] Failed to load resource: net::ERR_CONNECTION_REFUSED @ http://localhost:4401/dashboard/alerts?limit=6:0
[ 7162100ms] [ERROR] Failed to load resource: net::ERR_CONNECTION_REFUSED @ http://localhost:4401/api/billing/ai-credits/summary:0
[ 7162309ms] [ERROR] Failed to load resource: net::ERR_CONNECTION_REFUSED @ http://localhost:4401/api/billing/ai-credits/summary:0
[ 7162915ms] [ERROR] Failed to load resource: net::ERR_CONNECTION_REFUSED @ http://localhost:4401/api/billing/ai-credits/summary:0
[ 7192100ms] [ERROR] Failed to load resource: net::ERR_CONNECTION_REFUSED @ http://localhost:4401/dashboard/overview:0
[ 7192100ms] [ERROR] Failed to load resource: net::ERR_CONNECTION_REFUSED @ http://localhost:4401/api/billing/ai-credits/summary:0
[ 7192100ms] [ERROR] Failed to load resource: net::ERR_CONNECTION_REFUSED @ http://localhost:4401/dashboard/alerts?limit=6:0
[ 7192310ms] [ERROR] Failed to load resource: net::ERR_CONNECTION_REFUSED @ http://localhost:4401/dashboard/overview:0
[ 7192310ms] [ERROR] Failed to load resource: net::ERR_CONNECTION_REFUSED @ http://localhost:4401/api/billing/ai-credits/summary:0
[ 7192310ms] [ERROR] Failed to load resource: net::ERR_CONNECTION_REFUSED @ http://localhost:4401/dashboard/alerts?limit=6:0
[ 7192919ms] [ERROR] Failed to load resource: net::ERR_CONNECTION_REFUSED @ http://localhost:4401/dashboard/overview:0
[ 7192919ms] [ERROR] Failed to load resource: net::ERR_CONNECTION_REFUSED @ http://localhost:4401/api/billing/ai-credits/summary:0
[ 7192919ms] [ERROR] Failed to load resource: net::ERR_CONNECTION_REFUSED @ http://localhost:4401/dashboard/alerts?limit=6:0
[ 7222100ms] [ERROR] Failed to load resource: net::ERR_CONNECTION_REFUSED @ http://localhost:4401/api/billing/ai-credits/summary:0
[ 7222308ms] [ERROR] Failed to load resource: net::ERR_CONNECTION_REFUSED @ http://localhost:4401/api/billing/ai-credits/summary:0
[ 7222913ms] [ERROR] Failed to load resource: net::ERR_CONNECTION_REFUSED @ http://localhost:4401/api/billing/ai-credits/summary:0
[ 7252102ms] [ERROR] Failed to load resource: net::ERR_CONNECTION_REFUSED @ http://localhost:4401/dashboard/overview:0
[ 7252102ms] [ERROR] Failed to load resource: net::ERR_CONNECTION_REFUSED @ http://localhost:4401/api/billing/ai-credits/summary:0
[ 7252103ms] [ERROR] Failed to load resource: net::ERR_CONNECTION_REFUSED @ http://localhost:4401/dashboard/alerts?limit=6:0
[ 7252315ms] [ERROR] Failed to load resource: net::ERR_CONNECTION_REFUSED @ http://localhost:4401/dashboard/overview:0
[ 7252315ms] [ERROR] Failed to load resource: net::ERR_CONNECTION_REFUSED @ http://localhost:4401/api/billing/ai-credits/summary:0
[ 7252315ms] [ERROR] Failed to load resource: net::ERR_CONNECTION_REFUSED @ http://localhost:4401/dashboard/alerts?limit=6:0
[ 7252928ms] [ERROR] Failed to load resource: net::ERR_CONNECTION_REFUSED @ http://localhost:4401/dashboard/overview:0
[ 7252928ms] [ERROR] Failed to load resource: net::ERR_CONNECTION_REFUSED @ http://localhost:4401/api/billing/ai-credits/summary:0
[ 7252928ms] [ERROR] Failed to load resource: net::ERR_CONNECTION_REFUSED @ http://localhost:4401/dashboard/alerts?limit=6:0
[ 7282100ms] [ERROR] Failed to load resource: net::ERR_CONNECTION_REFUSED @ http://localhost:4401/api/billing/ai-credits/summary:0
[ 7282310ms] [ERROR] Failed to load resource: net::ERR_CONNECTION_REFUSED @ http://localhost:4401/api/billing/ai-credits/summary:0
[ 7282914ms] [ERROR] Failed to load resource: net::ERR_CONNECTION_REFUSED @ http://localhost:4401/api/billing/ai-credits/summary:0
[ 7312104ms] [ERROR] Failed to load resource: net::ERR_CONNECTION_REFUSED @ http://localhost:4401/dashboard/overview:0
[ 7312104ms] [ERROR] Failed to load resource: net::ERR_CONNECTION_REFUSED @ http://localhost:4401/api/billing/ai-credits/summary:0
[ 7312104ms] [ERROR] Failed to load resource: net::ERR_CONNECTION_REFUSED @ http://localhost:4401/dashboard/alerts?limit=6:0
[ 7312318ms] [ERROR] Failed to load resource: net::ERR_CONNECTION_REFUSED @ http://localhost:4401/dashboard/overview:0
[ 7312318ms] [ERROR] Failed to load resource: net::ERR_CONNECTION_REFUSED @ http://localhost:4401/api/billing/ai-credits/summary:0
[ 7312318ms] [ERROR] Failed to load resource: net::ERR_CONNECTION_REFUSED @ http://localhost:4401/dashboard/alerts?limit=6:0
[ 7312930ms] [ERROR] Failed to load resource: net::ERR_CONNECTION_REFUSED @ http://localhost:4401/dashboard/overview:0
[ 7312930ms] [ERROR] Failed to load resource: net::ERR_CONNECTION_REFUSED @ http://localhost:4401/api/billing/ai-credits/summary:0
[ 7312930ms] [ERROR] Failed to load resource: net::ERR_CONNECTION_REFUSED @ http://localhost:4401/dashboard/alerts?limit=6:0
[ 7342103ms] [ERROR] Failed to load resource: net::ERR_CONNECTION_REFUSED @ http://localhost:4401/api/billing/ai-credits/summary:0
[ 7342310ms] [ERROR] Failed to load resource: net::ERR_CONNECTION_REFUSED @ http://localhost:4401/api/billing/ai-credits/summary:0
[ 7342918ms] [ERROR] Failed to load resource: net::ERR_CONNECTION_REFUSED @ http://localhost:4401/api/billing/ai-credits/summary:0
[ 7372105ms] [ERROR] Failed to load resource: net::ERR_CONNECTION_REFUSED @ http://localhost:4401/dashboard/overview:0
[ 7372105ms] [ERROR] Failed to load resource: net::ERR_CONNECTION_REFUSED @ http://localhost:4401/api/billing/ai-credits/summary:0
[ 7372105ms] [ERROR] Failed to load resource: net::ERR_CONNECTION_REFUSED @ http://localhost:4401/dashboard/alerts?limit=6:0
[ 7372313ms] [ERROR] Failed to load resource: net::ERR_CONNECTION_REFUSED @ http://localhost:4401/dashboard/overview:0
[ 7372313ms] [ERROR] Failed to load resource: net::ERR_CONNECTION_REFUSED @ http://localhost:4401/api/billing/ai-credits/summary:0
[ 7372313ms] [ERROR] Failed to load resource: net::ERR_CONNECTION_REFUSED @ http://localhost:4401/dashboard/alerts?limit=6:0
[ 7372925ms] [ERROR] Failed to load resource: net::ERR_CONNECTION_REFUSED @ http://localhost:4401/dashboard/overview:0
[ 7372925ms] [ERROR] Failed to load resource: net::ERR_CONNECTION_REFUSED @ http://localhost:4401/api/billing/ai-credits/summary:0
[ 7372925ms] [ERROR] Failed to load resource: net::ERR_CONNECTION_REFUSED @ http://localhost:4401/dashboard/alerts?limit=6:0
[ 7402101ms] [ERROR] Failed to load resource: net::ERR_CONNECTION_REFUSED @ http://localhost:4401/api/billing/ai-credits/summary:0
[ 7402309ms] [ERROR] Failed to load resource: net::ERR_CONNECTION_REFUSED @ http://localhost:4401/api/billing/ai-credits/summary:0
[ 7402917ms] [ERROR] Failed to load resource: net::ERR_CONNECTION_REFUSED @ http://localhost:4401/api/billing/ai-credits/summary:0
[ 7432105ms] [ERROR] Failed to load resource: net::ERR_CONNECTION_REFUSED @ http://localhost:4401/dashboard/overview:0
[ 7432105ms] [ERROR] Failed to load resource: net::ERR_CONNECTION_REFUSED @ http://localhost:4401/api/billing/ai-credits/summary:0
[ 7432106ms] [ERROR] Failed to load resource: net::ERR_CONNECTION_REFUSED @ http://localhost:4401/dashboard/alerts?limit=6:0
[ 7432315ms] [ERROR] Failed to load resource: net::ERR_CONNECTION_REFUSED @ http://localhost:4401/dashboard/overview:0
[ 7432315ms] [ERROR] Failed to load resource: net::ERR_CONNECTION_REFUSED @ http://localhost:4401/api/billing/ai-credits/summary:0
[ 7432316ms] [ERROR] Failed to load resource: net::ERR_CONNECTION_REFUSED @ http://localhost:4401/dashboard/alerts?limit=6:0
[ 7432927ms] [ERROR] Failed to load resource: net::ERR_CONNECTION_REFUSED @ http://localhost:4401/dashboard/overview:0
[ 7432927ms] [ERROR] Failed to load resource: net::ERR_CONNECTION_REFUSED @ http://localhost:4401/api/billing/ai-credits/summary:0
[ 7432928ms] [ERROR] Failed to load resource: net::ERR_CONNECTION_REFUSED @ http://localhost:4401/dashboard/alerts?limit=6:0
[ 7462104ms] [ERROR] Failed to load resource: net::ERR_CONNECTION_REFUSED @ http://localhost:4401/api/billing/ai-credits/summary:0
[ 7462314ms] [ERROR] Failed to load resource: net::ERR_CONNECTION_REFUSED @ http://localhost:4401/api/billing/ai-credits/summary:0
[ 7462923ms] [ERROR] Failed to load resource: net::ERR_CONNECTION_REFUSED @ http://localhost:4401/api/billing/ai-credits/summary:0
[ 7492107ms] [ERROR] Failed to load resource: net::ERR_CONNECTION_REFUSED @ http://localhost:4401/dashboard/overview:0
[ 7492107ms] [ERROR] Failed to load resource: net::ERR_CONNECTION_REFUSED @ http://localhost:4401/api/billing/ai-credits/summary:0
[ 7492107ms] [ERROR] Failed to load resource: net::ERR_CONNECTION_REFUSED @ http://localhost:4401/dashboard/alerts?limit=6:0
[ 7492321ms] [ERROR] Failed to load resource: net::ERR_CONNECTION_REFUSED @ http://localhost:4401/dashboard/overview:0
[ 7492321ms] [ERROR] Failed to load resource: net::ERR_CONNECTION_REFUSED @ http://localhost:4401/api/billing/ai-credits/summary:0
[ 7492321ms] [ERROR] Failed to load resource: net::ERR_CONNECTION_REFUSED @ http://localhost:4401/dashboard/alerts?limit=6:0
[ 7492934ms] [ERROR] Failed to load resource: net::ERR_CONNECTION_REFUSED @ http://localhost:4401/dashboard/overview:0
[ 7492934ms] [ERROR] Failed to load resource: net::ERR_CONNECTION_REFUSED @ http://localhost:4401/api/billing/ai-credits/summary:0
[ 7492934ms] [ERROR] Failed to load resource: net::ERR_CONNECTION_REFUSED @ http://localhost:4401/dashboard/alerts?limit=6:0
[ 7522104ms] [ERROR] Failed to load resource: net::ERR_CONNECTION_REFUSED @ http://localhost:4401/api/billing/ai-credits/summary:0
[ 7522312ms] [ERROR] Failed to load resource: net::ERR_CONNECTION_REFUSED @ http://localhost:4401/api/billing/ai-credits/summary:0
[ 7522920ms] [ERROR] Failed to load resource: net::ERR_CONNECTION_REFUSED @ http://localhost:4401/api/billing/ai-credits/summary:0
[ 7552107ms] [ERROR] Failed to load resource: net::ERR_CONNECTION_REFUSED @ http://localhost:4401/dashboard/overview:0
[ 7552107ms] [ERROR] Failed to load resource: net::ERR_CONNECTION_REFUSED @ http://localhost:4401/api/billing/ai-credits/summary:0
[ 7552107ms] [ERROR] Failed to load resource: net::ERR_CONNECTION_REFUSED @ http://localhost:4401/dashboard/alerts?limit=6:0
[ 7552313ms] [ERROR] Failed to load resource: net::ERR_CONNECTION_REFUSED @ http://localhost:4401/dashboard/overview:0
[ 7552313ms] [ERROR] Failed to load resource: net::ERR_CONNECTION_REFUSED @ http://localhost:4401/api/billing/ai-credits/summary:0
[ 7552313ms] [ERROR] Failed to load resource: net::ERR_CONNECTION_REFUSED @ http://localhost:4401/dashboard/alerts?limit=6:0
[ 7552925ms] [ERROR] Failed to load resource: net::ERR_CONNECTION_REFUSED @ http://localhost:4401/dashboard/overview:0
[ 7552925ms] [ERROR] Failed to load resource: net::ERR_CONNECTION_REFUSED @ http://localhost:4401/api/billing/ai-credits/summary:0
[ 7552925ms] [ERROR] Failed to load resource: net::ERR_CONNECTION_REFUSED @ http://localhost:4401/dashboard/alerts?limit=6:0
[ 7582106ms] [ERROR] Failed to load resource: net::ERR_CONNECTION_REFUSED @ http://localhost:4401/api/billing/ai-credits/summary:0
[ 7582310ms] [ERROR] Failed to load resource: net::ERR_CONNECTION_REFUSED @ http://localhost:4401/api/billing/ai-credits/summary:0
[ 7582920ms] [ERROR] Failed to load resource: net::ERR_CONNECTION_REFUSED @ http://localhost:4401/api/billing/ai-credits/summary:0
[ 7612103ms] [ERROR] Failed to load resource: net::ERR_CONNECTION_REFUSED @ http://localhost:4401/dashboard/overview:0
[ 7612103ms] [ERROR] Failed to load resource: net::ERR_CONNECTION_REFUSED @ http://localhost:4401/api/billing/ai-credits/summary:0
[ 7612103ms] [ERROR] Failed to load resource: net::ERR_CONNECTION_REFUSED @ http://localhost:4401/dashboard/alerts?limit=6:0
[ 7612316ms] [ERROR] Failed to load resource: net::ERR_CONNECTION_REFUSED @ http://localhost:4401/dashboard/overview:0
[ 7612316ms] [ERROR] Failed to load resource: net::ERR_CONNECTION_REFUSED @ http://localhost:4401/api/billing/ai-credits/summary:0
[ 7612316ms] [ERROR] Failed to load resource: net::ERR_CONNECTION_REFUSED @ http://localhost:4401/dashboard/alerts?limit=6:0
[ 7612926ms] [ERROR] Failed to load resource: net::ERR_CONNECTION_REFUSED @ http://localhost:4401/dashboard/overview:0
[ 7612926ms] [ERROR] Failed to load resource: net::ERR_CONNECTION_REFUSED @ http://localhost:4401/api/billing/ai-credits/summary:0
[ 7612926ms] [ERROR] Failed to load resource: net::ERR_CONNECTION_REFUSED @ http://localhost:4401/dashboard/alerts?limit=6:0
[ 7642100ms] [ERROR] Failed to load resource: net::ERR_CONNECTION_REFUSED @ http://localhost:4401/api/billing/ai-credits/summary:0
[ 7642305ms] [ERROR] Failed to load resource: net::ERR_CONNECTION_REFUSED @ http://localhost:4401/api/billing/ai-credits/summary:0
[ 7642908ms] [ERROR] Failed to load resource: net::ERR_CONNECTION_REFUSED @ http://localhost:4401/api/billing/ai-credits/summary:0
[ 7672108ms] [ERROR] Failed to load resource: net::ERR_CONNECTION_REFUSED @ http://localhost:4401/dashboard/overview:0
[ 7672109ms] [ERROR] Failed to load resource: net::ERR_CONNECTION_REFUSED @ http://localhost:4401/api/billing/ai-credits/summary:0
[ 7672109ms] [ERROR] Failed to load resource: net::ERR_CONNECTION_REFUSED @ http://localhost:4401/dashboard/alerts?limit=6:0
[ 7672315ms] [ERROR] Failed to load resource: net::ERR_CONNECTION_REFUSED @ http://localhost:4401/dashboard/overview:0
[ 7672316ms] [ERROR] Failed to load resource: net::ERR_CONNECTION_REFUSED @ http://localhost:4401/api/billing/ai-credits/summary:0
[ 7672316ms] [ERROR] Failed to load resource: net::ERR_CONNECTION_REFUSED @ http://localhost:4401/dashboard/alerts?limit=6:0
[ 7672925ms] [ERROR] Failed to load resource: net::ERR_CONNECTION_REFUSED @ http://localhost:4401/dashboard/overview:0
[ 7672925ms] [ERROR] Failed to load resource: net::ERR_CONNECTION_REFUSED @ http://localhost:4401/api/billing/ai-credits/summary:0
[ 7672926ms] [ERROR] Failed to load resource: net::ERR_CONNECTION_REFUSED @ http://localhost:4401/dashboard/alerts?limit=6:0
[ 7702106ms] [ERROR] Failed to load resource: net::ERR_CONNECTION_REFUSED @ http://localhost:4401/api/billing/ai-credits/summary:0
[ 7702315ms] [ERROR] Failed to load resource: net::ERR_CONNECTION_REFUSED @ http://localhost:4401/api/billing/ai-credits/summary:0
[ 7702917ms] [ERROR] Failed to load resource: net::ERR_CONNECTION_REFUSED @ http://localhost:4401/api/billing/ai-credits/summary:0
[ 7732109ms] [ERROR] Failed to load resource: net::ERR_CONNECTION_REFUSED @ http://localhost:4401/dashboard/overview:0
[ 7732109ms] [ERROR] Failed to load resource: net::ERR_CONNECTION_REFUSED @ http://localhost:4401/api/billing/ai-credits/summary:0
[ 7732110ms] [ERROR] Failed to load resource: net::ERR_CONNECTION_REFUSED @ http://localhost:4401/dashboard/alerts?limit=6:0
[ 7732320ms] [ERROR] Failed to load resource: net::ERR_CONNECTION_REFUSED @ http://localhost:4401/dashboard/overview:0
[ 7732321ms] [ERROR] Failed to load resource: net::ERR_CONNECTION_REFUSED @ http://localhost:4401/api/billing/ai-credits/summary:0
[ 7732321ms] [ERROR] Failed to load resource: net::ERR_CONNECTION_REFUSED @ http://localhost:4401/dashboard/alerts?limit=6:0
[ 7732932ms] [ERROR] Failed to load resource: net::ERR_CONNECTION_REFUSED @ http://localhost:4401/dashboard/overview:0
[ 7732932ms] [ERROR] Failed to load resource: net::ERR_CONNECTION_REFUSED @ http://localhost:4401/api/billing/ai-credits/summary:0
[ 7732932ms] [ERROR] Failed to load resource: net::ERR_CONNECTION_REFUSED @ http://localhost:4401/dashboard/alerts?limit=6:0
[ 7762108ms] [ERROR] Failed to load resource: net::ERR_CONNECTION_REFUSED @ http://localhost:4401/api/billing/ai-credits/summary:0
[ 7762316ms] [ERROR] Failed to load resource: net::ERR_CONNECTION_REFUSED @ http://localhost:4401/api/billing/ai-credits/summary:0
[ 7762918ms] [ERROR] Failed to load resource: net::ERR_CONNECTION_REFUSED @ http://localhost:4401/api/billing/ai-credits/summary:0
[ 7792111ms] [ERROR] Failed to load resource: net::ERR_CONNECTION_REFUSED @ http://localhost:4401/dashboard/overview:0
[ 7792111ms] [ERROR] Failed to load resource: net::ERR_CONNECTION_REFUSED @ http://localhost:4401/api/billing/ai-credits/summary:0
[ 7792111ms] [ERROR] Failed to load resource: net::ERR_CONNECTION_REFUSED @ http://localhost:4401/dashboard/alerts?limit=6:0
[ 7792323ms] [ERROR] Failed to load resource: net::ERR_CONNECTION_REFUSED @ http://localhost:4401/dashboard/overview:0
[ 7792323ms] [ERROR] Failed to load resource: net::ERR_CONNECTION_REFUSED @ http://localhost:4401/api/billing/ai-credits/summary:0
[ 7792324ms] [ERROR] Failed to load resource: net::ERR_CONNECTION_REFUSED @ http://localhost:4401/dashboard/alerts?limit=6:0
[ 7792934ms] [ERROR] Failed to load resource: net::ERR_CONNECTION_REFUSED @ http://localhost:4401/dashboard/overview:0
[ 7792934ms] [ERROR] Failed to load resource: net::ERR_CONNECTION_REFUSED @ http://localhost:4401/api/billing/ai-credits/summary:0
[ 7792934ms] [ERROR] Failed to load resource: net::ERR_CONNECTION_REFUSED @ http://localhost:4401/dashboard/alerts?limit=6:0
[ 7822109ms] [ERROR] Failed to load resource: net::ERR_CONNECTION_REFUSED @ http://localhost:4401/api/billing/ai-credits/summary:0
[ 7822318ms] [ERROR] Failed to load resource: net::ERR_CONNECTION_REFUSED @ http://localhost:4401/api/billing/ai-credits/summary:0
[ 7822922ms] [ERROR] Failed to load resource: net::ERR_CONNECTION_REFUSED @ http://localhost:4401/api/billing/ai-credits/summary:0
[ 7852108ms] [ERROR] Failed to load resource: net::ERR_CONNECTION_REFUSED @ http://localhost:4401/dashboard/overview:0
[ 7852109ms] [ERROR] Failed to load resource: net::ERR_CONNECTION_REFUSED @ http://localhost:4401/api/billing/ai-credits/summary:0
[ 7852109ms] [ERROR] Failed to load resource: net::ERR_CONNECTION_REFUSED @ http://localhost:4401/dashboard/alerts?limit=6:0
[ 7852318ms] [ERROR] Failed to load resource: net::ERR_CONNECTION_REFUSED @ http://localhost:4401/dashboard/overview:0
[ 7852320ms] [ERROR] Failed to load resource: net::ERR_CONNECTION_REFUSED @ http://localhost:4401/api/billing/ai-credits/summary:0
[ 7852320ms] [ERROR] Failed to load resource: net::ERR_CONNECTION_REFUSED @ http://localhost:4401/dashboard/alerts?limit=6:0
[ 7852931ms] [ERROR] Failed to load resource: net::ERR_CONNECTION_REFUSED @ http://localhost:4401/dashboard/overview:0
[ 7852931ms] [ERROR] Failed to load resource: net::ERR_CONNECTION_REFUSED @ http://localhost:4401/api/billing/ai-credits/summary:0
[ 7852931ms] [ERROR] Failed to load resource: net::ERR_CONNECTION_REFUSED @ http://localhost:4401/dashboard/alerts?limit=6:0
[ 7882110ms] [ERROR] Failed to load resource: net::ERR_CONNECTION_REFUSED @ http://localhost:4401/api/billing/ai-credits/summary:0
[ 7882317ms] [ERROR] Failed to load resource: net::ERR_CONNECTION_REFUSED @ http://localhost:4401/api/billing/ai-credits/summary:0
[ 7882927ms] [ERROR] Failed to load resource: net::ERR_CONNECTION_REFUSED @ http://localhost:4401/api/billing/ai-credits/summary:0
[ 7912111ms] [ERROR] Failed to load resource: net::ERR_CONNECTION_REFUSED @ http://localhost:4401/dashboard/overview:0
[ 7912111ms] [ERROR] Failed to load resource: net::ERR_CONNECTION_REFUSED @ http://localhost:4401/api/billing/ai-credits/summary:0
[ 7912111ms] [ERROR] Failed to load resource: net::ERR_CONNECTION_REFUSED @ http://localhost:4401/dashboard/alerts?limit=6:0
[ 7912319ms] [ERROR] Failed to load resource: net::ERR_CONNECTION_REFUSED @ http://localhost:4401/dashboard/overview:0
[ 7912320ms] [ERROR] Failed to load resource: net::ERR_CONNECTION_REFUSED @ http://localhost:4401/api/billing/ai-credits/summary:0
[ 7912320ms] [ERROR] Failed to load resource: net::ERR_CONNECTION_REFUSED @ http://localhost:4401/dashboard/alerts?limit=6:0
[ 7912930ms] [ERROR] Failed to load resource: net::ERR_CONNECTION_REFUSED @ http://localhost:4401/dashboard/overview:0
[ 7912931ms] [ERROR] Failed to load resource: net::ERR_CONNECTION_REFUSED @ http://localhost:4401/api/billing/ai-credits/summary:0
[ 7912931ms] [ERROR] Failed to load resource: net::ERR_CONNECTION_REFUSED @ http://localhost:4401/dashboard/alerts?limit=6:0
[ 7942113ms] [ERROR] Failed to load resource: net::ERR_CONNECTION_REFUSED @ http://localhost:4401/api/billing/ai-credits/summary:0
[ 7942321ms] [ERROR] Failed to load resource: net::ERR_CONNECTION_REFUSED @ http://localhost:4401/api/billing/ai-credits/summary:0
[ 7942930ms] [ERROR] Failed to load resource: net::ERR_CONNECTION_REFUSED @ http://localhost:4401/api/billing/ai-credits/summary:0
[ 7972112ms] [ERROR] Failed to load resource: net::ERR_CONNECTION_REFUSED @ http://localhost:4401/dashboard/overview:0
[ 7972113ms] [ERROR] Failed to load resource: net::ERR_CONNECTION_REFUSED @ http://localhost:4401/api/billing/ai-credits/summary:0
[ 7972113ms] [ERROR] Failed to load resource: net::ERR_CONNECTION_REFUSED @ http://localhost:4401/dashboard/alerts?limit=6:0
[ 7972324ms] [ERROR] Failed to load resource: net::ERR_CONNECTION_REFUSED @ http://localhost:4401/dashboard/overview:0
[ 7972324ms] [ERROR] Failed to load resource: net::ERR_CONNECTION_REFUSED @ http://localhost:4401/api/billing/ai-credits/summary:0
[ 7972324ms] [ERROR] Failed to load resource: net::ERR_CONNECTION_REFUSED @ http://localhost:4401/dashboard/alerts?limit=6:0
[ 7972928ms] [ERROR] Failed to load resource: net::ERR_CONNECTION_REFUSED @ http://localhost:4401/dashboard/overview:0
[ 7972928ms] [ERROR] Failed to load resource: net::ERR_CONNECTION_REFUSED @ http://localhost:4401/api/billing/ai-credits/summary:0
[ 7972928ms] [ERROR] Failed to load resource: net::ERR_CONNECTION_REFUSED @ http://localhost:4401/dashboard/alerts?limit=6:0
[ 8002109ms] [ERROR] Failed to load resource: net::ERR_CONNECTION_REFUSED @ http://localhost:4401/api/billing/ai-credits/summary:0
[ 8002320ms] [ERROR] Failed to load resource: net::ERR_CONNECTION_REFUSED @ http://localhost:4401/api/billing/ai-credits/summary:0
[ 8002929ms] [ERROR] Failed to load resource: net::ERR_CONNECTION_REFUSED @ http://localhost:4401/api/billing/ai-credits/summary:0
[ 8032112ms] [ERROR] Failed to load resource: net::ERR_CONNECTION_REFUSED @ http://localhost:4401/dashboard/overview:0
[ 8032112ms] [ERROR] Failed to load resource: net::ERR_CONNECTION_REFUSED @ http://localhost:4401/api/billing/ai-credits/summary:0
[ 8032113ms] [ERROR] Failed to load resource: net::ERR_CONNECTION_REFUSED @ http://localhost:4401/dashboard/alerts?limit=6:0
[ 8032325ms] [ERROR] Failed to load resource: net::ERR_CONNECTION_REFUSED @ http://localhost:4401/dashboard/overview:0
[ 8032325ms] [ERROR] Failed to load resource: net::ERR_CONNECTION_REFUSED @ http://localhost:4401/api/billing/ai-credits/summary:0
[ 8032325ms] [ERROR] Failed to load resource: net::ERR_CONNECTION_REFUSED @ http://localhost:4401/dashboard/alerts?limit=6:0
[ 8032935ms] [ERROR] Failed to load resource: net::ERR_CONNECTION_REFUSED @ http://localhost:4401/dashboard/overview:0
[ 8032935ms] [ERROR] Failed to load resource: net::ERR_CONNECTION_REFUSED @ http://localhost:4401/api/billing/ai-credits/summary:0
[ 8032935ms] [ERROR] Failed to load resource: net::ERR_CONNECTION_REFUSED @ http://localhost:4401/dashboard/alerts?limit=6:0
[ 8062112ms] [ERROR] Failed to load resource: net::ERR_CONNECTION_REFUSED @ http://localhost:4401/api/billing/ai-credits/summary:0
[ 8062323ms] [ERROR] Failed to load resource: net::ERR_CONNECTION_REFUSED @ http://localhost:4401/api/billing/ai-credits/summary:0
[ 8062931ms] [ERROR] Failed to load resource: net::ERR_CONNECTION_REFUSED @ http://localhost:4401/api/billing/ai-credits/summary:0
[ 8092115ms] [ERROR] Failed to load resource: net::ERR_CONNECTION_REFUSED @ http://localhost:4401/dashboard/overview:0
[ 8092115ms] [ERROR] Failed to load resource: net::ERR_CONNECTION_REFUSED @ http://localhost:4401/api/billing/ai-credits/summary:0
[ 8092115ms] [ERROR] Failed to load resource: net::ERR_CONNECTION_REFUSED @ http://localhost:4401/dashboard/alerts?limit=6:0
[ 8092326ms] [ERROR] Failed to load resource: net::ERR_CONNECTION_REFUSED @ http://localhost:4401/dashboard/overview:0
[ 8092326ms] [ERROR] Failed to load resource: net::ERR_CONNECTION_REFUSED @ http://localhost:4401/api/billing/ai-credits/summary:0
[ 8092326ms] [ERROR] Failed to load resource: net::ERR_CONNECTION_REFUSED @ http://localhost:4401/dashboard/alerts?limit=6:0
[ 8092936ms] [ERROR] Failed to load resource: net::ERR_CONNECTION_REFUSED @ http://localhost:4401/dashboard/overview:0
[ 8092936ms] [ERROR] Failed to load resource: net::ERR_CONNECTION_REFUSED @ http://localhost:4401/api/billing/ai-credits/summary:0
[ 8092936ms] [ERROR] Failed to load resource: net::ERR_CONNECTION_REFUSED @ http://localhost:4401/dashboard/alerts?limit=6:0
[ 8122112ms] [ERROR] Failed to load resource: net::ERR_CONNECTION_REFUSED @ http://localhost:4401/api/billing/ai-credits/summary:0
[ 8122320ms] [ERROR] Failed to load resource: net::ERR_CONNECTION_REFUSED @ http://localhost:4401/api/billing/ai-credits/summary:0
[ 8122928ms] [ERROR] Failed to load resource: net::ERR_CONNECTION_REFUSED @ http://localhost:4401/api/billing/ai-credits/summary:0
[ 8152114ms] [ERROR] Failed to load resource: net::ERR_CONNECTION_REFUSED @ http://localhost:4401/dashboard/overview:0
[ 8152115ms] [ERROR] Failed to load resource: net::ERR_CONNECTION_REFUSED @ http://localhost:4401/api/billing/ai-credits/summary:0
[ 8152115ms] [ERROR] Failed to load resource: net::ERR_CONNECTION_REFUSED @ http://localhost:4401/dashboard/alerts?limit=6:0
[ 8152326ms] [ERROR] Failed to load resource: net::ERR_CONNECTION_REFUSED @ http://localhost:4401/dashboard/overview:0
[ 8152326ms] [ERROR] Failed to load resource: net::ERR_CONNECTION_REFUSED @ http://localhost:4401/api/billing/ai-credits/summary:0
[ 8152326ms] [ERROR] Failed to load resource: net::ERR_CONNECTION_REFUSED @ http://localhost:4401/dashboard/alerts?limit=6:0
[ 8152937ms] [ERROR] Failed to load resource: net::ERR_CONNECTION_REFUSED @ http://localhost:4401/dashboard/overview:0
[ 8152937ms] [ERROR] Failed to load resource: net::ERR_CONNECTION_REFUSED @ http://localhost:4401/api/billing/ai-credits/summary:0
[ 8152937ms] [ERROR] Failed to load resource: net::ERR_CONNECTION_REFUSED @ http://localhost:4401/dashboard/alerts?limit=6:0
[ 8182116ms] [ERROR] Failed to load resource: net::ERR_CONNECTION_REFUSED @ http://localhost:4401/api/billing/ai-credits/summary:0
[ 8182325ms] [ERROR] Failed to load resource: net::ERR_CONNECTION_REFUSED @ http://localhost:4401/api/billing/ai-credits/summary:0
[ 8182935ms] [ERROR] Failed to load resource: net::ERR_CONNECTION_REFUSED @ http://localhost:4401/api/billing/ai-credits/summary:0
[ 8212113ms] [ERROR] Failed to load resource: net::ERR_CONNECTION_REFUSED @ http://localhost:4401/dashboard/overview:0
[ 8212114ms] [ERROR] Failed to load resource: net::ERR_CONNECTION_REFUSED @ http://localhost:4401/api/billing/ai-credits/summary:0
[ 8212115ms] [ERROR] Failed to load resource: net::ERR_CONNECTION_REFUSED @ http://localhost:4401/dashboard/alerts?limit=6:0
[ 8212326ms] [ERROR] Failed to load resource: net::ERR_CONNECTION_REFUSED @ http://localhost:4401/dashboard/overview:0
[ 8212326ms] [ERROR] Failed to load resource: net::ERR_CONNECTION_REFUSED @ http://localhost:4401/api/billing/ai-credits/summary:0
[ 8212326ms] [ERROR] Failed to load resource: net::ERR_CONNECTION_REFUSED @ http://localhost:4401/dashboard/alerts?limit=6:0
[ 8212938ms] [ERROR] Failed to load resource: net::ERR_CONNECTION_REFUSED @ http://localhost:4401/dashboard/overview:0
[ 8212938ms] [ERROR] Failed to load resource: net::ERR_CONNECTION_REFUSED @ http://localhost:4401/api/billing/ai-credits/summary:0
[ 8212939ms] [ERROR] Failed to load resource: net::ERR_CONNECTION_REFUSED @ http://localhost:4401/dashboard/alerts?limit=6:0
[ 8242108ms] [ERROR] Failed to load resource: net::ERR_CONNECTION_REFUSED @ http://localhost:4401/api/billing/ai-credits/summary:0
[ 8242312ms] [ERROR] Failed to load resource: net::ERR_CONNECTION_REFUSED @ http://localhost:4401/api/billing/ai-credits/summary:0
[ 8242916ms] [ERROR] Failed to load resource: net::ERR_CONNECTION_REFUSED @ http://localhost:4401/api/billing/ai-credits/summary:0
[ 8272115ms] [ERROR] Failed to load resource: net::ERR_CONNECTION_REFUSED @ http://localhost:4401/dashboard/overview:0
[ 8272115ms] [ERROR] Failed to load resource: net::ERR_CONNECTION_REFUSED @ http://localhost:4401/api/billing/ai-credits/summary:0
[ 8272115ms] [ERROR] Failed to load resource: net::ERR_CONNECTION_REFUSED @ http://localhost:4401/dashboard/alerts?limit=6:0
[ 8272325ms] [ERROR] Failed to load resource: net::ERR_CONNECTION_REFUSED @ http://localhost:4401/dashboard/overview:0
[ 8272326ms] [ERROR] Failed to load resource: net::ERR_CONNECTION_REFUSED @ http://localhost:4401/api/billing/ai-credits/summary:0
[ 8272326ms] [ERROR] Failed to load resource: net::ERR_CONNECTION_REFUSED @ http://localhost:4401/dashboard/alerts?limit=6:0
[ 8272934ms] [ERROR] Failed to load resource: net::ERR_CONNECTION_REFUSED @ http://localhost:4401/dashboard/overview:0
[ 8272939ms] [ERROR] Failed to load resource: net::ERR_CONNECTION_REFUSED @ http://localhost:4401/api/billing/ai-credits/summary:0
[ 8272939ms] [ERROR] Failed to load resource: net::ERR_CONNECTION_REFUSED @ http://localhost:4401/dashboard/alerts?limit=6:0
[ 8302113ms] [ERROR] Failed to load resource: net::ERR_CONNECTION_REFUSED @ http://localhost:4401/api/billing/ai-credits/summary:0
[ 8302323ms] [ERROR] Failed to load resource: net::ERR_CONNECTION_REFUSED @ http://localhost:4401/api/billing/ai-credits/summary:0
[ 8302933ms] [ERROR] Failed to load resource: net::ERR_CONNECTION_REFUSED @ http://localhost:4401/api/billing/ai-credits/summary:0
[ 8332116ms] [ERROR] Failed to load resource: net::ERR_CONNECTION_REFUSED @ http://localhost:4401/dashboard/overview:0
[ 8332116ms] [ERROR] Failed to load resource: net::ERR_CONNECTION_REFUSED @ http://localhost:4401/api/billing/ai-credits/summary:0
[ 8332116ms] [ERROR] Failed to load resource: net::ERR_CONNECTION_REFUSED @ http://localhost:4401/dashboard/alerts?limit=6:0
[ 8332328ms] [ERROR] Failed to load resource: net::ERR_CONNECTION_REFUSED @ http://localhost:4401/dashboard/overview:0
[ 8332328ms] [ERROR] Failed to load resource: net::ERR_CONNECTION_REFUSED @ http://localhost:4401/api/billing/ai-credits/summary:0
[ 8332329ms] [ERROR] Failed to load resource: net::ERR_CONNECTION_REFUSED @ http://localhost:4401/dashboard/alerts?limit=6:0
[ 8332934ms] [ERROR] Failed to load resource: net::ERR_CONNECTION_REFUSED @ http://localhost:4401/dashboard/overview:0
[ 8332934ms] [ERROR] Failed to load resource: net::ERR_CONNECTION_REFUSED @ http://localhost:4401/api/billing/ai-credits/summary:0
[ 8332934ms] [ERROR] Failed to load resource: net::ERR_CONNECTION_REFUSED @ http://localhost:4401/dashboard/alerts?limit=6:0
[ 8362115ms] [ERROR] Failed to load resource: net::ERR_CONNECTION_REFUSED @ http://localhost:4401/api/billing/ai-credits/summary:0
[ 8362325ms] [ERROR] Failed to load resource: net::ERR_CONNECTION_REFUSED @ http://localhost:4401/api/billing/ai-credits/summary:0
[ 8362933ms] [ERROR] Failed to load resource: net::ERR_CONNECTION_REFUSED @ http://localhost:4401/api/billing/ai-credits/summary:0
[ 8392116ms] [ERROR] Failed to load resource: net::ERR_CONNECTION_REFUSED @ http://localhost:4401/dashboard/overview:0
[ 8392116ms] [ERROR] Failed to load resource: net::ERR_CONNECTION_REFUSED @ http://localhost:4401/api/billing/ai-credits/summary:0
[ 8392117ms] [ERROR] Failed to load resource: net::ERR_CONNECTION_REFUSED @ http://localhost:4401/dashboard/alerts?limit=6:0
[ 8392326ms] [ERROR] Failed to load resource: net::ERR_CONNECTION_REFUSED @ http://localhost:4401/dashboard/overview:0
[ 8392326ms] [ERROR] Failed to load resource: net::ERR_CONNECTION_REFUSED @ http://localhost:4401/api/billing/ai-credits/summary:0
[ 8392326ms] [ERROR] Failed to load resource: net::ERR_CONNECTION_REFUSED @ http://localhost:4401/dashboard/alerts?limit=6:0
[ 8392931ms] [ERROR] Failed to load resource: net::ERR_CONNECTION_REFUSED @ http://localhost:4401/dashboard/overview:0
[ 8392931ms] [ERROR] Failed to load resource: net::ERR_CONNECTION_REFUSED @ http://localhost:4401/api/billing/ai-credits/summary:0
[ 8392931ms] [ERROR] Failed to load resource: net::ERR_CONNECTION_REFUSED @ http://localhost:4401/dashboard/alerts?limit=6:0
[ 8422117ms] [ERROR] Failed to load resource: net::ERR_CONNECTION_REFUSED @ http://localhost:4401/api/billing/ai-credits/summary:0
[ 8422325ms] [ERROR] Failed to load resource: net::ERR_CONNECTION_REFUSED @ http://localhost:4401/api/billing/ai-credits/summary:0
[ 8422935ms] [ERROR] Failed to load resource: net::ERR_CONNECTION_REFUSED @ http://localhost:4401/api/billing/ai-credits/summary:0
[ 8452117ms] [ERROR] Failed to load resource: net::ERR_CONNECTION_REFUSED @ http://localhost:4401/dashboard/overview:0
[ 8452117ms] [ERROR] Failed to load resource: net::ERR_CONNECTION_REFUSED @ http://localhost:4401/api/billing/ai-credits/summary:0
[ 8452117ms] [ERROR] Failed to load resource: net::ERR_CONNECTION_REFUSED @ http://localhost:4401/dashboard/alerts?limit=6:0
[ 8452327ms] [ERROR] Failed to load resource: net::ERR_CONNECTION_REFUSED @ http://localhost:4401/dashboard/overview:0
[ 8452327ms] [ERROR] Failed to load resource: net::ERR_CONNECTION_REFUSED @ http://localhost:4401/api/billing/ai-credits/summary:0
[ 8452327ms] [ERROR] Failed to load resource: net::ERR_CONNECTION_REFUSED @ http://localhost:4401/dashboard/alerts?limit=6:0
[ 8452939ms] [ERROR] Failed to load resource: net::ERR_CONNECTION_REFUSED @ http://localhost:4401/dashboard/overview:0
[ 8452939ms] [ERROR] Failed to load resource: net::ERR_CONNECTION_REFUSED @ http://localhost:4401/api/billing/ai-credits/summary:0
[ 8452939ms] [ERROR] Failed to load resource: net::ERR_CONNECTION_REFUSED @ http://localhost:4401/dashboard/alerts?limit=6:0
[ 8482116ms] [ERROR] Failed to load resource: net::ERR_CONNECTION_REFUSED @ http://localhost:4401/api/billing/ai-credits/summary:0
[ 8482321ms] [ERROR] Failed to load resource: net::ERR_CONNECTION_REFUSED @ http://localhost:4401/api/billing/ai-credits/summary:0
[ 8482930ms] [ERROR] Failed to load resource: net::ERR_CONNECTION_REFUSED @ http://localhost:4401/api/billing/ai-credits/summary:0
[ 8512118ms] [ERROR] Failed to load resource: net::ERR_CONNECTION_REFUSED @ http://localhost:4401/dashboard/overview:0
[ 8512118ms] [ERROR] Failed to load resource: net::ERR_CONNECTION_REFUSED @ http://localhost:4401/api/billing/ai-credits/summary:0
[ 8512118ms] [ERROR] Failed to load resource: net::ERR_CONNECTION_REFUSED @ http://localhost:4401/dashboard/alerts?limit=6:0
[ 8512325ms] [ERROR] Failed to load resource: net::ERR_CONNECTION_REFUSED @ http://localhost:4401/dashboard/overview:0
[ 8512326ms] [ERROR] Failed to load resource: net::ERR_CONNECTION_REFUSED @ http://localhost:4401/api/billing/ai-credits/summary:0
[ 8512326ms] [ERROR] Failed to load resource: net::ERR_CONNECTION_REFUSED @ http://localhost:4401/dashboard/alerts?limit=6:0
[ 8512938ms] [ERROR] Failed to load resource: net::ERR_CONNECTION_REFUSED @ http://localhost:4401/dashboard/overview:0
[ 8512938ms] [ERROR] Failed to load resource: net::ERR_CONNECTION_REFUSED @ http://localhost:4401/api/billing/ai-credits/summary:0
[ 8512939ms] [ERROR] Failed to load resource: net::ERR_CONNECTION_REFUSED @ http://localhost:4401/dashboard/alerts?limit=6:0
[ 8542119ms] [ERROR] Failed to load resource: net::ERR_CONNECTION_REFUSED @ http://localhost:4401/api/billing/ai-credits/summary:0
[ 8542330ms] [ERROR] Failed to load resource: net::ERR_CONNECTION_REFUSED @ http://localhost:4401/api/billing/ai-credits/summary:0
[ 8542932ms] [ERROR] Failed to load resource: net::ERR_CONNECTION_REFUSED @ http://localhost:4401/api/billing/ai-credits/summary:0
[ 8572113ms] [ERROR] Failed to load resource: net::ERR_CONNECTION_REFUSED @ http://localhost:4401/dashboard/overview:0
[ 8572114ms] [ERROR] Failed to load resource: net::ERR_CONNECTION_REFUSED @ http://localhost:4401/api/billing/ai-credits/summary:0
[ 8572114ms] [ERROR] Failed to load resource: net::ERR_CONNECTION_REFUSED @ http://localhost:4401/dashboard/alerts?limit=6:0
[ 8572324ms] [ERROR] Failed to load resource: net::ERR_CONNECTION_REFUSED @ http://localhost:4401/dashboard/overview:0
[ 8572324ms] [ERROR] Failed to load resource: net::ERR_CONNECTION_REFUSED @ http://localhost:4401/api/billing/ai-credits/summary:0
[ 8572324ms] [ERROR] Failed to load resource: net::ERR_CONNECTION_REFUSED @ http://localhost:4401/dashboard/alerts?limit=6:0
[ 8572937ms] [ERROR] Failed to load resource: net::ERR_CONNECTION_REFUSED @ http://localhost:4401/dashboard/overview:0
[ 8572937ms] [ERROR] Failed to load resource: net::ERR_CONNECTION_REFUSED @ http://localhost:4401/api/billing/ai-credits/summary:0
[ 8572937ms] [ERROR] Failed to load resource: net::ERR_CONNECTION_REFUSED @ http://localhost:4401/dashboard/alerts?limit=6:0
[ 8602113ms] [ERROR] Failed to load resource: net::ERR_CONNECTION_REFUSED @ http://localhost:4401/api/billing/ai-credits/summary:0
[ 8602323ms] [ERROR] Failed to load resource: net::ERR_CONNECTION_REFUSED @ http://localhost:4401/api/billing/ai-credits/summary:0
[ 8602926ms] [ERROR] Failed to load resource: net::ERR_CONNECTION_REFUSED @ http://localhost:4401/api/billing/ai-credits/summary:0
[ 8632120ms] [ERROR] Failed to load resource: net::ERR_CONNECTION_REFUSED @ http://localhost:4401/dashboard/overview:0
[ 8632120ms] [ERROR] Failed to load resource: net::ERR_CONNECTION_REFUSED @ http://localhost:4401/api/billing/ai-credits/summary:0
[ 8632120ms] [ERROR] Failed to load resource: net::ERR_CONNECTION_REFUSED @ http://localhost:4401/dashboard/alerts?limit=6:0
[ 8632331ms] [ERROR] Failed to load resource: net::ERR_CONNECTION_REFUSED @ http://localhost:4401/dashboard/overview:0
[ 8632331ms] [ERROR] Failed to load resource: net::ERR_CONNECTION_REFUSED @ http://localhost:4401/api/billing/ai-credits/summary:0
[ 8632331ms] [ERROR] Failed to load resource: net::ERR_CONNECTION_REFUSED @ http://localhost:4401/dashboard/alerts?limit=6:0
[ 8632942ms] [ERROR] Failed to load resource: net::ERR_CONNECTION_REFUSED @ http://localhost:4401/dashboard/overview:0
[ 8632943ms] [ERROR] Failed to load resource: net::ERR_CONNECTION_REFUSED @ http://localhost:4401/api/billing/ai-credits/summary:0
[ 8632943ms] [ERROR] Failed to load resource: net::ERR_CONNECTION_REFUSED @ http://localhost:4401/dashboard/alerts?limit=6:0
[ 8662118ms] [ERROR] Failed to load resource: net::ERR_CONNECTION_REFUSED @ http://localhost:4401/api/billing/ai-credits/summary:0
[ 8662327ms] [ERROR] Failed to load resource: net::ERR_CONNECTION_REFUSED @ http://localhost:4401/api/billing/ai-credits/summary:0
[ 8662936ms] [ERROR] Failed to load resource: net::ERR_CONNECTION_REFUSED @ http://localhost:4401/api/billing/ai-credits/summary:0
[ 8692121ms] [ERROR] Failed to load resource: net::ERR_CONNECTION_REFUSED @ http://localhost:4401/dashboard/overview:0
[ 8692122ms] [ERROR] Failed to load resource: net::ERR_CONNECTION_REFUSED @ http://localhost:4401/api/billing/ai-credits/summary:0
[ 8692122ms] [ERROR] Failed to load resource: net::ERR_CONNECTION_REFUSED @ http://localhost:4401/dashboard/alerts?limit=6:0
[ 8692332ms] [ERROR] Failed to load resource: net::ERR_CONNECTION_REFUSED @ http://localhost:4401/dashboard/overview:0
[ 8692333ms] [ERROR] Failed to load resource: net::ERR_CONNECTION_REFUSED @ http://localhost:4401/api/billing/ai-credits/summary:0
[ 8692333ms] [ERROR] Failed to load resource: net::ERR_CONNECTION_REFUSED @ http://localhost:4401/dashboard/alerts?limit=6:0
[ 8692946ms] [ERROR] Failed to load resource: net::ERR_CONNECTION_REFUSED @ http://localhost:4401/dashboard/overview:0
[ 8692947ms] [ERROR] Failed to load resource: net::ERR_CONNECTION_REFUSED @ http://localhost:4401/api/billing/ai-credits/summary:0
[ 8692947ms] [ERROR] Failed to load resource: net::ERR_CONNECTION_REFUSED @ http://localhost:4401/dashboard/alerts?limit=6:0
[ 8722119ms] [ERROR] Failed to load resource: net::ERR_CONNECTION_REFUSED @ http://localhost:4401/api/billing/ai-credits/summary:0
[ 8722323ms] [ERROR] Failed to load resource: net::ERR_CONNECTION_REFUSED @ http://localhost:4401/api/billing/ai-credits/summary:0
[ 8722934ms] [ERROR] Failed to load resource: net::ERR_CONNECTION_REFUSED @ http://localhost:4401/api/billing/ai-credits/summary:0
[ 8752119ms] [ERROR] Failed to load resource: net::ERR_CONNECTION_REFUSED @ http://localhost:4401/dashboard/overview:0
[ 8752119ms] [ERROR] Failed to load resource: net::ERR_CONNECTION_REFUSED @ http://localhost:4401/api/billing/ai-credits/summary:0
[ 8752119ms] [ERROR] Failed to load resource: net::ERR_CONNECTION_REFUSED @ http://localhost:4401/dashboard/alerts?limit=6:0
[ 8752331ms] [ERROR] Failed to load resource: net::ERR_CONNECTION_REFUSED @ http://localhost:4401/dashboard/overview:0
[ 8752331ms] [ERROR] Failed to load resource: net::ERR_CONNECTION_REFUSED @ http://localhost:4401/api/billing/ai-credits/summary:0
[ 8752331ms] [ERROR] Failed to load resource: net::ERR_CONNECTION_REFUSED @ http://localhost:4401/dashboard/alerts?limit=6:0
[ 8752936ms] [ERROR] Failed to load resource: net::ERR_CONNECTION_REFUSED @ http://localhost:4401/dashboard/overview:0
[ 8752936ms] [ERROR] Failed to load resource: net::ERR_CONNECTION_REFUSED @ http://localhost:4401/api/billing/ai-credits/summary:0
[ 8752937ms] [ERROR] Failed to load resource: net::ERR_CONNECTION_REFUSED @ http://localhost:4401/dashboard/alerts?limit=6:0
[ 8782119ms] [ERROR] Failed to load resource: net::ERR_CONNECTION_REFUSED @ http://localhost:4401/api/billing/ai-credits/summary:0
[ 8782328ms] [ERROR] Failed to load resource: net::ERR_CONNECTION_REFUSED @ http://localhost:4401/api/billing/ai-credits/summary:0
[ 8782936ms] [ERROR] Failed to load resource: net::ERR_CONNECTION_REFUSED @ http://localhost:4401/api/billing/ai-credits/summary:0
[ 8812123ms] [ERROR] Failed to load resource: net::ERR_CONNECTION_REFUSED @ http://localhost:4401/dashboard/overview:0
[ 8812123ms] [ERROR] Failed to load resource: net::ERR_CONNECTION_REFUSED @ http://localhost:4401/api/billing/ai-credits/summary:0
[ 8812123ms] [ERROR] Failed to load resource: net::ERR_CONNECTION_REFUSED @ http://localhost:4401/dashboard/alerts?limit=6:0
[ 8812331ms] [ERROR] Failed to load resource: net::ERR_CONNECTION_REFUSED @ http://localhost:4401/api/billing/ai-credits/summary:0
[ 8812332ms] [ERROR] Failed to load resource: net::ERR_CONNECTION_REFUSED @ http://localhost:4401/dashboard/overview:0
[ 8812333ms] [ERROR] Failed to load resource: net::ERR_CONNECTION_REFUSED @ http://localhost:4401/dashboard/alerts?limit=6:0
[ 8812941ms] [ERROR] Failed to load resource: net::ERR_CONNECTION_REFUSED @ http://localhost:4401/api/billing/ai-credits/summary:0
[ 8812942ms] [ERROR] Failed to load resource: net::ERR_CONNECTION_REFUSED @ http://localhost:4401/dashboard/overview:0
[ 8812942ms] [ERROR] Failed to load resource: net::ERR_CONNECTION_REFUSED @ http://localhost:4401/dashboard/alerts?limit=6:0
[ 8842119ms] [ERROR] Failed to load resource: net::ERR_CONNECTION_REFUSED @ http://localhost:4401/api/billing/ai-credits/summary:0
[ 8842324ms] [ERROR] Failed to load resource: net::ERR_CONNECTION_REFUSED @ http://localhost:4401/api/billing/ai-credits/summary:0
[ 8842927ms] [ERROR] Failed to load resource: net::ERR_CONNECTION_REFUSED @ http://localhost:4401/api/billing/ai-credits/summary:0
[ 8872120ms] [ERROR] Failed to load resource: net::ERR_CONNECTION_REFUSED @ http://localhost:4401/dashboard/overview:0
[ 8872120ms] [ERROR] Failed to load resource: net::ERR_CONNECTION_REFUSED @ http://localhost:4401/api/billing/ai-credits/summary:0
[ 8872120ms] [ERROR] Failed to load resource: net::ERR_CONNECTION_REFUSED @ http://localhost:4401/dashboard/alerts?limit=6:0
[ 8872328ms] [ERROR] Failed to load resource: net::ERR_CONNECTION_REFUSED @ http://localhost:4401/dashboard/overview:0
[ 8872328ms] [ERROR] Failed to load resource: net::ERR_CONNECTION_REFUSED @ http://localhost:4401/api/billing/ai-credits/summary:0
[ 8872328ms] [ERROR] Failed to load resource: net::ERR_CONNECTION_REFUSED @ http://localhost:4401/dashboard/alerts?limit=6:0
[ 8872940ms] [ERROR] Failed to load resource: net::ERR_CONNECTION_REFUSED @ http://localhost:4401/dashboard/overview:0
[ 8872940ms] [ERROR] Failed to load resource: net::ERR_CONNECTION_REFUSED @ http://localhost:4401/api/billing/ai-credits/summary:0
[ 8872940ms] [ERROR] Failed to load resource: net::ERR_CONNECTION_REFUSED @ http://localhost:4401/dashboard/alerts?limit=6:0
[ 8902123ms] [ERROR] Failed to load resource: net::ERR_CONNECTION_REFUSED @ http://localhost:4401/api/billing/ai-credits/summary:0
[ 8902331ms] [ERROR] Failed to load resource: net::ERR_CONNECTION_REFUSED @ http://localhost:4401/api/billing/ai-credits/summary:0
[ 8902937ms] [ERROR] Failed to load resource: net::ERR_CONNECTION_REFUSED @ http://localhost:4401/api/billing/ai-credits/summary:0
[ 8932125ms] [ERROR] Failed to load resource: net::ERR_CONNECTION_REFUSED @ http://localhost:4401/dashboard/overview:0
[ 8932126ms] [ERROR] Failed to load resource: net::ERR_CONNECTION_REFUSED @ http://localhost:4401/api/billing/ai-credits/summary:0
[ 8932126ms] [ERROR] Failed to load resource: net::ERR_CONNECTION_REFUSED @ http://localhost:4401/dashboard/alerts?limit=6:0
[ 8932338ms] [ERROR] Failed to load resource: net::ERR_CONNECTION_REFUSED @ http://localhost:4401/dashboard/overview:0
[ 8932338ms] [ERROR] Failed to load resource: net::ERR_CONNECTION_REFUSED @ http://localhost:4401/api/billing/ai-credits/summary:0
[ 8932338ms] [ERROR] Failed to load resource: net::ERR_CONNECTION_REFUSED @ http://localhost:4401/dashboard/alerts?limit=6:0
[ 8932947ms] [ERROR] Failed to load resource: net::ERR_CONNECTION_REFUSED @ http://localhost:4401/dashboard/overview:0
[ 8932947ms] [ERROR] Failed to load resource: net::ERR_CONNECTION_REFUSED @ http://localhost:4401/api/billing/ai-credits/summary:0
[ 8932947ms] [ERROR] Failed to load resource: net::ERR_CONNECTION_REFUSED @ http://localhost:4401/dashboard/alerts?limit=6:0
[ 8962120ms] [ERROR] Failed to load resource: net::ERR_CONNECTION_REFUSED @ http://localhost:4401/api/billing/ai-credits/summary:0
[ 8962329ms] [ERROR] Failed to load resource: net::ERR_CONNECTION_REFUSED @ http://localhost:4401/api/billing/ai-credits/summary:0
[ 8962939ms] [ERROR] Failed to load resource: net::ERR_CONNECTION_REFUSED @ http://localhost:4401/api/billing/ai-credits/summary:0
[ 8992125ms] [ERROR] Failed to load resource: net::ERR_CONNECTION_REFUSED @ http://localhost:4401/dashboard/overview:0
[ 8992125ms] [ERROR] Failed to load resource: net::ERR_CONNECTION_REFUSED @ http://localhost:4401/api/billing/ai-credits/summary:0
[ 8992126ms] [ERROR] Failed to load resource: net::ERR_CONNECTION_REFUSED @ http://localhost:4401/dashboard/alerts?limit=6:0
[ 8992338ms] [ERROR] Failed to load resource: net::ERR_CONNECTION_REFUSED @ http://localhost:4401/dashboard/overview:0
[ 8992338ms] [ERROR] Failed to load resource: net::ERR_CONNECTION_REFUSED @ http://localhost:4401/api/billing/ai-credits/summary:0
[ 8992338ms] [ERROR] Failed to load resource: net::ERR_CONNECTION_REFUSED @ http://localhost:4401/dashboard/alerts?limit=6:0
[ 8992950ms] [ERROR] Failed to load resource: net::ERR_CONNECTION_REFUSED @ http://localhost:4401/dashboard/overview:0
[ 8992950ms] [ERROR] Failed to load resource: net::ERR_CONNECTION_REFUSED @ http://localhost:4401/api/billing/ai-credits/summary:0
[ 8992950ms] [ERROR] Failed to load resource: net::ERR_CONNECTION_REFUSED @ http://localhost:4401/dashboard/alerts?limit=6:0
[ 9022122ms] [ERROR] Failed to load resource: net::ERR_CONNECTION_REFUSED @ http://localhost:4401/api/billing/ai-credits/summary:0
[ 9022334ms] [ERROR] Failed to load resource: net::ERR_CONNECTION_REFUSED @ http://localhost:4401/api/billing/ai-credits/summary:0
[ 9022943ms] [ERROR] Failed to load resource: net::ERR_CONNECTION_REFUSED @ http://localhost:4401/api/billing/ai-credits/summary:0
[ 9052125ms] [ERROR] Failed to load resource: net::ERR_CONNECTION_REFUSED @ http://localhost:4401/dashboard/overview:0
[ 9052126ms] [ERROR] Failed to load resource: net::ERR_CONNECTION_REFUSED @ http://localhost:4401/api/billing/ai-credits/summary:0
[ 9052126ms] [ERROR] Failed to load resource: net::ERR_CONNECTION_REFUSED @ http://localhost:4401/dashboard/alerts?limit=6:0
[ 9052338ms] [ERROR] Failed to load resource: net::ERR_CONNECTION_REFUSED @ http://localhost:4401/dashboard/overview:0
[ 9052338ms] [ERROR] Failed to load resource: net::ERR_CONNECTION_REFUSED @ http://localhost:4401/api/billing/ai-credits/summary:0
[ 9052338ms] [ERROR] Failed to load resource: net::ERR_CONNECTION_REFUSED @ http://localhost:4401/dashboard/alerts?limit=6:0
[ 9052949ms] [ERROR] Failed to load resource: net::ERR_CONNECTION_REFUSED @ http://localhost:4401/dashboard/overview:0
[ 9052949ms] [ERROR] Failed to load resource: net::ERR_CONNECTION_REFUSED @ http://localhost:4401/api/billing/ai-credits/summary:0
[ 9052950ms] [ERROR] Failed to load resource: net::ERR_CONNECTION_REFUSED @ http://localhost:4401/dashboard/alerts?limit=6:0
[ 9082124ms] [ERROR] Failed to load resource: net::ERR_CONNECTION_REFUSED @ http://localhost:4401/api/billing/ai-credits/summary:0
[ 9082331ms] [ERROR] Failed to load resource: net::ERR_CONNECTION_REFUSED @ http://localhost:4401/api/billing/ai-credits/summary:0
[ 9082936ms] [ERROR] Failed to load resource: net::ERR_CONNECTION_REFUSED @ http://localhost:4401/api/billing/ai-credits/summary:0
[ 9112127ms] [ERROR] Failed to load resource: net::ERR_CONNECTION_REFUSED @ http://localhost:4401/dashboard/overview:0
[ 9112127ms] [ERROR] Failed to load resource: net::ERR_CONNECTION_REFUSED @ http://localhost:4401/api/billing/ai-credits/summary:0
[ 9112127ms] [ERROR] Failed to load resource: net::ERR_CONNECTION_REFUSED @ http://localhost:4401/dashboard/alerts?limit=6:0
[ 9112338ms] [ERROR] Failed to load resource: net::ERR_CONNECTION_REFUSED @ http://localhost:4401/dashboard/overview:0
[ 9112338ms] [ERROR] Failed to load resource: net::ERR_CONNECTION_REFUSED @ http://localhost:4401/api/billing/ai-credits/summary:0
[ 9112338ms] [ERROR] Failed to load resource: net::ERR_CONNECTION_REFUSED @ http://localhost:4401/dashboard/alerts?limit=6:0
[ 9112950ms] [ERROR] Failed to load resource: net::ERR_CONNECTION_REFUSED @ http://localhost:4401/dashboard/overview:0
[ 9112950ms] [ERROR] Failed to load resource: net::ERR_CONNECTION_REFUSED @ http://localhost:4401/api/billing/ai-credits/summary:0
[ 9112950ms] [ERROR] Failed to load resource: net::ERR_CONNECTION_REFUSED @ http://localhost:4401/dashboard/alerts?limit=6:0
[ 9142120ms] [ERROR] Failed to load resource: net::ERR_CONNECTION_REFUSED @ http://localhost:4401/api/billing/ai-credits/summary:0
[ 9142329ms] [ERROR] Failed to load resource: net::ERR_CONNECTION_REFUSED @ http://localhost:4401/api/billing/ai-credits/summary:0
[ 9142938ms] [ERROR] Failed to load resource: net::ERR_CONNECTION_REFUSED @ http://localhost:4401/api/billing/ai-credits/summary:0
[ 9172126ms] [ERROR] Failed to load resource: net::ERR_CONNECTION_REFUSED @ http://localhost:4401/dashboard/overview:0
[ 9172126ms] [ERROR] Failed to load resource: net::ERR_CONNECTION_REFUSED @ http://localhost:4401/api/billing/ai-credits/summary:0
[ 9172127ms] [ERROR] Failed to load resource: net::ERR_CONNECTION_REFUSED @ http://localhost:4401/dashboard/alerts?limit=6:0
[ 9172336ms] [ERROR] Failed to load resource: net::ERR_CONNECTION_REFUSED @ http://localhost:4401/dashboard/overview:0
[ 9172336ms] [ERROR] Failed to load resource: net::ERR_CONNECTION_REFUSED @ http://localhost:4401/api/billing/ai-credits/summary:0
[ 9172336ms] [ERROR] Failed to load resource: net::ERR_CONNECTION_REFUSED @ http://localhost:4401/dashboard/alerts?limit=6:0
[ 9172939ms] [ERROR] Failed to load resource: net::ERR_CONNECTION_REFUSED @ http://localhost:4401/dashboard/overview:0
[ 9172939ms] [ERROR] Failed to load resource: net::ERR_CONNECTION_REFUSED @ http://localhost:4401/api/billing/ai-credits/summary:0
[ 9172939ms] [ERROR] Failed to load resource: net::ERR_CONNECTION_REFUSED @ http://localhost:4401/dashboard/alerts?limit=6:0
[ 9202124ms] [ERROR] Failed to load resource: net::ERR_CONNECTION_REFUSED @ http://localhost:4401/api/billing/ai-credits/summary:0
[ 9202334ms] [ERROR] Failed to load resource: net::ERR_CONNECTION_REFUSED @ http://localhost:4401/api/billing/ai-credits/summary:0
[ 9202945ms] [ERROR] Failed to load resource: net::ERR_CONNECTION_REFUSED @ http://localhost:4401/api/billing/ai-credits/summary:0
[ 9232128ms] [ERROR] Failed to load resource: net::ERR_CONNECTION_REFUSED @ http://localhost:4401/dashboard/overview:0
[ 9232128ms] [ERROR] Failed to load resource: net::ERR_CONNECTION_REFUSED @ http://localhost:4401/api/billing/ai-credits/summary:0
[ 9232128ms] [ERROR] Failed to load resource: net::ERR_CONNECTION_REFUSED @ http://localhost:4401/dashboard/alerts?limit=6:0
[ 9232339ms] [ERROR] Failed to load resource: net::ERR_CONNECTION_REFUSED @ http://localhost:4401/dashboard/overview:0
[ 9232339ms] [ERROR] Failed to load resource: net::ERR_CONNECTION_REFUSED @ http://localhost:4401/api/billing/ai-credits/summary:0
[ 9232339ms] [ERROR] Failed to load resource: net::ERR_CONNECTION_REFUSED @ http://localhost:4401/dashboard/alerts?limit=6:0
[ 9232946ms] [ERROR] Failed to load resource: net::ERR_CONNECTION_REFUSED @ http://localhost:4401/dashboard/overview:0
[ 9232946ms] [ERROR] Failed to load resource: net::ERR_CONNECTION_REFUSED @ http://localhost:4401/api/billing/ai-credits/summary:0
[ 9232946ms] [ERROR] Failed to load resource: net::ERR_CONNECTION_REFUSED @ http://localhost:4401/dashboard/alerts?limit=6:0
[ 9262125ms] [ERROR] Failed to load resource: net::ERR_CONNECTION_REFUSED @ http://localhost:4401/api/billing/ai-credits/summary:0
[ 9262335ms] [ERROR] Failed to load resource: net::ERR_CONNECTION_REFUSED @ http://localhost:4401/api/billing/ai-credits/summary:0
[ 9262944ms] [ERROR] Failed to load resource: net::ERR_CONNECTION_REFUSED @ http://localhost:4401/api/billing/ai-credits/summary:0
[ 9292137ms] [ERROR] Failed to load resource: net::ERR_CONNECTION_REFUSED @ http://localhost:4401/dashboard/overview:0
[ 9292137ms] [ERROR] Failed to load resource: net::ERR_CONNECTION_REFUSED @ http://localhost:4401/api/billing/ai-credits/summary:0
[ 9292137ms] [ERROR] Failed to load resource: net::ERR_CONNECTION_REFUSED @ http://localhost:4401/dashboard/alerts?limit=6:0
[ 9292346ms] [ERROR] Failed to load resource: net::ERR_CONNECTION_REFUSED @ http://localhost:4401/dashboard/overview:0
[ 9292346ms] [ERROR] Failed to load resource: net::ERR_CONNECTION_REFUSED @ http://localhost:4401/api/billing/ai-credits/summary:0
[ 9292346ms] [ERROR] Failed to load resource: net::ERR_CONNECTION_REFUSED @ http://localhost:4401/dashboard/alerts?limit=6:0
[ 9292957ms] [ERROR] Failed to load resource: net::ERR_CONNECTION_REFUSED @ http://localhost:4401/dashboard/overview:0
[ 9292957ms] [ERROR] Failed to load resource: net::ERR_CONNECTION_REFUSED @ http://localhost:4401/api/billing/ai-credits/summary:0
[ 9292958ms] [ERROR] Failed to load resource: net::ERR_CONNECTION_REFUSED @ http://localhost:4401/dashboard/alerts?limit=6:0
[ 9322127ms] [ERROR] Failed to load resource: net::ERR_CONNECTION_REFUSED @ http://localhost:4401/api/billing/ai-credits/summary:0
[ 9322337ms] [ERROR] Failed to load resource: net::ERR_CONNECTION_REFUSED @ http://localhost:4401/api/billing/ai-credits/summary:0
[ 9322946ms] [ERROR] Failed to load resource: net::ERR_CONNECTION_REFUSED @ http://localhost:4401/api/billing/ai-credits/summary:0
[ 9352128ms] [ERROR] Failed to load resource: net::ERR_CONNECTION_REFUSED @ http://localhost:4401/dashboard/overview:0
[ 9352128ms] [ERROR] Failed to load resource: net::ERR_CONNECTION_REFUSED @ http://localhost:4401/api/billing/ai-credits/summary:0
[ 9352128ms] [ERROR] Failed to load resource: net::ERR_CONNECTION_REFUSED @ http://localhost:4401/dashboard/alerts?limit=6:0
[ 9352340ms] [ERROR] Failed to load resource: net::ERR_CONNECTION_REFUSED @ http://localhost:4401/dashboard/overview:0
[ 9352340ms] [ERROR] Failed to load resource: net::ERR_CONNECTION_REFUSED @ http://localhost:4401/api/billing/ai-credits/summary:0
[ 9352340ms] [ERROR] Failed to load resource: net::ERR_CONNECTION_REFUSED @ http://localhost:4401/dashboard/alerts?limit=6:0
[ 9352951ms] [ERROR] Failed to load resource: net::ERR_CONNECTION_REFUSED @ http://localhost:4401/dashboard/overview:0
[ 9352951ms] [ERROR] Failed to load resource: net::ERR_CONNECTION_REFUSED @ http://localhost:4401/api/billing/ai-credits/summary:0
[ 9352951ms] [ERROR] Failed to load resource: net::ERR_CONNECTION_REFUSED @ http://localhost:4401/dashboard/alerts?limit=6:0
[ 9382125ms] [ERROR] Failed to load resource: net::ERR_CONNECTION_REFUSED @ http://localhost:4401/api/billing/ai-credits/summary:0
[ 9382335ms] [ERROR] Failed to load resource: net::ERR_CONNECTION_REFUSED @ http://localhost:4401/api/billing/ai-credits/summary:0
[ 9382940ms] [ERROR] Failed to load resource: net::ERR_CONNECTION_REFUSED @ http://localhost:4401/api/billing/ai-credits/summary:0
[ 9412130ms] [ERROR] Failed to load resource: net::ERR_CONNECTION_REFUSED @ http://localhost:4401/dashboard/overview:0
[ 9412130ms] [ERROR] Failed to load resource: net::ERR_CONNECTION_REFUSED @ http://localhost:4401/api/billing/ai-credits/summary:0
[ 9412130ms] [ERROR] Failed to load resource: net::ERR_CONNECTION_REFUSED @ http://localhost:4401/dashboard/alerts?limit=6:0
[ 9412342ms] [ERROR] Failed to load resource: net::ERR_CONNECTION_REFUSED @ http://localhost:4401/dashboard/overview:0
[ 9412342ms] [ERROR] Failed to load resource: net::ERR_CONNECTION_REFUSED @ http://localhost:4401/api/billing/ai-credits/summary:0
[ 9412342ms] [ERROR] Failed to load resource: net::ERR_CONNECTION_REFUSED @ http://localhost:4401/dashboard/alerts?limit=6:0
[ 9412948ms] [ERROR] Failed to load resource: net::ERR_CONNECTION_REFUSED @ http://localhost:4401/dashboard/overview:0
[ 9412948ms] [ERROR] Failed to load resource: net::ERR_CONNECTION_REFUSED @ http://localhost:4401/api/billing/ai-credits/summary:0
[ 9412949ms] [ERROR] Failed to load resource: net::ERR_CONNECTION_REFUSED @ http://localhost:4401/dashboard/alerts?limit=6:0
[ 9442124ms] [ERROR] Failed to load resource: net::ERR_CONNECTION_REFUSED @ http://localhost:4401/api/billing/ai-credits/summary:0
[ 9442328ms] [ERROR] Failed to load resource: net::ERR_CONNECTION_REFUSED @ http://localhost:4401/api/billing/ai-credits/summary:0
[ 9442941ms] [ERROR] Failed to load resource: net::ERR_CONNECTION_REFUSED @ http://localhost:4401/api/billing/ai-credits/summary:0
[ 9472131ms] [ERROR] Failed to load resource: net::ERR_CONNECTION_REFUSED @ http://localhost:4401/dashboard/overview:0
[ 9472131ms] [ERROR] Failed to load resource: net::ERR_CONNECTION_REFUSED @ http://localhost:4401/api/billing/ai-credits/summary:0
[ 9472131ms] [ERROR] Failed to load resource: net::ERR_CONNECTION_REFUSED @ http://localhost:4401/dashboard/alerts?limit=6:0
[ 9472339ms] [ERROR] Failed to load resource: net::ERR_CONNECTION_REFUSED @ http://localhost:4401/dashboard/overview:0
[ 9472339ms] [ERROR] Failed to load resource: net::ERR_CONNECTION_REFUSED @ http://localhost:4401/api/billing/ai-credits/summary:0
[ 9472339ms] [ERROR] Failed to load resource: net::ERR_CONNECTION_REFUSED @ http://localhost:4401/dashboard/alerts?limit=6:0
[ 9472943ms] [ERROR] Failed to load resource: net::ERR_CONNECTION_REFUSED @ http://localhost:4401/dashboard/overview:0
[ 9472943ms] [ERROR] Failed to load resource: net::ERR_CONNECTION_REFUSED @ http://localhost:4401/api/billing/ai-credits/summary:0
[ 9472943ms] [ERROR] Failed to load resource: net::ERR_CONNECTION_REFUSED @ http://localhost:4401/dashboard/alerts?limit=6:0
[ 9502130ms] [ERROR] Failed to load resource: net::ERR_CONNECTION_REFUSED @ http://localhost:4401/api/billing/ai-credits/summary:0
[ 9502340ms] [ERROR] Failed to load resource: net::ERR_CONNECTION_REFUSED @ http://localhost:4401/api/billing/ai-credits/summary:0
[ 9502943ms] [ERROR] Failed to load resource: net::ERR_CONNECTION_REFUSED @ http://localhost:4401/api/billing/ai-credits/summary:0
[ 9532130ms] [ERROR] Failed to load resource: net::ERR_CONNECTION_REFUSED @ http://localhost:4401/dashboard/overview:0
[ 9532130ms] [ERROR] Failed to load resource: net::ERR_CONNECTION_REFUSED @ http://localhost:4401/api/billing/ai-credits/summary:0
[ 9532131ms] [ERROR] Failed to load resource: net::ERR_CONNECTION_REFUSED @ http://localhost:4401/dashboard/alerts?limit=6:0
[ 9532342ms] [ERROR] Failed to load resource: net::ERR_CONNECTION_REFUSED @ http://localhost:4401/dashboard/overview:0
[ 9532342ms] [ERROR] Failed to load resource: net::ERR_CONNECTION_REFUSED @ http://localhost:4401/api/billing/ai-credits/summary:0
[ 9532342ms] [ERROR] Failed to load resource: net::ERR_CONNECTION_REFUSED @ http://localhost:4401/dashboard/alerts?limit=6:0
[ 9532954ms] [ERROR] Failed to load resource: net::ERR_CONNECTION_REFUSED @ http://localhost:4401/dashboard/overview:0
[ 9532954ms] [ERROR] Failed to load resource: net::ERR_CONNECTION_REFUSED @ http://localhost:4401/api/billing/ai-credits/summary:0
[ 9532954ms] [ERROR] Failed to load resource: net::ERR_CONNECTION_REFUSED @ http://localhost:4401/dashboard/alerts?limit=6:0
[ 9562130ms] [ERROR] Failed to load resource: net::ERR_CONNECTION_REFUSED @ http://localhost:4401/api/billing/ai-credits/summary:0
[ 9562337ms] [ERROR] Failed to load resource: net::ERR_CONNECTION_REFUSED @ http://localhost:4401/api/billing/ai-credits/summary:0
[ 9562942ms] [ERROR] Failed to load resource: net::ERR_CONNECTION_REFUSED @ http://localhost:4401/api/billing/ai-credits/summary:0
[ 9592133ms] [ERROR] Failed to load resource: net::ERR_CONNECTION_REFUSED @ http://localhost:4401/dashboard/overview:0
[ 9592133ms] [ERROR] Failed to load resource: net::ERR_CONNECTION_REFUSED @ http://localhost:4401/api/billing/ai-credits/summary:0
[ 9592133ms] [ERROR] Failed to load resource: net::ERR_CONNECTION_REFUSED @ http://localhost:4401/dashboard/alerts?limit=6:0
[ 9592343ms] [ERROR] Failed to load resource: net::ERR_CONNECTION_REFUSED @ http://localhost:4401/dashboard/overview:0
[ 9592343ms] [ERROR] Failed to load resource: net::ERR_CONNECTION_REFUSED @ http://localhost:4401/api/billing/ai-credits/summary:0
[ 9592343ms] [ERROR] Failed to load resource: net::ERR_CONNECTION_REFUSED @ http://localhost:4401/dashboard/alerts?limit=6:0
[ 9592947ms] [ERROR] Failed to load resource: net::ERR_CONNECTION_REFUSED @ http://localhost:4401/dashboard/overview:0
[ 9592947ms] [ERROR] Failed to load resource: net::ERR_CONNECTION_REFUSED @ http://localhost:4401/api/billing/ai-credits/summary:0
[ 9592947ms] [ERROR] Failed to load resource: net::ERR_CONNECTION_REFUSED @ http://localhost:4401/dashboard/alerts?limit=6:0
[ 9622131ms] [ERROR] Failed to load resource: net::ERR_CONNECTION_REFUSED @ http://localhost:4401/api/billing/ai-credits/summary:0
[ 9622336ms] [ERROR] Failed to load resource: net::ERR_CONNECTION_REFUSED @ http://localhost:4401/api/billing/ai-credits/summary:0
[ 9622946ms] [ERROR] Failed to load resource: net::ERR_CONNECTION_REFUSED @ http://localhost:4401/api/billing/ai-credits/summary:0
[ 9652135ms] [ERROR] Failed to load resource: net::ERR_CONNECTION_REFUSED @ http://localhost:4401/dashboard/overview:0
[ 9652135ms] [ERROR] Failed to load resource: net::ERR_CONNECTION_REFUSED @ http://localhost:4401/api/billing/ai-credits/summary:0
[ 9652135ms] [ERROR] Failed to load resource: net::ERR_CONNECTION_REFUSED @ http://localhost:4401/dashboard/alerts?limit=6:0
[ 9652347ms] [ERROR] Failed to load resource: net::ERR_CONNECTION_REFUSED @ http://localhost:4401/dashboard/overview:0
[ 9652347ms] [ERROR] Failed to load resource: net::ERR_CONNECTION_REFUSED @ http://localhost:4401/api/billing/ai-credits/summary:0
[ 9652347ms] [ERROR] Failed to load resource: net::ERR_CONNECTION_REFUSED @ http://localhost:4401/dashboard/alerts?limit=6:0
[ 9652957ms] [ERROR] Failed to load resource: net::ERR_CONNECTION_REFUSED @ http://localhost:4401/dashboard/overview:0
[ 9652957ms] [ERROR] Failed to load resource: net::ERR_CONNECTION_REFUSED @ http://localhost:4401/api/billing/ai-credits/summary:0
[ 9652958ms] [ERROR] Failed to load resource: net::ERR_CONNECTION_REFUSED @ http://localhost:4401/dashboard/alerts?limit=6:0
[ 9682130ms] [ERROR] Failed to load resource: net::ERR_CONNECTION_REFUSED @ http://localhost:4401/api/billing/ai-credits/summary:0
[ 9682340ms] [ERROR] Failed to load resource: net::ERR_CONNECTION_REFUSED @ http://localhost:4401/api/billing/ai-credits/summary:0
[ 9682945ms] [ERROR] Failed to load resource: net::ERR_CONNECTION_REFUSED @ http://localhost:4401/api/billing/ai-credits/summary:0
[ 9712132ms] [ERROR] Failed to load resource: net::ERR_CONNECTION_REFUSED @ http://localhost:4401/dashboard/overview:0
[ 9712133ms] [ERROR] Failed to load resource: net::ERR_CONNECTION_REFUSED @ http://localhost:4401/api/billing/ai-credits/summary:0
[ 9712133ms] [ERROR] Failed to load resource: net::ERR_CONNECTION_REFUSED @ http://localhost:4401/dashboard/alerts?limit=6:0
[ 9712344ms] [ERROR] Failed to load resource: net::ERR_CONNECTION_REFUSED @ http://localhost:4401/dashboard/overview:0
[ 9712344ms] [ERROR] Failed to load resource: net::ERR_CONNECTION_REFUSED @ http://localhost:4401/api/billing/ai-credits/summary:0
[ 9712344ms] [ERROR] Failed to load resource: net::ERR_CONNECTION_REFUSED @ http://localhost:4401/dashboard/alerts?limit=6:0
[ 9712956ms] [ERROR] Failed to load resource: net::ERR_CONNECTION_REFUSED @ http://localhost:4401/dashboard/overview:0
[ 9712956ms] [ERROR] Failed to load resource: net::ERR_CONNECTION_REFUSED @ http://localhost:4401/api/billing/ai-credits/summary:0
[ 9712956ms] [ERROR] Failed to load resource: net::ERR_CONNECTION_REFUSED @ http://localhost:4401/dashboard/alerts?limit=6:0
[ 9742130ms] [ERROR] Failed to load resource: net::ERR_CONNECTION_REFUSED @ http://localhost:4401/api/billing/ai-credits/summary:0
[ 9742342ms] [ERROR] Failed to load resource: net::ERR_CONNECTION_REFUSED @ http://localhost:4401/api/billing/ai-credits/summary:0
[ 9742950ms] [ERROR] Failed to load resource: net::ERR_CONNECTION_REFUSED @ http://localhost:4401/api/billing/ai-credits/summary:0
[ 9772137ms] [ERROR] Failed to load resource: net::ERR_CONNECTION_REFUSED @ http://localhost:4401/dashboard/overview:0
[ 9772137ms] [ERROR] Failed to load resource: net::ERR_CONNECTION_REFUSED @ http://localhost:4401/api/billing/ai-credits/summary:0
[ 9772137ms] [ERROR] Failed to load resource: net::ERR_CONNECTION_REFUSED @ http://localhost:4401/dashboard/alerts?limit=6:0
[ 9772348ms] [ERROR] Failed to load resource: net::ERR_CONNECTION_REFUSED @ http://localhost:4401/dashboard/overview:0
[ 9772349ms] [ERROR] Failed to load resource: net::ERR_CONNECTION_REFUSED @ http://localhost:4401/api/billing/ai-credits/summary:0
[ 9772349ms] [ERROR] Failed to load resource: net::ERR_CONNECTION_REFUSED @ http://localhost:4401/dashboard/alerts?limit=6:0
[ 9772960ms] [ERROR] Failed to load resource: net::ERR_CONNECTION_REFUSED @ http://localhost:4401/dashboard/overview:0
[ 9772961ms] [ERROR] Failed to load resource: net::ERR_CONNECTION_REFUSED @ http://localhost:4401/api/billing/ai-credits/summary:0
[ 9772961ms] [ERROR] Failed to load resource: net::ERR_CONNECTION_REFUSED @ http://localhost:4401/dashboard/alerts?limit=6:0
[ 9802133ms] [ERROR] Failed to load resource: net::ERR_CONNECTION_REFUSED @ http://localhost:4401/api/billing/ai-credits/summary:0
[ 9802344ms] [ERROR] Failed to load resource: net::ERR_CONNECTION_REFUSED @ http://localhost:4401/api/billing/ai-credits/summary:0
[ 9802953ms] [ERROR] Failed to load resource: net::ERR_CONNECTION_REFUSED @ http://localhost:4401/api/billing/ai-credits/summary:0
[ 9832136ms] [ERROR] Failed to load resource: net::ERR_CONNECTION_REFUSED @ http://localhost:4401/dashboard/overview:0
[ 9832136ms] [ERROR] Failed to load resource: net::ERR_CONNECTION_REFUSED @ http://localhost:4401/api/billing/ai-credits/summary:0
[ 9832136ms] [ERROR] Failed to load resource: net::ERR_CONNECTION_REFUSED @ http://localhost:4401/dashboard/alerts?limit=6:0
[ 9832346ms] [ERROR] Failed to load resource: net::ERR_CONNECTION_REFUSED @ http://localhost:4401/dashboard/overview:0
[ 9832346ms] [ERROR] Failed to load resource: net::ERR_CONNECTION_REFUSED @ http://localhost:4401/api/billing/ai-credits/summary:0
[ 9832346ms] [ERROR] Failed to load resource: net::ERR_CONNECTION_REFUSED @ http://localhost:4401/dashboard/alerts?limit=6:0
[ 9832959ms] [ERROR] Failed to load resource: net::ERR_CONNECTION_REFUSED @ http://localhost:4401/dashboard/overview:0
[ 9832959ms] [ERROR] Failed to load resource: net::ERR_CONNECTION_REFUSED @ http://localhost:4401/api/billing/ai-credits/summary:0
[ 9832959ms] [ERROR] Failed to load resource: net::ERR_CONNECTION_REFUSED @ http://localhost:4401/dashboard/alerts?limit=6:0
[ 9862134ms] [ERROR] Failed to load resource: net::ERR_CONNECTION_REFUSED @ http://localhost:4401/api/billing/ai-credits/summary:0
[ 9862344ms] [ERROR] Failed to load resource: net::ERR_CONNECTION_REFUSED @ http://localhost:4401/api/billing/ai-credits/summary:0
[ 9862953ms] [ERROR] Failed to load resource: net::ERR_CONNECTION_REFUSED @ http://localhost:4401/api/billing/ai-credits/summary:0
[ 9892134ms] [ERROR] Failed to load resource: net::ERR_CONNECTION_REFUSED @ http://localhost:4401/dashboard/overview:0
[ 9892134ms] [ERROR] Failed to load resource: net::ERR_CONNECTION_REFUSED @ http://localhost:4401/api/billing/ai-credits/summary:0
[ 9892134ms] [ERROR] Failed to load resource: net::ERR_CONNECTION_REFUSED @ http://localhost:4401/dashboard/alerts?limit=6:0
[ 9892347ms] [ERROR] Failed to load resource: net::ERR_CONNECTION_REFUSED @ http://localhost:4401/dashboard/overview:0
[ 9892347ms] [ERROR] Failed to load resource: net::ERR_CONNECTION_REFUSED @ http://localhost:4401/api/billing/ai-credits/summary:0
[ 9892348ms] [ERROR] Failed to load resource: net::ERR_CONNECTION_REFUSED @ http://localhost:4401/dashboard/alerts?limit=6:0
[ 9892953ms] [ERROR] Failed to load resource: net::ERR_CONNECTION_REFUSED @ http://localhost:4401/dashboard/overview:0
[ 9892953ms] [ERROR] Failed to load resource: net::ERR_CONNECTION_REFUSED @ http://localhost:4401/api/billing/ai-credits/summary:0
[ 9892954ms] [ERROR] Failed to load resource: net::ERR_CONNECTION_REFUSED @ http://localhost:4401/dashboard/alerts?limit=6:0
[ 9922135ms] [ERROR] Failed to load resource: net::ERR_CONNECTION_REFUSED @ http://localhost:4401/api/billing/ai-credits/summary:0
[ 9922344ms] [ERROR] Failed to load resource: net::ERR_CONNECTION_REFUSED @ http://localhost:4401/api/billing/ai-credits/summary:0
[ 9922947ms] [ERROR] Failed to load resource: net::ERR_CONNECTION_REFUSED @ http://localhost:4401/api/billing/ai-credits/summary:0
[ 9952135ms] [ERROR] Failed to load resource: net::ERR_CONNECTION_REFUSED @ http://localhost:4401/dashboard/overview:0
[ 9952135ms] [ERROR] Failed to load resource: net::ERR_CONNECTION_REFUSED @ http://localhost:4401/api/billing/ai-credits/summary:0
[ 9952136ms] [ERROR] Failed to load resource: net::ERR_CONNECTION_REFUSED @ http://localhost:4401/dashboard/alerts?limit=6:0
[ 9952345ms] [ERROR] Failed to load resource: net::ERR_CONNECTION_REFUSED @ http://localhost:4401/dashboard/overview:0
[ 9952345ms] [ERROR] Failed to load resource: net::ERR_CONNECTION_REFUSED @ http://localhost:4401/api/billing/ai-credits/summary:0
[ 9952345ms] [ERROR] Failed to load resource: net::ERR_CONNECTION_REFUSED @ http://localhost:4401/dashboard/alerts?limit=6:0
[ 9952957ms] [ERROR] Failed to load resource: net::ERR_CONNECTION_REFUSED @ http://localhost:4401/dashboard/overview:0
[ 9952957ms] [ERROR] Failed to load resource: net::ERR_CONNECTION_REFUSED @ http://localhost:4401/api/billing/ai-credits/summary:0
[ 9952957ms] [ERROR] Failed to load resource: net::ERR_CONNECTION_REFUSED @ http://localhost:4401/dashboard/alerts?limit=6:0
[ 9982136ms] [ERROR] Failed to load resource: net::ERR_CONNECTION_REFUSED @ http://localhost:4401/api/billing/ai-credits/summary:0
[ 9982345ms] [ERROR] Failed to load resource: net::ERR_CONNECTION_REFUSED @ http://localhost:4401/api/billing/ai-credits/summary:0
[ 9982954ms] [ERROR] Failed to load resource: net::ERR_CONNECTION_REFUSED @ http://localhost:4401/api/billing/ai-credits/summary:0
[10012133ms] [ERROR] Failed to load resource: net::ERR_CONNECTION_REFUSED @ http://localhost:4401/dashboard/overview:0
[10012133ms] [ERROR] Failed to load resource: net::ERR_CONNECTION_REFUSED @ http://localhost:4401/api/billing/ai-credits/summary:0
[10012133ms] [ERROR] Failed to load resource: net::ERR_CONNECTION_REFUSED @ http://localhost:4401/dashboard/alerts?limit=6:0
[10012338ms] [ERROR] Failed to load resource: net::ERR_CONNECTION_REFUSED @ http://localhost:4401/dashboard/overview:0
[10012338ms] [ERROR] Failed to load resource: net::ERR_CONNECTION_REFUSED @ http://localhost:4401/api/billing/ai-credits/summary:0
[10012338ms] [ERROR] Failed to load resource: net::ERR_CONNECTION_REFUSED @ http://localhost:4401/dashboard/alerts?limit=6:0
[10012947ms] [ERROR] Failed to load resource: net::ERR_CONNECTION_REFUSED @ http://localhost:4401/dashboard/overview:0
[10012947ms] [ERROR] Failed to load resource: net::ERR_CONNECTION_REFUSED @ http://localhost:4401/api/billing/ai-credits/summary:0
[10012947ms] [ERROR] Failed to load resource: net::ERR_CONNECTION_REFUSED @ http://localhost:4401/dashboard/alerts?limit=6:0
[10042131ms] [ERROR] Failed to load resource: net::ERR_CONNECTION_REFUSED @ http://localhost:4401/api/billing/ai-credits/summary:0
[10042336ms] [ERROR] Failed to load resource: net::ERR_CONNECTION_REFUSED @ http://localhost:4401/api/billing/ai-credits/summary:0
[10042938ms] [ERROR] Failed to load resource: net::ERR_CONNECTION_REFUSED @ http://localhost:4401/api/billing/ai-credits/summary:0
[10072137ms] [ERROR] Failed to load resource: net::ERR_CONNECTION_REFUSED @ http://localhost:4401/dashboard/overview:0
[10072137ms] [ERROR] Failed to load resource: net::ERR_CONNECTION_REFUSED @ http://localhost:4401/api/billing/ai-credits/summary:0
[10072137ms] [ERROR] Failed to load resource: net::ERR_CONNECTION_REFUSED @ http://localhost:4401/dashboard/alerts?limit=6:0
[10072344ms] [ERROR] Failed to load resource: net::ERR_CONNECTION_REFUSED @ http://localhost:4401/dashboard/overview:0
[10072344ms] [ERROR] Failed to load resource: net::ERR_CONNECTION_REFUSED @ http://localhost:4401/api/billing/ai-credits/summary:0
[10072344ms] [ERROR] Failed to load resource: net::ERR_CONNECTION_REFUSED @ http://localhost:4401/dashboard/alerts?limit=6:0
[10072954ms] [ERROR] Failed to load resource: net::ERR_CONNECTION_REFUSED @ http://localhost:4401/dashboard/overview:0
[10072954ms] [ERROR] Failed to load resource: net::ERR_CONNECTION_REFUSED @ http://localhost:4401/api/billing/ai-credits/summary:0
[10072954ms] [ERROR] Failed to load resource: net::ERR_CONNECTION_REFUSED @ http://localhost:4401/dashboard/alerts?limit=6:0
[10102136ms] [ERROR] Failed to load resource: net::ERR_CONNECTION_REFUSED @ http://localhost:4401/api/billing/ai-credits/summary:0
[10102346ms] [ERROR] Failed to load resource: net::ERR_CONNECTION_REFUSED @ http://localhost:4401/api/billing/ai-credits/summary:0
[10102955ms] [ERROR] Failed to load resource: net::ERR_CONNECTION_REFUSED @ http://localhost:4401/api/billing/ai-credits/summary:0
[10132133ms] [ERROR] Failed to load resource: net::ERR_CONNECTION_REFUSED @ http://localhost:4401/dashboard/overview:0
[10132133ms] [ERROR] Failed to load resource: net::ERR_CONNECTION_REFUSED @ http://localhost:4401/api/billing/ai-credits/summary:0
[10132133ms] [ERROR] Failed to load resource: net::ERR_CONNECTION_REFUSED @ http://localhost:4401/dashboard/alerts?limit=6:0
[10132339ms] [ERROR] Failed to load resource: net::ERR_CONNECTION_REFUSED @ http://localhost:4401/dashboard/overview:0
[10132339ms] [ERROR] Failed to load resource: net::ERR_CONNECTION_REFUSED @ http://localhost:4401/api/billing/ai-credits/summary:0
[10132339ms] [ERROR] Failed to load resource: net::ERR_CONNECTION_REFUSED @ http://localhost:4401/dashboard/alerts?limit=6:0
[10132946ms] [ERROR] Failed to load resource: net::ERR_CONNECTION_REFUSED @ http://localhost:4401/dashboard/overview:0
[10132946ms] [ERROR] Failed to load resource: net::ERR_CONNECTION_REFUSED @ http://localhost:4401/api/billing/ai-credits/summary:0
[10132947ms] [ERROR] Failed to load resource: net::ERR_CONNECTION_REFUSED @ http://localhost:4401/dashboard/alerts?limit=6:0
[10162129ms] [ERROR] Failed to load resource: net::ERR_CONNECTION_REFUSED @ http://localhost:4401/api/billing/ai-credits/summary:0
[10162338ms] [ERROR] Failed to load resource: net::ERR_CONNECTION_REFUSED @ http://localhost:4401/api/billing/ai-credits/summary:0
[10162945ms] [ERROR] Failed to load resource: net::ERR_CONNECTION_REFUSED @ http://localhost:4401/api/billing/ai-credits/summary:0
[10192132ms] [ERROR] Failed to load resource: net::ERR_CONNECTION_REFUSED @ http://localhost:4401/dashboard/overview:0
[10192133ms] [ERROR] Failed to load resource: net::ERR_CONNECTION_REFUSED @ http://localhost:4401/api/billing/ai-credits/summary:0
[10192133ms] [ERROR] Failed to load resource: net::ERR_CONNECTION_REFUSED @ http://localhost:4401/dashboard/alerts?limit=6:0
[10192344ms] [ERROR] Failed to load resource: net::ERR_CONNECTION_REFUSED @ http://localhost:4401/dashboard/overview:0
[10192345ms] [ERROR] Failed to load resource: net::ERR_CONNECTION_REFUSED @ http://localhost:4401/api/billing/ai-credits/summary:0
[10192345ms] [ERROR] Failed to load resource: net::ERR_CONNECTION_REFUSED @ http://localhost:4401/dashboard/alerts?limit=6:0
[10192955ms] [ERROR] Failed to load resource: net::ERR_CONNECTION_REFUSED @ http://localhost:4401/dashboard/overview:0
[10192956ms] [ERROR] Failed to load resource: net::ERR_CONNECTION_REFUSED @ http://localhost:4401/api/billing/ai-credits/summary:0
[10192956ms] [ERROR] Failed to load resource: net::ERR_CONNECTION_REFUSED @ http://localhost:4401/dashboard/alerts?limit=6:0
[10222131ms] [ERROR] Failed to load resource: net::ERR_CONNECTION_REFUSED @ http://localhost:4401/api/billing/ai-credits/summary:0
[10222339ms] [ERROR] Failed to load resource: net::ERR_CONNECTION_REFUSED @ http://localhost:4401/api/billing/ai-credits/summary:0
[10222948ms] [ERROR] Failed to load resource: net::ERR_CONNECTION_REFUSED @ http://localhost:4401/api/billing/ai-credits/summary:0
[10252130ms] [ERROR] Failed to load resource: net::ERR_CONNECTION_REFUSED @ http://localhost:4401/dashboard/overview:0
[10252130ms] [ERROR] Failed to load resource: net::ERR_CONNECTION_REFUSED @ http://localhost:4401/api/billing/ai-credits/summary:0
[10252131ms] [ERROR] Failed to load resource: net::ERR_CONNECTION_REFUSED @ http://localhost:4401/dashboard/alerts?limit=6:0
[10252339ms] [ERROR] Failed to load resource: net::ERR_CONNECTION_REFUSED @ http://localhost:4401/dashboard/overview:0
[10252341ms] [ERROR] Failed to load resource: net::ERR_CONNECTION_REFUSED @ http://localhost:4401/api/billing/ai-credits/summary:0
[10252341ms] [ERROR] Failed to load resource: net::ERR_CONNECTION_REFUSED @ http://localhost:4401/dashboard/alerts?limit=6:0
[10252953ms] [ERROR] Failed to load resource: net::ERR_CONNECTION_REFUSED @ http://localhost:4401/dashboard/overview:0
[10252953ms] [ERROR] Failed to load resource: net::ERR_CONNECTION_REFUSED @ http://localhost:4401/api/billing/ai-credits/summary:0
[10252953ms] [ERROR] Failed to load resource: net::ERR_CONNECTION_REFUSED @ http://localhost:4401/dashboard/alerts?limit=6:0
[10282132ms] [ERROR] Failed to load resource: net::ERR_CONNECTION_REFUSED @ http://localhost:4401/api/billing/ai-credits/summary:0
[10282341ms] [ERROR] Failed to load resource: net::ERR_CONNECTION_REFUSED @ http://localhost:4401/api/billing/ai-credits/summary:0
[10282949ms] [ERROR] Failed to load resource: net::ERR_CONNECTION_REFUSED @ http://localhost:4401/api/billing/ai-credits/summary:0
[10312133ms] [ERROR] Failed to load resource: net::ERR_CONNECTION_REFUSED @ http://localhost:4401/dashboard/overview:0
[10312134ms] [ERROR] Failed to load resource: net::ERR_CONNECTION_REFUSED @ http://localhost:4401/api/billing/ai-credits/summary:0
[10312134ms] [ERROR] Failed to load resource: net::ERR_CONNECTION_REFUSED @ http://localhost:4401/dashboard/alerts?limit=6:0
[10312341ms] [ERROR] Failed to load resource: net::ERR_CONNECTION_REFUSED @ http://localhost:4401/dashboard/overview:0
[10312341ms] [ERROR] Failed to load resource: net::ERR_CONNECTION_REFUSED @ http://localhost:4401/api/billing/ai-credits/summary:0
[10312342ms] [ERROR] Failed to load resource: net::ERR_CONNECTION_REFUSED @ http://localhost:4401/dashboard/alerts?limit=6:0
[10312952ms] [ERROR] Failed to load resource: net::ERR_CONNECTION_REFUSED @ http://localhost:4401/dashboard/overview:0
[10312952ms] [ERROR] Failed to load resource: net::ERR_CONNECTION_REFUSED @ http://localhost:4401/api/billing/ai-credits/summary:0
[10312952ms] [ERROR] Failed to load resource: net::ERR_CONNECTION_REFUSED @ http://localhost:4401/dashboard/alerts?limit=6:0
[10342134ms] [ERROR] Failed to load resource: net::ERR_CONNECTION_REFUSED @ http://localhost:4401/api/billing/ai-credits/summary:0
[10342343ms] [ERROR] Failed to load resource: net::ERR_CONNECTION_REFUSED @ http://localhost:4401/api/billing/ai-credits/summary:0
[10342951ms] [ERROR] Failed to load resource: net::ERR_CONNECTION_REFUSED @ http://localhost:4401/api/billing/ai-credits/summary:0
[10372133ms] [ERROR] Failed to load resource: net::ERR_CONNECTION_REFUSED @ http://localhost:4401/dashboard/overview:0
[10372133ms] [ERROR] Failed to load resource: net::ERR_CONNECTION_REFUSED @ http://localhost:4401/api/billing/ai-credits/summary:0
[10372134ms] [ERROR] Failed to load resource: net::ERR_CONNECTION_REFUSED @ http://localhost:4401/dashboard/alerts?limit=6:0
[10372344ms] [ERROR] Failed to load resource: net::ERR_CONNECTION_REFUSED @ http://localhost:4401/dashboard/overview:0
[10372346ms] [ERROR] Failed to load resource: net::ERR_CONNECTION_REFUSED @ http://localhost:4401/api/billing/ai-credits/summary:0
[10372346ms] [ERROR] Failed to load resource: net::ERR_CONNECTION_REFUSED @ http://localhost:4401/dashboard/alerts?limit=6:0
[10372954ms] [ERROR] Failed to load resource: net::ERR_CONNECTION_REFUSED @ http://localhost:4401/dashboard/overview:0
[10372954ms] [ERROR] Failed to load resource: net::ERR_CONNECTION_REFUSED @ http://localhost:4401/api/billing/ai-credits/summary:0
[10372954ms] [ERROR] Failed to load resource: net::ERR_CONNECTION_REFUSED @ http://localhost:4401/dashboard/alerts?limit=6:0
[10402132ms] [ERROR] Failed to load resource: net::ERR_CONNECTION_REFUSED @ http://localhost:4401/api/billing/ai-credits/summary:0
[10402339ms] [ERROR] Failed to load resource: net::ERR_CONNECTION_REFUSED @ http://localhost:4401/api/billing/ai-credits/summary:0
[10402944ms] [ERROR] Failed to load resource: net::ERR_CONNECTION_REFUSED @ http://localhost:4401/api/billing/ai-credits/summary:0
[10432134ms] [ERROR] Failed to load resource: net::ERR_CONNECTION_REFUSED @ http://localhost:4401/dashboard/overview:0
[10432134ms] [ERROR] Failed to load resource: net::ERR_CONNECTION_REFUSED @ http://localhost:4401/api/billing/ai-credits/summary:0
[10432134ms] [ERROR] Failed to load resource: net::ERR_CONNECTION_REFUSED @ http://localhost:4401/dashboard/alerts?limit=6:0
[10432347ms] [ERROR] Failed to load resource: net::ERR_CONNECTION_REFUSED @ http://localhost:4401/dashboard/overview:0
[10432347ms] [ERROR] Failed to load resource: net::ERR_CONNECTION_REFUSED @ http://localhost:4401/api/billing/ai-credits/summary:0
[10432347ms] [ERROR] Failed to load resource: net::ERR_CONNECTION_REFUSED @ http://localhost:4401/dashboard/alerts?limit=6:0
[10432959ms] [ERROR] Failed to load resource: net::ERR_CONNECTION_REFUSED @ http://localhost:4401/dashboard/overview:0
[10432959ms] [ERROR] Failed to load resource: net::ERR_CONNECTION_REFUSED @ http://localhost:4401/api/billing/ai-credits/summary:0
[10432960ms] [ERROR] Failed to load resource: net::ERR_CONNECTION_REFUSED @ http://localhost:4401/dashboard/alerts?limit=6:0
[10462133ms] [ERROR] Failed to load resource: net::ERR_CONNECTION_REFUSED @ http://localhost:4401/api/billing/ai-credits/summary:0
[10462337ms] [ERROR] Failed to load resource: net::ERR_CONNECTION_REFUSED @ http://localhost:4401/api/billing/ai-credits/summary:0
[10462944ms] [ERROR] Failed to load resource: net::ERR_CONNECTION_REFUSED @ http://localhost:4401/api/billing/ai-credits/summary:0
[10492135ms] [ERROR] Failed to load resource: net::ERR_CONNECTION_REFUSED @ http://localhost:4401/dashboard/overview:0
[10492135ms] [ERROR] Failed to load resource: net::ERR_CONNECTION_REFUSED @ http://localhost:4401/api/billing/ai-credits/summary:0
[10492135ms] [ERROR] Failed to load resource: net::ERR_CONNECTION_REFUSED @ http://localhost:4401/dashboard/alerts?limit=6:0
[10492347ms] [ERROR] Failed to load resource: net::ERR_CONNECTION_REFUSED @ http://localhost:4401/dashboard/overview:0
[10492347ms] [ERROR] Failed to load resource: net::ERR_CONNECTION_REFUSED @ http://localhost:4401/api/billing/ai-credits/summary:0
[10492347ms] [ERROR] Failed to load resource: net::ERR_CONNECTION_REFUSED @ http://localhost:4401/dashboard/alerts?limit=6:0
[10492958ms] [ERROR] Failed to load resource: net::ERR_CONNECTION_REFUSED @ http://localhost:4401/dashboard/overview:0
[10492958ms] [ERROR] Failed to load resource: net::ERR_CONNECTION_REFUSED @ http://localhost:4401/api/billing/ai-credits/summary:0
[10492958ms] [ERROR] Failed to load resource: net::ERR_CONNECTION_REFUSED @ http://localhost:4401/dashboard/alerts?limit=6:0
[10522134ms] [ERROR] Failed to load resource: net::ERR_CONNECTION_REFUSED @ http://localhost:4401/api/billing/ai-credits/summary:0
[10522343ms] [ERROR] Failed to load resource: net::ERR_CONNECTION_REFUSED @ http://localhost:4401/api/billing/ai-credits/summary:0
[10522952ms] [ERROR] Failed to load resource: net::ERR_CONNECTION_REFUSED @ http://localhost:4401/api/billing/ai-credits/summary:0
[10552139ms] [ERROR] Failed to load resource: net::ERR_CONNECTION_REFUSED @ http://localhost:4401/dashboard/overview:0
[10552140ms] [ERROR] Failed to load resource: net::ERR_CONNECTION_REFUSED @ http://localhost:4401/api/billing/ai-credits/summary:0
[10552140ms] [ERROR] Failed to load resource: net::ERR_CONNECTION_REFUSED @ http://localhost:4401/dashboard/alerts?limit=6:0
[10552352ms] [ERROR] Failed to load resource: net::ERR_CONNECTION_REFUSED @ http://localhost:4401/dashboard/overview:0
[10552352ms] [ERROR] Failed to load resource: net::ERR_CONNECTION_REFUSED @ http://localhost:4401/api/billing/ai-credits/summary:0
[10552353ms] [ERROR] Failed to load resource: net::ERR_CONNECTION_REFUSED @ http://localhost:4401/dashboard/alerts?limit=6:0
[10552956ms] [ERROR] Failed to load resource: net::ERR_CONNECTION_REFUSED @ http://localhost:4401/dashboard/overview:0
[10552957ms] [ERROR] Failed to load resource: net::ERR_CONNECTION_REFUSED @ http://localhost:4401/api/billing/ai-credits/summary:0
[10552957ms] [ERROR] Failed to load resource: net::ERR_CONNECTION_REFUSED @ http://localhost:4401/dashboard/alerts?limit=6:0
[10582132ms] [ERROR] Failed to load resource: net::ERR_CONNECTION_REFUSED @ http://localhost:4401/api/billing/ai-credits/summary:0
[10582342ms] [ERROR] Failed to load resource: net::ERR_CONNECTION_REFUSED @ http://localhost:4401/api/billing/ai-credits/summary:0
[10582946ms] [ERROR] Failed to load resource: net::ERR_CONNECTION_REFUSED @ http://localhost:4401/api/billing/ai-credits/summary:0
[10612139ms] [ERROR] Failed to load resource: net::ERR_CONNECTION_REFUSED @ http://localhost:4401/dashboard/overview:0
[10612139ms] [ERROR] Failed to load resource: net::ERR_CONNECTION_REFUSED @ http://localhost:4401/api/billing/ai-credits/summary:0
[10612139ms] [ERROR] Failed to load resource: net::ERR_CONNECTION_REFUSED @ http://localhost:4401/dashboard/alerts?limit=6:0
[10612351ms] [ERROR] Failed to load resource: net::ERR_CONNECTION_REFUSED @ http://localhost:4401/dashboard/overview:0
[10612351ms] [ERROR] Failed to load resource: net::ERR_CONNECTION_REFUSED @ http://localhost:4401/api/billing/ai-credits/summary:0
[10612351ms] [ERROR] Failed to load resource: net::ERR_CONNECTION_REFUSED @ http://localhost:4401/dashboard/alerts?limit=6:0
[10612963ms] [ERROR] Failed to load resource: net::ERR_CONNECTION_REFUSED @ http://localhost:4401/dashboard/overview:0
[10612964ms] [ERROR] Failed to load resource: net::ERR_CONNECTION_REFUSED @ http://localhost:4401/api/billing/ai-credits/summary:0
[10612964ms] [ERROR] Failed to load resource: net::ERR_CONNECTION_REFUSED @ http://localhost:4401/dashboard/alerts?limit=6:0
[10642135ms] [ERROR] Failed to load resource: net::ERR_CONNECTION_REFUSED @ http://localhost:4401/api/billing/ai-credits/summary:0
[10642339ms] [ERROR] Failed to load resource: net::ERR_CONNECTION_REFUSED @ http://localhost:4401/api/billing/ai-credits/summary:0
[10642944ms] [ERROR] Failed to load resource: net::ERR_CONNECTION_REFUSED @ http://localhost:4401/api/billing/ai-credits/summary:0
[10672138ms] [ERROR] Failed to load resource: net::ERR_CONNECTION_REFUSED @ http://localhost:4401/dashboard/overview:0
[10672138ms] [ERROR] Failed to load resource: net::ERR_CONNECTION_REFUSED @ http://localhost:4401/api/billing/ai-credits/summary:0
[10672138ms] [ERROR] Failed to load resource: net::ERR_CONNECTION_REFUSED @ http://localhost:4401/dashboard/alerts?limit=6:0
[10672346ms] [ERROR] Failed to load resource: net::ERR_CONNECTION_REFUSED @ http://localhost:4401/dashboard/overview:0
[10672346ms] [ERROR] Failed to load resource: net::ERR_CONNECTION_REFUSED @ http://localhost:4401/api/billing/ai-credits/summary:0
[10672346ms] [ERROR] Failed to load resource: net::ERR_CONNECTION_REFUSED @ http://localhost:4401/dashboard/alerts?limit=6:0
[10672957ms] [ERROR] Failed to load resource: net::ERR_CONNECTION_REFUSED @ http://localhost:4401/dashboard/overview:0
[10672957ms] [ERROR] Failed to load resource: net::ERR_CONNECTION_REFUSED @ http://localhost:4401/api/billing/ai-credits/summary:0
[10672958ms] [ERROR] Failed to load resource: net::ERR_CONNECTION_REFUSED @ http://localhost:4401/dashboard/alerts?limit=6:0
[10702139ms] [ERROR] Failed to load resource: net::ERR_CONNECTION_REFUSED @ http://localhost:4401/api/billing/ai-credits/summary:0
[10702344ms] [ERROR] Failed to load resource: net::ERR_CONNECTION_REFUSED @ http://localhost:4401/api/billing/ai-credits/summary:0
[10702954ms] [ERROR] Failed to load resource: net::ERR_CONNECTION_REFUSED @ http://localhost:4401/api/billing/ai-credits/summary:0
[10732137ms] [ERROR] Failed to load resource: net::ERR_CONNECTION_REFUSED @ http://localhost:4401/dashboard/overview:0
[10732138ms] [ERROR] Failed to load resource: net::ERR_CONNECTION_REFUSED @ http://localhost:4401/api/billing/ai-credits/summary:0
[10732138ms] [ERROR] Failed to load resource: net::ERR_CONNECTION_REFUSED @ http://localhost:4401/dashboard/alerts?limit=6:0
[10732349ms] [ERROR] Failed to load resource: net::ERR_CONNECTION_REFUSED @ http://localhost:4401/dashboard/overview:0
[10732349ms] [ERROR] Failed to load resource: net::ERR_CONNECTION_REFUSED @ http://localhost:4401/api/billing/ai-credits/summary:0
[10732349ms] [ERROR] Failed to load resource: net::ERR_CONNECTION_REFUSED @ http://localhost:4401/dashboard/alerts?limit=6:0
[10732959ms] [ERROR] Failed to load resource: net::ERR_CONNECTION_REFUSED @ http://localhost:4401/dashboard/overview:0
[10732960ms] [ERROR] Failed to load resource: net::ERR_CONNECTION_REFUSED @ http://localhost:4401/api/billing/ai-credits/summary:0
[10732960ms] [ERROR] Failed to load resource: net::ERR_CONNECTION_REFUSED @ http://localhost:4401/dashboard/alerts?limit=6:0
[10762138ms] [ERROR] Failed to load resource: net::ERR_CONNECTION_REFUSED @ http://localhost:4401/api/billing/ai-credits/summary:0
[10762348ms] [ERROR] Failed to load resource: net::ERR_CONNECTION_REFUSED @ http://localhost:4401/api/billing/ai-credits/summary:0
[10762958ms] [ERROR] Failed to load resource: net::ERR_CONNECTION_REFUSED @ http://localhost:4401/api/billing/ai-credits/summary:0
[10792133ms] [ERROR] Failed to load resource: net::ERR_CONNECTION_REFUSED @ http://localhost:4401/dashboard/overview:0
[10792133ms] [ERROR] Failed to load resource: net::ERR_CONNECTION_REFUSED @ http://localhost:4401/api/billing/ai-credits/summary:0
[10792134ms] [ERROR] Failed to load resource: net::ERR_CONNECTION_REFUSED @ http://localhost:4401/dashboard/alerts?limit=6:0
[10792342ms] [ERROR] Failed to load resource: net::ERR_CONNECTION_REFUSED @ http://localhost:4401/dashboard/overview:0
[10792342ms] [ERROR] Failed to load resource: net::ERR_CONNECTION_REFUSED @ http://localhost:4401/api/billing/ai-credits/summary:0
[10792343ms] [ERROR] Failed to load resource: net::ERR_CONNECTION_REFUSED @ http://localhost:4401/dashboard/alerts?limit=6:0
[10792948ms] [ERROR] Failed to load resource: net::ERR_CONNECTION_REFUSED @ http://localhost:4401/dashboard/overview:0
[10792948ms] [ERROR] Failed to load resource: net::ERR_CONNECTION_REFUSED @ http://localhost:4401/api/billing/ai-credits/summary:0
[10792948ms] [ERROR] Failed to load resource: net::ERR_CONNECTION_REFUSED @ http://localhost:4401/dashboard/alerts?limit=6:0
[10822135ms] [ERROR] Failed to load resource: net::ERR_CONNECTION_REFUSED @ http://localhost:4401/api/billing/ai-credits/summary:0
[10822344ms] [ERROR] Failed to load resource: net::ERR_CONNECTION_REFUSED @ http://localhost:4401/api/billing/ai-credits/summary:0
[10822953ms] [ERROR] Failed to load resource: net::ERR_CONNECTION_REFUSED @ http://localhost:4401/api/billing/ai-credits/summary:0
[10852141ms] [ERROR] Failed to load resource: net::ERR_CONNECTION_REFUSED @ http://localhost:4401/dashboard/overview:0
[10852141ms] [ERROR] Failed to load resource: net::ERR_CONNECTION_REFUSED @ http://localhost:4401/api/billing/ai-credits/summary:0
[10852141ms] [ERROR] Failed to load resource: net::ERR_CONNECTION_REFUSED @ http://localhost:4401/dashboard/alerts?limit=6:0
[10852351ms] [ERROR] Failed to load resource: net::ERR_CONNECTION_REFUSED @ http://localhost:4401/dashboard/overview:0
[10852352ms] [ERROR] Failed to load resource: net::ERR_CONNECTION_REFUSED @ http://localhost:4401/api/billing/ai-credits/summary:0
[10852352ms] [ERROR] Failed to load resource: net::ERR_CONNECTION_REFUSED @ http://localhost:4401/dashboard/alerts?limit=6:0
[10852963ms] [ERROR] Failed to load resource: net::ERR_CONNECTION_REFUSED @ http://localhost:4401/dashboard/overview:0
[10852963ms] [ERROR] Failed to load resource: net::ERR_CONNECTION_REFUSED @ http://localhost:4401/api/billing/ai-credits/summary:0
[10852963ms] [ERROR] Failed to load resource: net::ERR_CONNECTION_REFUSED @ http://localhost:4401/dashboard/alerts?limit=6:0
[10882139ms] [ERROR] Failed to load resource: net::ERR_CONNECTION_REFUSED @ http://localhost:4401/api/billing/ai-credits/summary:0
[10882347ms] [ERROR] Failed to load resource: net::ERR_CONNECTION_REFUSED @ http://localhost:4401/api/billing/ai-credits/summary:0
[10882951ms] [ERROR] Failed to load resource: net::ERR_CONNECTION_REFUSED @ http://localhost:4401/api/billing/ai-credits/summary:0
[10912141ms] [ERROR] Failed to load resource: net::ERR_CONNECTION_REFUSED @ http://localhost:4401/dashboard/overview:0
[10912141ms] [ERROR] Failed to load resource: net::ERR_CONNECTION_REFUSED @ http://localhost:4401/api/billing/ai-credits/summary:0
[10912141ms] [ERROR] Failed to load resource: net::ERR_CONNECTION_REFUSED @ http://localhost:4401/dashboard/alerts?limit=6:0
[10912353ms] [ERROR] Failed to load resource: net::ERR_CONNECTION_REFUSED @ http://localhost:4401/dashboard/overview:0
[10912353ms] [ERROR] Failed to load resource: net::ERR_CONNECTION_REFUSED @ http://localhost:4401/api/billing/ai-credits/summary:0
[10912353ms] [ERROR] Failed to load resource: net::ERR_CONNECTION_REFUSED @ http://localhost:4401/dashboard/alerts?limit=6:0
[10912964ms] [ERROR] Failed to load resource: net::ERR_CONNECTION_REFUSED @ http://localhost:4401/dashboard/overview:0
[10912964ms] [ERROR] Failed to load resource: net::ERR_CONNECTION_REFUSED @ http://localhost:4401/api/billing/ai-credits/summary:0
[10912964ms] [ERROR] Failed to load resource: net::ERR_CONNECTION_REFUSED @ http://localhost:4401/dashboard/alerts?limit=6:0
[10942139ms] [ERROR] Failed to load resource: net::ERR_CONNECTION_REFUSED @ http://localhost:4401/api/billing/ai-credits/summary:0
[10942347ms] [ERROR] Failed to load resource: net::ERR_CONNECTION_REFUSED @ http://localhost:4401/api/billing/ai-credits/summary:0
[10942956ms] [ERROR] Failed to load resource: net::ERR_CONNECTION_REFUSED @ http://localhost:4401/api/billing/ai-credits/summary:0
[10972142ms] [ERROR] Failed to load resource: net::ERR_CONNECTION_REFUSED @ http://localhost:4401/dashboard/overview:0
[10972143ms] [ERROR] Failed to load resource: net::ERR_CONNECTION_REFUSED @ http://localhost:4401/api/billing/ai-credits/summary:0
[10972143ms] [ERROR] Failed to load resource: net::ERR_CONNECTION_REFUSED @ http://localhost:4401/dashboard/alerts?limit=6:0
[10972354ms] [ERROR] Failed to load resource: net::ERR_CONNECTION_REFUSED @ http://localhost:4401/dashboard/overview:0
[10972354ms] [ERROR] Failed to load resource: net::ERR_CONNECTION_REFUSED @ http://localhost:4401/api/billing/ai-credits/summary:0
[10972355ms] [ERROR] Failed to load resource: net::ERR_CONNECTION_REFUSED @ http://localhost:4401/dashboard/alerts?limit=6:0
[10972966ms] [ERROR] Failed to load resource: net::ERR_CONNECTION_REFUSED @ http://localhost:4401/dashboard/overview:0
[10972966ms] [ERROR] Failed to load resource: net::ERR_CONNECTION_REFUSED @ http://localhost:4401/api/billing/ai-credits/summary:0
[10972966ms] [ERROR] Failed to load resource: net::ERR_CONNECTION_REFUSED @ http://localhost:4401/dashboard/alerts?limit=6:0
[11002140ms] [ERROR] Failed to load resource: net::ERR_CONNECTION_REFUSED @ http://localhost:4401/api/billing/ai-credits/summary:0
[11002350ms] [ERROR] Failed to load resource: net::ERR_CONNECTION_REFUSED @ http://localhost:4401/api/billing/ai-credits/summary:0
[11002958ms] [ERROR] Failed to load resource: net::ERR_CONNECTION_REFUSED @ http://localhost:4401/api/billing/ai-credits/summary:0
[11032142ms] [ERROR] Failed to load resource: net::ERR_CONNECTION_REFUSED @ http://localhost:4401/dashboard/overview:0
[11032142ms] [ERROR] Failed to load resource: net::ERR_CONNECTION_REFUSED @ http://localhost:4401/api/billing/ai-credits/summary:0
[11032142ms] [ERROR] Failed to load resource: net::ERR_CONNECTION_REFUSED @ http://localhost:4401/dashboard/alerts?limit=6:0
[11032354ms] [ERROR] Failed to load resource: net::ERR_CONNECTION_REFUSED @ http://localhost:4401/dashboard/overview:0
[11032355ms] [ERROR] Failed to load resource: net::ERR_CONNECTION_REFUSED @ http://localhost:4401/api/billing/ai-credits/summary:0
[11032355ms] [ERROR] Failed to load resource: net::ERR_CONNECTION_REFUSED @ http://localhost:4401/dashboard/alerts?limit=6:0
[11032967ms] [ERROR] Failed to load resource: net::ERR_CONNECTION_REFUSED @ http://localhost:4401/dashboard/overview:0
[11032967ms] [ERROR] Failed to load resource: net::ERR_CONNECTION_REFUSED @ http://localhost:4401/api/billing/ai-credits/summary:0
[11032967ms] [ERROR] Failed to load resource: net::ERR_CONNECTION_REFUSED @ http://localhost:4401/dashboard/alerts?limit=6:0
[11062140ms] [ERROR] Failed to load resource: net::ERR_CONNECTION_REFUSED @ http://localhost:4401/api/billing/ai-credits/summary:0
[11062349ms] [ERROR] Failed to load resource: net::ERR_CONNECTION_REFUSED @ http://localhost:4401/api/billing/ai-credits/summary:0
[11062952ms] [ERROR] Failed to load resource: net::ERR_CONNECTION_REFUSED @ http://localhost:4401/api/billing/ai-credits/summary:0
[11092143ms] [ERROR] Failed to load resource: net::ERR_CONNECTION_REFUSED @ http://localhost:4401/dashboard/overview:0
[11092143ms] [ERROR] Failed to load resource: net::ERR_CONNECTION_REFUSED @ http://localhost:4401/api/billing/ai-credits/summary:0
[11092143ms] [ERROR] Failed to load resource: net::ERR_CONNECTION_REFUSED @ http://localhost:4401/dashboard/alerts?limit=6:0
[11092354ms] [ERROR] Failed to load resource: net::ERR_CONNECTION_REFUSED @ http://localhost:4401/dashboard/overview:0
[11092355ms] [ERROR] Failed to load resource: net::ERR_CONNECTION_REFUSED @ http://localhost:4401/api/billing/ai-credits/summary:0
[11092355ms] [ERROR] Failed to load resource: net::ERR_CONNECTION_REFUSED @ http://localhost:4401/dashboard/alerts?limit=6:0
[11092965ms] [ERROR] Failed to load resource: net::ERR_CONNECTION_REFUSED @ http://localhost:4401/dashboard/overview:0
[11092965ms] [ERROR] Failed to load resource: net::ERR_CONNECTION_REFUSED @ http://localhost:4401/api/billing/ai-credits/summary:0
[11092965ms] [ERROR] Failed to load resource: net::ERR_CONNECTION_REFUSED @ http://localhost:4401/dashboard/alerts?limit=6:0
[11122142ms] [ERROR] Failed to load resource: net::ERR_CONNECTION_REFUSED @ http://localhost:4401/api/billing/ai-credits/summary:0
[11122350ms] [ERROR] Failed to load resource: net::ERR_CONNECTION_REFUSED @ http://localhost:4401/api/billing/ai-credits/summary:0
[11122955ms] [ERROR] Failed to load resource: net::ERR_CONNECTION_REFUSED @ http://localhost:4401/api/billing/ai-credits/summary:0
[11152145ms] [ERROR] Failed to load resource: net::ERR_CONNECTION_REFUSED @ http://localhost:4401/dashboard/overview:0
[11152146ms] [ERROR] Failed to load resource: net::ERR_CONNECTION_REFUSED @ http://localhost:4401/api/billing/ai-credits/summary:0
[11152146ms] [ERROR] Failed to load resource: net::ERR_CONNECTION_REFUSED @ http://localhost:4401/dashboard/alerts?limit=6:0
[11152357ms] [ERROR] Failed to load resource: net::ERR_CONNECTION_REFUSED @ http://localhost:4401/dashboard/overview:0
[11152357ms] [ERROR] Failed to load resource: net::ERR_CONNECTION_REFUSED @ http://localhost:4401/api/billing/ai-credits/summary:0
[11152357ms] [ERROR] Failed to load resource: net::ERR_CONNECTION_REFUSED @ http://localhost:4401/dashboard/alerts?limit=6:0
[11152969ms] [ERROR] Failed to load resource: net::ERR_CONNECTION_REFUSED @ http://localhost:4401/dashboard/overview:0
[11152969ms] [ERROR] Failed to load resource: net::ERR_CONNECTION_REFUSED @ http://localhost:4401/api/billing/ai-credits/summary:0
[11152969ms] [ERROR] Failed to load resource: net::ERR_CONNECTION_REFUSED @ http://localhost:4401/dashboard/alerts?limit=6:0
[11182141ms] [ERROR] Failed to load resource: net::ERR_CONNECTION_REFUSED @ http://localhost:4401/api/billing/ai-credits/summary:0
[11182349ms] [ERROR] Failed to load resource: net::ERR_CONNECTION_REFUSED @ http://localhost:4401/api/billing/ai-credits/summary:0
[11182958ms] [ERROR] Failed to load resource: net::ERR_CONNECTION_REFUSED @ http://localhost:4401/api/billing/ai-credits/summary:0
[11212145ms] [ERROR] Failed to load resource: net::ERR_CONNECTION_REFUSED @ http://localhost:4401/dashboard/overview:0
[11212145ms] [ERROR] Failed to load resource: net::ERR_CONNECTION_REFUSED @ http://localhost:4401/api/billing/ai-credits/summary:0
[11212145ms] [ERROR] Failed to load resource: net::ERR_CONNECTION_REFUSED @ http://localhost:4401/dashboard/alerts?limit=6:0
[11212355ms] [ERROR] Failed to load resource: net::ERR_CONNECTION_REFUSED @ http://localhost:4401/dashboard/overview:0
[11212355ms] [ERROR] Failed to load resource: net::ERR_CONNECTION_REFUSED @ http://localhost:4401/api/billing/ai-credits/summary:0
[11212355ms] [ERROR] Failed to load resource: net::ERR_CONNECTION_REFUSED @ http://localhost:4401/dashboard/alerts?limit=6:0
[11212966ms] [ERROR] Failed to load resource: net::ERR_CONNECTION_REFUSED @ http://localhost:4401/dashboard/overview:0
[11212966ms] [ERROR] Failed to load resource: net::ERR_CONNECTION_REFUSED @ http://localhost:4401/api/billing/ai-credits/summary:0
[11212966ms] [ERROR] Failed to load resource: net::ERR_CONNECTION_REFUSED @ http://localhost:4401/dashboard/alerts?limit=6:0
[11242137ms] [ERROR] Failed to load resource: net::ERR_CONNECTION_REFUSED @ http://localhost:4401/api/billing/ai-credits/summary:0
[11242345ms] [ERROR] Failed to load resource: net::ERR_CONNECTION_REFUSED @ http://localhost:4401/api/billing/ai-credits/summary:0
[11242950ms] [ERROR] Failed to load resource: net::ERR_CONNECTION_REFUSED @ http://localhost:4401/api/billing/ai-credits/summary:0
[11272143ms] [ERROR] Failed to load resource: net::ERR_CONNECTION_REFUSED @ http://localhost:4401/dashboard/overview:0
[11272144ms] [ERROR] Failed to load resource: net::ERR_CONNECTION_REFUSED @ http://localhost:4401/api/billing/ai-credits/summary:0
[11272144ms] [ERROR] Failed to load resource: net::ERR_CONNECTION_REFUSED @ http://localhost:4401/dashboard/alerts?limit=6:0
[11272352ms] [ERROR] Failed to load resource: net::ERR_CONNECTION_REFUSED @ http://localhost:4401/dashboard/overview:0
[11272352ms] [ERROR] Failed to load resource: net::ERR_CONNECTION_REFUSED @ http://localhost:4401/api/billing/ai-credits/summary:0
[11272353ms] [ERROR] Failed to load resource: net::ERR_CONNECTION_REFUSED @ http://localhost:4401/dashboard/alerts?limit=6:0
[11272960ms] [ERROR] Failed to load resource: net::ERR_CONNECTION_REFUSED @ http://localhost:4401/dashboard/overview:0
[11272961ms] [ERROR] Failed to load resource: net::ERR_CONNECTION_REFUSED @ http://localhost:4401/api/billing/ai-credits/summary:0
[11272961ms] [ERROR] Failed to load resource: net::ERR_CONNECTION_REFUSED @ http://localhost:4401/dashboard/alerts?limit=6:0
[11302138ms] [ERROR] Failed to load resource: net::ERR_CONNECTION_REFUSED @ http://localhost:4401/api/billing/ai-credits/summary:0
[11302348ms] [ERROR] Failed to load resource: net::ERR_CONNECTION_REFUSED @ http://localhost:4401/api/billing/ai-credits/summary:0
[11302957ms] [ERROR] Failed to load resource: net::ERR_CONNECTION_REFUSED @ http://localhost:4401/api/billing/ai-credits/summary:0
[11332147ms] [ERROR] Failed to load resource: net::ERR_CONNECTION_REFUSED @ http://localhost:4401/dashboard/overview:0
[11332147ms] [ERROR] Failed to load resource: net::ERR_CONNECTION_REFUSED @ http://localhost:4401/api/billing/ai-credits/summary:0
[11332147ms] [ERROR] Failed to load resource: net::ERR_CONNECTION_REFUSED @ http://localhost:4401/dashboard/alerts?limit=6:0
[11332360ms] [ERROR] Failed to load resource: net::ERR_CONNECTION_REFUSED @ http://localhost:4401/dashboard/overview:0
[11332360ms] [ERROR] Failed to load resource: net::ERR_CONNECTION_REFUSED @ http://localhost:4401/api/billing/ai-credits/summary:0
[11332360ms] [ERROR] Failed to load resource: net::ERR_CONNECTION_REFUSED @ http://localhost:4401/dashboard/alerts?limit=6:0
[11332972ms] [ERROR] Failed to load resource: net::ERR_CONNECTION_REFUSED @ http://localhost:4401/dashboard/overview:0
[11332972ms] [ERROR] Failed to load resource: net::ERR_CONNECTION_REFUSED @ http://localhost:4401/api/billing/ai-credits/summary:0
[11332972ms] [ERROR] Failed to load resource: net::ERR_CONNECTION_REFUSED @ http://localhost:4401/dashboard/alerts?limit=6:0
[11362140ms] [ERROR] Failed to load resource: net::ERR_CONNECTION_REFUSED @ http://localhost:4401/api/billing/ai-credits/summary:0
[11362348ms] [ERROR] Failed to load resource: net::ERR_CONNECTION_REFUSED @ http://localhost:4401/api/billing/ai-credits/summary:0
[11362953ms] [ERROR] Failed to load resource: net::ERR_CONNECTION_REFUSED @ http://localhost:4401/api/billing/ai-credits/summary:0
[11392138ms] [ERROR] Failed to load resource: net::ERR_CONNECTION_REFUSED @ http://localhost:4401/dashboard/overview:0
[11392139ms] [ERROR] Failed to load resource: net::ERR_CONNECTION_REFUSED @ http://localhost:4401/api/billing/ai-credits/summary:0
[11392139ms] [ERROR] Failed to load resource: net::ERR_CONNECTION_REFUSED @ http://localhost:4401/dashboard/alerts?limit=6:0
[11392348ms] [ERROR] Failed to load resource: net::ERR_CONNECTION_REFUSED @ http://localhost:4401/dashboard/overview:0
[11392348ms] [ERROR] Failed to load resource: net::ERR_CONNECTION_REFUSED @ http://localhost:4401/api/billing/ai-credits/summary:0
[11392348ms] [ERROR] Failed to load resource: net::ERR_CONNECTION_REFUSED @ http://localhost:4401/dashboard/alerts?limit=6:0
[11392962ms] [ERROR] Failed to load resource: net::ERR_CONNECTION_REFUSED @ http://localhost:4401/dashboard/overview:0
[11392962ms] [ERROR] Failed to load resource: net::ERR_CONNECTION_REFUSED @ http://localhost:4401/api/billing/ai-credits/summary:0
[11392962ms] [ERROR] Failed to load resource: net::ERR_CONNECTION_REFUSED @ http://localhost:4401/dashboard/alerts?limit=6:0
[11422145ms] [ERROR] Failed to load resource: net::ERR_CONNECTION_REFUSED @ http://localhost:4401/api/billing/ai-credits/summary:0
[11422355ms] [ERROR] Failed to load resource: net::ERR_CONNECTION_REFUSED @ http://localhost:4401/api/billing/ai-credits/summary:0
[11422963ms] [ERROR] Failed to load resource: net::ERR_CONNECTION_REFUSED @ http://localhost:4401/api/billing/ai-credits/summary:0
[11452147ms] [ERROR] Failed to load resource: net::ERR_CONNECTION_REFUSED @ http://localhost:4401/dashboard/overview:0
[11452147ms] [ERROR] Failed to load resource: net::ERR_CONNECTION_REFUSED @ http://localhost:4401/api/billing/ai-credits/summary:0
[11452147ms] [ERROR] Failed to load resource: net::ERR_CONNECTION_REFUSED @ http://localhost:4401/dashboard/alerts?limit=6:0
[11452360ms] [ERROR] Failed to load resource: net::ERR_CONNECTION_REFUSED @ http://localhost:4401/dashboard/overview:0
[11452360ms] [ERROR] Failed to load resource: net::ERR_CONNECTION_REFUSED @ http://localhost:4401/api/billing/ai-credits/summary:0
[11452360ms] [ERROR] Failed to load resource: net::ERR_CONNECTION_REFUSED @ http://localhost:4401/dashboard/alerts?limit=6:0
[11452972ms] [ERROR] Failed to load resource: net::ERR_CONNECTION_REFUSED @ http://localhost:4401/dashboard/overview:0
[11452972ms] [ERROR] Failed to load resource: net::ERR_CONNECTION_REFUSED @ http://localhost:4401/api/billing/ai-credits/summary:0
[11452972ms] [ERROR] Failed to load resource: net::ERR_CONNECTION_REFUSED @ http://localhost:4401/dashboard/alerts?limit=6:0
[11482144ms] [ERROR] Failed to load resource: net::ERR_CONNECTION_REFUSED @ http://localhost:4401/api/billing/ai-credits/summary:0
[11482356ms] [ERROR] Failed to load resource: net::ERR_CONNECTION_REFUSED @ http://localhost:4401/api/billing/ai-credits/summary:0
[11482962ms] [ERROR] Failed to load resource: net::ERR_CONNECTION_REFUSED @ http://localhost:4401/api/billing/ai-credits/summary:0
[11512147ms] [ERROR] Failed to load resource: net::ERR_CONNECTION_REFUSED @ http://localhost:4401/dashboard/overview:0
[11512148ms] [ERROR] Failed to load resource: net::ERR_CONNECTION_REFUSED @ http://localhost:4401/api/billing/ai-credits/summary:0
[11512148ms] [ERROR] Failed to load resource: net::ERR_CONNECTION_REFUSED @ http://localhost:4401/dashboard/alerts?limit=6:0
[11512353ms] [ERROR] Failed to load resource: net::ERR_CONNECTION_REFUSED @ http://localhost:4401/dashboard/overview:0
[11512353ms] [ERROR] Failed to load resource: net::ERR_CONNECTION_REFUSED @ http://localhost:4401/api/billing/ai-credits/summary:0
[11512353ms] [ERROR] Failed to load resource: net::ERR_CONNECTION_REFUSED @ http://localhost:4401/dashboard/alerts?limit=6:0
[11512965ms] [ERROR] Failed to load resource: net::ERR_CONNECTION_REFUSED @ http://localhost:4401/dashboard/overview:0
[11512965ms] [ERROR] Failed to load resource: net::ERR_CONNECTION_REFUSED @ http://localhost:4401/api/billing/ai-credits/summary:0
[11512965ms] [ERROR] Failed to load resource: net::ERR_CONNECTION_REFUSED @ http://localhost:4401/dashboard/alerts?limit=6:0
[11542145ms] [ERROR] Failed to load resource: net::ERR_CONNECTION_REFUSED @ http://localhost:4401/api/billing/ai-credits/summary:0
[11542353ms] [ERROR] Failed to load resource: net::ERR_CONNECTION_REFUSED @ http://localhost:4401/api/billing/ai-credits/summary:0
[11542963ms] [ERROR] Failed to load resource: net::ERR_CONNECTION_REFUSED @ http://localhost:4401/api/billing/ai-credits/summary:0
[11572147ms] [ERROR] Failed to load resource: net::ERR_CONNECTION_REFUSED @ http://localhost:4401/dashboard/overview:0
[11572147ms] [ERROR] Failed to load resource: net::ERR_CONNECTION_REFUSED @ http://localhost:4401/api/billing/ai-credits/summary:0
[11572147ms] [ERROR] Failed to load resource: net::ERR_CONNECTION_REFUSED @ http://localhost:4401/dashboard/alerts?limit=6:0
[11572359ms] [ERROR] Failed to load resource: net::ERR_CONNECTION_REFUSED @ http://localhost:4401/dashboard/overview:0
[11572359ms] [ERROR] Failed to load resource: net::ERR_CONNECTION_REFUSED @ http://localhost:4401/api/billing/ai-credits/summary:0
[11572359ms] [ERROR] Failed to load resource: net::ERR_CONNECTION_REFUSED @ http://localhost:4401/dashboard/alerts?limit=6:0
[11572972ms] [ERROR] Failed to load resource: net::ERR_CONNECTION_REFUSED @ http://localhost:4401/dashboard/overview:0
[11572972ms] [ERROR] Failed to load resource: net::ERR_CONNECTION_REFUSED @ http://localhost:4401/api/billing/ai-credits/summary:0
[11572972ms] [ERROR] Failed to load resource: net::ERR_CONNECTION_REFUSED @ http://localhost:4401/dashboard/alerts?limit=6:0
[11602139ms] [ERROR] Failed to load resource: net::ERR_CONNECTION_REFUSED @ http://localhost:4401/api/billing/ai-credits/summary:0
[11602343ms] [ERROR] Failed to load resource: net::ERR_CONNECTION_REFUSED @ http://localhost:4401/api/billing/ai-credits/summary:0
[11602947ms] [ERROR] Failed to load resource: net::ERR_CONNECTION_REFUSED @ http://localhost:4401/api/billing/ai-credits/summary:0
[11632146ms] [ERROR] Failed to load resource: net::ERR_CONNECTION_REFUSED @ http://localhost:4401/dashboard/overview:0
[11632146ms] [ERROR] Failed to load resource: net::ERR_CONNECTION_REFUSED @ http://localhost:4401/api/billing/ai-credits/summary:0
[11632147ms] [ERROR] Failed to load resource: net::ERR_CONNECTION_REFUSED @ http://localhost:4401/dashboard/alerts?limit=6:0
[11632360ms] [ERROR] Failed to load resource: net::ERR_CONNECTION_REFUSED @ http://localhost:4401/dashboard/overview:0
[11632360ms] [ERROR] Failed to load resource: net::ERR_CONNECTION_REFUSED @ http://localhost:4401/api/billing/ai-credits/summary:0
[11632360ms] [ERROR] Failed to load resource: net::ERR_CONNECTION_REFUSED @ http://localhost:4401/dashboard/alerts?limit=6:0
[11632969ms] [ERROR] Failed to load resource: net::ERR_CONNECTION_REFUSED @ http://localhost:4401/dashboard/overview:0
[11632969ms] [ERROR] Failed to load resource: net::ERR_CONNECTION_REFUSED @ http://localhost:4401/api/billing/ai-credits/summary:0
[11632969ms] [ERROR] Failed to load resource: net::ERR_CONNECTION_REFUSED @ http://localhost:4401/dashboard/alerts?limit=6:0
[11662147ms] [ERROR] Failed to load resource: net::ERR_CONNECTION_REFUSED @ http://localhost:4401/api/billing/ai-credits/summary:0
[11662356ms] [ERROR] Failed to load resource: net::ERR_CONNECTION_REFUSED @ http://localhost:4401/api/billing/ai-credits/summary:0
[11662965ms] [ERROR] Failed to load resource: net::ERR_CONNECTION_REFUSED @ http://localhost:4401/api/billing/ai-credits/summary:0
[11692147ms] [ERROR] Failed to load resource: net::ERR_CONNECTION_REFUSED @ http://localhost:4401/dashboard/overview:0
[11692147ms] [ERROR] Failed to load resource: net::ERR_CONNECTION_REFUSED @ http://localhost:4401/api/billing/ai-credits/summary:0
[11692147ms] [ERROR] Failed to load resource: net::ERR_CONNECTION_REFUSED @ http://localhost:4401/dashboard/alerts?limit=6:0
[11692359ms] [ERROR] Failed to load resource: net::ERR_CONNECTION_REFUSED @ http://localhost:4401/dashboard/overview:0
[11692359ms] [ERROR] Failed to load resource: net::ERR_CONNECTION_REFUSED @ http://localhost:4401/api/billing/ai-credits/summary:0
[11692359ms] [ERROR] Failed to load resource: net::ERR_CONNECTION_REFUSED @ http://localhost:4401/dashboard/alerts?limit=6:0
[11692970ms] [ERROR] Failed to load resource: net::ERR_CONNECTION_REFUSED @ http://localhost:4401/dashboard/overview:0
[11692970ms] [ERROR] Failed to load resource: net::ERR_CONNECTION_REFUSED @ http://localhost:4401/api/billing/ai-credits/summary:0
[11692970ms] [ERROR] Failed to load resource: net::ERR_CONNECTION_REFUSED @ http://localhost:4401/dashboard/alerts?limit=6:0
[11722149ms] [ERROR] Failed to load resource: net::ERR_CONNECTION_REFUSED @ http://localhost:4401/api/billing/ai-credits/summary:0
[11722359ms] [ERROR] Failed to load resource: net::ERR_CONNECTION_REFUSED @ http://localhost:4401/api/billing/ai-credits/summary:0
[11722969ms] [ERROR] Failed to load resource: net::ERR_CONNECTION_REFUSED @ http://localhost:4401/api/billing/ai-credits/summary:0
[11752152ms] [ERROR] Failed to load resource: net::ERR_CONNECTION_REFUSED @ http://localhost:4401/dashboard/overview:0
[11752152ms] [ERROR] Failed to load resource: net::ERR_CONNECTION_REFUSED @ http://localhost:4401/api/billing/ai-credits/summary:0
[11752152ms] [ERROR] Failed to load resource: net::ERR_CONNECTION_REFUSED @ http://localhost:4401/dashboard/alerts?limit=6:0
[11752363ms] [ERROR] Failed to load resource: net::ERR_CONNECTION_REFUSED @ http://localhost:4401/dashboard/overview:0
[11752363ms] [ERROR] Failed to load resource: net::ERR_CONNECTION_REFUSED @ http://localhost:4401/api/billing/ai-credits/summary:0
[11752363ms] [ERROR] Failed to load resource: net::ERR_CONNECTION_REFUSED @ http://localhost:4401/dashboard/alerts?limit=6:0
[11752973ms] [ERROR] Failed to load resource: net::ERR_CONNECTION_REFUSED @ http://localhost:4401/dashboard/overview:0
[11752974ms] [ERROR] Failed to load resource: net::ERR_CONNECTION_REFUSED @ http://localhost:4401/api/billing/ai-credits/summary:0
[11752974ms] [ERROR] Failed to load resource: net::ERR_CONNECTION_REFUSED @ http://localhost:4401/dashboard/alerts?limit=6:0
[11782150ms] [ERROR] Failed to load resource: net::ERR_CONNECTION_REFUSED @ http://localhost:4401/api/billing/ai-credits/summary:0
[11782357ms] [ERROR] Failed to load resource: net::ERR_CONNECTION_REFUSED @ http://localhost:4401/api/billing/ai-credits/summary:0
[11782965ms] [ERROR] Failed to load resource: net::ERR_CONNECTION_REFUSED @ http://localhost:4401/api/billing/ai-credits/summary:0
[11812149ms] [ERROR] Failed to load resource: net::ERR_CONNECTION_REFUSED @ http://localhost:4401/dashboard/overview:0
[11812149ms] [ERROR] Failed to load resource: net::ERR_CONNECTION_REFUSED @ http://localhost:4401/api/billing/ai-credits/summary:0
[11812150ms] [ERROR] Failed to load resource: net::ERR_CONNECTION_REFUSED @ http://localhost:4401/dashboard/alerts?limit=6:0
[11812359ms] [ERROR] Failed to load resource: net::ERR_CONNECTION_REFUSED @ http://localhost:4401/dashboard/overview:0
[11812359ms] [ERROR] Failed to load resource: net::ERR_CONNECTION_REFUSED @ http://localhost:4401/api/billing/ai-credits/summary:0
[11812359ms] [ERROR] Failed to load resource: net::ERR_CONNECTION_REFUSED @ http://localhost:4401/dashboard/alerts?limit=6:0
[11812971ms] [ERROR] Failed to load resource: net::ERR_CONNECTION_REFUSED @ http://localhost:4401/dashboard/overview:0
[11812971ms] [ERROR] Failed to load resource: net::ERR_CONNECTION_REFUSED @ http://localhost:4401/api/billing/ai-credits/summary:0
[11812971ms] [ERROR] Failed to load resource: net::ERR_CONNECTION_REFUSED @ http://localhost:4401/dashboard/alerts?limit=6:0
[11842144ms] [ERROR] Failed to load resource: net::ERR_CONNECTION_REFUSED @ http://localhost:4401/api/billing/ai-credits/summary:0
[11842350ms] [ERROR] Failed to load resource: net::ERR_CONNECTION_REFUSED @ http://localhost:4401/api/billing/ai-credits/summary:0
[11842954ms] [ERROR] Failed to load resource: net::ERR_CONNECTION_REFUSED @ http://localhost:4401/api/billing/ai-credits/summary:0
[11872156ms] [ERROR] Failed to load resource: net::ERR_CONNECTION_REFUSED @ http://localhost:4401/dashboard/overview:0
[11872156ms] [ERROR] Failed to load resource: net::ERR_CONNECTION_REFUSED @ http://localhost:4401/api/billing/ai-credits/summary:0
[11872156ms] [ERROR] Failed to load resource: net::ERR_CONNECTION_REFUSED @ http://localhost:4401/dashboard/alerts?limit=6:0
[11872362ms] [ERROR] Failed to load resource: net::ERR_CONNECTION_REFUSED @ http://localhost:4401/dashboard/overview:0
[11872363ms] [ERROR] Failed to load resource: net::ERR_CONNECTION_REFUSED @ http://localhost:4401/api/billing/ai-credits/summary:0
[11872363ms] [ERROR] Failed to load resource: net::ERR_CONNECTION_REFUSED @ http://localhost:4401/dashboard/alerts?limit=6:0
[11872974ms] [ERROR] Failed to load resource: net::ERR_CONNECTION_REFUSED @ http://localhost:4401/dashboard/overview:0
[11872974ms] [ERROR] Failed to load resource: net::ERR_CONNECTION_REFUSED @ http://localhost:4401/api/billing/ai-credits/summary:0
[11872974ms] [ERROR] Failed to load resource: net::ERR_CONNECTION_REFUSED @ http://localhost:4401/dashboard/alerts?limit=6:0
[11902150ms] [ERROR] Failed to load resource: net::ERR_CONNECTION_REFUSED @ http://localhost:4401/api/billing/ai-credits/summary:0
[11902356ms] [ERROR] Failed to load resource: net::ERR_CONNECTION_REFUSED @ http://localhost:4401/api/billing/ai-credits/summary:0
[11902965ms] [ERROR] Failed to load resource: net::ERR_CONNECTION_REFUSED @ http://localhost:4401/api/billing/ai-credits/summary:0
[11932151ms] [ERROR] Failed to load resource: net::ERR_CONNECTION_REFUSED @ http://localhost:4401/dashboard/overview:0
[11932151ms] [ERROR] Failed to load resource: net::ERR_CONNECTION_REFUSED @ http://localhost:4401/api/billing/ai-credits/summary:0
[11932151ms] [ERROR] Failed to load resource: net::ERR_CONNECTION_REFUSED @ http://localhost:4401/dashboard/alerts?limit=6:0
[11932362ms] [ERROR] Failed to load resource: net::ERR_CONNECTION_REFUSED @ http://localhost:4401/dashboard/overview:0
[11932363ms] [ERROR] Failed to load resource: net::ERR_CONNECTION_REFUSED @ http://localhost:4401/api/billing/ai-credits/summary:0
[11932363ms] [ERROR] Failed to load resource: net::ERR_CONNECTION_REFUSED @ http://localhost:4401/dashboard/alerts?limit=6:0
[11932973ms] [ERROR] Failed to load resource: net::ERR_CONNECTION_REFUSED @ http://localhost:4401/dashboard/overview:0
[11932973ms] [ERROR] Failed to load resource: net::ERR_CONNECTION_REFUSED @ http://localhost:4401/api/billing/ai-credits/summary:0
[11932974ms] [ERROR] Failed to load resource: net::ERR_CONNECTION_REFUSED @ http://localhost:4401/dashboard/alerts?limit=6:0
[11962155ms] [ERROR] Failed to load resource: net::ERR_CONNECTION_REFUSED @ http://localhost:4401/api/billing/ai-credits/summary:0
[11962363ms] [ERROR] Failed to load resource: net::ERR_CONNECTION_REFUSED @ http://localhost:4401/api/billing/ai-credits/summary:0
[11962974ms] [ERROR] Failed to load resource: net::ERR_CONNECTION_REFUSED @ http://localhost:4401/api/billing/ai-credits/summary:0
[11992176ms] [ERROR] Failed to load resource: net::ERR_CONNECTION_REFUSED @ http://localhost:4401/dashboard/overview:0
[11992176ms] [ERROR] Failed to load resource: net::ERR_CONNECTION_REFUSED @ http://localhost:4401/api/billing/ai-credits/summary:0
[11992176ms] [ERROR] Failed to load resource: net::ERR_CONNECTION_REFUSED @ http://localhost:4401/dashboard/alerts?limit=6:0
[11992386ms] [ERROR] Failed to load resource: net::ERR_CONNECTION_REFUSED @ http://localhost:4401/dashboard/overview:0
[11992386ms] [ERROR] Failed to load resource: net::ERR_CONNECTION_REFUSED @ http://localhost:4401/api/billing/ai-credits/summary:0
[11992386ms] [ERROR] Failed to load resource: net::ERR_CONNECTION_REFUSED @ http://localhost:4401/dashboard/alerts?limit=6:0
[11992997ms] [ERROR] Failed to load resource: net::ERR_CONNECTION_REFUSED @ http://localhost:4401/dashboard/overview:0
[11992997ms] [ERROR] Failed to load resource: net::ERR_CONNECTION_REFUSED @ http://localhost:4401/api/billing/ai-credits/summary:0
[11992997ms] [ERROR] Failed to load resource: net::ERR_CONNECTION_REFUSED @ http://localhost:4401/dashboard/alerts?limit=6:0
[12022180ms] [ERROR] Failed to load resource: net::ERR_CONNECTION_REFUSED @ http://localhost:4401/api/billing/ai-credits/summary:0
[12022389ms] [ERROR] Failed to load resource: net::ERR_CONNECTION_REFUSED @ http://localhost:4401/api/billing/ai-credits/summary:0
[12022995ms] [ERROR] Failed to load resource: net::ERR_CONNECTION_REFUSED @ http://localhost:4401/api/billing/ai-credits/summary:0
[12052181ms] [ERROR] Failed to load resource: net::ERR_CONNECTION_REFUSED @ http://localhost:4401/dashboard/overview:0
[12052181ms] [ERROR] Failed to load resource: net::ERR_CONNECTION_REFUSED @ http://localhost:4401/api/billing/ai-credits/summary:0
[12052181ms] [ERROR] Failed to load resource: net::ERR_CONNECTION_REFUSED @ http://localhost:4401/dashboard/alerts?limit=6:0
[12052392ms] [ERROR] Failed to load resource: net::ERR_CONNECTION_REFUSED @ http://localhost:4401/dashboard/overview:0
[12052392ms] [ERROR] Failed to load resource: net::ERR_CONNECTION_REFUSED @ http://localhost:4401/api/billing/ai-credits/summary:0
[12052392ms] [ERROR] Failed to load resource: net::ERR_CONNECTION_REFUSED @ http://localhost:4401/dashboard/alerts?limit=6:0
[12053002ms] [ERROR] Failed to load resource: net::ERR_CONNECTION_REFUSED @ http://localhost:4401/dashboard/overview:0
[12053002ms] [ERROR] Failed to load resource: net::ERR_CONNECTION_REFUSED @ http://localhost:4401/api/billing/ai-credits/summary:0
[12053003ms] [ERROR] Failed to load resource: net::ERR_CONNECTION_REFUSED @ http://localhost:4401/dashboard/alerts?limit=6:0
[12082179ms] [ERROR] Failed to load resource: net::ERR_CONNECTION_REFUSED @ http://localhost:4401/api/billing/ai-credits/summary:0
[12082389ms] [ERROR] Failed to load resource: net::ERR_CONNECTION_REFUSED @ http://localhost:4401/api/billing/ai-credits/summary:0
[12082999ms] [ERROR] Failed to load resource: net::ERR_CONNECTION_REFUSED @ http://localhost:4401/api/billing/ai-credits/summary:0
[12112183ms] [ERROR] Failed to load resource: net::ERR_CONNECTION_REFUSED @ http://localhost:4401/dashboard/overview:0
[12112183ms] [ERROR] Failed to load resource: net::ERR_CONNECTION_REFUSED @ http://localhost:4401/api/billing/ai-credits/summary:0
[12112183ms] [ERROR] Failed to load resource: net::ERR_CONNECTION_REFUSED @ http://localhost:4401/dashboard/alerts?limit=6:0
[12112392ms] [ERROR] Failed to load resource: net::ERR_CONNECTION_REFUSED @ http://localhost:4401/dashboard/overview:0
[12112392ms] [ERROR] Failed to load resource: net::ERR_CONNECTION_REFUSED @ http://localhost:4401/api/billing/ai-credits/summary:0
[12112392ms] [ERROR] Failed to load resource: net::ERR_CONNECTION_REFUSED @ http://localhost:4401/dashboard/alerts?limit=6:0
[12113002ms] [ERROR] Failed to load resource: net::ERR_CONNECTION_REFUSED @ http://localhost:4401/dashboard/overview:0
[12113002ms] [ERROR] Failed to load resource: net::ERR_CONNECTION_REFUSED @ http://localhost:4401/api/billing/ai-credits/summary:0
[12113002ms] [ERROR] Failed to load resource: net::ERR_CONNECTION_REFUSED @ http://localhost:4401/dashboard/alerts?limit=6:0
[12142181ms] [ERROR] Failed to load resource: net::ERR_CONNECTION_REFUSED @ http://localhost:4401/api/billing/ai-credits/summary:0
[12142392ms] [ERROR] Failed to load resource: net::ERR_CONNECTION_REFUSED @ http://localhost:4401/api/billing/ai-credits/summary:0
[12142996ms] [ERROR] Failed to load resource: net::ERR_CONNECTION_REFUSED @ http://localhost:4401/api/billing/ai-credits/summary:0
[12172182ms] [ERROR] Failed to load resource: net::ERR_CONNECTION_REFUSED @ http://localhost:4401/dashboard/overview:0
[12172182ms] [ERROR] Failed to load resource: net::ERR_CONNECTION_REFUSED @ http://localhost:4401/api/billing/ai-credits/summary:0
[12172182ms] [ERROR] Failed to load resource: net::ERR_CONNECTION_REFUSED @ http://localhost:4401/dashboard/alerts?limit=6:0
[12172394ms] [ERROR] Failed to load resource: net::ERR_CONNECTION_REFUSED @ http://localhost:4401/dashboard/overview:0
[12172394ms] [ERROR] Failed to load resource: net::ERR_CONNECTION_REFUSED @ http://localhost:4401/api/billing/ai-credits/summary:0
[12172394ms] [ERROR] Failed to load resource: net::ERR_CONNECTION_REFUSED @ http://localhost:4401/dashboard/alerts?limit=6:0
[12173006ms] [ERROR] Failed to load resource: net::ERR_CONNECTION_REFUSED @ http://localhost:4401/dashboard/overview:0
[12173006ms] [ERROR] Failed to load resource: net::ERR_CONNECTION_REFUSED @ http://localhost:4401/api/billing/ai-credits/summary:0
[12173007ms] [ERROR] Failed to load resource: net::ERR_CONNECTION_REFUSED @ http://localhost:4401/dashboard/alerts?limit=6:0
[12202180ms] [ERROR] Failed to load resource: net::ERR_CONNECTION_REFUSED @ http://localhost:4401/api/billing/ai-credits/summary:0
[12202383ms] [ERROR] Failed to load resource: net::ERR_CONNECTION_REFUSED @ http://localhost:4401/api/billing/ai-credits/summary:0
[12202988ms] [ERROR] Failed to load resource: net::ERR_CONNECTION_REFUSED @ http://localhost:4401/api/billing/ai-credits/summary:0
[12232188ms] [ERROR] Failed to load resource: net::ERR_CONNECTION_REFUSED @ http://localhost:4401/dashboard/overview:0
[12232188ms] [ERROR] Failed to load resource: net::ERR_CONNECTION_REFUSED @ http://localhost:4401/api/billing/ai-credits/summary:0
[12232188ms] [ERROR] Failed to load resource: net::ERR_CONNECTION_REFUSED @ http://localhost:4401/dashboard/alerts?limit=6:0
[12232399ms] [ERROR] Failed to load resource: net::ERR_CONNECTION_REFUSED @ http://localhost:4401/dashboard/overview:0
[12232399ms] [ERROR] Failed to load resource: net::ERR_CONNECTION_REFUSED @ http://localhost:4401/api/billing/ai-credits/summary:0
[12232400ms] [ERROR] Failed to load resource: net::ERR_CONNECTION_REFUSED @ http://localhost:4401/dashboard/alerts?limit=6:0
[12233009ms] [ERROR] Failed to load resource: net::ERR_CONNECTION_REFUSED @ http://localhost:4401/dashboard/overview:0
[12233009ms] [ERROR] Failed to load resource: net::ERR_CONNECTION_REFUSED @ http://localhost:4401/api/billing/ai-credits/summary:0
[12233010ms] [ERROR] Failed to load resource: net::ERR_CONNECTION_REFUSED @ http://localhost:4401/dashboard/alerts?limit=6:0
[12262183ms] [ERROR] Failed to load resource: net::ERR_CONNECTION_REFUSED @ http://localhost:4401/api/billing/ai-credits/summary:0
[12262392ms] [ERROR] Failed to load resource: net::ERR_CONNECTION_REFUSED @ http://localhost:4401/api/billing/ai-credits/summary:0
[12262999ms] [ERROR] Failed to load resource: net::ERR_CONNECTION_REFUSED @ http://localhost:4401/api/billing/ai-credits/summary:0
[12292186ms] [ERROR] Failed to load resource: net::ERR_CONNECTION_REFUSED @ http://localhost:4401/dashboard/overview:0
[12292186ms] [ERROR] Failed to load resource: net::ERR_CONNECTION_REFUSED @ http://localhost:4401/api/billing/ai-credits/summary:0
[12292187ms] [ERROR] Failed to load resource: net::ERR_CONNECTION_REFUSED @ http://localhost:4401/dashboard/alerts?limit=6:0
[12292398ms] [ERROR] Failed to load resource: net::ERR_CONNECTION_REFUSED @ http://localhost:4401/dashboard/overview:0
[12292399ms] [ERROR] Failed to load resource: net::ERR_CONNECTION_REFUSED @ http://localhost:4401/api/billing/ai-credits/summary:0
[12292399ms] [ERROR] Failed to load resource: net::ERR_CONNECTION_REFUSED @ http://localhost:4401/dashboard/alerts?limit=6:0
[12293010ms] [ERROR] Failed to load resource: net::ERR_CONNECTION_REFUSED @ http://localhost:4401/dashboard/overview:0
[12293010ms] [ERROR] Failed to load resource: net::ERR_CONNECTION_REFUSED @ http://localhost:4401/api/billing/ai-credits/summary:0
[12293011ms] [ERROR] Failed to load resource: net::ERR_CONNECTION_REFUSED @ http://localhost:4401/dashboard/alerts?limit=6:0
[12322184ms] [ERROR] Failed to load resource: net::ERR_CONNECTION_REFUSED @ http://localhost:4401/api/billing/ai-credits/summary:0
[12322395ms] [ERROR] Failed to load resource: net::ERR_CONNECTION_REFUSED @ http://localhost:4401/api/billing/ai-credits/summary:0
[12322999ms] [ERROR] Failed to load resource: net::ERR_CONNECTION_REFUSED @ http://localhost:4401/api/billing/ai-credits/summary:0
[12352188ms] [ERROR] Failed to load resource: net::ERR_CONNECTION_REFUSED @ http://localhost:4401/dashboard/overview:0
[12352188ms] [ERROR] Failed to load resource: net::ERR_CONNECTION_REFUSED @ http://localhost:4401/api/billing/ai-credits/summary:0
[12352188ms] [ERROR] Failed to load resource: net::ERR_CONNECTION_REFUSED @ http://localhost:4401/dashboard/alerts?limit=6:0
[12352399ms] [ERROR] Failed to load resource: net::ERR_CONNECTION_REFUSED @ http://localhost:4401/dashboard/overview:0
[12352399ms] [ERROR] Failed to load resource: net::ERR_CONNECTION_REFUSED @ http://localhost:4401/api/billing/ai-credits/summary:0
[12352399ms] [ERROR] Failed to load resource: net::ERR_CONNECTION_REFUSED @ http://localhost:4401/dashboard/alerts?limit=6:0
[12353010ms] [ERROR] Failed to load resource: net::ERR_CONNECTION_REFUSED @ http://localhost:4401/dashboard/overview:0
[12353010ms] [ERROR] Failed to load resource: net::ERR_CONNECTION_REFUSED @ http://localhost:4401/api/billing/ai-credits/summary:0
[12353011ms] [ERROR] Failed to load resource: net::ERR_CONNECTION_REFUSED @ http://localhost:4401/dashboard/alerts?limit=6:0
[12382184ms] [ERROR] Failed to load resource: net::ERR_CONNECTION_REFUSED @ http://localhost:4401/api/billing/ai-credits/summary:0
[12382394ms] [ERROR] Failed to load resource: net::ERR_CONNECTION_REFUSED @ http://localhost:4401/api/billing/ai-credits/summary:0
[12383004ms] [ERROR] Failed to load resource: net::ERR_CONNECTION_REFUSED @ http://localhost:4401/api/billing/ai-credits/summary:0
[12412183ms] [ERROR] Failed to load resource: net::ERR_CONNECTION_REFUSED @ http://localhost:4401/dashboard/overview:0
[12412183ms] [ERROR] Failed to load resource: net::ERR_CONNECTION_REFUSED @ http://localhost:4401/api/billing/ai-credits/summary:0
[12412183ms] [ERROR] Failed to load resource: net::ERR_CONNECTION_REFUSED @ http://localhost:4401/dashboard/alerts?limit=6:0
[12412388ms] [ERROR] Failed to load resource: net::ERR_CONNECTION_REFUSED @ http://localhost:4401/dashboard/overview:0
[12412388ms] [ERROR] Failed to load resource: net::ERR_CONNECTION_REFUSED @ http://localhost:4401/api/billing/ai-credits/summary:0
[12412389ms] [ERROR] Failed to load resource: net::ERR_CONNECTION_REFUSED @ http://localhost:4401/dashboard/alerts?limit=6:0
[12412995ms] [ERROR] Failed to load resource: net::ERR_CONNECTION_REFUSED @ http://localhost:4401/dashboard/overview:0
[12412998ms] [ERROR] Failed to load resource: net::ERR_CONNECTION_REFUSED @ http://localhost:4401/api/billing/ai-credits/summary:0
[12412999ms] [ERROR] Failed to load resource: net::ERR_CONNECTION_REFUSED @ http://localhost:4401/dashboard/alerts?limit=6:0
[12442188ms] [ERROR] Failed to load resource: net::ERR_CONNECTION_REFUSED @ http://localhost:4401/api/billing/ai-credits/summary:0
[12442392ms] [ERROR] Failed to load resource: net::ERR_CONNECTION_REFUSED @ http://localhost:4401/api/billing/ai-credits/summary:0
[12443020ms] [ERROR] Failed to load resource: net::ERR_CONNECTION_REFUSED @ http://localhost:4401/api/billing/ai-credits/summary:0
[12472186ms] [ERROR] Failed to load resource: net::ERR_CONNECTION_REFUSED @ http://localhost:4401/dashboard/overview:0
[12472187ms] [ERROR] Failed to load resource: net::ERR_CONNECTION_REFUSED @ http://localhost:4401/api/billing/ai-credits/summary:0
[12472187ms] [ERROR] Failed to load resource: net::ERR_CONNECTION_REFUSED @ http://localhost:4401/dashboard/alerts?limit=6:0
[12472397ms] [ERROR] Failed to load resource: net::ERR_CONNECTION_REFUSED @ http://localhost:4401/dashboard/overview:0
[12472398ms] [ERROR] Failed to load resource: net::ERR_CONNECTION_REFUSED @ http://localhost:4401/api/billing/ai-credits/summary:0
[12472398ms] [ERROR] Failed to load resource: net::ERR_CONNECTION_REFUSED @ http://localhost:4401/dashboard/alerts?limit=6:0
[12473004ms] [ERROR] Failed to load resource: net::ERR_CONNECTION_REFUSED @ http://localhost:4401/dashboard/overview:0
[12473005ms] [ERROR] Failed to load resource: net::ERR_CONNECTION_REFUSED @ http://localhost:4401/api/billing/ai-credits/summary:0
[12473005ms] [ERROR] Failed to load resource: net::ERR_CONNECTION_REFUSED @ http://localhost:4401/dashboard/alerts?limit=6:0
[12502188ms] [ERROR] Failed to load resource: net::ERR_CONNECTION_REFUSED @ http://localhost:4401/api/billing/ai-credits/summary:0
[12502396ms] [ERROR] Failed to load resource: net::ERR_CONNECTION_REFUSED @ http://localhost:4401/api/billing/ai-credits/summary:0
[12503005ms] [ERROR] Failed to load resource: net::ERR_CONNECTION_REFUSED @ http://localhost:4401/api/billing/ai-credits/summary:0
[12532186ms] [ERROR] Failed to load resource: net::ERR_CONNECTION_REFUSED @ http://localhost:4401/dashboard/overview:0
[12532186ms] [ERROR] Failed to load resource: net::ERR_CONNECTION_REFUSED @ http://localhost:4401/api/billing/ai-credits/summary:0
[12532186ms] [ERROR] Failed to load resource: net::ERR_CONNECTION_REFUSED @ http://localhost:4401/dashboard/alerts?limit=6:0
[12532395ms] [ERROR] Failed to load resource: net::ERR_CONNECTION_REFUSED @ http://localhost:4401/dashboard/overview:0
[12532395ms] [ERROR] Failed to load resource: net::ERR_CONNECTION_REFUSED @ http://localhost:4401/api/billing/ai-credits/summary:0
[12532395ms] [ERROR] Failed to load resource: net::ERR_CONNECTION_REFUSED @ http://localhost:4401/dashboard/alerts?limit=6:0
[12533005ms] [ERROR] Failed to load resource: net::ERR_CONNECTION_REFUSED @ http://localhost:4401/dashboard/overview:0
[12533006ms] [ERROR] Failed to load resource: net::ERR_CONNECTION_REFUSED @ http://localhost:4401/api/billing/ai-credits/summary:0
[12533006ms] [ERROR] Failed to load resource: net::ERR_CONNECTION_REFUSED @ http://localhost:4401/dashboard/alerts?limit=6:0
[12562189ms] [ERROR] Failed to load resource: net::ERR_CONNECTION_REFUSED @ http://localhost:4401/api/billing/ai-credits/summary:0
[12562400ms] [ERROR] Failed to load resource: net::ERR_CONNECTION_REFUSED @ http://localhost:4401/api/billing/ai-credits/summary:0
[12563009ms] [ERROR] Failed to load resource: net::ERR_CONNECTION_REFUSED @ http://localhost:4401/api/billing/ai-credits/summary:0
[12592191ms] [ERROR] Failed to load resource: net::ERR_CONNECTION_REFUSED @ http://localhost:4401/dashboard/overview:0
[12592191ms] [ERROR] Failed to load resource: net::ERR_CONNECTION_REFUSED @ http://localhost:4401/api/billing/ai-credits/summary:0
[12592191ms] [ERROR] Failed to load resource: net::ERR_CONNECTION_REFUSED @ http://localhost:4401/dashboard/alerts?limit=6:0
[12592402ms] [ERROR] Failed to load resource: net::ERR_CONNECTION_REFUSED @ http://localhost:4401/dashboard/overview:0
[12592402ms] [ERROR] Failed to load resource: net::ERR_CONNECTION_REFUSED @ http://localhost:4401/api/billing/ai-credits/summary:0
[12592402ms] [ERROR] Failed to load resource: net::ERR_CONNECTION_REFUSED @ http://localhost:4401/dashboard/alerts?limit=6:0
[12593012ms] [ERROR] Failed to load resource: net::ERR_CONNECTION_REFUSED @ http://localhost:4401/dashboard/overview:0
[12593012ms] [ERROR] Failed to load resource: net::ERR_CONNECTION_REFUSED @ http://localhost:4401/api/billing/ai-credits/summary:0
[12593012ms] [ERROR] Failed to load resource: net::ERR_CONNECTION_REFUSED @ http://localhost:4401/dashboard/alerts?limit=6:0
[12622191ms] [ERROR] Failed to load resource: net::ERR_CONNECTION_REFUSED @ http://localhost:4401/api/billing/ai-credits/summary:0
[12622400ms] [ERROR] Failed to load resource: net::ERR_CONNECTION_REFUSED @ http://localhost:4401/api/billing/ai-credits/summary:0
[12623010ms] [ERROR] Failed to load resource: net::ERR_CONNECTION_REFUSED @ http://localhost:4401/api/billing/ai-credits/summary:0
[12652193ms] [ERROR] Failed to load resource: net::ERR_CONNECTION_REFUSED @ http://localhost:4401/dashboard/overview:0
[12652193ms] [ERROR] Failed to load resource: net::ERR_CONNECTION_REFUSED @ http://localhost:4401/api/billing/ai-credits/summary:0
[12652193ms] [ERROR] Failed to load resource: net::ERR_CONNECTION_REFUSED @ http://localhost:4401/dashboard/alerts?limit=6:0
[12652405ms] [ERROR] Failed to load resource: net::ERR_CONNECTION_REFUSED @ http://localhost:4401/dashboard/overview:0
[12652406ms] [ERROR] Failed to load resource: net::ERR_CONNECTION_REFUSED @ http://localhost:4401/api/billing/ai-credits/summary:0
[12652406ms] [ERROR] Failed to load resource: net::ERR_CONNECTION_REFUSED @ http://localhost:4401/dashboard/alerts?limit=6:0
[12653017ms] [ERROR] Failed to load resource: net::ERR_CONNECTION_REFUSED @ http://localhost:4401/dashboard/overview:0
[12653018ms] [ERROR] Failed to load resource: net::ERR_CONNECTION_REFUSED @ http://localhost:4401/api/billing/ai-credits/summary:0
[12653018ms] [ERROR] Failed to load resource: net::ERR_CONNECTION_REFUSED @ http://localhost:4401/dashboard/alerts?limit=6:0
[12682191ms] [ERROR] Failed to load resource: net::ERR_CONNECTION_REFUSED @ http://localhost:4401/api/billing/ai-credits/summary:0
[12682402ms] [ERROR] Failed to load resource: net::ERR_CONNECTION_REFUSED @ http://localhost:4401/api/billing/ai-credits/summary:0
[12683011ms] [ERROR] Failed to load resource: net::ERR_CONNECTION_REFUSED @ http://localhost:4401/api/billing/ai-credits/summary:0
[12712188ms] [ERROR] Failed to load resource: net::ERR_CONNECTION_REFUSED @ http://localhost:4401/dashboard/overview:0
[12712188ms] [ERROR] Failed to load resource: net::ERR_CONNECTION_REFUSED @ http://localhost:4401/api/billing/ai-credits/summary:0
[12712188ms] [ERROR] Failed to load resource: net::ERR_CONNECTION_REFUSED @ http://localhost:4401/dashboard/alerts?limit=6:0
[12712397ms] [ERROR] Failed to load resource: net::ERR_CONNECTION_REFUSED @ http://localhost:4401/dashboard/overview:0
[12712397ms] [ERROR] Failed to load resource: net::ERR_CONNECTION_REFUSED @ http://localhost:4401/api/billing/ai-credits/summary:0
[12712397ms] [ERROR] Failed to load resource: net::ERR_CONNECTION_REFUSED @ http://localhost:4401/dashboard/alerts?limit=6:0
[12713009ms] [ERROR] Failed to load resource: net::ERR_CONNECTION_REFUSED @ http://localhost:4401/dashboard/overview:0
[12713009ms] [ERROR] Failed to load resource: net::ERR_CONNECTION_REFUSED @ http://localhost:4401/api/billing/ai-credits/summary:0
[12713010ms] [ERROR] Failed to load resource: net::ERR_CONNECTION_REFUSED @ http://localhost:4401/dashboard/alerts?limit=6:0
[12742198ms] [ERROR] Failed to load resource: net::ERR_CONNECTION_REFUSED @ http://localhost:4401/api/billing/ai-credits/summary:0
[12742408ms] [ERROR] Failed to load resource: net::ERR_CONNECTION_REFUSED @ http://localhost:4401/api/billing/ai-credits/summary:0
[12743013ms] [ERROR] Failed to load resource: net::ERR_CONNECTION_REFUSED @ http://localhost:4401/api/billing/ai-credits/summary:0
[12772194ms] [ERROR] Failed to load resource: net::ERR_CONNECTION_REFUSED @ http://localhost:4401/dashboard/overview:0
[12772195ms] [ERROR] Failed to load resource: net::ERR_CONNECTION_REFUSED @ http://localhost:4401/api/billing/ai-credits/summary:0
[12772195ms] [ERROR] Failed to load resource: net::ERR_CONNECTION_REFUSED @ http://localhost:4401/dashboard/alerts?limit=6:0
[12772406ms] [ERROR] Failed to load resource: net::ERR_CONNECTION_REFUSED @ http://localhost:4401/dashboard/overview:0
[12772406ms] [ERROR] Failed to load resource: net::ERR_CONNECTION_REFUSED @ http://localhost:4401/api/billing/ai-credits/summary:0
[12772406ms] [ERROR] Failed to load resource: net::ERR_CONNECTION_REFUSED @ http://localhost:4401/dashboard/alerts?limit=6:0
[12773019ms] [ERROR] Failed to load resource: net::ERR_CONNECTION_REFUSED @ http://localhost:4401/dashboard/overview:0
[12773020ms] [ERROR] Failed to load resource: net::ERR_CONNECTION_REFUSED @ http://localhost:4401/api/billing/ai-credits/summary:0
[12773020ms] [ERROR] Failed to load resource: net::ERR_CONNECTION_REFUSED @ http://localhost:4401/dashboard/alerts?limit=6:0
[12802193ms] [ERROR] Failed to load resource: net::ERR_CONNECTION_REFUSED @ http://localhost:4401/api/billing/ai-credits/summary:0
[12802403ms] [ERROR] Failed to load resource: net::ERR_CONNECTION_REFUSED @ http://localhost:4401/api/billing/ai-credits/summary:0
[12803015ms] [ERROR] Failed to load resource: net::ERR_CONNECTION_REFUSED @ http://localhost:4401/api/billing/ai-credits/summary:0
[12832196ms] [ERROR] Failed to load resource: net::ERR_CONNECTION_REFUSED @ http://localhost:4401/dashboard/overview:0
[12832196ms] [ERROR] Failed to load resource: net::ERR_CONNECTION_REFUSED @ http://localhost:4401/api/billing/ai-credits/summary:0
[12832197ms] [ERROR] Failed to load resource: net::ERR_CONNECTION_REFUSED @ http://localhost:4401/dashboard/alerts?limit=6:0
[12832407ms] [ERROR] Failed to load resource: net::ERR_CONNECTION_REFUSED @ http://localhost:4401/dashboard/overview:0
[12832407ms] [ERROR] Failed to load resource: net::ERR_CONNECTION_REFUSED @ http://localhost:4401/api/billing/ai-credits/summary:0
[12832407ms] [ERROR] Failed to load resource: net::ERR_CONNECTION_REFUSED @ http://localhost:4401/dashboard/alerts?limit=6:0
[12833023ms] [ERROR] Failed to load resource: net::ERR_CONNECTION_REFUSED @ http://localhost:4401/dashboard/overview:0
[12833024ms] [ERROR] Failed to load resource: net::ERR_CONNECTION_REFUSED @ http://localhost:4401/api/billing/ai-credits/summary:0
[12833024ms] [ERROR] Failed to load resource: net::ERR_CONNECTION_REFUSED @ http://localhost:4401/dashboard/alerts?limit=6:0
[12862194ms] [ERROR] Failed to load resource: net::ERR_CONNECTION_REFUSED @ http://localhost:4401/api/billing/ai-credits/summary:0
[12862398ms] [ERROR] Failed to load resource: net::ERR_CONNECTION_REFUSED @ http://localhost:4401/api/billing/ai-credits/summary:0
[12863007ms] [ERROR] Failed to load resource: net::ERR_CONNECTION_REFUSED @ http://localhost:4401/api/billing/ai-credits/summary:0
[12892198ms] [ERROR] Failed to load resource: net::ERR_CONNECTION_REFUSED @ http://localhost:4401/dashboard/overview:0
[12892198ms] [ERROR] Failed to load resource: net::ERR_CONNECTION_REFUSED @ http://localhost:4401/api/billing/ai-credits/summary:0
[12892198ms] [ERROR] Failed to load resource: net::ERR_CONNECTION_REFUSED @ http://localhost:4401/dashboard/alerts?limit=6:0
[12892408ms] [ERROR] Failed to load resource: net::ERR_CONNECTION_REFUSED @ http://localhost:4401/dashboard/overview:0
[12892408ms] [ERROR] Failed to load resource: net::ERR_CONNECTION_REFUSED @ http://localhost:4401/api/billing/ai-credits/summary:0
[12892408ms] [ERROR] Failed to load resource: net::ERR_CONNECTION_REFUSED @ http://localhost:4401/dashboard/alerts?limit=6:0
[12893020ms] [ERROR] Failed to load resource: net::ERR_CONNECTION_REFUSED @ http://localhost:4401/dashboard/overview:0
[12893020ms] [ERROR] Failed to load resource: net::ERR_CONNECTION_REFUSED @ http://localhost:4401/api/billing/ai-credits/summary:0
[12893020ms] [ERROR] Failed to load resource: net::ERR_CONNECTION_REFUSED @ http://localhost:4401/dashboard/alerts?limit=6:0
[12922194ms] [ERROR] Failed to load resource: net::ERR_CONNECTION_REFUSED @ http://localhost:4401/api/billing/ai-credits/summary:0
[12922402ms] [ERROR] Failed to load resource: net::ERR_CONNECTION_REFUSED @ http://localhost:4401/api/billing/ai-credits/summary:0
[12923009ms] [ERROR] Failed to load resource: net::ERR_CONNECTION_REFUSED @ http://localhost:4401/api/billing/ai-credits/summary:0
[12952191ms] [ERROR] Failed to load resource: net::ERR_CONNECTION_REFUSED @ http://localhost:4401/dashboard/overview:0
[12952192ms] [ERROR] Failed to load resource: net::ERR_CONNECTION_REFUSED @ http://localhost:4401/api/billing/ai-credits/summary:0
[12952193ms] [ERROR] Failed to load resource: net::ERR_CONNECTION_REFUSED @ http://localhost:4401/dashboard/alerts?limit=6:0
[12952403ms] [ERROR] Failed to load resource: net::ERR_CONNECTION_REFUSED @ http://localhost:4401/dashboard/overview:0
[12952403ms] [ERROR] Failed to load resource: net::ERR_CONNECTION_REFUSED @ http://localhost:4401/api/billing/ai-credits/summary:0
[12952403ms] [ERROR] Failed to load resource: net::ERR_CONNECTION_REFUSED @ http://localhost:4401/dashboard/alerts?limit=6:0
[12953018ms] [ERROR] Failed to load resource: net::ERR_CONNECTION_REFUSED @ http://localhost:4401/dashboard/overview:0
[12953018ms] [ERROR] Failed to load resource: net::ERR_CONNECTION_REFUSED @ http://localhost:4401/api/billing/ai-credits/summary:0
[12953018ms] [ERROR] Failed to load resource: net::ERR_CONNECTION_REFUSED @ http://localhost:4401/dashboard/alerts?limit=6:0
[12982197ms] [ERROR] Failed to load resource: net::ERR_CONNECTION_REFUSED @ http://localhost:4401/api/billing/ai-credits/summary:0
[12982407ms] [ERROR] Failed to load resource: net::ERR_CONNECTION_REFUSED @ http://localhost:4401/api/billing/ai-credits/summary:0
[12983014ms] [ERROR] Failed to load resource: net::ERR_CONNECTION_REFUSED @ http://localhost:4401/api/billing/ai-credits/summary:0
[13012201ms] [ERROR] Failed to load resource: net::ERR_CONNECTION_REFUSED @ http://localhost:4401/dashboard/overview:0
[13012202ms] [ERROR] Failed to load resource: net::ERR_CONNECTION_REFUSED @ http://localhost:4401/api/billing/ai-credits/summary:0
[13012202ms] [ERROR] Failed to load resource: net::ERR_CONNECTION_REFUSED @ http://localhost:4401/dashboard/alerts?limit=6:0
[13012413ms] [ERROR] Failed to load resource: net::ERR_CONNECTION_REFUSED @ http://localhost:4401/dashboard/overview:0
[13012414ms] [ERROR] Failed to load resource: net::ERR_CONNECTION_REFUSED @ http://localhost:4401/api/billing/ai-credits/summary:0
[13012414ms] [ERROR] Failed to load resource: net::ERR_CONNECTION_REFUSED @ http://localhost:4401/dashboard/alerts?limit=6:0
[13013024ms] [ERROR] Failed to load resource: net::ERR_CONNECTION_REFUSED @ http://localhost:4401/dashboard/overview:0
[13013025ms] [ERROR] Failed to load resource: net::ERR_CONNECTION_REFUSED @ http://localhost:4401/api/billing/ai-credits/summary:0
[13013025ms] [ERROR] Failed to load resource: net::ERR_CONNECTION_REFUSED @ http://localhost:4401/dashboard/alerts?limit=6:0
[13042194ms] [ERROR] Failed to load resource: net::ERR_CONNECTION_REFUSED @ http://localhost:4401/api/billing/ai-credits/summary:0
[13042398ms] [ERROR] Failed to load resource: net::ERR_CONNECTION_REFUSED @ http://localhost:4401/api/billing/ai-credits/summary:0
[13043003ms] [ERROR] Failed to load resource: net::ERR_CONNECTION_REFUSED @ http://localhost:4401/api/billing/ai-credits/summary:0
[13072202ms] [ERROR] Failed to load resource: net::ERR_CONNECTION_REFUSED @ http://localhost:4401/dashboard/overview:0
[13072202ms] [ERROR] Failed to load resource: net::ERR_CONNECTION_REFUSED @ http://localhost:4401/api/billing/ai-credits/summary:0
[13072203ms] [ERROR] Failed to load resource: net::ERR_CONNECTION_REFUSED @ http://localhost:4401/dashboard/alerts?limit=6:0
[13072409ms] [ERROR] Failed to load resource: net::ERR_CONNECTION_REFUSED @ http://localhost:4401/dashboard/overview:0
[13072409ms] [ERROR] Failed to load resource: net::ERR_CONNECTION_REFUSED @ http://localhost:4401/api/billing/ai-credits/summary:0
[13072410ms] [ERROR] Failed to load resource: net::ERR_CONNECTION_REFUSED @ http://localhost:4401/dashboard/alerts?limit=6:0
[13073019ms] [ERROR] Failed to load resource: net::ERR_CONNECTION_REFUSED @ http://localhost:4401/dashboard/overview:0
[13073019ms] [ERROR] Failed to load resource: net::ERR_CONNECTION_REFUSED @ http://localhost:4401/api/billing/ai-credits/summary:0
[13073020ms] [ERROR] Failed to load resource: net::ERR_CONNECTION_REFUSED @ http://localhost:4401/dashboard/alerts?limit=6:0
[13102202ms] [ERROR] Failed to load resource: net::ERR_CONNECTION_REFUSED @ http://localhost:4401/api/billing/ai-credits/summary:0
[13102410ms] [ERROR] Failed to load resource: net::ERR_CONNECTION_REFUSED @ http://localhost:4401/api/billing/ai-credits/summary:0
[13103015ms] [ERROR] Failed to load resource: net::ERR_CONNECTION_REFUSED @ http://localhost:4401/api/billing/ai-credits/summary:0
[13132199ms] [ERROR] Failed to load resource: net::ERR_CONNECTION_REFUSED @ http://localhost:4401/dashboard/overview:0
[13132200ms] [ERROR] Failed to load resource: net::ERR_CONNECTION_REFUSED @ http://localhost:4401/api/billing/ai-credits/summary:0
[13132200ms] [ERROR] Failed to load resource: net::ERR_CONNECTION_REFUSED @ http://localhost:4401/dashboard/alerts?limit=6:0
[13132403ms] [ERROR] Failed to load resource: net::ERR_CONNECTION_REFUSED @ http://localhost:4401/dashboard/overview:0
[13132403ms] [ERROR] Failed to load resource: net::ERR_CONNECTION_REFUSED @ http://localhost:4401/api/billing/ai-credits/summary:0
[13132403ms] [ERROR] Failed to load resource: net::ERR_CONNECTION_REFUSED @ http://localhost:4401/dashboard/alerts?limit=6:0
[13133008ms] [ERROR] Failed to load resource: net::ERR_CONNECTION_REFUSED @ http://localhost:4401/dashboard/overview:0
[13133009ms] [ERROR] Failed to load resource: net::ERR_CONNECTION_REFUSED @ http://localhost:4401/api/billing/ai-credits/summary:0
[13133009ms] [ERROR] Failed to load resource: net::ERR_CONNECTION_REFUSED @ http://localhost:4401/dashboard/alerts?limit=6:0
[13162200ms] [ERROR] Failed to load resource: net::ERR_CONNECTION_REFUSED @ http://localhost:4401/api/billing/ai-credits/summary:0
[13162410ms] [ERROR] Failed to load resource: net::ERR_CONNECTION_REFUSED @ http://localhost:4401/api/billing/ai-credits/summary:0
[13163020ms] [ERROR] Failed to load resource: net::ERR_CONNECTION_REFUSED @ http://localhost:4401/api/billing/ai-credits/summary:0
[13192204ms] [ERROR] Failed to load resource: net::ERR_CONNECTION_REFUSED @ http://localhost:4401/dashboard/overview:0
[13192204ms] [ERROR] Failed to load resource: net::ERR_CONNECTION_REFUSED @ http://localhost:4401/api/billing/ai-credits/summary:0
[13192205ms] [ERROR] Failed to load resource: net::ERR_CONNECTION_REFUSED @ http://localhost:4401/dashboard/alerts?limit=6:0
[13192415ms] [ERROR] Failed to load resource: net::ERR_CONNECTION_REFUSED @ http://localhost:4401/dashboard/overview:0
[13192415ms] [ERROR] Failed to load resource: net::ERR_CONNECTION_REFUSED @ http://localhost:4401/api/billing/ai-credits/summary:0
[13192415ms] [ERROR] Failed to load resource: net::ERR_CONNECTION_REFUSED @ http://localhost:4401/dashboard/alerts?limit=6:0
[13193027ms] [ERROR] Failed to load resource: net::ERR_CONNECTION_REFUSED @ http://localhost:4401/dashboard/overview:0
[13193028ms] [ERROR] Failed to load resource: net::ERR_CONNECTION_REFUSED @ http://localhost:4401/api/billing/ai-credits/summary:0
[13193029ms] [ERROR] Failed to load resource: net::ERR_CONNECTION_REFUSED @ http://localhost:4401/dashboard/alerts?limit=6:0
[13222200ms] [ERROR] Failed to load resource: net::ERR_CONNECTION_REFUSED @ http://localhost:4401/api/billing/ai-credits/summary:0
[13222409ms] [ERROR] Failed to load resource: net::ERR_CONNECTION_REFUSED @ http://localhost:4401/api/billing/ai-credits/summary:0
[13223019ms] [ERROR] Failed to load resource: net::ERR_CONNECTION_REFUSED @ http://localhost:4401/api/billing/ai-credits/summary:0
[13252204ms] [ERROR] Failed to load resource: net::ERR_CONNECTION_REFUSED @ http://localhost:4401/dashboard/overview:0
[13252205ms] [ERROR] Failed to load resource: net::ERR_CONNECTION_REFUSED @ http://localhost:4401/api/billing/ai-credits/summary:0
[13252205ms] [ERROR] Failed to load resource: net::ERR_CONNECTION_REFUSED @ http://localhost:4401/dashboard/alerts?limit=6:0
[13252415ms] [ERROR] Failed to load resource: net::ERR_CONNECTION_REFUSED @ http://localhost:4401/dashboard/overview:0
[13252415ms] [ERROR] Failed to load resource: net::ERR_CONNECTION_REFUSED @ http://localhost:4401/api/billing/ai-credits/summary:0
[13252415ms] [ERROR] Failed to load resource: net::ERR_CONNECTION_REFUSED @ http://localhost:4401/dashboard/alerts?limit=6:0
[13253021ms] [ERROR] Failed to load resource: net::ERR_CONNECTION_REFUSED @ http://localhost:4401/dashboard/overview:0
[13253021ms] [ERROR] Failed to load resource: net::ERR_CONNECTION_REFUSED @ http://localhost:4401/api/billing/ai-credits/summary:0
[13253021ms] [ERROR] Failed to load resource: net::ERR_CONNECTION_REFUSED @ http://localhost:4401/dashboard/alerts?limit=6:0
[13282203ms] [ERROR] Failed to load resource: net::ERR_CONNECTION_REFUSED @ http://localhost:4401/api/billing/ai-credits/summary:0
[13282409ms] [ERROR] Failed to load resource: net::ERR_CONNECTION_REFUSED @ http://localhost:4401/api/billing/ai-credits/summary:0
[13283017ms] [ERROR] Failed to load resource: net::ERR_CONNECTION_REFUSED @ http://localhost:4401/api/billing/ai-credits/summary:0
[13312206ms] [ERROR] Failed to load resource: net::ERR_CONNECTION_REFUSED @ http://localhost:4401/dashboard/overview:0
[13312207ms] [ERROR] Failed to load resource: net::ERR_CONNECTION_REFUSED @ http://localhost:4401/api/billing/ai-credits/summary:0
[13312207ms] [ERROR] Failed to load resource: net::ERR_CONNECTION_REFUSED @ http://localhost:4401/dashboard/alerts?limit=6:0
[13312418ms] [ERROR] Failed to load resource: net::ERR_CONNECTION_REFUSED @ http://localhost:4401/dashboard/overview:0
[13312418ms] [ERROR] Failed to load resource: net::ERR_CONNECTION_REFUSED @ http://localhost:4401/api/billing/ai-credits/summary:0
[13312418ms] [ERROR] Failed to load resource: net::ERR_CONNECTION_REFUSED @ http://localhost:4401/dashboard/alerts?limit=6:0
[13313029ms] [ERROR] Failed to load resource: net::ERR_CONNECTION_REFUSED @ http://localhost:4401/dashboard/overview:0
[13313029ms] [ERROR] Failed to load resource: net::ERR_CONNECTION_REFUSED @ http://localhost:4401/api/billing/ai-credits/summary:0
[13313029ms] [ERROR] Failed to load resource: net::ERR_CONNECTION_REFUSED @ http://localhost:4401/dashboard/alerts?limit=6:0
[13342203ms] [ERROR] Failed to load resource: net::ERR_CONNECTION_REFUSED @ http://localhost:4401/api/billing/ai-credits/summary:0
[13342410ms] [ERROR] Failed to load resource: net::ERR_CONNECTION_REFUSED @ http://localhost:4401/api/billing/ai-credits/summary:0
[13343021ms] [ERROR] Failed to load resource: net::ERR_CONNECTION_REFUSED @ http://localhost:4401/api/billing/ai-credits/summary:0
[13372205ms] [ERROR] Failed to load resource: net::ERR_CONNECTION_REFUSED @ http://localhost:4401/dashboard/overview:0
[13372206ms] [ERROR] Failed to load resource: net::ERR_CONNECTION_REFUSED @ http://localhost:4401/api/billing/ai-credits/summary:0
[13372206ms] [ERROR] Failed to load resource: net::ERR_CONNECTION_REFUSED @ http://localhost:4401/dashboard/alerts?limit=6:0
[13372417ms] [ERROR] Failed to load resource: net::ERR_CONNECTION_REFUSED @ http://localhost:4401/dashboard/overview:0
[13372417ms] [ERROR] Failed to load resource: net::ERR_CONNECTION_REFUSED @ http://localhost:4401/api/billing/ai-credits/summary:0
[13372417ms] [ERROR] Failed to load resource: net::ERR_CONNECTION_REFUSED @ http://localhost:4401/dashboard/alerts?limit=6:0
[13373029ms] [ERROR] Failed to load resource: net::ERR_CONNECTION_REFUSED @ http://localhost:4401/dashboard/overview:0
[13373029ms] [ERROR] Failed to load resource: net::ERR_CONNECTION_REFUSED @ http://localhost:4401/api/billing/ai-credits/summary:0
[13373029ms] [ERROR] Failed to load resource: net::ERR_CONNECTION_REFUSED @ http://localhost:4401/dashboard/alerts?limit=6:0
[13402206ms] [ERROR] Failed to load resource: net::ERR_CONNECTION_REFUSED @ http://localhost:4401/api/billing/ai-credits/summary:0
[13402412ms] [ERROR] Failed to load resource: net::ERR_CONNECTION_REFUSED @ http://localhost:4401/api/billing/ai-credits/summary:0
[13403019ms] [ERROR] Failed to load resource: net::ERR_CONNECTION_REFUSED @ http://localhost:4401/api/billing/ai-credits/summary:0
[13432205ms] [ERROR] Failed to load resource: net::ERR_CONNECTION_REFUSED @ http://localhost:4401/dashboard/overview:0
[13432205ms] [ERROR] Failed to load resource: net::ERR_CONNECTION_REFUSED @ http://localhost:4401/api/billing/ai-credits/summary:0
[13432205ms] [ERROR] Failed to load resource: net::ERR_CONNECTION_REFUSED @ http://localhost:4401/dashboard/alerts?limit=6:0
[13432416ms] [ERROR] Failed to load resource: net::ERR_CONNECTION_REFUSED @ http://localhost:4401/dashboard/overview:0
[13432416ms] [ERROR] Failed to load resource: net::ERR_CONNECTION_REFUSED @ http://localhost:4401/api/billing/ai-credits/summary:0
[13432417ms] [ERROR] Failed to load resource: net::ERR_CONNECTION_REFUSED @ http://localhost:4401/dashboard/alerts?limit=6:0
[13433028ms] [ERROR] Failed to load resource: net::ERR_CONNECTION_REFUSED @ http://localhost:4401/dashboard/overview:0
[13433029ms] [ERROR] Failed to load resource: net::ERR_CONNECTION_REFUSED @ http://localhost:4401/api/billing/ai-credits/summary:0
[13433029ms] [ERROR] Failed to load resource: net::ERR_CONNECTION_REFUSED @ http://localhost:4401/dashboard/alerts?limit=6:0
[13462206ms] [ERROR] Failed to load resource: net::ERR_CONNECTION_REFUSED @ http://localhost:4401/api/billing/ai-credits/summary:0
[13462415ms] [ERROR] Failed to load resource: net::ERR_CONNECTION_REFUSED @ http://localhost:4401/api/billing/ai-credits/summary:0
[13463023ms] [ERROR] Failed to load resource: net::ERR_CONNECTION_REFUSED @ http://localhost:4401/api/billing/ai-credits/summary:0
[13492206ms] [ERROR] Failed to load resource: net::ERR_CONNECTION_REFUSED @ http://localhost:4401/dashboard/overview:0
[13492206ms] [ERROR] Failed to load resource: net::ERR_CONNECTION_REFUSED @ http://localhost:4401/api/billing/ai-credits/summary:0
[13492206ms] [ERROR] Failed to load resource: net::ERR_CONNECTION_REFUSED @ http://localhost:4401/dashboard/alerts?limit=6:0
[13492420ms] [ERROR] Failed to load resource: net::ERR_CONNECTION_REFUSED @ http://localhost:4401/dashboard/overview:0
[13492420ms] [ERROR] Failed to load resource: net::ERR_CONNECTION_REFUSED @ http://localhost:4401/api/billing/ai-credits/summary:0
[13492421ms] [ERROR] Failed to load resource: net::ERR_CONNECTION_REFUSED @ http://localhost:4401/dashboard/alerts?limit=6:0
[13493035ms] [ERROR] Failed to load resource: net::ERR_CONNECTION_REFUSED @ http://localhost:4401/dashboard/overview:0
[13493035ms] [ERROR] Failed to load resource: net::ERR_CONNECTION_REFUSED @ http://localhost:4401/api/billing/ai-credits/summary:0
[13493035ms] [ERROR] Failed to load resource: net::ERR_CONNECTION_REFUSED @ http://localhost:4401/dashboard/alerts?limit=6:0
[13522208ms] [ERROR] Failed to load resource: net::ERR_CONNECTION_REFUSED @ http://localhost:4401/api/billing/ai-credits/summary:0
[13522417ms] [ERROR] Failed to load resource: net::ERR_CONNECTION_REFUSED @ http://localhost:4401/api/billing/ai-credits/summary:0
[13523027ms] [ERROR] Failed to load resource: net::ERR_CONNECTION_REFUSED @ http://localhost:4401/api/billing/ai-credits/summary:0
[13552208ms] [ERROR] Failed to load resource: net::ERR_CONNECTION_REFUSED @ http://localhost:4401/dashboard/overview:0
[13552208ms] [ERROR] Failed to load resource: net::ERR_CONNECTION_REFUSED @ http://localhost:4401/api/billing/ai-credits/summary:0
[13552208ms] [ERROR] Failed to load resource: net::ERR_CONNECTION_REFUSED @ http://localhost:4401/dashboard/alerts?limit=6:0
[13552418ms] [ERROR] Failed to load resource: net::ERR_CONNECTION_REFUSED @ http://localhost:4401/dashboard/overview:0
[13552418ms] [ERROR] Failed to load resource: net::ERR_CONNECTION_REFUSED @ http://localhost:4401/api/billing/ai-credits/summary:0
[13552418ms] [ERROR] Failed to load resource: net::ERR_CONNECTION_REFUSED @ http://localhost:4401/dashboard/alerts?limit=6:0
[13553030ms] [ERROR] Failed to load resource: net::ERR_CONNECTION_REFUSED @ http://localhost:4401/dashboard/overview:0
[13553031ms] [ERROR] Failed to load resource: net::ERR_CONNECTION_REFUSED @ http://localhost:4401/api/billing/ai-credits/summary:0
[13553031ms] [ERROR] Failed to load resource: net::ERR_CONNECTION_REFUSED @ http://localhost:4401/dashboard/alerts?limit=6:0
[13582209ms] [ERROR] Failed to load resource: net::ERR_CONNECTION_REFUSED @ http://localhost:4401/api/billing/ai-credits/summary:0
[13582419ms] [ERROR] Failed to load resource: net::ERR_CONNECTION_REFUSED @ http://localhost:4401/api/billing/ai-credits/summary:0
[13583028ms] [ERROR] Failed to load resource: net::ERR_CONNECTION_REFUSED @ http://localhost:4401/api/billing/ai-credits/summary:0
[13612212ms] [ERROR] Failed to load resource: net::ERR_CONNECTION_REFUSED @ http://localhost:4401/dashboard/overview:0
[13612212ms] [ERROR] Failed to load resource: net::ERR_CONNECTION_REFUSED @ http://localhost:4401/api/billing/ai-credits/summary:0
[13612214ms] [ERROR] Failed to load resource: net::ERR_CONNECTION_REFUSED @ http://localhost:4401/dashboard/alerts?limit=6:0
[13612423ms] [ERROR] Failed to load resource: net::ERR_CONNECTION_REFUSED @ http://localhost:4401/dashboard/overview:0
[13612424ms] [ERROR] Failed to load resource: net::ERR_CONNECTION_REFUSED @ http://localhost:4401/api/billing/ai-credits/summary:0
[13612424ms] [ERROR] Failed to load resource: net::ERR_CONNECTION_REFUSED @ http://localhost:4401/dashboard/alerts?limit=6:0
[13613034ms] [ERROR] Failed to load resource: net::ERR_CONNECTION_REFUSED @ http://localhost:4401/dashboard/overview:0
[13613034ms] [ERROR] Failed to load resource: net::ERR_CONNECTION_REFUSED @ http://localhost:4401/api/billing/ai-credits/summary:0
[13613034ms] [ERROR] Failed to load resource: net::ERR_CONNECTION_REFUSED @ http://localhost:4401/dashboard/alerts?limit=6:0
[13642206ms] [ERROR] Failed to load resource: net::ERR_CONNECTION_REFUSED @ http://localhost:4401/api/billing/ai-credits/summary:0
[13642411ms] [ERROR] Failed to load resource: net::ERR_CONNECTION_REFUSED @ http://localhost:4401/api/billing/ai-credits/summary:0
[13643039ms] [ERROR] Failed to load resource: net::ERR_CONNECTION_REFUSED @ http://localhost:4401/api/billing/ai-credits/summary:0
[13672209ms] [ERROR] Failed to load resource: net::ERR_CONNECTION_REFUSED @ http://localhost:4401/dashboard/overview:0
[13672209ms] [ERROR] Failed to load resource: net::ERR_CONNECTION_REFUSED @ http://localhost:4401/api/billing/ai-credits/summary:0
[13672209ms] [ERROR] Failed to load resource: net::ERR_CONNECTION_REFUSED @ http://localhost:4401/dashboard/alerts?limit=6:0
[13672416ms] [ERROR] Failed to load resource: net::ERR_CONNECTION_REFUSED @ http://localhost:4401/dashboard/overview:0
[13672416ms] [ERROR] Failed to load resource: net::ERR_CONNECTION_REFUSED @ http://localhost:4401/api/billing/ai-credits/summary:0
[13672416ms] [ERROR] Failed to load resource: net::ERR_CONNECTION_REFUSED @ http://localhost:4401/dashboard/alerts?limit=6:0
[13673021ms] [ERROR] Failed to load resource: net::ERR_CONNECTION_REFUSED @ http://localhost:4401/dashboard/overview:0
[13673022ms] [ERROR] Failed to load resource: net::ERR_CONNECTION_REFUSED @ http://localhost:4401/api/billing/ai-credits/summary:0
[13673022ms] [ERROR] Failed to load resource: net::ERR_CONNECTION_REFUSED @ http://localhost:4401/dashboard/alerts?limit=6:0
[13702211ms] [ERROR] Failed to load resource: net::ERR_CONNECTION_REFUSED @ http://localhost:4401/api/billing/ai-credits/summary:0
[13702419ms] [ERROR] Failed to load resource: net::ERR_CONNECTION_REFUSED @ http://localhost:4401/api/billing/ai-credits/summary:0
[13703025ms] [ERROR] Failed to load resource: net::ERR_CONNECTION_REFUSED @ http://localhost:4401/api/billing/ai-credits/summary:0
[13732213ms] [ERROR] Failed to load resource: net::ERR_CONNECTION_REFUSED @ http://localhost:4401/dashboard/overview:0
[13732213ms] [ERROR] Failed to load resource: net::ERR_CONNECTION_REFUSED @ http://localhost:4401/api/billing/ai-credits/summary:0
[13732213ms] [ERROR] Failed to load resource: net::ERR_CONNECTION_REFUSED @ http://localhost:4401/dashboard/alerts?limit=6:0
[13732423ms] [ERROR] Failed to load resource: net::ERR_CONNECTION_REFUSED @ http://localhost:4401/dashboard/overview:0
[13732423ms] [ERROR] Failed to load resource: net::ERR_CONNECTION_REFUSED @ http://localhost:4401/api/billing/ai-credits/summary:0
[13732423ms] [ERROR] Failed to load resource: net::ERR_CONNECTION_REFUSED @ http://localhost:4401/dashboard/alerts?limit=6:0
[13733034ms] [ERROR] Failed to load resource: net::ERR_CONNECTION_REFUSED @ http://localhost:4401/dashboard/overview:0
[13733034ms] [ERROR] Failed to load resource: net::ERR_CONNECTION_REFUSED @ http://localhost:4401/api/billing/ai-credits/summary:0
[13733034ms] [ERROR] Failed to load resource: net::ERR_CONNECTION_REFUSED @ http://localhost:4401/dashboard/alerts?limit=6:0
[13762211ms] [ERROR] Failed to load resource: net::ERR_CONNECTION_REFUSED @ http://localhost:4401/api/billing/ai-credits/summary:0
[13762420ms] [ERROR] Failed to load resource: net::ERR_CONNECTION_REFUSED @ http://localhost:4401/api/billing/ai-credits/summary:0
[13763024ms] [ERROR] Failed to load resource: net::ERR_CONNECTION_REFUSED @ http://localhost:4401/api/billing/ai-credits/summary:0
[13792213ms] [ERROR] Failed to load resource: net::ERR_CONNECTION_REFUSED @ http://localhost:4401/dashboard/overview:0
[13792213ms] [ERROR] Failed to load resource: net::ERR_CONNECTION_REFUSED @ http://localhost:4401/api/billing/ai-credits/summary:0
[13792214ms] [ERROR] Failed to load resource: net::ERR_CONNECTION_REFUSED @ http://localhost:4401/dashboard/alerts?limit=6:0
[13792425ms] [ERROR] Failed to load resource: net::ERR_CONNECTION_REFUSED @ http://localhost:4401/dashboard/overview:0
[13792425ms] [ERROR] Failed to load resource: net::ERR_CONNECTION_REFUSED @ http://localhost:4401/api/billing/ai-credits/summary:0
[13792426ms] [ERROR] Failed to load resource: net::ERR_CONNECTION_REFUSED @ http://localhost:4401/dashboard/alerts?limit=6:0
[13793038ms] [ERROR] Failed to load resource: net::ERR_CONNECTION_REFUSED @ http://localhost:4401/dashboard/overview:0
[13793038ms] [ERROR] Failed to load resource: net::ERR_CONNECTION_REFUSED @ http://localhost:4401/api/billing/ai-credits/summary:0
[13793039ms] [ERROR] Failed to load resource: net::ERR_CONNECTION_REFUSED @ http://localhost:4401/dashboard/alerts?limit=6:0
[13822211ms] [ERROR] Failed to load resource: net::ERR_CONNECTION_REFUSED @ http://localhost:4401/api/billing/ai-credits/summary:0
[13822417ms] [ERROR] Failed to load resource: net::ERR_CONNECTION_REFUSED @ http://localhost:4401/api/billing/ai-credits/summary:0
[13823025ms] [ERROR] Failed to load resource: net::ERR_CONNECTION_REFUSED @ http://localhost:4401/api/billing/ai-credits/summary:0
[13852175ms] [ERROR] Failed to load resource: net::ERR_CONNECTION_REFUSED @ http://localhost:4401/dashboard/overview:0
[13852176ms] [ERROR] Failed to load resource: net::ERR_CONNECTION_REFUSED @ http://localhost:4401/api/billing/ai-credits/summary:0
[13852176ms] [ERROR] Failed to load resource: net::ERR_CONNECTION_REFUSED @ http://localhost:4401/dashboard/alerts?limit=6:0
[13852388ms] [ERROR] Failed to load resource: net::ERR_CONNECTION_REFUSED @ http://localhost:4401/dashboard/overview:0
[13852388ms] [ERROR] Failed to load resource: net::ERR_CONNECTION_REFUSED @ http://localhost:4401/api/billing/ai-credits/summary:0
[13852388ms] [ERROR] Failed to load resource: net::ERR_CONNECTION_REFUSED @ http://localhost:4401/dashboard/alerts?limit=6:0
[13852991ms] [ERROR] Failed to load resource: net::ERR_CONNECTION_REFUSED @ http://localhost:4401/dashboard/overview:0
[13852991ms] [ERROR] Failed to load resource: net::ERR_CONNECTION_REFUSED @ http://localhost:4401/api/billing/ai-credits/summary:0
[13852991ms] [ERROR] Failed to load resource: net::ERR_CONNECTION_REFUSED @ http://localhost:4401/dashboard/alerts?limit=6:0
[13882170ms] [ERROR] Failed to load resource: net::ERR_CONNECTION_REFUSED @ http://localhost:4401/api/billing/ai-credits/summary:0
[13882377ms] [ERROR] Failed to load resource: net::ERR_CONNECTION_REFUSED @ http://localhost:4401/api/billing/ai-credits/summary:0
[13882985ms] [ERROR] Failed to load resource: net::ERR_CONNECTION_REFUSED @ http://localhost:4401/api/billing/ai-credits/summary:0
[13912170ms] [ERROR] Failed to load resource: net::ERR_CONNECTION_REFUSED @ http://localhost:4401/dashboard/overview:0
[13912170ms] [ERROR] Failed to load resource: net::ERR_CONNECTION_REFUSED @ http://localhost:4401/api/billing/ai-credits/summary:0
[13912170ms] [ERROR] Failed to load resource: net::ERR_CONNECTION_REFUSED @ http://localhost:4401/dashboard/alerts?limit=6:0
[13912375ms] [ERROR] Failed to load resource: net::ERR_CONNECTION_REFUSED @ http://localhost:4401/dashboard/overview:0
[13912376ms] [ERROR] Failed to load resource: net::ERR_CONNECTION_REFUSED @ http://localhost:4401/api/billing/ai-credits/summary:0
[13912376ms] [ERROR] Failed to load resource: net::ERR_CONNECTION_REFUSED @ http://localhost:4401/dashboard/alerts?limit=6:0
[13912989ms] [ERROR] Failed to load resource: net::ERR_CONNECTION_REFUSED @ http://localhost:4401/dashboard/overview:0
[13912989ms] [ERROR] Failed to load resource: net::ERR_CONNECTION_REFUSED @ http://localhost:4401/api/billing/ai-credits/summary:0
[13912989ms] [ERROR] Failed to load resource: net::ERR_CONNECTION_REFUSED @ http://localhost:4401/dashboard/alerts?limit=6:0
[13942169ms] [ERROR] Failed to load resource: net::ERR_CONNECTION_REFUSED @ http://localhost:4401/api/billing/ai-credits/summary:0
[13942378ms] [ERROR] Failed to load resource: net::ERR_CONNECTION_REFUSED @ http://localhost:4401/api/billing/ai-credits/summary:0
[13942986ms] [ERROR] Failed to load resource: net::ERR_CONNECTION_REFUSED @ http://localhost:4401/api/billing/ai-credits/summary:0
[13972168ms] [ERROR] Failed to load resource: net::ERR_CONNECTION_REFUSED @ http://localhost:4401/dashboard/overview:0
[13972168ms] [ERROR] Failed to load resource: net::ERR_CONNECTION_REFUSED @ http://localhost:4401/api/billing/ai-credits/summary:0
[13972168ms] [ERROR] Failed to load resource: net::ERR_CONNECTION_REFUSED @ http://localhost:4401/dashboard/alerts?limit=6:0
[13972375ms] [ERROR] Failed to load resource: net::ERR_CONNECTION_REFUSED @ http://localhost:4401/dashboard/overview:0
[13972376ms] [ERROR] Failed to load resource: net::ERR_CONNECTION_REFUSED @ http://localhost:4401/api/billing/ai-credits/summary:0
[13972376ms] [ERROR] Failed to load resource: net::ERR_CONNECTION_REFUSED @ http://localhost:4401/dashboard/alerts?limit=6:0
[13972979ms] [ERROR] Failed to load resource: net::ERR_CONNECTION_REFUSED @ http://localhost:4401/dashboard/overview:0
[13972979ms] [ERROR] Failed to load resource: net::ERR_CONNECTION_REFUSED @ http://localhost:4401/api/billing/ai-credits/summary:0
[13972979ms] [ERROR] Failed to load resource: net::ERR_CONNECTION_REFUSED @ http://localhost:4401/dashboard/alerts?limit=6:0
[14002168ms] [ERROR] Failed to load resource: net::ERR_CONNECTION_REFUSED @ http://localhost:4401/api/billing/ai-credits/summary:0
[14002373ms] [ERROR] Failed to load resource: net::ERR_CONNECTION_REFUSED @ http://localhost:4401/api/billing/ai-credits/summary:0
[14002979ms] [ERROR] Failed to load resource: net::ERR_CONNECTION_REFUSED @ http://localhost:4401/api/billing/ai-credits/summary:0
[14032170ms] [ERROR] Failed to load resource: net::ERR_CONNECTION_REFUSED @ http://localhost:4401/dashboard/overview:0
[14032170ms] [ERROR] Failed to load resource: net::ERR_CONNECTION_REFUSED @ http://localhost:4401/api/billing/ai-credits/summary:0
[14032170ms] [ERROR] Failed to load resource: net::ERR_CONNECTION_REFUSED @ http://localhost:4401/dashboard/alerts?limit=6:0
[14032379ms] [ERROR] Failed to load resource: net::ERR_CONNECTION_REFUSED @ http://localhost:4401/dashboard/overview:0
[14032379ms] [ERROR] Failed to load resource: net::ERR_CONNECTION_REFUSED @ http://localhost:4401/api/billing/ai-credits/summary:0
[14032379ms] [ERROR] Failed to load resource: net::ERR_CONNECTION_REFUSED @ http://localhost:4401/dashboard/alerts?limit=6:0
[14032988ms] [ERROR] Failed to load resource: net::ERR_CONNECTION_REFUSED @ http://localhost:4401/dashboard/overview:0
[14032988ms] [ERROR] Failed to load resource: net::ERR_CONNECTION_REFUSED @ http://localhost:4401/api/billing/ai-credits/summary:0
[14032989ms] [ERROR] Failed to load resource: net::ERR_CONNECTION_REFUSED @ http://localhost:4401/dashboard/alerts?limit=6:0
[14062161ms] [ERROR] Failed to load resource: net::ERR_CONNECTION_REFUSED @ http://localhost:4401/api/billing/ai-credits/summary:0
[14062365ms] [ERROR] Failed to load resource: net::ERR_CONNECTION_REFUSED @ http://localhost:4401/api/billing/ai-credits/summary:0
[14062969ms] [ERROR] Failed to load resource: net::ERR_CONNECTION_REFUSED @ http://localhost:4401/api/billing/ai-credits/summary:0
[14092171ms] [ERROR] Failed to load resource: net::ERR_CONNECTION_REFUSED @ http://localhost:4401/dashboard/overview:0
[14092171ms] [ERROR] Failed to load resource: net::ERR_CONNECTION_REFUSED @ http://localhost:4401/api/billing/ai-credits/summary:0
[14092171ms] [ERROR] Failed to load resource: net::ERR_CONNECTION_REFUSED @ http://localhost:4401/dashboard/alerts?limit=6:0
[14092382ms] [ERROR] Failed to load resource: net::ERR_CONNECTION_REFUSED @ http://localhost:4401/dashboard/overview:0
[14092382ms] [ERROR] Failed to load resource: net::ERR_CONNECTION_REFUSED @ http://localhost:4401/api/billing/ai-credits/summary:0
[14092382ms] [ERROR] Failed to load resource: net::ERR_CONNECTION_REFUSED @ http://localhost:4401/dashboard/alerts?limit=6:0
[14092993ms] [ERROR] Failed to load resource: net::ERR_CONNECTION_REFUSED @ http://localhost:4401/dashboard/overview:0
[14092993ms] [ERROR] Failed to load resource: net::ERR_CONNECTION_REFUSED @ http://localhost:4401/api/billing/ai-credits/summary:0
[14092993ms] [ERROR] Failed to load resource: net::ERR_CONNECTION_REFUSED @ http://localhost:4401/dashboard/alerts?limit=6:0
[15082174ms] [ERROR] Failed to load resource: net::ERR_CONNECTION_REFUSED @ http://localhost:4401/api/billing/ai-credits/summary:0
[15082380ms] [ERROR] Failed to load resource: net::ERR_CONNECTION_REFUSED @ http://localhost:4401/api/billing/ai-credits/summary:0
[15082983ms] [ERROR] Failed to load resource: net::ERR_CONNECTION_REFUSED @ http://localhost:4401/api/billing/ai-credits/summary:0
[15112170ms] [ERROR] Failed to load resource: net::ERR_CONNECTION_REFUSED @ http://localhost:4401/dashboard/overview:0
[15112170ms] [ERROR] Failed to load resource: net::ERR_CONNECTION_REFUSED @ http://localhost:4401/api/billing/ai-credits/summary:0
[15112170ms] [ERROR] Failed to load resource: net::ERR_CONNECTION_REFUSED @ http://localhost:4401/dashboard/alerts?limit=6:0
[15112377ms] [ERROR] Failed to load resource: net::ERR_CONNECTION_REFUSED @ http://localhost:4401/dashboard/overview:0
[15112377ms] [ERROR] Failed to load resource: net::ERR_CONNECTION_REFUSED @ http://localhost:4401/api/billing/ai-credits/summary:0
[15112377ms] [ERROR] Failed to load resource: net::ERR_CONNECTION_REFUSED @ http://localhost:4401/dashboard/alerts?limit=6:0
[15112988ms] [ERROR] Failed to load resource: net::ERR_CONNECTION_REFUSED @ http://localhost:4401/dashboard/overview:0
[15112988ms] [ERROR] Failed to load resource: net::ERR_CONNECTION_REFUSED @ http://localhost:4401/api/billing/ai-credits/summary:0
[15112988ms] [ERROR] Failed to load resource: net::ERR_CONNECTION_REFUSED @ http://localhost:4401/dashboard/alerts?limit=6:0
[15142173ms] [ERROR] Failed to load resource: net::ERR_CONNECTION_REFUSED @ http://localhost:4401/api/billing/ai-credits/summary:0
[15142379ms] [ERROR] Failed to load resource: net::ERR_CONNECTION_REFUSED @ http://localhost:4401/api/billing/ai-credits/summary:0
[15142988ms] [ERROR] Failed to load resource: net::ERR_CONNECTION_REFUSED @ http://localhost:4401/api/billing/ai-credits/summary:0
[15172167ms] [ERROR] Failed to load resource: net::ERR_CONNECTION_REFUSED @ http://localhost:4401/dashboard/overview:0
[15172168ms] [ERROR] Failed to load resource: net::ERR_CONNECTION_REFUSED @ http://localhost:4401/api/billing/ai-credits/summary:0
[15172168ms] [ERROR] Failed to load resource: net::ERR_CONNECTION_REFUSED @ http://localhost:4401/dashboard/alerts?limit=6:0
[15172373ms] [ERROR] Failed to load resource: net::ERR_CONNECTION_REFUSED @ http://localhost:4401/dashboard/overview:0
[15172373ms] [ERROR] Failed to load resource: net::ERR_CONNECTION_REFUSED @ http://localhost:4401/api/billing/ai-credits/summary:0
[15172373ms] [ERROR] Failed to load resource: net::ERR_CONNECTION_REFUSED @ http://localhost:4401/dashboard/alerts?limit=6:0
[15172977ms] [ERROR] Failed to load resource: net::ERR_CONNECTION_REFUSED @ http://localhost:4401/dashboard/overview:0
[15172977ms] [ERROR] Failed to load resource: net::ERR_CONNECTION_REFUSED @ http://localhost:4401/api/billing/ai-credits/summary:0
[15172977ms] [ERROR] Failed to load resource: net::ERR_CONNECTION_REFUSED @ http://localhost:4401/dashboard/alerts?limit=6:0
[15202171ms] [ERROR] Failed to load resource: net::ERR_CONNECTION_REFUSED @ http://localhost:4401/api/billing/ai-credits/summary:0
[15202380ms] [ERROR] Failed to load resource: net::ERR_CONNECTION_REFUSED @ http://localhost:4401/api/billing/ai-credits/summary:0
[15202990ms] [ERROR] Failed to load resource: net::ERR_CONNECTION_REFUSED @ http://localhost:4401/api/billing/ai-credits/summary:0
[15232176ms] [ERROR] Failed to load resource: net::ERR_CONNECTION_REFUSED @ http://localhost:4401/dashboard/overview:0
[15232176ms] [ERROR] Failed to load resource: net::ERR_CONNECTION_REFUSED @ http://localhost:4401/api/billing/ai-credits/summary:0
[15232176ms] [ERROR] Failed to load resource: net::ERR_CONNECTION_REFUSED @ http://localhost:4401/dashboard/alerts?limit=6:0
[15232386ms] [ERROR] Failed to load resource: net::ERR_CONNECTION_REFUSED @ http://localhost:4401/dashboard/overview:0
[15232386ms] [ERROR] Failed to load resource: net::ERR_CONNECTION_REFUSED @ http://localhost:4401/api/billing/ai-credits/summary:0
[15232386ms] [ERROR] Failed to load resource: net::ERR_CONNECTION_REFUSED @ http://localhost:4401/dashboard/alerts?limit=6:0
[15232998ms] [ERROR] Failed to load resource: net::ERR_CONNECTION_REFUSED @ http://localhost:4401/dashboard/overview:0
[15232998ms] [ERROR] Failed to load resource: net::ERR_CONNECTION_REFUSED @ http://localhost:4401/api/billing/ai-credits/summary:0
[15232998ms] [ERROR] Failed to load resource: net::ERR_CONNECTION_REFUSED @ http://localhost:4401/dashboard/alerts?limit=6:0
[15262173ms] [ERROR] Failed to load resource: net::ERR_CONNECTION_REFUSED @ http://localhost:4401/api/billing/ai-credits/summary:0
[15262382ms] [ERROR] Failed to load resource: net::ERR_CONNECTION_REFUSED @ http://localhost:4401/api/billing/ai-credits/summary:0
[15262987ms] [ERROR] Failed to load resource: net::ERR_CONNECTION_REFUSED @ http://localhost:4401/api/billing/ai-credits/summary:0
[15292175ms] [ERROR] Failed to load resource: net::ERR_CONNECTION_REFUSED @ http://localhost:4401/dashboard/overview:0
[15292176ms] [ERROR] Failed to load resource: net::ERR_CONNECTION_REFUSED @ http://localhost:4401/api/billing/ai-credits/summary:0
[15292176ms] [ERROR] Failed to load resource: net::ERR_CONNECTION_REFUSED @ http://localhost:4401/dashboard/alerts?limit=6:0
[15292387ms] [ERROR] Failed to load resource: net::ERR_CONNECTION_REFUSED @ http://localhost:4401/dashboard/overview:0
[15292387ms] [ERROR] Failed to load resource: net::ERR_CONNECTION_REFUSED @ http://localhost:4401/api/billing/ai-credits/summary:0
[15292388ms] [ERROR] Failed to load resource: net::ERR_CONNECTION_REFUSED @ http://localhost:4401/dashboard/alerts?limit=6:0
[15292999ms] [ERROR] Failed to load resource: net::ERR_CONNECTION_REFUSED @ http://localhost:4401/dashboard/overview:0
[15292999ms] [ERROR] Failed to load resource: net::ERR_CONNECTION_REFUSED @ http://localhost:4401/api/billing/ai-credits/summary:0
[15292999ms] [ERROR] Failed to load resource: net::ERR_CONNECTION_REFUSED @ http://localhost:4401/dashboard/alerts?limit=6:0
[15322175ms] [ERROR] Failed to load resource: net::ERR_CONNECTION_REFUSED @ http://localhost:4401/api/billing/ai-credits/summary:0
[15322386ms] [ERROR] Failed to load resource: net::ERR_CONNECTION_REFUSED @ http://localhost:4401/api/billing/ai-credits/summary:0
[15322996ms] [ERROR] Failed to load resource: net::ERR_CONNECTION_REFUSED @ http://localhost:4401/api/billing/ai-credits/summary:0
[15352177ms] [ERROR] Failed to load resource: net::ERR_CONNECTION_REFUSED @ http://localhost:4401/dashboard/overview:0
[15352177ms] [ERROR] Failed to load resource: net::ERR_CONNECTION_REFUSED @ http://localhost:4401/api/billing/ai-credits/summary:0
[15352177ms] [ERROR] Failed to load resource: net::ERR_CONNECTION_REFUSED @ http://localhost:4401/dashboard/alerts?limit=6:0
[15352390ms] [ERROR] Failed to load resource: net::ERR_CONNECTION_REFUSED @ http://localhost:4401/dashboard/overview:0
[15352391ms] [ERROR] Failed to load resource: net::ERR_CONNECTION_REFUSED @ http://localhost:4401/api/billing/ai-credits/summary:0
[15352391ms] [ERROR] Failed to load resource: net::ERR_CONNECTION_REFUSED @ http://localhost:4401/dashboard/alerts?limit=6:0
[15353002ms] [ERROR] Failed to load resource: net::ERR_CONNECTION_REFUSED @ http://localhost:4401/dashboard/overview:0
[15353002ms] [ERROR] Failed to load resource: net::ERR_CONNECTION_REFUSED @ http://localhost:4401/api/billing/ai-credits/summary:0
[15353002ms] [ERROR] Failed to load resource: net::ERR_CONNECTION_REFUSED @ http://localhost:4401/dashboard/alerts?limit=6:0
[15382174ms] [ERROR] Failed to load resource: net::ERR_CONNECTION_REFUSED @ http://localhost:4401/api/billing/ai-credits/summary:0
[15382380ms] [ERROR] Failed to load resource: net::ERR_CONNECTION_REFUSED @ http://localhost:4401/api/billing/ai-credits/summary:0
[15382990ms] [ERROR] Failed to load resource: net::ERR_CONNECTION_REFUSED @ http://localhost:4401/api/billing/ai-credits/summary:0
[15412177ms] [ERROR] Failed to load resource: net::ERR_CONNECTION_REFUSED @ http://localhost:4401/dashboard/overview:0
[15412178ms] [ERROR] Failed to load resource: net::ERR_CONNECTION_REFUSED @ http://localhost:4401/api/billing/ai-credits/summary:0
[15412178ms] [ERROR] Failed to load resource: net::ERR_CONNECTION_REFUSED @ http://localhost:4401/dashboard/alerts?limit=6:0
[15412390ms] [ERROR] Failed to load resource: net::ERR_CONNECTION_REFUSED @ http://localhost:4401/dashboard/overview:0
[15412391ms] [ERROR] Failed to load resource: net::ERR_CONNECTION_REFUSED @ http://localhost:4401/api/billing/ai-credits/summary:0
[15412391ms] [ERROR] Failed to load resource: net::ERR_CONNECTION_REFUSED @ http://localhost:4401/dashboard/alerts?limit=6:0
[15413000ms] [ERROR] Failed to load resource: net::ERR_CONNECTION_REFUSED @ http://localhost:4401/dashboard/overview:0
[15413000ms] [ERROR] Failed to load resource: net::ERR_CONNECTION_REFUSED @ http://localhost:4401/api/billing/ai-credits/summary:0
[15413000ms] [ERROR] Failed to load resource: net::ERR_CONNECTION_REFUSED @ http://localhost:4401/dashboard/alerts?limit=6:0
[15442170ms] [ERROR] Failed to load resource: net::ERR_CONNECTION_REFUSED @ http://localhost:4401/api/billing/ai-credits/summary:0
[15442375ms] [ERROR] Failed to load resource: net::ERR_CONNECTION_REFUSED @ http://localhost:4401/api/billing/ai-credits/summary:0
[15442985ms] [ERROR] Failed to load resource: net::ERR_CONNECTION_REFUSED @ http://localhost:4401/api/billing/ai-credits/summary:0
[15472186ms] [ERROR] Failed to load resource: net::ERR_CONNECTION_REFUSED @ http://localhost:4401/dashboard/overview:0
[15472186ms] [ERROR] Failed to load resource: net::ERR_CONNECTION_REFUSED @ http://localhost:4401/api/billing/ai-credits/summary:0
[15472186ms] [ERROR] Failed to load resource: net::ERR_CONNECTION_REFUSED @ http://localhost:4401/dashboard/alerts?limit=6:0
[15472393ms] [ERROR] Failed to load resource: net::ERR_CONNECTION_REFUSED @ http://localhost:4401/dashboard/overview:0
[15472394ms] [ERROR] Failed to load resource: net::ERR_CONNECTION_REFUSED @ http://localhost:4401/api/billing/ai-credits/summary:0
[15472394ms] [ERROR] Failed to load resource: net::ERR_CONNECTION_REFUSED @ http://localhost:4401/dashboard/alerts?limit=6:0
[15473003ms] [ERROR] Failed to load resource: net::ERR_CONNECTION_REFUSED @ http://localhost:4401/dashboard/overview:0
[15473004ms] [ERROR] Failed to load resource: net::ERR_CONNECTION_REFUSED @ http://localhost:4401/api/billing/ai-credits/summary:0
[15473004ms] [ERROR] Failed to load resource: net::ERR_CONNECTION_REFUSED @ http://localhost:4401/dashboard/alerts?limit=6:0
[15502175ms] [ERROR] Failed to load resource: net::ERR_CONNECTION_REFUSED @ http://localhost:4401/api/billing/ai-credits/summary:0
[15502385ms] [ERROR] Failed to load resource: net::ERR_CONNECTION_REFUSED @ http://localhost:4401/api/billing/ai-credits/summary:0
[15502995ms] [ERROR] Failed to load resource: net::ERR_CONNECTION_REFUSED @ http://localhost:4401/api/billing/ai-credits/summary:0
[15532178ms] [ERROR] Failed to load resource: net::ERR_CONNECTION_REFUSED @ http://localhost:4401/dashboard/overview:0
[15532178ms] [ERROR] Failed to load resource: net::ERR_CONNECTION_REFUSED @ http://localhost:4401/api/billing/ai-credits/summary:0
[15532178ms] [ERROR] Failed to load resource: net::ERR_CONNECTION_REFUSED @ http://localhost:4401/dashboard/alerts?limit=6:0
[15532389ms] [ERROR] Failed to load resource: net::ERR_CONNECTION_REFUSED @ http://localhost:4401/dashboard/overview:0
[15532389ms] [ERROR] Failed to load resource: net::ERR_CONNECTION_REFUSED @ http://localhost:4401/api/billing/ai-credits/summary:0
[15532389ms] [ERROR] Failed to load resource: net::ERR_CONNECTION_REFUSED @ http://localhost:4401/dashboard/alerts?limit=6:0
[15533000ms] [ERROR] Failed to load resource: net::ERR_CONNECTION_REFUSED @ http://localhost:4401/dashboard/overview:0
[15533001ms] [ERROR] Failed to load resource: net::ERR_CONNECTION_REFUSED @ http://localhost:4401/api/billing/ai-credits/summary:0
[15533001ms] [ERROR] Failed to load resource: net::ERR_CONNECTION_REFUSED @ http://localhost:4401/dashboard/alerts?limit=6:0
[15562173ms] [ERROR] Failed to load resource: net::ERR_CONNECTION_REFUSED @ http://localhost:4401/api/billing/ai-credits/summary:0
[15562384ms] [ERROR] Failed to load resource: net::ERR_CONNECTION_REFUSED @ http://localhost:4401/api/billing/ai-credits/summary:0
[15562988ms] [ERROR] Failed to load resource: net::ERR_CONNECTION_REFUSED @ http://localhost:4401/api/billing/ai-credits/summary:0
[15592180ms] [ERROR] Failed to load resource: net::ERR_CONNECTION_REFUSED @ http://localhost:4401/dashboard/overview:0
[15592180ms] [ERROR] Failed to load resource: net::ERR_CONNECTION_REFUSED @ http://localhost:4401/api/billing/ai-credits/summary:0
[15592180ms] [ERROR] Failed to load resource: net::ERR_CONNECTION_REFUSED @ http://localhost:4401/dashboard/alerts?limit=6:0
[15592390ms] [ERROR] Failed to load resource: net::ERR_CONNECTION_REFUSED @ http://localhost:4401/dashboard/overview:0
[15592390ms] [ERROR] Failed to load resource: net::ERR_CONNECTION_REFUSED @ http://localhost:4401/api/billing/ai-credits/summary:0
[15592390ms] [ERROR] Failed to load resource: net::ERR_CONNECTION_REFUSED @ http://localhost:4401/dashboard/alerts?limit=6:0
[15592999ms] [ERROR] Failed to load resource: net::ERR_CONNECTION_REFUSED @ http://localhost:4401/dashboard/overview:0
[15593000ms] [ERROR] Failed to load resource: net::ERR_CONNECTION_REFUSED @ http://localhost:4401/api/billing/ai-credits/summary:0
[15593000ms] [ERROR] Failed to load resource: net::ERR_CONNECTION_REFUSED @ http://localhost:4401/dashboard/alerts?limit=6:0
[15622177ms] [ERROR] Failed to load resource: net::ERR_CONNECTION_REFUSED @ http://localhost:4401/api/billing/ai-credits/summary:0
[15622386ms] [ERROR] Failed to load resource: net::ERR_CONNECTION_REFUSED @ http://localhost:4401/api/billing/ai-credits/summary:0
[15622994ms] [ERROR] Failed to load resource: net::ERR_CONNECTION_REFUSED @ http://localhost:4401/api/billing/ai-credits/summary:0
[15652179ms] [ERROR] Failed to load resource: net::ERR_CONNECTION_REFUSED @ http://localhost:4401/dashboard/overview:0
[15652179ms] [ERROR] Failed to load resource: net::ERR_CONNECTION_REFUSED @ http://localhost:4401/api/billing/ai-credits/summary:0
[15652179ms] [ERROR] Failed to load resource: net::ERR_CONNECTION_REFUSED @ http://localhost:4401/dashboard/alerts?limit=6:0
[15652389ms] [ERROR] Failed to load resource: net::ERR_CONNECTION_REFUSED @ http://localhost:4401/dashboard/overview:0
[15652389ms] [ERROR] Failed to load resource: net::ERR_CONNECTION_REFUSED @ http://localhost:4401/api/billing/ai-credits/summary:0
[15652389ms] [ERROR] Failed to load resource: net::ERR_CONNECTION_REFUSED @ http://localhost:4401/dashboard/alerts?limit=6:0
[15653002ms] [ERROR] Failed to load resource: net::ERR_CONNECTION_REFUSED @ http://localhost:4401/dashboard/overview:0
[15653002ms] [ERROR] Failed to load resource: net::ERR_CONNECTION_REFUSED @ http://localhost:4401/api/billing/ai-credits/summary:0
[15653002ms] [ERROR] Failed to load resource: net::ERR_CONNECTION_REFUSED @ http://localhost:4401/dashboard/alerts?limit=6:0
[15682176ms] [ERROR] Failed to load resource: net::ERR_CONNECTION_REFUSED @ http://localhost:4401/api/billing/ai-credits/summary:0
[15682385ms] [ERROR] Failed to load resource: net::ERR_CONNECTION_REFUSED @ http://localhost:4401/api/billing/ai-credits/summary:0
[15682995ms] [ERROR] Failed to load resource: net::ERR_CONNECTION_REFUSED @ http://localhost:4401/api/billing/ai-credits/summary:0
[15712180ms] [ERROR] Failed to load resource: net::ERR_CONNECTION_REFUSED @ http://localhost:4401/dashboard/overview:0
[15712180ms] [ERROR] Failed to load resource: net::ERR_CONNECTION_REFUSED @ http://localhost:4401/api/billing/ai-credits/summary:0
[15712180ms] [ERROR] Failed to load resource: net::ERR_CONNECTION_REFUSED @ http://localhost:4401/dashboard/alerts?limit=6:0
[15712390ms] [ERROR] Failed to load resource: net::ERR_CONNECTION_REFUSED @ http://localhost:4401/dashboard/overview:0
[15712391ms] [ERROR] Failed to load resource: net::ERR_CONNECTION_REFUSED @ http://localhost:4401/api/billing/ai-credits/summary:0
[15712391ms] [ERROR] Failed to load resource: net::ERR_CONNECTION_REFUSED @ http://localhost:4401/dashboard/alerts?limit=6:0
[15712995ms] [ERROR] Failed to load resource: net::ERR_CONNECTION_REFUSED @ http://localhost:4401/dashboard/overview:0
[15712995ms] [ERROR] Failed to load resource: net::ERR_CONNECTION_REFUSED @ http://localhost:4401/api/billing/ai-credits/summary:0
[15712995ms] [ERROR] Failed to load resource: net::ERR_CONNECTION_REFUSED @ http://localhost:4401/dashboard/alerts?limit=6:0
[15742194ms] [ERROR] Failed to load resource: net::ERR_CONNECTION_REFUSED @ http://localhost:4401/api/billing/ai-credits/summary:0
[15742402ms] [ERROR] Failed to load resource: net::ERR_CONNECTION_REFUSED @ http://localhost:4401/api/billing/ai-credits/summary:0
[15743007ms] [ERROR] Failed to load resource: net::ERR_CONNECTION_REFUSED @ http://localhost:4401/api/billing/ai-credits/summary:0
[15772199ms] [ERROR] Failed to load resource: net::ERR_CONNECTION_REFUSED @ http://localhost:4401/dashboard/overview:0
[15772199ms] [ERROR] Failed to load resource: net::ERR_CONNECTION_REFUSED @ http://localhost:4401/api/billing/ai-credits/summary:0
[15772199ms] [ERROR] Failed to load resource: net::ERR_CONNECTION_REFUSED @ http://localhost:4401/dashboard/alerts?limit=6:0
[15772410ms] [ERROR] Failed to load resource: net::ERR_CONNECTION_REFUSED @ http://localhost:4401/dashboard/overview:0
[15772410ms] [ERROR] Failed to load resource: net::ERR_CONNECTION_REFUSED @ http://localhost:4401/api/billing/ai-credits/summary:0
[15772410ms] [ERROR] Failed to load resource: net::ERR_CONNECTION_REFUSED @ http://localhost:4401/dashboard/alerts?limit=6:0
[15773020ms] [ERROR] Failed to load resource: net::ERR_CONNECTION_REFUSED @ http://localhost:4401/dashboard/overview:0
[15773020ms] [ERROR] Failed to load resource: net::ERR_CONNECTION_REFUSED @ http://localhost:4401/api/billing/ai-credits/summary:0
[15773020ms] [ERROR] Failed to load resource: net::ERR_CONNECTION_REFUSED @ http://localhost:4401/dashboard/alerts?limit=6:0
[15802199ms] [ERROR] Failed to load resource: net::ERR_CONNECTION_REFUSED @ http://localhost:4401/api/billing/ai-credits/summary:0
[15802409ms] [ERROR] Failed to load resource: net::ERR_CONNECTION_REFUSED @ http://localhost:4401/api/billing/ai-credits/summary:0
[15803014ms] [ERROR] Failed to load resource: net::ERR_CONNECTION_REFUSED @ http://localhost:4401/api/billing/ai-credits/summary:0
[15832203ms] [ERROR] Failed to load resource: net::ERR_CONNECTION_REFUSED @ http://localhost:4401/dashboard/overview:0
[15832203ms] [ERROR] Failed to load resource: net::ERR_CONNECTION_REFUSED @ http://localhost:4401/api/billing/ai-credits/summary:0
[15832203ms] [ERROR] Failed to load resource: net::ERR_CONNECTION_REFUSED @ http://localhost:4401/dashboard/alerts?limit=6:0
[15832413ms] [ERROR] Failed to load resource: net::ERR_CONNECTION_REFUSED @ http://localhost:4401/dashboard/overview:0
[15832414ms] [ERROR] Failed to load resource: net::ERR_CONNECTION_REFUSED @ http://localhost:4401/api/billing/ai-credits/summary:0
[15832414ms] [ERROR] Failed to load resource: net::ERR_CONNECTION_REFUSED @ http://localhost:4401/dashboard/alerts?limit=6:0
[15833048ms] [ERROR] Failed to load resource: net::ERR_CONNECTION_REFUSED @ http://localhost:4401/dashboard/overview:0
[15833049ms] [ERROR] Failed to load resource: net::ERR_CONNECTION_REFUSED @ http://localhost:4401/api/billing/ai-credits/summary:0
[15833049ms] [ERROR] Failed to load resource: net::ERR_CONNECTION_REFUSED @ http://localhost:4401/dashboard/alerts?limit=6:0
[15862198ms] [ERROR] Failed to load resource: net::ERR_CONNECTION_REFUSED @ http://localhost:4401/api/billing/ai-credits/summary:0
[15862407ms] [ERROR] Failed to load resource: net::ERR_CONNECTION_REFUSED @ http://localhost:4401/api/billing/ai-credits/summary:0
[15863013ms] [ERROR] Failed to load resource: net::ERR_CONNECTION_REFUSED @ http://localhost:4401/api/billing/ai-credits/summary:0
[15892203ms] [ERROR] Failed to load resource: net::ERR_CONNECTION_REFUSED @ http://localhost:4401/dashboard/overview:0
[15892203ms] [ERROR] Failed to load resource: net::ERR_CONNECTION_REFUSED @ http://localhost:4401/api/billing/ai-credits/summary:0
[15892203ms] [ERROR] Failed to load resource: net::ERR_CONNECTION_REFUSED @ http://localhost:4401/dashboard/alerts?limit=6:0
[15892408ms] [ERROR] Failed to load resource: net::ERR_CONNECTION_REFUSED @ http://localhost:4401/dashboard/overview:0
[15892409ms] [ERROR] Failed to load resource: net::ERR_CONNECTION_REFUSED @ http://localhost:4401/api/billing/ai-credits/summary:0
[15892409ms] [ERROR] Failed to load resource: net::ERR_CONNECTION_REFUSED @ http://localhost:4401/dashboard/alerts?limit=6:0
[15893018ms] [ERROR] Failed to load resource: net::ERR_CONNECTION_REFUSED @ http://localhost:4401/dashboard/overview:0
[15893018ms] [ERROR] Failed to load resource: net::ERR_CONNECTION_REFUSED @ http://localhost:4401/api/billing/ai-credits/summary:0
[15893018ms] [ERROR] Failed to load resource: net::ERR_CONNECTION_REFUSED @ http://localhost:4401/dashboard/alerts?limit=6:0
[15922196ms] [ERROR] Failed to load resource: net::ERR_CONNECTION_REFUSED @ http://localhost:4401/api/billing/ai-credits/summary:0
[15922406ms] [ERROR] Failed to load resource: net::ERR_CONNECTION_REFUSED @ http://localhost:4401/api/billing/ai-credits/summary:0
[15923012ms] [ERROR] Failed to load resource: net::ERR_CONNECTION_REFUSED @ http://localhost:4401/api/billing/ai-credits/summary:0
[15952204ms] [ERROR] Failed to load resource: net::ERR_CONNECTION_REFUSED @ http://localhost:4401/dashboard/overview:0
[15952204ms] [ERROR] Failed to load resource: net::ERR_CONNECTION_REFUSED @ http://localhost:4401/api/billing/ai-credits/summary:0
[15952204ms] [ERROR] Failed to load resource: net::ERR_CONNECTION_REFUSED @ http://localhost:4401/dashboard/alerts?limit=6:0
[15952414ms] [ERROR] Failed to load resource: net::ERR_CONNECTION_REFUSED @ http://localhost:4401/dashboard/overview:0
[15952414ms] [ERROR] Failed to load resource: net::ERR_CONNECTION_REFUSED @ http://localhost:4401/api/billing/ai-credits/summary:0
[15952414ms] [ERROR] Failed to load resource: net::ERR_CONNECTION_REFUSED @ http://localhost:4401/dashboard/alerts?limit=6:0
[15953025ms] [ERROR] Failed to load resource: net::ERR_CONNECTION_REFUSED @ http://localhost:4401/dashboard/overview:0
[15953025ms] [ERROR] Failed to load resource: net::ERR_CONNECTION_REFUSED @ http://localhost:4401/api/billing/ai-credits/summary:0
[15953025ms] [ERROR] Failed to load resource: net::ERR_CONNECTION_REFUSED @ http://localhost:4401/dashboard/alerts?limit=6:0
[15982202ms] [ERROR] Failed to load resource: net::ERR_CONNECTION_REFUSED @ http://localhost:4401/api/billing/ai-credits/summary:0
[15982412ms] [ERROR] Failed to load resource: net::ERR_CONNECTION_REFUSED @ http://localhost:4401/api/billing/ai-credits/summary:0
[15983016ms] [ERROR] Failed to load resource: net::ERR_CONNECTION_REFUSED @ http://localhost:4401/api/billing/ai-credits/summary:0
[16012204ms] [ERROR] Failed to load resource: net::ERR_CONNECTION_REFUSED @ http://localhost:4401/dashboard/overview:0
[16012204ms] [ERROR] Failed to load resource: net::ERR_CONNECTION_REFUSED @ http://localhost:4401/api/billing/ai-credits/summary:0
[16012204ms] [ERROR] Failed to load resource: net::ERR_CONNECTION_REFUSED @ http://localhost:4401/dashboard/alerts?limit=6:0
[16012414ms] [ERROR] Failed to load resource: net::ERR_CONNECTION_REFUSED @ http://localhost:4401/dashboard/overview:0
[16012414ms] [ERROR] Failed to load resource: net::ERR_CONNECTION_REFUSED @ http://localhost:4401/api/billing/ai-credits/summary:0
[16012415ms] [ERROR] Failed to load resource: net::ERR_CONNECTION_REFUSED @ http://localhost:4401/dashboard/alerts?limit=6:0
[16013020ms] [ERROR] Failed to load resource: net::ERR_CONNECTION_REFUSED @ http://localhost:4401/dashboard/overview:0
[16013020ms] [ERROR] Failed to load resource: net::ERR_CONNECTION_REFUSED @ http://localhost:4401/api/billing/ai-credits/summary:0
[16013020ms] [ERROR] Failed to load resource: net::ERR_CONNECTION_REFUSED @ http://localhost:4401/dashboard/alerts?limit=6:0
[16042196ms] [ERROR] Failed to load resource: net::ERR_CONNECTION_REFUSED @ http://localhost:4401/api/billing/ai-credits/summary:0
[16042401ms] [ERROR] Failed to load resource: net::ERR_CONNECTION_REFUSED @ http://localhost:4401/api/billing/ai-credits/summary:0
[16043004ms] [ERROR] Failed to load resource: net::ERR_CONNECTION_REFUSED @ http://localhost:4401/api/billing/ai-credits/summary:0
[16072213ms] [ERROR] Failed to load resource: net::ERR_CONNECTION_REFUSED @ http://localhost:4401/dashboard/overview:0
[16072214ms] [ERROR] Failed to load resource: net::ERR_CONNECTION_REFUSED @ http://localhost:4401/api/billing/ai-credits/summary:0
[16072214ms] [ERROR] Failed to load resource: net::ERR_CONNECTION_REFUSED @ http://localhost:4401/dashboard/alerts?limit=6:0
[16072422ms] [ERROR] Failed to load resource: net::ERR_CONNECTION_REFUSED @ http://localhost:4401/dashboard/overview:0
[16072423ms] [ERROR] Failed to load resource: net::ERR_CONNECTION_REFUSED @ http://localhost:4401/api/billing/ai-credits/summary:0
[16072423ms] [ERROR] Failed to load resource: net::ERR_CONNECTION_REFUSED @ http://localhost:4401/dashboard/alerts?limit=6:0
[16073034ms] [ERROR] Failed to load resource: net::ERR_CONNECTION_REFUSED @ http://localhost:4401/dashboard/overview:0
[16073034ms] [ERROR] Failed to load resource: net::ERR_CONNECTION_REFUSED @ http://localhost:4401/api/billing/ai-credits/summary:0
[16073034ms] [ERROR] Failed to load resource: net::ERR_CONNECTION_REFUSED @ http://localhost:4401/dashboard/alerts?limit=6:0
[16102203ms] [ERROR] Failed to load resource: net::ERR_CONNECTION_REFUSED @ http://localhost:4401/api/billing/ai-credits/summary:0
[16102411ms] [ERROR] Failed to load resource: net::ERR_CONNECTION_REFUSED @ http://localhost:4401/api/billing/ai-credits/summary:0
[16103020ms] [ERROR] Failed to load resource: net::ERR_CONNECTION_REFUSED @ http://localhost:4401/api/billing/ai-credits/summary:0
[16132204ms] [ERROR] Failed to load resource: net::ERR_CONNECTION_REFUSED @ http://localhost:4401/dashboard/overview:0
[16132204ms] [ERROR] Failed to load resource: net::ERR_CONNECTION_REFUSED @ http://localhost:4401/api/billing/ai-credits/summary:0
[16132204ms] [ERROR] Failed to load resource: net::ERR_CONNECTION_REFUSED @ http://localhost:4401/dashboard/alerts?limit=6:0
[16132416ms] [ERROR] Failed to load resource: net::ERR_CONNECTION_REFUSED @ http://localhost:4401/dashboard/overview:0
[16132416ms] [ERROR] Failed to load resource: net::ERR_CONNECTION_REFUSED @ http://localhost:4401/api/billing/ai-credits/summary:0
[16132416ms] [ERROR] Failed to load resource: net::ERR_CONNECTION_REFUSED @ http://localhost:4401/dashboard/alerts?limit=6:0
[16133028ms] [ERROR] Failed to load resource: net::ERR_CONNECTION_REFUSED @ http://localhost:4401/dashboard/overview:0
[16133028ms] [ERROR] Failed to load resource: net::ERR_CONNECTION_REFUSED @ http://localhost:4401/api/billing/ai-credits/summary:0
[16133028ms] [ERROR] Failed to load resource: net::ERR_CONNECTION_REFUSED @ http://localhost:4401/dashboard/alerts?limit=6:0
[16162205ms] [ERROR] Failed to load resource: net::ERR_CONNECTION_REFUSED @ http://localhost:4401/api/billing/ai-credits/summary:0
[16162414ms] [ERROR] Failed to load resource: net::ERR_CONNECTION_REFUSED @ http://localhost:4401/api/billing/ai-credits/summary:0
[16163019ms] [ERROR] Failed to load resource: net::ERR_CONNECTION_REFUSED @ http://localhost:4401/api/billing/ai-credits/summary:0
[16192206ms] [ERROR] Failed to load resource: net::ERR_CONNECTION_REFUSED @ http://localhost:4401/dashboard/overview:0
[16192206ms] [ERROR] Failed to load resource: net::ERR_CONNECTION_REFUSED @ http://localhost:4401/api/billing/ai-credits/summary:0
[16192206ms] [ERROR] Failed to load resource: net::ERR_CONNECTION_REFUSED @ http://localhost:4401/dashboard/alerts?limit=6:0
[16192418ms] [ERROR] Failed to load resource: net::ERR_CONNECTION_REFUSED @ http://localhost:4401/dashboard/overview:0
[16192418ms] [ERROR] Failed to load resource: net::ERR_CONNECTION_REFUSED @ http://localhost:4401/api/billing/ai-credits/summary:0
[16192418ms] [ERROR] Failed to load resource: net::ERR_CONNECTION_REFUSED @ http://localhost:4401/dashboard/alerts?limit=6:0
[16193030ms] [ERROR] Failed to load resource: net::ERR_CONNECTION_REFUSED @ http://localhost:4401/dashboard/overview:0
[16193030ms] [ERROR] Failed to load resource: net::ERR_CONNECTION_REFUSED @ http://localhost:4401/api/billing/ai-credits/summary:0
[16193031ms] [ERROR] Failed to load resource: net::ERR_CONNECTION_REFUSED @ http://localhost:4401/dashboard/alerts?limit=6:0
[16222205ms] [ERROR] Failed to load resource: net::ERR_CONNECTION_REFUSED @ http://localhost:4401/api/billing/ai-credits/summary:0
[16222412ms] [ERROR] Failed to load resource: net::ERR_CONNECTION_REFUSED @ http://localhost:4401/api/billing/ai-credits/summary:0
[16223022ms] [ERROR] Failed to load resource: net::ERR_CONNECTION_REFUSED @ http://localhost:4401/api/billing/ai-credits/summary:0
[16252206ms] [ERROR] Failed to load resource: net::ERR_CONNECTION_REFUSED @ http://localhost:4401/dashboard/overview:0
[16252206ms] [ERROR] Failed to load resource: net::ERR_CONNECTION_REFUSED @ http://localhost:4401/api/billing/ai-credits/summary:0
[16252206ms] [ERROR] Failed to load resource: net::ERR_CONNECTION_REFUSED @ http://localhost:4401/dashboard/alerts?limit=6:0
[16252417ms] [ERROR] Failed to load resource: net::ERR_CONNECTION_REFUSED @ http://localhost:4401/dashboard/overview:0
[16252417ms] [ERROR] Failed to load resource: net::ERR_CONNECTION_REFUSED @ http://localhost:4401/api/billing/ai-credits/summary:0
[16252417ms] [ERROR] Failed to load resource: net::ERR_CONNECTION_REFUSED @ http://localhost:4401/dashboard/alerts?limit=6:0
[16253025ms] [ERROR] Failed to load resource: net::ERR_CONNECTION_REFUSED @ http://localhost:4401/dashboard/overview:0
[16253025ms] [ERROR] Failed to load resource: net::ERR_CONNECTION_REFUSED @ http://localhost:4401/api/billing/ai-credits/summary:0
[16253026ms] [ERROR] Failed to load resource: net::ERR_CONNECTION_REFUSED @ http://localhost:4401/dashboard/alerts?limit=6:0
[16282206ms] [ERROR] Failed to load resource: net::ERR_CONNECTION_REFUSED @ http://localhost:4401/api/billing/ai-credits/summary:0
[16282413ms] [ERROR] Failed to load resource: net::ERR_CONNECTION_REFUSED @ http://localhost:4401/api/billing/ai-credits/summary:0
[16283025ms] [ERROR] Failed to load resource: net::ERR_CONNECTION_REFUSED @ http://localhost:4401/api/billing/ai-credits/summary:0
[16312208ms] [ERROR] Failed to load resource: net::ERR_CONNECTION_REFUSED @ http://localhost:4401/dashboard/overview:0
[16312208ms] [ERROR] Failed to load resource: net::ERR_CONNECTION_REFUSED @ http://localhost:4401/api/billing/ai-credits/summary:0
[16312209ms] [ERROR] Failed to load resource: net::ERR_CONNECTION_REFUSED @ http://localhost:4401/dashboard/alerts?limit=6:0
[16312416ms] [ERROR] Failed to load resource: net::ERR_CONNECTION_REFUSED @ http://localhost:4401/dashboard/overview:0
[16312416ms] [ERROR] Failed to load resource: net::ERR_CONNECTION_REFUSED @ http://localhost:4401/api/billing/ai-credits/summary:0
[16312416ms] [ERROR] Failed to load resource: net::ERR_CONNECTION_REFUSED @ http://localhost:4401/dashboard/alerts?limit=6:0
[16313029ms] [ERROR] Failed to load resource: net::ERR_CONNECTION_REFUSED @ http://localhost:4401/dashboard/overview:0
[16313029ms] [ERROR] Failed to load resource: net::ERR_CONNECTION_REFUSED @ http://localhost:4401/api/billing/ai-credits/summary:0
[16313029ms] [ERROR] Failed to load resource: net::ERR_CONNECTION_REFUSED @ http://localhost:4401/dashboard/alerts?limit=6:0
[16342206ms] [ERROR] Failed to load resource: net::ERR_CONNECTION_REFUSED @ http://localhost:4401/api/billing/ai-credits/summary:0
[16342415ms] [ERROR] Failed to load resource: net::ERR_CONNECTION_REFUSED @ http://localhost:4401/api/billing/ai-credits/summary:0
[16343025ms] [ERROR] Failed to load resource: net::ERR_CONNECTION_REFUSED @ http://localhost:4401/api/billing/ai-credits/summary:0
[16372202ms] [ERROR] Failed to load resource: net::ERR_CONNECTION_REFUSED @ http://localhost:4401/dashboard/overview:0
[16372202ms] [ERROR] Failed to load resource: net::ERR_CONNECTION_REFUSED @ http://localhost:4401/api/billing/ai-credits/summary:0
[16372202ms] [ERROR] Failed to load resource: net::ERR_CONNECTION_REFUSED @ http://localhost:4401/dashboard/alerts?limit=6:0
[16372413ms] [ERROR] Failed to load resource: net::ERR_CONNECTION_REFUSED @ http://localhost:4401/dashboard/overview:0
[16372414ms] [ERROR] Failed to load resource: net::ERR_CONNECTION_REFUSED @ http://localhost:4401/api/billing/ai-credits/summary:0
[16372414ms] [ERROR] Failed to load resource: net::ERR_CONNECTION_REFUSED @ http://localhost:4401/dashboard/alerts?limit=6:0
[16373018ms] [ERROR] Failed to load resource: net::ERR_CONNECTION_REFUSED @ http://localhost:4401/dashboard/overview:0
[16373018ms] [ERROR] Failed to load resource: net::ERR_CONNECTION_REFUSED @ http://localhost:4401/api/billing/ai-credits/summary:0
[16373018ms] [ERROR] Failed to load resource: net::ERR_CONNECTION_REFUSED @ http://localhost:4401/dashboard/alerts?limit=6:0
[16402206ms] [ERROR] Failed to load resource: net::ERR_CONNECTION_REFUSED @ http://localhost:4401/api/billing/ai-credits/summary:0
[16402415ms] [ERROR] Failed to load resource: net::ERR_CONNECTION_REFUSED @ http://localhost:4401/api/billing/ai-credits/summary:0
[16403023ms] [ERROR] Failed to load resource: net::ERR_CONNECTION_REFUSED @ http://localhost:4401/api/billing/ai-credits/summary:0
[16432204ms] [ERROR] Failed to load resource: net::ERR_CONNECTION_REFUSED @ http://localhost:4401/dashboard/overview:0
[16432204ms] [ERROR] Failed to load resource: net::ERR_CONNECTION_REFUSED @ http://localhost:4401/api/billing/ai-credits/summary:0
[16432204ms] [ERROR] Failed to load resource: net::ERR_CONNECTION_REFUSED @ http://localhost:4401/dashboard/alerts?limit=6:0
[16432413ms] [ERROR] Failed to load resource: net::ERR_CONNECTION_REFUSED @ http://localhost:4401/dashboard/overview:0
[16432413ms] [ERROR] Failed to load resource: net::ERR_CONNECTION_REFUSED @ http://localhost:4401/api/billing/ai-credits/summary:0
[16432413ms] [ERROR] Failed to load resource: net::ERR_CONNECTION_REFUSED @ http://localhost:4401/dashboard/alerts?limit=6:0
[16433026ms] [ERROR] Failed to load resource: net::ERR_CONNECTION_REFUSED @ http://localhost:4401/dashboard/overview:0
[16433026ms] [ERROR] Failed to load resource: net::ERR_CONNECTION_REFUSED @ http://localhost:4401/api/billing/ai-credits/summary:0
[16433026ms] [ERROR] Failed to load resource: net::ERR_CONNECTION_REFUSED @ http://localhost:4401/dashboard/alerts?limit=6:0
[16462206ms] [ERROR] Failed to load resource: net::ERR_CONNECTION_REFUSED @ http://localhost:4401/api/billing/ai-credits/summary:0
[16462417ms] [ERROR] Failed to load resource: net::ERR_CONNECTION_REFUSED @ http://localhost:4401/api/billing/ai-credits/summary:0
[16463021ms] [ERROR] Failed to load resource: net::ERR_CONNECTION_REFUSED @ http://localhost:4401/api/billing/ai-credits/summary:0
[16492208ms] [ERROR] Failed to load resource: net::ERR_CONNECTION_REFUSED @ http://localhost:4401/dashboard/overview:0
[16492209ms] [ERROR] Failed to load resource: net::ERR_CONNECTION_REFUSED @ http://localhost:4401/api/billing/ai-credits/summary:0
[16492209ms] [ERROR] Failed to load resource: net::ERR_CONNECTION_REFUSED @ http://localhost:4401/dashboard/alerts?limit=6:0
[16492419ms] [ERROR] Failed to load resource: net::ERR_CONNECTION_REFUSED @ http://localhost:4401/dashboard/overview:0
[16492419ms] [ERROR] Failed to load resource: net::ERR_CONNECTION_REFUSED @ http://localhost:4401/api/billing/ai-credits/summary:0
[16492419ms] [ERROR] Failed to load resource: net::ERR_CONNECTION_REFUSED @ http://localhost:4401/dashboard/alerts?limit=6:0
[16493033ms] [ERROR] Failed to load resource: net::ERR_CONNECTION_REFUSED @ http://localhost:4401/dashboard/overview:0
[16493033ms] [ERROR] Failed to load resource: net::ERR_CONNECTION_REFUSED @ http://localhost:4401/api/billing/ai-credits/summary:0
[16493033ms] [ERROR] Failed to load resource: net::ERR_CONNECTION_REFUSED @ http://localhost:4401/dashboard/alerts?limit=6:0
[16522207ms] [ERROR] Failed to load resource: net::ERR_CONNECTION_REFUSED @ http://localhost:4401/api/billing/ai-credits/summary:0
[16522415ms] [ERROR] Failed to load resource: net::ERR_CONNECTION_REFUSED @ http://localhost:4401/api/billing/ai-credits/summary:0
[16523024ms] [ERROR] Failed to load resource: net::ERR_CONNECTION_REFUSED @ http://localhost:4401/api/billing/ai-credits/summary:0
[16552209ms] [ERROR] Failed to load resource: net::ERR_CONNECTION_REFUSED @ http://localhost:4401/dashboard/overview:0
[16552209ms] [ERROR] Failed to load resource: net::ERR_CONNECTION_REFUSED @ http://localhost:4401/api/billing/ai-credits/summary:0
[16552209ms] [ERROR] Failed to load resource: net::ERR_CONNECTION_REFUSED @ http://localhost:4401/dashboard/alerts?limit=6:0
[16552413ms] [ERROR] Failed to load resource: net::ERR_CONNECTION_REFUSED @ http://localhost:4401/dashboard/overview:0
[16552414ms] [ERROR] Failed to load resource: net::ERR_CONNECTION_REFUSED @ http://localhost:4401/api/billing/ai-credits/summary:0
[16552414ms] [ERROR] Failed to load resource: net::ERR_CONNECTION_REFUSED @ http://localhost:4401/dashboard/alerts?limit=6:0
[16553026ms] [ERROR] Failed to load resource: net::ERR_CONNECTION_REFUSED @ http://localhost:4401/dashboard/overview:0
[16553027ms] [ERROR] Failed to load resource: net::ERR_CONNECTION_REFUSED @ http://localhost:4401/api/billing/ai-credits/summary:0
[16553027ms] [ERROR] Failed to load resource: net::ERR_CONNECTION_REFUSED @ http://localhost:4401/dashboard/alerts?limit=6:0
[16582208ms] [ERROR] Failed to load resource: net::ERR_CONNECTION_REFUSED @ http://localhost:4401/api/billing/ai-credits/summary:0
[16582417ms] [ERROR] Failed to load resource: net::ERR_CONNECTION_REFUSED @ http://localhost:4401/api/billing/ai-credits/summary:0
[16583026ms] [ERROR] Failed to load resource: net::ERR_CONNECTION_REFUSED @ http://localhost:4401/api/billing/ai-credits/summary:0
[16612212ms] [ERROR] Failed to load resource: net::ERR_CONNECTION_REFUSED @ http://localhost:4401/dashboard/overview:0
[16612212ms] [ERROR] Failed to load resource: net::ERR_CONNECTION_REFUSED @ http://localhost:4401/api/billing/ai-credits/summary:0
[16612212ms] [ERROR] Failed to load resource: net::ERR_CONNECTION_REFUSED @ http://localhost:4401/dashboard/alerts?limit=6:0
[16612420ms] [ERROR] Failed to load resource: net::ERR_CONNECTION_REFUSED @ http://localhost:4401/dashboard/overview:0
[16612420ms] [ERROR] Failed to load resource: net::ERR_CONNECTION_REFUSED @ http://localhost:4401/api/billing/ai-credits/summary:0
[16612420ms] [ERROR] Failed to load resource: net::ERR_CONNECTION_REFUSED @ http://localhost:4401/dashboard/alerts?limit=6:0
[16613032ms] [ERROR] Failed to load resource: net::ERR_CONNECTION_REFUSED @ http://localhost:4401/dashboard/overview:0
[16613032ms] [ERROR] Failed to load resource: net::ERR_CONNECTION_REFUSED @ http://localhost:4401/api/billing/ai-credits/summary:0
[16613032ms] [ERROR] Failed to load resource: net::ERR_CONNECTION_REFUSED @ http://localhost:4401/dashboard/alerts?limit=6:0
[16642205ms] [ERROR] Failed to load resource: net::ERR_CONNECTION_REFUSED @ http://localhost:4401/api/billing/ai-credits/summary:0
[16642409ms] [ERROR] Failed to load resource: net::ERR_CONNECTION_REFUSED @ http://localhost:4401/api/billing/ai-credits/summary:0
[16643013ms] [ERROR] Failed to load resource: net::ERR_CONNECTION_REFUSED @ http://localhost:4401/api/billing/ai-credits/summary:0
[16672217ms] [ERROR] Failed to load resource: net::ERR_CONNECTION_REFUSED @ http://localhost:4401/dashboard/overview:0
[16672217ms] [ERROR] Failed to load resource: net::ERR_CONNECTION_REFUSED @ http://localhost:4401/api/billing/ai-credits/summary:0
[16672217ms] [ERROR] Failed to load resource: net::ERR_CONNECTION_REFUSED @ http://localhost:4401/dashboard/alerts?limit=6:0
[16672426ms] [ERROR] Failed to load resource: net::ERR_CONNECTION_REFUSED @ http://localhost:4401/dashboard/overview:0
[16672426ms] [ERROR] Failed to load resource: net::ERR_CONNECTION_REFUSED @ http://localhost:4401/api/billing/ai-credits/summary:0
[16672427ms] [ERROR] Failed to load resource: net::ERR_CONNECTION_REFUSED @ http://localhost:4401/dashboard/alerts?limit=6:0
[16673036ms] [ERROR] Failed to load resource: net::ERR_CONNECTION_REFUSED @ http://localhost:4401/dashboard/overview:0
[16673037ms] [ERROR] Failed to load resource: net::ERR_CONNECTION_REFUSED @ http://localhost:4401/api/billing/ai-credits/summary:0
[16673039ms] [ERROR] Failed to load resource: net::ERR_CONNECTION_REFUSED @ http://localhost:4401/dashboard/alerts?limit=6:0
[16702211ms] [ERROR] Failed to load resource: net::ERR_CONNECTION_REFUSED @ http://localhost:4401/api/billing/ai-credits/summary:0
[16702421ms] [ERROR] Failed to load resource: net::ERR_CONNECTION_REFUSED @ http://localhost:4401/api/billing/ai-credits/summary:0
[16703028ms] [ERROR] Failed to load resource: net::ERR_CONNECTION_REFUSED @ http://localhost:4401/api/billing/ai-credits/summary:0
[16732210ms] [ERROR] Failed to load resource: net::ERR_CONNECTION_REFUSED @ http://localhost:4401/dashboard/overview:0
[16732211ms] [ERROR] Failed to load resource: net::ERR_CONNECTION_REFUSED @ http://localhost:4401/api/billing/ai-credits/summary:0
[16732212ms] [ERROR] Failed to load resource: net::ERR_CONNECTION_REFUSED @ http://localhost:4401/dashboard/alerts?limit=6:0
[16732425ms] [ERROR] Failed to load resource: net::ERR_CONNECTION_REFUSED @ http://localhost:4401/dashboard/overview:0
[16732425ms] [ERROR] Failed to load resource: net::ERR_CONNECTION_REFUSED @ http://localhost:4401/api/billing/ai-credits/summary:0
[16732425ms] [ERROR] Failed to load resource: net::ERR_CONNECTION_REFUSED @ http://localhost:4401/dashboard/alerts?limit=6:0
[16733037ms] [ERROR] Failed to load resource: net::ERR_CONNECTION_REFUSED @ http://localhost:4401/dashboard/overview:0
[16733038ms] [ERROR] Failed to load resource: net::ERR_CONNECTION_REFUSED @ http://localhost:4401/api/billing/ai-credits/summary:0
[16733038ms] [ERROR] Failed to load resource: net::ERR_CONNECTION_REFUSED @ http://localhost:4401/dashboard/alerts?limit=6:0
[16762211ms] [ERROR] Failed to load resource: net::ERR_CONNECTION_REFUSED @ http://localhost:4401/api/billing/ai-credits/summary:0
[16762420ms] [ERROR] Failed to load resource: net::ERR_CONNECTION_REFUSED @ http://localhost:4401/api/billing/ai-credits/summary:0
[16763027ms] [ERROR] Failed to load resource: net::ERR_CONNECTION_REFUSED @ http://localhost:4401/api/billing/ai-credits/summary:0
[16792212ms] [ERROR] Failed to load resource: net::ERR_CONNECTION_REFUSED @ http://localhost:4401/dashboard/overview:0
[16792212ms] [ERROR] Failed to load resource: net::ERR_CONNECTION_REFUSED @ http://localhost:4401/api/billing/ai-credits/summary:0
[16792213ms] [ERROR] Failed to load resource: net::ERR_CONNECTION_REFUSED @ http://localhost:4401/dashboard/alerts?limit=6:0
[16792425ms] [ERROR] Failed to load resource: net::ERR_CONNECTION_REFUSED @ http://localhost:4401/dashboard/overview:0
[16792425ms] [ERROR] Failed to load resource: net::ERR_CONNECTION_REFUSED @ http://localhost:4401/api/billing/ai-credits/summary:0
[16792425ms] [ERROR] Failed to load resource: net::ERR_CONNECTION_REFUSED @ http://localhost:4401/dashboard/alerts?limit=6:0
[16793036ms] [ERROR] Failed to load resource: net::ERR_CONNECTION_REFUSED @ http://localhost:4401/dashboard/overview:0
[16793036ms] [ERROR] Failed to load resource: net::ERR_CONNECTION_REFUSED @ http://localhost:4401/api/billing/ai-credits/summary:0
[16793036ms] [ERROR] Failed to load resource: net::ERR_CONNECTION_REFUSED @ http://localhost:4401/dashboard/alerts?limit=6:0
[16822212ms] [ERROR] Failed to load resource: net::ERR_CONNECTION_REFUSED @ http://localhost:4401/api/billing/ai-credits/summary:0
[16822420ms] [ERROR] Failed to load resource: net::ERR_CONNECTION_REFUSED @ http://localhost:4401/api/billing/ai-credits/summary:0
[16823031ms] [ERROR] Failed to load resource: net::ERR_CONNECTION_REFUSED @ http://localhost:4401/api/billing/ai-credits/summary:0
[16852214ms] [ERROR] Failed to load resource: net::ERR_CONNECTION_REFUSED @ http://localhost:4401/dashboard/overview:0
[16852214ms] [ERROR] Failed to load resource: net::ERR_CONNECTION_REFUSED @ http://localhost:4401/api/billing/ai-credits/summary:0
[16852214ms] [ERROR] Failed to load resource: net::ERR_CONNECTION_REFUSED @ http://localhost:4401/dashboard/alerts?limit=6:0
[16852427ms] [ERROR] Failed to load resource: net::ERR_CONNECTION_REFUSED @ http://localhost:4401/dashboard/overview:0
[16852427ms] [ERROR] Failed to load resource: net::ERR_CONNECTION_REFUSED @ http://localhost:4401/api/billing/ai-credits/summary:0
[16852427ms] [ERROR] Failed to load resource: net::ERR_CONNECTION_REFUSED @ http://localhost:4401/dashboard/alerts?limit=6:0
[16853041ms] [ERROR] Failed to load resource: net::ERR_CONNECTION_REFUSED @ http://localhost:4401/dashboard/overview:0
[16853041ms] [ERROR] Failed to load resource: net::ERR_CONNECTION_REFUSED @ http://localhost:4401/api/billing/ai-credits/summary:0
[16853042ms] [ERROR] Failed to load resource: net::ERR_CONNECTION_REFUSED @ http://localhost:4401/dashboard/alerts?limit=6:0
[16882215ms] [ERROR] Failed to load resource: net::ERR_CONNECTION_REFUSED @ http://localhost:4401/api/billing/ai-credits/summary:0
[16882422ms] [ERROR] Failed to load resource: net::ERR_CONNECTION_REFUSED @ http://localhost:4401/api/billing/ai-credits/summary:0
[16883032ms] [ERROR] Failed to load resource: net::ERR_CONNECTION_REFUSED @ http://localhost:4401/api/billing/ai-credits/summary:0
[16912214ms] [ERROR] Failed to load resource: net::ERR_CONNECTION_REFUSED @ http://localhost:4401/dashboard/overview:0
[16912214ms] [ERROR] Failed to load resource: net::ERR_CONNECTION_REFUSED @ http://localhost:4401/api/billing/ai-credits/summary:0
[16912214ms] [ERROR] Failed to load resource: net::ERR_CONNECTION_REFUSED @ http://localhost:4401/dashboard/alerts?limit=6:0
[16912425ms] [ERROR] Failed to load resource: net::ERR_CONNECTION_REFUSED @ http://localhost:4401/dashboard/overview:0
[16912427ms] [ERROR] Failed to load resource: net::ERR_CONNECTION_REFUSED @ http://localhost:4401/api/billing/ai-credits/summary:0
[16912427ms] [ERROR] Failed to load resource: net::ERR_CONNECTION_REFUSED @ http://localhost:4401/dashboard/alerts?limit=6:0
[16913036ms] [ERROR] Failed to load resource: net::ERR_CONNECTION_REFUSED @ http://localhost:4401/dashboard/overview:0
[16913036ms] [ERROR] Failed to load resource: net::ERR_CONNECTION_REFUSED @ http://localhost:4401/api/billing/ai-credits/summary:0
[16913037ms] [ERROR] Failed to load resource: net::ERR_CONNECTION_REFUSED @ http://localhost:4401/dashboard/alerts?limit=6:0
[16942213ms] [ERROR] Failed to load resource: net::ERR_CONNECTION_REFUSED @ http://localhost:4401/api/billing/ai-credits/summary:0
[16942419ms] [ERROR] Failed to load resource: net::ERR_CONNECTION_REFUSED @ http://localhost:4401/api/billing/ai-credits/summary:0
[16943028ms] [ERROR] Failed to load resource: net::ERR_CONNECTION_REFUSED @ http://localhost:4401/api/billing/ai-credits/summary:0
[16972214ms] [ERROR] Failed to load resource: net::ERR_CONNECTION_REFUSED @ http://localhost:4401/dashboard/overview:0
[16972214ms] [ERROR] Failed to load resource: net::ERR_CONNECTION_REFUSED @ http://localhost:4401/api/billing/ai-credits/summary:0
[16972214ms] [ERROR] Failed to load resource: net::ERR_CONNECTION_REFUSED @ http://localhost:4401/dashboard/alerts?limit=6:0
[16972426ms] [ERROR] Failed to load resource: net::ERR_CONNECTION_REFUSED @ http://localhost:4401/dashboard/overview:0
[16972426ms] [ERROR] Failed to load resource: net::ERR_CONNECTION_REFUSED @ http://localhost:4401/api/billing/ai-credits/summary:0
[16972426ms] [ERROR] Failed to load resource: net::ERR_CONNECTION_REFUSED @ http://localhost:4401/dashboard/alerts?limit=6:0
[16973038ms] [ERROR] Failed to load resource: net::ERR_CONNECTION_REFUSED @ http://localhost:4401/dashboard/overview:0
[16973038ms] [ERROR] Failed to load resource: net::ERR_CONNECTION_REFUSED @ http://localhost:4401/api/billing/ai-credits/summary:0
[16973038ms] [ERROR] Failed to load resource: net::ERR_CONNECTION_REFUSED @ http://localhost:4401/dashboard/alerts?limit=6:0
[17002214ms] [ERROR] Failed to load resource: net::ERR_CONNECTION_REFUSED @ http://localhost:4401/api/billing/ai-credits/summary:0
[17002423ms] [ERROR] Failed to load resource: net::ERR_CONNECTION_REFUSED @ http://localhost:4401/api/billing/ai-credits/summary:0
[17003031ms] [ERROR] Failed to load resource: net::ERR_CONNECTION_REFUSED @ http://localhost:4401/api/billing/ai-credits/summary:0
[17032214ms] [ERROR] Failed to load resource: net::ERR_CONNECTION_REFUSED @ http://localhost:4401/dashboard/overview:0
[17032214ms] [ERROR] Failed to load resource: net::ERR_CONNECTION_REFUSED @ http://localhost:4401/api/billing/ai-credits/summary:0
[17032214ms] [ERROR] Failed to load resource: net::ERR_CONNECTION_REFUSED @ http://localhost:4401/dashboard/alerts?limit=6:0
[17032425ms] [ERROR] Failed to load resource: net::ERR_CONNECTION_REFUSED @ http://localhost:4401/dashboard/overview:0
[17032425ms] [ERROR] Failed to load resource: net::ERR_CONNECTION_REFUSED @ http://localhost:4401/api/billing/ai-credits/summary:0
[17032425ms] [ERROR] Failed to load resource: net::ERR_CONNECTION_REFUSED @ http://localhost:4401/dashboard/alerts?limit=6:0
[17033034ms] [ERROR] Failed to load resource: net::ERR_CONNECTION_REFUSED @ http://localhost:4401/dashboard/overview:0
[17033034ms] [ERROR] Failed to load resource: net::ERR_CONNECTION_REFUSED @ http://localhost:4401/api/billing/ai-credits/summary:0
[17033035ms] [ERROR] Failed to load resource: net::ERR_CONNECTION_REFUSED @ http://localhost:4401/dashboard/alerts?limit=6:0
[17062213ms] [ERROR] Failed to load resource: net::ERR_CONNECTION_REFUSED @ http://localhost:4401/api/billing/ai-credits/summary:0
[17062422ms] [ERROR] Failed to load resource: net::ERR_CONNECTION_REFUSED @ http://localhost:4401/api/billing/ai-credits/summary:0
[17063030ms] [ERROR] Failed to load resource: net::ERR_CONNECTION_REFUSED @ http://localhost:4401/api/billing/ai-credits/summary:0
[17092214ms] [ERROR] Failed to load resource: net::ERR_CONNECTION_REFUSED @ http://localhost:4401/dashboard/overview:0
[17092214ms] [ERROR] Failed to load resource: net::ERR_CONNECTION_REFUSED @ http://localhost:4401/api/billing/ai-credits/summary:0
[17092214ms] [ERROR] Failed to load resource: net::ERR_CONNECTION_REFUSED @ http://localhost:4401/dashboard/alerts?limit=6:0
[17092425ms] [ERROR] Failed to load resource: net::ERR_CONNECTION_REFUSED @ http://localhost:4401/dashboard/overview:0
[17092425ms] [ERROR] Failed to load resource: net::ERR_CONNECTION_REFUSED @ http://localhost:4401/api/billing/ai-credits/summary:0
[17092425ms] [ERROR] Failed to load resource: net::ERR_CONNECTION_REFUSED @ http://localhost:4401/dashboard/alerts?limit=6:0
[17093031ms] [ERROR] Failed to load resource: net::ERR_CONNECTION_REFUSED @ http://localhost:4401/dashboard/overview:0
[17093031ms] [ERROR] Failed to load resource: net::ERR_CONNECTION_REFUSED @ http://localhost:4401/api/billing/ai-credits/summary:0
[17093031ms] [ERROR] Failed to load resource: net::ERR_CONNECTION_REFUSED @ http://localhost:4401/dashboard/alerts?limit=6:0
[17122214ms] [ERROR] Failed to load resource: net::ERR_CONNECTION_REFUSED @ http://localhost:4401/api/billing/ai-credits/summary:0
[17122423ms] [ERROR] Failed to load resource: net::ERR_CONNECTION_REFUSED @ http://localhost:4401/api/billing/ai-credits/summary:0
[17123033ms] [ERROR] Failed to load resource: net::ERR_CONNECTION_REFUSED @ http://localhost:4401/api/billing/ai-credits/summary:0
[17152213ms] [ERROR] Failed to load resource: net::ERR_CONNECTION_REFUSED @ http://localhost:4401/dashboard/overview:0
[17152213ms] [ERROR] Failed to load resource: net::ERR_CONNECTION_REFUSED @ http://localhost:4401/api/billing/ai-credits/summary:0
[17152213ms] [ERROR] Failed to load resource: net::ERR_CONNECTION_REFUSED @ http://localhost:4401/dashboard/alerts?limit=6:0
[17152423ms] [ERROR] Failed to load resource: net::ERR_CONNECTION_REFUSED @ http://localhost:4401/dashboard/overview:0
[17152423ms] [ERROR] Failed to load resource: net::ERR_CONNECTION_REFUSED @ http://localhost:4401/api/billing/ai-credits/summary:0
[17152424ms] [ERROR] Failed to load resource: net::ERR_CONNECTION_REFUSED @ http://localhost:4401/dashboard/alerts?limit=6:0
[17153030ms] [ERROR] Failed to load resource: net::ERR_CONNECTION_REFUSED @ http://localhost:4401/dashboard/overview:0
[17153030ms] [ERROR] Failed to load resource: net::ERR_CONNECTION_REFUSED @ http://localhost:4401/api/billing/ai-credits/summary:0
[17153031ms] [ERROR] Failed to load resource: net::ERR_CONNECTION_REFUSED @ http://localhost:4401/dashboard/alerts?limit=6:0
[17182214ms] [ERROR] Failed to load resource: net::ERR_CONNECTION_REFUSED @ http://localhost:4401/api/billing/ai-credits/summary:0
[17182422ms] [ERROR] Failed to load resource: net::ERR_CONNECTION_REFUSED @ http://localhost:4401/api/billing/ai-credits/summary:0
[17183031ms] [ERROR] Failed to load resource: net::ERR_CONNECTION_REFUSED @ http://localhost:4401/api/billing/ai-credits/summary:0
[17212216ms] [ERROR] Failed to load resource: net::ERR_CONNECTION_REFUSED @ http://localhost:4401/dashboard/overview:0
[17212216ms] [ERROR] Failed to load resource: net::ERR_CONNECTION_REFUSED @ http://localhost:4401/api/billing/ai-credits/summary:0
[17212217ms] [ERROR] Failed to load resource: net::ERR_CONNECTION_REFUSED @ http://localhost:4401/dashboard/alerts?limit=6:0
[17212426ms] [ERROR] Failed to load resource: net::ERR_CONNECTION_REFUSED @ http://localhost:4401/dashboard/overview:0
[17212426ms] [ERROR] Failed to load resource: net::ERR_CONNECTION_REFUSED @ http://localhost:4401/api/billing/ai-credits/summary:0
[17212426ms] [ERROR] Failed to load resource: net::ERR_CONNECTION_REFUSED @ http://localhost:4401/dashboard/alerts?limit=6:0
[17213037ms] [ERROR] Failed to load resource: net::ERR_CONNECTION_REFUSED @ http://localhost:4401/dashboard/overview:0
[17213037ms] [ERROR] Failed to load resource: net::ERR_CONNECTION_REFUSED @ http://localhost:4401/api/billing/ai-credits/summary:0
[17213038ms] [ERROR] Failed to load resource: net::ERR_CONNECTION_REFUSED @ http://localhost:4401/dashboard/alerts?limit=6:0
[17242211ms] [ERROR] Failed to load resource: net::ERR_CONNECTION_REFUSED @ http://localhost:4401/api/billing/ai-credits/summary:0
[17242417ms] [ERROR] Failed to load resource: net::ERR_CONNECTION_REFUSED @ http://localhost:4401/api/billing/ai-credits/summary:0
[17243021ms] [ERROR] Failed to load resource: net::ERR_CONNECTION_REFUSED @ http://localhost:4401/api/billing/ai-credits/summary:0
[17272219ms] [ERROR] Failed to load resource: net::ERR_CONNECTION_REFUSED @ http://localhost:4401/dashboard/overview:0
[17272219ms] [ERROR] Failed to load resource: net::ERR_CONNECTION_REFUSED @ http://localhost:4401/api/billing/ai-credits/summary:0
[17272220ms] [ERROR] Failed to load resource: net::ERR_CONNECTION_REFUSED @ http://localhost:4401/dashboard/alerts?limit=6:0
[17272427ms] [ERROR] Failed to load resource: net::ERR_CONNECTION_REFUSED @ http://localhost:4401/dashboard/overview:0
[17272428ms] [ERROR] Failed to load resource: net::ERR_CONNECTION_REFUSED @ http://localhost:4401/api/billing/ai-credits/summary:0
[17272428ms] [ERROR] Failed to load resource: net::ERR_CONNECTION_REFUSED @ http://localhost:4401/dashboard/alerts?limit=6:0
[17273038ms] [ERROR] Failed to load resource: net::ERR_CONNECTION_REFUSED @ http://localhost:4401/dashboard/overview:0
[17273038ms] [ERROR] Failed to load resource: net::ERR_CONNECTION_REFUSED @ http://localhost:4401/api/billing/ai-credits/summary:0
[17273038ms] [ERROR] Failed to load resource: net::ERR_CONNECTION_REFUSED @ http://localhost:4401/dashboard/alerts?limit=6:0
[17302219ms] [ERROR] Failed to load resource: net::ERR_CONNECTION_REFUSED @ http://localhost:4401/api/billing/ai-credits/summary:0
[17302427ms] [ERROR] Failed to load resource: net::ERR_CONNECTION_REFUSED @ http://localhost:4401/api/billing/ai-credits/summary:0
[17303031ms] [ERROR] Failed to load resource: net::ERR_CONNECTION_REFUSED @ http://localhost:4401/api/billing/ai-credits/summary:0
[17332218ms] [ERROR] Failed to load resource: net::ERR_CONNECTION_REFUSED @ http://localhost:4401/dashboard/overview:0
[17332218ms] [ERROR] Failed to load resource: net::ERR_CONNECTION_REFUSED @ http://localhost:4401/api/billing/ai-credits/summary:0
[17332219ms] [ERROR] Failed to load resource: net::ERR_CONNECTION_REFUSED @ http://localhost:4401/dashboard/alerts?limit=6:0
[17332431ms] [ERROR] Failed to load resource: net::ERR_CONNECTION_REFUSED @ http://localhost:4401/dashboard/overview:0
[17332431ms] [ERROR] Failed to load resource: net::ERR_CONNECTION_REFUSED @ http://localhost:4401/api/billing/ai-credits/summary:0
[17332431ms] [ERROR] Failed to load resource: net::ERR_CONNECTION_REFUSED @ http://localhost:4401/dashboard/alerts?limit=6:0
[17333043ms] [ERROR] Failed to load resource: net::ERR_CONNECTION_REFUSED @ http://localhost:4401/dashboard/overview:0
[17333043ms] [ERROR] Failed to load resource: net::ERR_CONNECTION_REFUSED @ http://localhost:4401/api/billing/ai-credits/summary:0
[17333043ms] [ERROR] Failed to load resource: net::ERR_CONNECTION_REFUSED @ http://localhost:4401/dashboard/alerts?limit=6:0
[17362218ms] [ERROR] Failed to load resource: net::ERR_CONNECTION_REFUSED @ http://localhost:4401/api/billing/ai-credits/summary:0
[17362428ms] [ERROR] Failed to load resource: net::ERR_CONNECTION_REFUSED @ http://localhost:4401/api/billing/ai-credits/summary:0
[17363034ms] [ERROR] Failed to load resource: net::ERR_CONNECTION_REFUSED @ http://localhost:4401/api/billing/ai-credits/summary:0
[17392219ms] [ERROR] Failed to load resource: net::ERR_CONNECTION_REFUSED @ http://localhost:4401/dashboard/overview:0
[17392219ms] [ERROR] Failed to load resource: net::ERR_CONNECTION_REFUSED @ http://localhost:4401/api/billing/ai-credits/summary:0
[17392219ms] [ERROR] Failed to load resource: net::ERR_CONNECTION_REFUSED @ http://localhost:4401/dashboard/alerts?limit=6:0
[17392431ms] [ERROR] Failed to load resource: net::ERR_CONNECTION_REFUSED @ http://localhost:4401/dashboard/overview:0
[17392431ms] [ERROR] Failed to load resource: net::ERR_CONNECTION_REFUSED @ http://localhost:4401/api/billing/ai-credits/summary:0
[17392431ms] [ERROR] Failed to load resource: net::ERR_CONNECTION_REFUSED @ http://localhost:4401/dashboard/alerts?limit=6:0
[17393043ms] [ERROR] Failed to load resource: net::ERR_CONNECTION_REFUSED @ http://localhost:4401/dashboard/overview:0
[17393043ms] [ERROR] Failed to load resource: net::ERR_CONNECTION_REFUSED @ http://localhost:4401/api/billing/ai-credits/summary:0
[17393043ms] [ERROR] Failed to load resource: net::ERR_CONNECTION_REFUSED @ http://localhost:4401/dashboard/alerts?limit=6:0
[17422216ms] [ERROR] Failed to load resource: net::ERR_CONNECTION_REFUSED @ http://localhost:4401/api/billing/ai-credits/summary:0
[17422426ms] [ERROR] Failed to load resource: net::ERR_CONNECTION_REFUSED @ http://localhost:4401/api/billing/ai-credits/summary:0
[17423035ms] [ERROR] Failed to load resource: net::ERR_CONNECTION_REFUSED @ http://localhost:4401/api/billing/ai-credits/summary:0
[17452221ms] [ERROR] Failed to load resource: net::ERR_CONNECTION_REFUSED @ http://localhost:4401/dashboard/overview:0
[17452221ms] [ERROR] Failed to load resource: net::ERR_CONNECTION_REFUSED @ http://localhost:4401/api/billing/ai-credits/summary:0
[17452221ms] [ERROR] Failed to load resource: net::ERR_CONNECTION_REFUSED @ http://localhost:4401/dashboard/alerts?limit=6:0
[17452434ms] [ERROR] Failed to load resource: net::ERR_CONNECTION_REFUSED @ http://localhost:4401/dashboard/overview:0
[17452434ms] [ERROR] Failed to load resource: net::ERR_CONNECTION_REFUSED @ http://localhost:4401/api/billing/ai-credits/summary:0
[17452434ms] [ERROR] Failed to load resource: net::ERR_CONNECTION_REFUSED @ http://localhost:4401/dashboard/alerts?limit=6:0
[17453046ms] [ERROR] Failed to load resource: net::ERR_CONNECTION_REFUSED @ http://localhost:4401/dashboard/overview:0
[17453046ms] [ERROR] Failed to load resource: net::ERR_CONNECTION_REFUSED @ http://localhost:4401/api/billing/ai-credits/summary:0
[17453046ms] [ERROR] Failed to load resource: net::ERR_CONNECTION_REFUSED @ http://localhost:4401/dashboard/alerts?limit=6:0
[17482220ms] [ERROR] Failed to load resource: net::ERR_CONNECTION_REFUSED @ http://localhost:4401/api/billing/ai-credits/summary:0
[17482429ms] [ERROR] Failed to load resource: net::ERR_CONNECTION_REFUSED @ http://localhost:4401/api/billing/ai-credits/summary:0
[17483037ms] [ERROR] Failed to load resource: net::ERR_CONNECTION_REFUSED @ http://localhost:4401/api/billing/ai-credits/summary:0
[17512218ms] [ERROR] Failed to load resource: net::ERR_CONNECTION_REFUSED @ http://localhost:4401/dashboard/overview:0
[17512219ms] [ERROR] Failed to load resource: net::ERR_CONNECTION_REFUSED @ http://localhost:4401/api/billing/ai-credits/summary:0
[17512219ms] [ERROR] Failed to load resource: net::ERR_CONNECTION_REFUSED @ http://localhost:4401/dashboard/alerts?limit=6:0
[17512425ms] [ERROR] Failed to load resource: net::ERR_CONNECTION_REFUSED @ http://localhost:4401/dashboard/overview:0
[17512425ms] [ERROR] Failed to load resource: net::ERR_CONNECTION_REFUSED @ http://localhost:4401/api/billing/ai-credits/summary:0
[17512426ms] [ERROR] Failed to load resource: net::ERR_CONNECTION_REFUSED @ http://localhost:4401/dashboard/alerts?limit=6:0
[17513031ms] [ERROR] Failed to load resource: net::ERR_CONNECTION_REFUSED @ http://localhost:4401/dashboard/overview:0
[17513032ms] [ERROR] Failed to load resource: net::ERR_CONNECTION_REFUSED @ http://localhost:4401/api/billing/ai-credits/summary:0
[17513032ms] [ERROR] Failed to load resource: net::ERR_CONNECTION_REFUSED @ http://localhost:4401/dashboard/alerts?limit=6:0
[17542220ms] [ERROR] Failed to load resource: net::ERR_CONNECTION_REFUSED @ http://localhost:4401/api/billing/ai-credits/summary:0
[17542428ms] [ERROR] Failed to load resource: net::ERR_CONNECTION_REFUSED @ http://localhost:4401/api/billing/ai-credits/summary:0
[17543038ms] [ERROR] Failed to load resource: net::ERR_CONNECTION_REFUSED @ http://localhost:4401/api/billing/ai-credits/summary:0
[17572221ms] [ERROR] Failed to load resource: net::ERR_CONNECTION_REFUSED @ http://localhost:4401/dashboard/overview:0
[17572221ms] [ERROR] Failed to load resource: net::ERR_CONNECTION_REFUSED @ http://localhost:4401/api/billing/ai-credits/summary:0
[17572221ms] [ERROR] Failed to load resource: net::ERR_CONNECTION_REFUSED @ http://localhost:4401/dashboard/alerts?limit=6:0
[17572435ms] [ERROR] Failed to load resource: net::ERR_CONNECTION_REFUSED @ http://localhost:4401/dashboard/overview:0
[17572435ms] [ERROR] Failed to load resource: net::ERR_CONNECTION_REFUSED @ http://localhost:4401/api/billing/ai-credits/summary:0
[17572435ms] [ERROR] Failed to load resource: net::ERR_CONNECTION_REFUSED @ http://localhost:4401/dashboard/alerts?limit=6:0
[17573048ms] [ERROR] Failed to load resource: net::ERR_CONNECTION_REFUSED @ http://localhost:4401/dashboard/overview:0
[17573048ms] [ERROR] Failed to load resource: net::ERR_CONNECTION_REFUSED @ http://localhost:4401/api/billing/ai-credits/summary:0
[17573048ms] [ERROR] Failed to load resource: net::ERR_CONNECTION_REFUSED @ http://localhost:4401/dashboard/alerts?limit=6:0
[17602228ms] [ERROR] Failed to load resource: net::ERR_CONNECTION_REFUSED @ http://localhost:4401/api/billing/ai-credits/summary:0
[17602437ms] [ERROR] Failed to load resource: net::ERR_CONNECTION_REFUSED @ http://localhost:4401/api/billing/ai-credits/summary:0
[17603046ms] [ERROR] Failed to load resource: net::ERR_CONNECTION_REFUSED @ http://localhost:4401/api/billing/ai-credits/summary:0
[17632242ms] [ERROR] Failed to load resource: net::ERR_CONNECTION_REFUSED @ http://localhost:4401/dashboard/overview:0
[17632242ms] [ERROR] Failed to load resource: net::ERR_CONNECTION_REFUSED @ http://localhost:4401/api/billing/ai-credits/summary:0
[17632242ms] [ERROR] Failed to load resource: net::ERR_CONNECTION_REFUSED @ http://localhost:4401/dashboard/alerts?limit=6:0
[17632454ms] [ERROR] Failed to load resource: net::ERR_CONNECTION_REFUSED @ http://localhost:4401/dashboard/overview:0
[17632454ms] [ERROR] Failed to load resource: net::ERR_CONNECTION_REFUSED @ http://localhost:4401/api/billing/ai-credits/summary:0
[17632454ms] [ERROR] Failed to load resource: net::ERR_CONNECTION_REFUSED @ http://localhost:4401/dashboard/alerts?limit=6:0
[17633067ms] [ERROR] Failed to load resource: net::ERR_CONNECTION_REFUSED @ http://localhost:4401/dashboard/overview:0
[17633067ms] [ERROR] Failed to load resource: net::ERR_CONNECTION_REFUSED @ http://localhost:4401/api/billing/ai-credits/summary:0
[17633067ms] [ERROR] Failed to load resource: net::ERR_CONNECTION_REFUSED @ http://localhost:4401/dashboard/alerts?limit=6:0
[17662237ms] [ERROR] Failed to load resource: net::ERR_CONNECTION_REFUSED @ http://localhost:4401/api/billing/ai-credits/summary:0
[17662448ms] [ERROR] Failed to load resource: net::ERR_CONNECTION_REFUSED @ http://localhost:4401/api/billing/ai-credits/summary:0
[17663056ms] [ERROR] Failed to load resource: net::ERR_CONNECTION_REFUSED @ http://localhost:4401/api/billing/ai-credits/summary:0
[17692247ms] [ERROR] Failed to load resource: net::ERR_CONNECTION_REFUSED @ http://localhost:4401/dashboard/overview:0
[17692247ms] [ERROR] Failed to load resource: net::ERR_CONNECTION_REFUSED @ http://localhost:4401/api/billing/ai-credits/summary:0
[17692247ms] [ERROR] Failed to load resource: net::ERR_CONNECTION_REFUSED @ http://localhost:4401/dashboard/alerts?limit=6:0
[17692459ms] [ERROR] Failed to load resource: net::ERR_CONNECTION_REFUSED @ http://localhost:4401/dashboard/overview:0
[17692459ms] [ERROR] Failed to load resource: net::ERR_CONNECTION_REFUSED @ http://localhost:4401/api/billing/ai-credits/summary:0
[17692459ms] [ERROR] Failed to load resource: net::ERR_CONNECTION_REFUSED @ http://localhost:4401/dashboard/alerts?limit=6:0
[17693075ms] [ERROR] Failed to load resource: net::ERR_CONNECTION_REFUSED @ http://localhost:4401/dashboard/overview:0
[17693075ms] [ERROR] Failed to load resource: net::ERR_CONNECTION_REFUSED @ http://localhost:4401/api/billing/ai-credits/summary:0
[17693075ms] [ERROR] Failed to load resource: net::ERR_CONNECTION_REFUSED @ http://localhost:4401/dashboard/alerts?limit=6:0
[17722242ms] [ERROR] Failed to load resource: net::ERR_CONNECTION_REFUSED @ http://localhost:4401/api/billing/ai-credits/summary:0
[17722450ms] [ERROR] Failed to load resource: net::ERR_CONNECTION_REFUSED @ http://localhost:4401/api/billing/ai-credits/summary:0
[17723058ms] [ERROR] Failed to load resource: net::ERR_CONNECTION_REFUSED @ http://localhost:4401/api/billing/ai-credits/summary:0
[17752244ms] [ERROR] Failed to load resource: net::ERR_CONNECTION_REFUSED @ http://localhost:4401/dashboard/overview:0
[17752244ms] [ERROR] Failed to load resource: net::ERR_CONNECTION_REFUSED @ http://localhost:4401/api/billing/ai-credits/summary:0
[17752244ms] [ERROR] Failed to load resource: net::ERR_CONNECTION_REFUSED @ http://localhost:4401/dashboard/alerts?limit=6:0
[17752456ms] [ERROR] Failed to load resource: net::ERR_CONNECTION_REFUSED @ http://localhost:4401/dashboard/overview:0
[17752457ms] [ERROR] Failed to load resource: net::ERR_CONNECTION_REFUSED @ http://localhost:4401/api/billing/ai-credits/summary:0
[17752457ms] [ERROR] Failed to load resource: net::ERR_CONNECTION_REFUSED @ http://localhost:4401/dashboard/alerts?limit=6:0
[17753062ms] [ERROR] Failed to load resource: net::ERR_CONNECTION_REFUSED @ http://localhost:4401/dashboard/overview:0
[17753062ms] [ERROR] Failed to load resource: net::ERR_CONNECTION_REFUSED @ http://localhost:4401/api/billing/ai-credits/summary:0
[17753062ms] [ERROR] Failed to load resource: net::ERR_CONNECTION_REFUSED @ http://localhost:4401/dashboard/alerts?limit=6:0
[17782244ms] [ERROR] Failed to load resource: net::ERR_CONNECTION_REFUSED @ http://localhost:4401/api/billing/ai-credits/summary:0
[17782453ms] [ERROR] Failed to load resource: net::ERR_CONNECTION_REFUSED @ http://localhost:4401/api/billing/ai-credits/summary:0
[17783062ms] [ERROR] Failed to load resource: net::ERR_CONNECTION_REFUSED @ http://localhost:4401/api/billing/ai-credits/summary:0
[17812243ms] [ERROR] Failed to load resource: net::ERR_CONNECTION_REFUSED @ http://localhost:4401/dashboard/overview:0
[17812243ms] [ERROR] Failed to load resource: net::ERR_CONNECTION_REFUSED @ http://localhost:4401/api/billing/ai-credits/summary:0
[17812243ms] [ERROR] Failed to load resource: net::ERR_CONNECTION_REFUSED @ http://localhost:4401/dashboard/alerts?limit=6:0
[17812455ms] [ERROR] Failed to load resource: net::ERR_CONNECTION_REFUSED @ http://localhost:4401/dashboard/overview:0
[17812455ms] [ERROR] Failed to load resource: net::ERR_CONNECTION_REFUSED @ http://localhost:4401/api/billing/ai-credits/summary:0
[17812455ms] [ERROR] Failed to load resource: net::ERR_CONNECTION_REFUSED @ http://localhost:4401/dashboard/alerts?limit=6:0
[17813065ms] [ERROR] Failed to load resource: net::ERR_CONNECTION_REFUSED @ http://localhost:4401/dashboard/overview:0
[17813065ms] [ERROR] Failed to load resource: net::ERR_CONNECTION_REFUSED @ http://localhost:4401/api/billing/ai-credits/summary:0
[17813065ms] [ERROR] Failed to load resource: net::ERR_CONNECTION_REFUSED @ http://localhost:4401/dashboard/alerts?limit=6:0
[17842239ms] [ERROR] Failed to load resource: net::ERR_CONNECTION_REFUSED @ http://localhost:4401/api/billing/ai-credits/summary:0
[17842443ms] [ERROR] Failed to load resource: net::ERR_CONNECTION_REFUSED @ http://localhost:4401/api/billing/ai-credits/summary:0
[17843077ms] [ERROR] Failed to load resource: net::ERR_CONNECTION_REFUSED @ http://localhost:4401/api/billing/ai-credits/summary:0
[17872247ms] [ERROR] Failed to load resource: net::ERR_CONNECTION_REFUSED @ http://localhost:4401/dashboard/overview:0
[17872247ms] [ERROR] Failed to load resource: net::ERR_CONNECTION_REFUSED @ http://localhost:4401/api/billing/ai-credits/summary:0
[17872247ms] [ERROR] Failed to load resource: net::ERR_CONNECTION_REFUSED @ http://localhost:4401/dashboard/alerts?limit=6:0
[17872458ms] [ERROR] Failed to load resource: net::ERR_CONNECTION_REFUSED @ http://localhost:4401/dashboard/overview:0
[17872458ms] [ERROR] Failed to load resource: net::ERR_CONNECTION_REFUSED @ http://localhost:4401/api/billing/ai-credits/summary:0
[17872458ms] [ERROR] Failed to load resource: net::ERR_CONNECTION_REFUSED @ http://localhost:4401/dashboard/alerts?limit=6:0
[17873067ms] [ERROR] Failed to load resource: net::ERR_CONNECTION_REFUSED @ http://localhost:4401/dashboard/overview:0
[17873067ms] [ERROR] Failed to load resource: net::ERR_CONNECTION_REFUSED @ http://localhost:4401/api/billing/ai-credits/summary:0
[17873068ms] [ERROR] Failed to load resource: net::ERR_CONNECTION_REFUSED @ http://localhost:4401/dashboard/alerts?limit=6:0
[17902247ms] [ERROR] Failed to load resource: net::ERR_CONNECTION_REFUSED @ http://localhost:4401/api/billing/ai-credits/summary:0
[17902457ms] [ERROR] Failed to load resource: net::ERR_CONNECTION_REFUSED @ http://localhost:4401/api/billing/ai-credits/summary:0
[17903065ms] [ERROR] Failed to load resource: net::ERR_CONNECTION_REFUSED @ http://localhost:4401/api/billing/ai-credits/summary:0
[17932249ms] [ERROR] Failed to load resource: net::ERR_CONNECTION_REFUSED @ http://localhost:4401/dashboard/overview:0
[17932249ms] [ERROR] Failed to load resource: net::ERR_CONNECTION_REFUSED @ http://localhost:4401/api/billing/ai-credits/summary:0
[17932249ms] [ERROR] Failed to load resource: net::ERR_CONNECTION_REFUSED @ http://localhost:4401/dashboard/alerts?limit=6:0
[17932462ms] [ERROR] Failed to load resource: net::ERR_CONNECTION_REFUSED @ http://localhost:4401/dashboard/overview:0
[17932462ms] [ERROR] Failed to load resource: net::ERR_CONNECTION_REFUSED @ http://localhost:4401/api/billing/ai-credits/summary:0
[17932463ms] [ERROR] Failed to load resource: net::ERR_CONNECTION_REFUSED @ http://localhost:4401/dashboard/alerts?limit=6:0
[17933074ms] [ERROR] Failed to load resource: net::ERR_CONNECTION_REFUSED @ http://localhost:4401/dashboard/overview:0
[17933074ms] [ERROR] Failed to load resource: net::ERR_CONNECTION_REFUSED @ http://localhost:4401/api/billing/ai-credits/summary:0
[17933074ms] [ERROR] Failed to load resource: net::ERR_CONNECTION_REFUSED @ http://localhost:4401/dashboard/alerts?limit=6:0
[17962246ms] [ERROR] Failed to load resource: net::ERR_CONNECTION_REFUSED @ http://localhost:4401/api/billing/ai-credits/summary:0
[17962457ms] [ERROR] Failed to load resource: net::ERR_CONNECTION_REFUSED @ http://localhost:4401/api/billing/ai-credits/summary:0
[17963065ms] [ERROR] Failed to load resource: net::ERR_CONNECTION_REFUSED @ http://localhost:4401/api/billing/ai-credits/summary:0
[17992247ms] [ERROR] Failed to load resource: net::ERR_CONNECTION_REFUSED @ http://localhost:4401/dashboard/overview:0
[17992248ms] [ERROR] Failed to load resource: net::ERR_CONNECTION_REFUSED @ http://localhost:4401/api/billing/ai-credits/summary:0
[17992248ms] [ERROR] Failed to load resource: net::ERR_CONNECTION_REFUSED @ http://localhost:4401/dashboard/alerts?limit=6:0
[17992460ms] [ERROR] Failed to load resource: net::ERR_CONNECTION_REFUSED @ http://localhost:4401/dashboard/overview:0
[17992460ms] [ERROR] Failed to load resource: net::ERR_CONNECTION_REFUSED @ http://localhost:4401/api/billing/ai-credits/summary:0
[17992460ms] [ERROR] Failed to load resource: net::ERR_CONNECTION_REFUSED @ http://localhost:4401/dashboard/alerts?limit=6:0
[17993072ms] [ERROR] Failed to load resource: net::ERR_CONNECTION_REFUSED @ http://localhost:4401/dashboard/overview:0
[17993072ms] [ERROR] Failed to load resource: net::ERR_CONNECTION_REFUSED @ http://localhost:4401/api/billing/ai-credits/summary:0
[17993073ms] [ERROR] Failed to load resource: net::ERR_CONNECTION_REFUSED @ http://localhost:4401/dashboard/alerts?limit=6:0
[18022249ms] [ERROR] Failed to load resource: net::ERR_CONNECTION_REFUSED @ http://localhost:4401/api/billing/ai-credits/summary:0
[18022458ms] [ERROR] Failed to load resource: net::ERR_CONNECTION_REFUSED @ http://localhost:4401/api/billing/ai-credits/summary:0
[18023067ms] [ERROR] Failed to load resource: net::ERR_CONNECTION_REFUSED @ http://localhost:4401/api/billing/ai-credits/summary:0
[18052251ms] [ERROR] Failed to load resource: net::ERR_CONNECTION_REFUSED @ http://localhost:4401/dashboard/overview:0
[18052252ms] [ERROR] Failed to load resource: net::ERR_CONNECTION_REFUSED @ http://localhost:4401/api/billing/ai-credits/summary:0
[18052252ms] [ERROR] Failed to load resource: net::ERR_CONNECTION_REFUSED @ http://localhost:4401/dashboard/alerts?limit=6:0
[18052458ms] [ERROR] Failed to load resource: net::ERR_CONNECTION_REFUSED @ http://localhost:4401/dashboard/overview:0
[18052458ms] [ERROR] Failed to load resource: net::ERR_CONNECTION_REFUSED @ http://localhost:4401/api/billing/ai-credits/summary:0
[18052458ms] [ERROR] Failed to load resource: net::ERR_CONNECTION_REFUSED @ http://localhost:4401/dashboard/alerts?limit=6:0
[18053071ms] [ERROR] Failed to load resource: net::ERR_CONNECTION_REFUSED @ http://localhost:4401/dashboard/overview:0
[18053071ms] [ERROR] Failed to load resource: net::ERR_CONNECTION_REFUSED @ http://localhost:4401/api/billing/ai-credits/summary:0
[18053072ms] [ERROR] Failed to load resource: net::ERR_CONNECTION_REFUSED @ http://localhost:4401/dashboard/alerts?limit=6:0
[18082250ms] [ERROR] Failed to load resource: net::ERR_CONNECTION_REFUSED @ http://localhost:4401/api/billing/ai-credits/summary:0
[18082459ms] [ERROR] Failed to load resource: net::ERR_CONNECTION_REFUSED @ http://localhost:4401/api/billing/ai-credits/summary:0
[18083067ms] [ERROR] Failed to load resource: net::ERR_CONNECTION_REFUSED @ http://localhost:4401/api/billing/ai-credits/summary:0
[18112246ms] [ERROR] Failed to load resource: net::ERR_CONNECTION_REFUSED @ http://localhost:4401/dashboard/overview:0
[18112246ms] [ERROR] Failed to load resource: net::ERR_CONNECTION_REFUSED @ http://localhost:4401/api/billing/ai-credits/summary:0
[18112247ms] [ERROR] Failed to load resource: net::ERR_CONNECTION_REFUSED @ http://localhost:4401/dashboard/alerts?limit=6:0
[18112455ms] [ERROR] Failed to load resource: net::ERR_CONNECTION_REFUSED @ http://localhost:4401/dashboard/overview:0
[18112457ms] [ERROR] Failed to load resource: net::ERR_CONNECTION_REFUSED @ http://localhost:4401/api/billing/ai-credits/summary:0
[18112458ms] [ERROR] Failed to load resource: net::ERR_CONNECTION_REFUSED @ http://localhost:4401/dashboard/alerts?limit=6:0
[18113065ms] [ERROR] Failed to load resource: net::ERR_CONNECTION_REFUSED @ http://localhost:4401/dashboard/overview:0
[18113065ms] [ERROR] Failed to load resource: net::ERR_CONNECTION_REFUSED @ http://localhost:4401/api/billing/ai-credits/summary:0
[18113065ms] [ERROR] Failed to load resource: net::ERR_CONNECTION_REFUSED @ http://localhost:4401/dashboard/alerts?limit=6:0
[18142249ms] [ERROR] Failed to load resource: net::ERR_CONNECTION_REFUSED @ http://localhost:4401/api/billing/ai-credits/summary:0
[18142458ms] [ERROR] Failed to load resource: net::ERR_CONNECTION_REFUSED @ http://localhost:4401/api/billing/ai-credits/summary:0
[18143065ms] [ERROR] Failed to load resource: net::ERR_CONNECTION_REFUSED @ http://localhost:4401/api/billing/ai-credits/summary:0
[18172255ms] [ERROR] Failed to load resource: net::ERR_CONNECTION_REFUSED @ http://localhost:4401/dashboard/overview:0
[18172256ms] [ERROR] Failed to load resource: net::ERR_CONNECTION_REFUSED @ http://localhost:4401/api/billing/ai-credits/summary:0
[18172256ms] [ERROR] Failed to load resource: net::ERR_CONNECTION_REFUSED @ http://localhost:4401/dashboard/alerts?limit=6:0
[18172466ms] [ERROR] Failed to load resource: net::ERR_CONNECTION_REFUSED @ http://localhost:4401/dashboard/overview:0
[18172466ms] [ERROR] Failed to load resource: net::ERR_CONNECTION_REFUSED @ http://localhost:4401/api/billing/ai-credits/summary:0
[18172466ms] [ERROR] Failed to load resource: net::ERR_CONNECTION_REFUSED @ http://localhost:4401/dashboard/alerts?limit=6:0
[18173080ms] [ERROR] Failed to load resource: net::ERR_CONNECTION_REFUSED @ http://localhost:4401/dashboard/overview:0
[18173081ms] [ERROR] Failed to load resource: net::ERR_CONNECTION_REFUSED @ http://localhost:4401/api/billing/ai-credits/summary:0
[18173081ms] [ERROR] Failed to load resource: net::ERR_CONNECTION_REFUSED @ http://localhost:4401/dashboard/alerts?limit=6:0
[18202252ms] [ERROR] Failed to load resource: net::ERR_CONNECTION_REFUSED @ http://localhost:4401/api/billing/ai-credits/summary:0
[18202463ms] [ERROR] Failed to load resource: net::ERR_CONNECTION_REFUSED @ http://localhost:4401/api/billing/ai-credits/summary:0
[18203072ms] [ERROR] Failed to load resource: net::ERR_CONNECTION_REFUSED @ http://localhost:4401/api/billing/ai-credits/summary:0
[18232255ms] [ERROR] Failed to load resource: net::ERR_CONNECTION_REFUSED @ http://localhost:4401/dashboard/overview:0
[18232255ms] [ERROR] Failed to load resource: net::ERR_CONNECTION_REFUSED @ http://localhost:4401/api/billing/ai-credits/summary:0
[18232255ms] [ERROR] Failed to load resource: net::ERR_CONNECTION_REFUSED @ http://localhost:4401/dashboard/alerts?limit=6:0
[18232467ms] [ERROR] Failed to load resource: net::ERR_CONNECTION_REFUSED @ http://localhost:4401/dashboard/overview:0
[18232467ms] [ERROR] Failed to load resource: net::ERR_CONNECTION_REFUSED @ http://localhost:4401/api/billing/ai-credits/summary:0
[18232467ms] [ERROR] Failed to load resource: net::ERR_CONNECTION_REFUSED @ http://localhost:4401/dashboard/alerts?limit=6:0
[18233079ms] [ERROR] Failed to load resource: net::ERR_CONNECTION_REFUSED @ http://localhost:4401/dashboard/overview:0
[18233080ms] [ERROR] Failed to load resource: net::ERR_CONNECTION_REFUSED @ http://localhost:4401/api/billing/ai-credits/summary:0
[18233080ms] [ERROR] Failed to load resource: net::ERR_CONNECTION_REFUSED @ http://localhost:4401/dashboard/alerts?limit=6:0
[18262252ms] [ERROR] Failed to load resource: net::ERR_CONNECTION_REFUSED @ http://localhost:4401/api/billing/ai-credits/summary:0
[18262461ms] [ERROR] Failed to load resource: net::ERR_CONNECTION_REFUSED @ http://localhost:4401/api/billing/ai-credits/summary:0
[18263069ms] [ERROR] Failed to load resource: net::ERR_CONNECTION_REFUSED @ http://localhost:4401/api/billing/ai-credits/summary:0
[18292253ms] [ERROR] Failed to load resource: net::ERR_CONNECTION_REFUSED @ http://localhost:4401/dashboard/overview:0
[18292253ms] [ERROR] Failed to load resource: net::ERR_CONNECTION_REFUSED @ http://localhost:4401/api/billing/ai-credits/summary:0
[18292253ms] [ERROR] Failed to load resource: net::ERR_CONNECTION_REFUSED @ http://localhost:4401/dashboard/alerts?limit=6:0
[18292465ms] [ERROR] Failed to load resource: net::ERR_CONNECTION_REFUSED @ http://localhost:4401/dashboard/overview:0
[18292465ms] [ERROR] Failed to load resource: net::ERR_CONNECTION_REFUSED @ http://localhost:4401/api/billing/ai-credits/summary:0
[18292465ms] [ERROR] Failed to load resource: net::ERR_CONNECTION_REFUSED @ http://localhost:4401/dashboard/alerts?limit=6:0
[18293078ms] [ERROR] Failed to load resource: net::ERR_CONNECTION_REFUSED @ http://localhost:4401/dashboard/overview:0
[18293078ms] [ERROR] Failed to load resource: net::ERR_CONNECTION_REFUSED @ http://localhost:4401/api/billing/ai-credits/summary:0
[18293078ms] [ERROR] Failed to load resource: net::ERR_CONNECTION_REFUSED @ http://localhost:4401/dashboard/alerts?limit=6:0
[18322252ms] [ERROR] Failed to load resource: net::ERR_CONNECTION_REFUSED @ http://localhost:4401/api/billing/ai-credits/summary:0
[18322460ms] [ERROR] Failed to load resource: net::ERR_CONNECTION_REFUSED @ http://localhost:4401/api/billing/ai-credits/summary:0
[18323070ms] [ERROR] Failed to load resource: net::ERR_CONNECTION_REFUSED @ http://localhost:4401/api/billing/ai-credits/summary:0
[18352258ms] [ERROR] Failed to load resource: net::ERR_CONNECTION_REFUSED @ http://localhost:4401/dashboard/overview:0
[18352258ms] [ERROR] Failed to load resource: net::ERR_CONNECTION_REFUSED @ http://localhost:4401/api/billing/ai-credits/summary:0
[18352258ms] [ERROR] Failed to load resource: net::ERR_CONNECTION_REFUSED @ http://localhost:4401/dashboard/alerts?limit=6:0
[18352469ms] [ERROR] Failed to load resource: net::ERR_CONNECTION_REFUSED @ http://localhost:4401/dashboard/overview:0
[18352469ms] [ERROR] Failed to load resource: net::ERR_CONNECTION_REFUSED @ http://localhost:4401/api/billing/ai-credits/summary:0
[18352470ms] [ERROR] Failed to load resource: net::ERR_CONNECTION_REFUSED @ http://localhost:4401/dashboard/alerts?limit=6:0
[18353081ms] [ERROR] Failed to load resource: net::ERR_CONNECTION_REFUSED @ http://localhost:4401/dashboard/overview:0
[18353081ms] [ERROR] Failed to load resource: net::ERR_CONNECTION_REFUSED @ http://localhost:4401/api/billing/ai-credits/summary:0
[18353081ms] [ERROR] Failed to load resource: net::ERR_CONNECTION_REFUSED @ http://localhost:4401/dashboard/alerts?limit=6:0
[18382255ms] [ERROR] Failed to load resource: net::ERR_CONNECTION_REFUSED @ http://localhost:4401/api/billing/ai-credits/summary:0
[18382463ms] [ERROR] Failed to load resource: net::ERR_CONNECTION_REFUSED @ http://localhost:4401/api/billing/ai-credits/summary:0
[18383068ms] [ERROR] Failed to load resource: net::ERR_CONNECTION_REFUSED @ http://localhost:4401/api/billing/ai-credits/summary:0
[18412253ms] [ERROR] Failed to load resource: net::ERR_CONNECTION_REFUSED @ http://localhost:4401/dashboard/overview:0
[18412253ms] [ERROR] Failed to load resource: net::ERR_CONNECTION_REFUSED @ http://localhost:4401/api/billing/ai-credits/summary:0
[18412254ms] [ERROR] Failed to load resource: net::ERR_CONNECTION_REFUSED @ http://localhost:4401/dashboard/alerts?limit=6:0
[18412460ms] [ERROR] Failed to load resource: net::ERR_CONNECTION_REFUSED @ http://localhost:4401/dashboard/overview:0
[18412460ms] [ERROR] Failed to load resource: net::ERR_CONNECTION_REFUSED @ http://localhost:4401/api/billing/ai-credits/summary:0
[18412460ms] [ERROR] Failed to load resource: net::ERR_CONNECTION_REFUSED @ http://localhost:4401/dashboard/alerts?limit=6:0
[18413072ms] [ERROR] Failed to load resource: net::ERR_CONNECTION_REFUSED @ http://localhost:4401/dashboard/overview:0
[18413072ms] [ERROR] Failed to load resource: net::ERR_CONNECTION_REFUSED @ http://localhost:4401/api/billing/ai-credits/summary:0
[18413072ms] [ERROR] Failed to load resource: net::ERR_CONNECTION_REFUSED @ http://localhost:4401/dashboard/alerts?limit=6:0
[18442254ms] [ERROR] Failed to load resource: net::ERR_CONNECTION_REFUSED @ http://localhost:4401/api/billing/ai-credits/summary:0
[18442458ms] [ERROR] Failed to load resource: net::ERR_CONNECTION_REFUSED @ http://localhost:4401/api/billing/ai-credits/summary:0
[18443062ms] [ERROR] Failed to load resource: net::ERR_CONNECTION_REFUSED @ http://localhost:4401/api/billing/ai-credits/summary:0
[18472255ms] [ERROR] Failed to load resource: net::ERR_CONNECTION_REFUSED @ http://localhost:4401/dashboard/overview:0
[18472255ms] [ERROR] Failed to load resource: net::ERR_CONNECTION_REFUSED @ http://localhost:4401/api/billing/ai-credits/summary:0
[18472255ms] [ERROR] Failed to load resource: net::ERR_CONNECTION_REFUSED @ http://localhost:4401/dashboard/alerts?limit=6:0
[18472459ms] [ERROR] Failed to load resource: net::ERR_CONNECTION_REFUSED @ http://localhost:4401/dashboard/overview:0
[18472459ms] [ERROR] Failed to load resource: net::ERR_CONNECTION_REFUSED @ http://localhost:4401/api/billing/ai-credits/summary:0
[18472459ms] [ERROR] Failed to load resource: net::ERR_CONNECTION_REFUSED @ http://localhost:4401/dashboard/alerts?limit=6:0
[18473068ms] [ERROR] Failed to load resource: net::ERR_CONNECTION_REFUSED @ http://localhost:4401/dashboard/overview:0
[18473068ms] [ERROR] Failed to load resource: net::ERR_CONNECTION_REFUSED @ http://localhost:4401/api/billing/ai-credits/summary:0
[18473069ms] [ERROR] Failed to load resource: net::ERR_CONNECTION_REFUSED @ http://localhost:4401/dashboard/alerts?limit=6:0
[18502257ms] [ERROR] Failed to load resource: net::ERR_CONNECTION_REFUSED @ http://localhost:4401/api/billing/ai-credits/summary:0
[18502465ms] [ERROR] Failed to load resource: net::ERR_CONNECTION_REFUSED @ http://localhost:4401/api/billing/ai-credits/summary:0
[18503075ms] [ERROR] Failed to load resource: net::ERR_CONNECTION_REFUSED @ http://localhost:4401/api/billing/ai-credits/summary:0
[18532258ms] [ERROR] Failed to load resource: net::ERR_CONNECTION_REFUSED @ http://localhost:4401/dashboard/overview:0
[18532259ms] [ERROR] Failed to load resource: net::ERR_CONNECTION_REFUSED @ http://localhost:4401/api/billing/ai-credits/summary:0
[18532259ms] [ERROR] Failed to load resource: net::ERR_CONNECTION_REFUSED @ http://localhost:4401/dashboard/alerts?limit=6:0
[18532468ms] [ERROR] Failed to load resource: net::ERR_CONNECTION_REFUSED @ http://localhost:4401/dashboard/overview:0
[18532468ms] [ERROR] Failed to load resource: net::ERR_CONNECTION_REFUSED @ http://localhost:4401/api/billing/ai-credits/summary:0
[18532469ms] [ERROR] Failed to load resource: net::ERR_CONNECTION_REFUSED @ http://localhost:4401/dashboard/alerts?limit=6:0
[18533080ms] [ERROR] Failed to load resource: net::ERR_CONNECTION_REFUSED @ http://localhost:4401/dashboard/overview:0
[18533080ms] [ERROR] Failed to load resource: net::ERR_CONNECTION_REFUSED @ http://localhost:4401/api/billing/ai-credits/summary:0
[18533080ms] [ERROR] Failed to load resource: net::ERR_CONNECTION_REFUSED @ http://localhost:4401/dashboard/alerts?limit=6:0
[18562258ms] [ERROR] Failed to load resource: net::ERR_CONNECTION_REFUSED @ http://localhost:4401/api/billing/ai-credits/summary:0
[18562466ms] [ERROR] Failed to load resource: net::ERR_CONNECTION_REFUSED @ http://localhost:4401/api/billing/ai-credits/summary:0
[18563077ms] [ERROR] Failed to load resource: net::ERR_CONNECTION_REFUSED @ http://localhost:4401/api/billing/ai-credits/summary:0
[18592258ms] [ERROR] Failed to load resource: net::ERR_CONNECTION_REFUSED @ http://localhost:4401/dashboard/overview:0
[18592259ms] [ERROR] Failed to load resource: net::ERR_CONNECTION_REFUSED @ http://localhost:4401/api/billing/ai-credits/summary:0
[18592259ms] [ERROR] Failed to load resource: net::ERR_CONNECTION_REFUSED @ http://localhost:4401/dashboard/alerts?limit=6:0
[18592471ms] [ERROR] Failed to load resource: net::ERR_CONNECTION_REFUSED @ http://localhost:4401/dashboard/overview:0
[18592471ms] [ERROR] Failed to load resource: net::ERR_CONNECTION_REFUSED @ http://localhost:4401/api/billing/ai-credits/summary:0
[18592472ms] [ERROR] Failed to load resource: net::ERR_CONNECTION_REFUSED @ http://localhost:4401/dashboard/alerts?limit=6:0
[18593081ms] [ERROR] Failed to load resource: net::ERR_CONNECTION_REFUSED @ http://localhost:4401/dashboard/overview:0
[18593081ms] [ERROR] Failed to load resource: net::ERR_CONNECTION_REFUSED @ http://localhost:4401/api/billing/ai-credits/summary:0
[18593081ms] [ERROR] Failed to load resource: net::ERR_CONNECTION_REFUSED @ http://localhost:4401/dashboard/alerts?limit=6:0
[18622260ms] [ERROR] Failed to load resource: net::ERR_CONNECTION_REFUSED @ http://localhost:4401/api/billing/ai-credits/summary:0
[18622468ms] [ERROR] Failed to load resource: net::ERR_CONNECTION_REFUSED @ http://localhost:4401/api/billing/ai-credits/summary:0
[18623076ms] [ERROR] Failed to load resource: net::ERR_CONNECTION_REFUSED @ http://localhost:4401/api/billing/ai-credits/summary:0
[18652258ms] [ERROR] Failed to load resource: net::ERR_CONNECTION_REFUSED @ http://localhost:4401/dashboard/overview:0
[18652259ms] [ERROR] Failed to load resource: net::ERR_CONNECTION_REFUSED @ http://localhost:4401/api/billing/ai-credits/summary:0
[18652260ms] [ERROR] Failed to load resource: net::ERR_CONNECTION_REFUSED @ http://localhost:4401/dashboard/alerts?limit=6:0
[18652470ms] [ERROR] Failed to load resource: net::ERR_CONNECTION_REFUSED @ http://localhost:4401/dashboard/overview:0
[18652470ms] [ERROR] Failed to load resource: net::ERR_CONNECTION_REFUSED @ http://localhost:4401/api/billing/ai-credits/summary:0
[18652470ms] [ERROR] Failed to load resource: net::ERR_CONNECTION_REFUSED @ http://localhost:4401/dashboard/alerts?limit=6:0
[18653081ms] [ERROR] Failed to load resource: net::ERR_CONNECTION_REFUSED @ http://localhost:4401/dashboard/overview:0
[18653081ms] [ERROR] Failed to load resource: net::ERR_CONNECTION_REFUSED @ http://localhost:4401/api/billing/ai-credits/summary:0
[18653082ms] [ERROR] Failed to load resource: net::ERR_CONNECTION_REFUSED @ http://localhost:4401/dashboard/alerts?limit=6:0
[18682261ms] [ERROR] Failed to load resource: net::ERR_CONNECTION_REFUSED @ http://localhost:4401/api/billing/ai-credits/summary:0
[18682471ms] [ERROR] Failed to load resource: net::ERR_CONNECTION_REFUSED @ http://localhost:4401/api/billing/ai-credits/summary:0
[18683081ms] [ERROR] Failed to load resource: net::ERR_CONNECTION_REFUSED @ http://localhost:4401/api/billing/ai-credits/summary:0
[18712258ms] [ERROR] Failed to load resource: net::ERR_CONNECTION_REFUSED @ http://localhost:4401/dashboard/overview:0
[18712258ms] [ERROR] Failed to load resource: net::ERR_CONNECTION_REFUSED @ http://localhost:4401/api/billing/ai-credits/summary:0
[18712258ms] [ERROR] Failed to load resource: net::ERR_CONNECTION_REFUSED @ http://localhost:4401/dashboard/alerts?limit=6:0
[18712467ms] [ERROR] Failed to load resource: net::ERR_CONNECTION_REFUSED @ http://localhost:4401/dashboard/overview:0
[18712467ms] [ERROR] Failed to load resource: net::ERR_CONNECTION_REFUSED @ http://localhost:4401/api/billing/ai-credits/summary:0
[18712468ms] [ERROR] Failed to load resource: net::ERR_CONNECTION_REFUSED @ http://localhost:4401/dashboard/alerts?limit=6:0
[18713078ms] [ERROR] Failed to load resource: net::ERR_CONNECTION_REFUSED @ http://localhost:4401/dashboard/overview:0
[18713079ms] [ERROR] Failed to load resource: net::ERR_CONNECTION_REFUSED @ http://localhost:4401/api/billing/ai-credits/summary:0
[18713079ms] [ERROR] Failed to load resource: net::ERR_CONNECTION_REFUSED @ http://localhost:4401/dashboard/alerts?limit=6:0
[18742262ms] [ERROR] Failed to load resource: net::ERR_CONNECTION_REFUSED @ http://localhost:4401/api/billing/ai-credits/summary:0
[18742472ms] [ERROR] Failed to load resource: net::ERR_CONNECTION_REFUSED @ http://localhost:4401/api/billing/ai-credits/summary:0
[18743077ms] [ERROR] Failed to load resource: net::ERR_CONNECTION_REFUSED @ http://localhost:4401/api/billing/ai-credits/summary:0
[18772264ms] [ERROR] Failed to load resource: net::ERR_CONNECTION_REFUSED @ http://localhost:4401/dashboard/overview:0
[18772264ms] [ERROR] Failed to load resource: net::ERR_CONNECTION_REFUSED @ http://localhost:4401/api/billing/ai-credits/summary:0
[18772264ms] [ERROR] Failed to load resource: net::ERR_CONNECTION_REFUSED @ http://localhost:4401/dashboard/alerts?limit=6:0
[18772476ms] [ERROR] Failed to load resource: net::ERR_CONNECTION_REFUSED @ http://localhost:4401/dashboard/overview:0
[18772476ms] [ERROR] Failed to load resource: net::ERR_CONNECTION_REFUSED @ http://localhost:4401/api/billing/ai-credits/summary:0
[18772476ms] [ERROR] Failed to load resource: net::ERR_CONNECTION_REFUSED @ http://localhost:4401/dashboard/alerts?limit=6:0
[18773089ms] [ERROR] Failed to load resource: net::ERR_CONNECTION_REFUSED @ http://localhost:4401/dashboard/overview:0
[18773089ms] [ERROR] Failed to load resource: net::ERR_CONNECTION_REFUSED @ http://localhost:4401/api/billing/ai-credits/summary:0
[18773090ms] [ERROR] Failed to load resource: net::ERR_CONNECTION_REFUSED @ http://localhost:4401/dashboard/alerts?limit=6:0
[18802262ms] [ERROR] Failed to load resource: net::ERR_CONNECTION_REFUSED @ http://localhost:4401/api/billing/ai-credits/summary:0
[18802471ms] [ERROR] Failed to load resource: net::ERR_CONNECTION_REFUSED @ http://localhost:4401/api/billing/ai-credits/summary:0
[18803082ms] [ERROR] Failed to load resource: net::ERR_CONNECTION_REFUSED @ http://localhost:4401/api/billing/ai-credits/summary:0
[18832264ms] [ERROR] Failed to load resource: net::ERR_CONNECTION_REFUSED @ http://localhost:4401/dashboard/overview:0
[18832264ms] [ERROR] Failed to load resource: net::ERR_CONNECTION_REFUSED @ http://localhost:4401/api/billing/ai-credits/summary:0
[18832264ms] [ERROR] Failed to load resource: net::ERR_CONNECTION_REFUSED @ http://localhost:4401/dashboard/alerts?limit=6:0
[18832476ms] [ERROR] Failed to load resource: net::ERR_CONNECTION_REFUSED @ http://localhost:4401/dashboard/overview:0
[18832477ms] [ERROR] Failed to load resource: net::ERR_CONNECTION_REFUSED @ http://localhost:4401/api/billing/ai-credits/summary:0
[18832477ms] [ERROR] Failed to load resource: net::ERR_CONNECTION_REFUSED @ http://localhost:4401/dashboard/alerts?limit=6:0
[18833088ms] [ERROR] Failed to load resource: net::ERR_CONNECTION_REFUSED @ http://localhost:4401/dashboard/overview:0
[18833088ms] [ERROR] Failed to load resource: net::ERR_CONNECTION_REFUSED @ http://localhost:4401/api/billing/ai-credits/summary:0
[18833088ms] [ERROR] Failed to load resource: net::ERR_CONNECTION_REFUSED @ http://localhost:4401/dashboard/alerts?limit=6:0
[18862276ms] [ERROR] Failed to load resource: net::ERR_CONNECTION_REFUSED @ http://localhost:4401/api/billing/ai-credits/summary:0
[18862480ms] [ERROR] Failed to load resource: net::ERR_CONNECTION_REFUSED @ http://localhost:4401/api/billing/ai-credits/summary:0
[18863084ms] [ERROR] Failed to load resource: net::ERR_CONNECTION_REFUSED @ http://localhost:4401/api/billing/ai-credits/summary:0
[18892259ms] [ERROR] Failed to load resource: net::ERR_CONNECTION_REFUSED @ http://localhost:4401/dashboard/overview:0
[18892259ms] [ERROR] Failed to load resource: net::ERR_CONNECTION_REFUSED @ http://localhost:4401/api/billing/ai-credits/summary:0
[18892259ms] [ERROR] Failed to load resource: net::ERR_CONNECTION_REFUSED @ http://localhost:4401/dashboard/alerts?limit=6:0
[18892470ms] [ERROR] Failed to load resource: net::ERR_CONNECTION_REFUSED @ http://localhost:4401/dashboard/overview:0
[18892471ms] [ERROR] Failed to load resource: net::ERR_CONNECTION_REFUSED @ http://localhost:4401/api/billing/ai-credits/summary:0
[18892471ms] [ERROR] Failed to load resource: net::ERR_CONNECTION_REFUSED @ http://localhost:4401/dashboard/alerts?limit=6:0
[18893076ms] [ERROR] Failed to load resource: net::ERR_CONNECTION_REFUSED @ http://localhost:4401/dashboard/overview:0
[18893077ms] [ERROR] Failed to load resource: net::ERR_CONNECTION_REFUSED @ http://localhost:4401/api/billing/ai-credits/summary:0
[18893077ms] [ERROR] Failed to load resource: net::ERR_CONNECTION_REFUSED @ http://localhost:4401/dashboard/alerts?limit=6:0
[18922263ms] [ERROR] Failed to load resource: net::ERR_CONNECTION_REFUSED @ http://localhost:4401/api/billing/ai-credits/summary:0
[18922469ms] [ERROR] Failed to load resource: net::ERR_CONNECTION_REFUSED @ http://localhost:4401/api/billing/ai-credits/summary:0
[18923075ms] [ERROR] Failed to load resource: net::ERR_CONNECTION_REFUSED @ http://localhost:4401/api/billing/ai-credits/summary:0
[18952264ms] [ERROR] Failed to load resource: net::ERR_CONNECTION_REFUSED @ http://localhost:4401/dashboard/overview:0
[18952264ms] [ERROR] Failed to load resource: net::ERR_CONNECTION_REFUSED @ http://localhost:4401/api/billing/ai-credits/summary:0
[18952265ms] [ERROR] Failed to load resource: net::ERR_CONNECTION_REFUSED @ http://localhost:4401/dashboard/alerts?limit=6:0
[18952472ms] [ERROR] Failed to load resource: net::ERR_CONNECTION_REFUSED @ http://localhost:4401/dashboard/overview:0
[18952472ms] [ERROR] Failed to load resource: net::ERR_CONNECTION_REFUSED @ http://localhost:4401/api/billing/ai-credits/summary:0
[18952472ms] [ERROR] Failed to load resource: net::ERR_CONNECTION_REFUSED @ http://localhost:4401/dashboard/alerts?limit=6:0
[18953075ms] [ERROR] Failed to load resource: net::ERR_CONNECTION_REFUSED @ http://localhost:4401/dashboard/overview:0
[18953075ms] [ERROR] Failed to load resource: net::ERR_CONNECTION_REFUSED @ http://localhost:4401/api/billing/ai-credits/summary:0
[18953075ms] [ERROR] Failed to load resource: net::ERR_CONNECTION_REFUSED @ http://localhost:4401/dashboard/alerts?limit=6:0
[18982267ms] [ERROR] Failed to load resource: net::ERR_CONNECTION_REFUSED @ http://localhost:4401/api/billing/ai-credits/summary:0
[18982475ms] [ERROR] Failed to load resource: net::ERR_CONNECTION_REFUSED @ http://localhost:4401/api/billing/ai-credits/summary:0
[18983080ms] [ERROR] Failed to load resource: net::ERR_CONNECTION_REFUSED @ http://localhost:4401/api/billing/ai-credits/summary:0
[19012265ms] [ERROR] Failed to load resource: net::ERR_CONNECTION_REFUSED @ http://localhost:4401/dashboard/overview:0
[19012266ms] [ERROR] Failed to load resource: net::ERR_CONNECTION_REFUSED @ http://localhost:4401/api/billing/ai-credits/summary:0
[19012266ms] [ERROR] Failed to load resource: net::ERR_CONNECTION_REFUSED @ http://localhost:4401/dashboard/alerts?limit=6:0
[19012473ms] [ERROR] Failed to load resource: net::ERR_CONNECTION_REFUSED @ http://localhost:4401/dashboard/overview:0
[19012473ms] [ERROR] Failed to load resource: net::ERR_CONNECTION_REFUSED @ http://localhost:4401/api/billing/ai-credits/summary:0
[19012473ms] [ERROR] Failed to load resource: net::ERR_CONNECTION_REFUSED @ http://localhost:4401/dashboard/alerts?limit=6:0
[19013081ms] [ERROR] Failed to load resource: net::ERR_CONNECTION_REFUSED @ http://localhost:4401/dashboard/overview:0
[19013082ms] [ERROR] Failed to load resource: net::ERR_CONNECTION_REFUSED @ http://localhost:4401/api/billing/ai-credits/summary:0
[19013082ms] [ERROR] Failed to load resource: net::ERR_CONNECTION_REFUSED @ http://localhost:4401/dashboard/alerts?limit=6:0
[19042260ms] [ERROR] Failed to load resource: net::ERR_CONNECTION_REFUSED @ http://localhost:4401/api/billing/ai-credits/summary:0
[19042463ms] [ERROR] Failed to load resource: net::ERR_CONNECTION_REFUSED @ http://localhost:4401/api/billing/ai-credits/summary:0
[19043069ms] [ERROR] Failed to load resource: net::ERR_CONNECTION_REFUSED @ http://localhost:4401/api/billing/ai-credits/summary:0
[19072261ms] [ERROR] Failed to load resource: net::ERR_CONNECTION_REFUSED @ http://localhost:4401/dashboard/overview:0
[19072261ms] [ERROR] Failed to load resource: net::ERR_CONNECTION_REFUSED @ http://localhost:4401/api/billing/ai-credits/summary:0
[19072261ms] [ERROR] Failed to load resource: net::ERR_CONNECTION_REFUSED @ http://localhost:4401/dashboard/alerts?limit=6:0
[19072465ms] [ERROR] Failed to load resource: net::ERR_CONNECTION_REFUSED @ http://localhost:4401/dashboard/overview:0
[19072465ms] [ERROR] Failed to load resource: net::ERR_CONNECTION_REFUSED @ http://localhost:4401/api/billing/ai-credits/summary:0
[19072465ms] [ERROR] Failed to load resource: net::ERR_CONNECTION_REFUSED @ http://localhost:4401/dashboard/alerts?limit=6:0
[19073070ms] [ERROR] Failed to load resource: net::ERR_CONNECTION_REFUSED @ http://localhost:4401/dashboard/overview:0
[19073071ms] [ERROR] Failed to load resource: net::ERR_CONNECTION_REFUSED @ http://localhost:4401/api/billing/ai-credits/summary:0
[19073071ms] [ERROR] Failed to load resource: net::ERR_CONNECTION_REFUSED @ http://localhost:4401/dashboard/alerts?limit=6:0
[19102262ms] [ERROR] Failed to load resource: net::ERR_CONNECTION_REFUSED @ http://localhost:4401/api/billing/ai-credits/summary:0
[19102467ms] [ERROR] Failed to load resource: net::ERR_CONNECTION_REFUSED @ http://localhost:4401/api/billing/ai-credits/summary:0
[19103071ms] [ERROR] Failed to load resource: net::ERR_CONNECTION_REFUSED @ http://localhost:4401/api/billing/ai-credits/summary:0
[19132269ms] [ERROR] Failed to load resource: net::ERR_CONNECTION_REFUSED @ http://localhost:4401/dashboard/overview:0
[19132269ms] [ERROR] Failed to load resource: net::ERR_CONNECTION_REFUSED @ http://localhost:4401/api/billing/ai-credits/summary:0
[19132269ms] [ERROR] Failed to load resource: net::ERR_CONNECTION_REFUSED @ http://localhost:4401/dashboard/alerts?limit=6:0
[19132476ms] [ERROR] Failed to load resource: net::ERR_CONNECTION_REFUSED @ http://localhost:4401/dashboard/overview:0
[19132476ms] [ERROR] Failed to load resource: net::ERR_CONNECTION_REFUSED @ http://localhost:4401/api/billing/ai-credits/summary:0
[19132477ms] [ERROR] Failed to load resource: net::ERR_CONNECTION_REFUSED @ http://localhost:4401/dashboard/alerts?limit=6:0
[19133083ms] [ERROR] Failed to load resource: net::ERR_CONNECTION_REFUSED @ http://localhost:4401/dashboard/overview:0
[19133083ms] [ERROR] Failed to load resource: net::ERR_CONNECTION_REFUSED @ http://localhost:4401/api/billing/ai-credits/summary:0
[19133083ms] [ERROR] Failed to load resource: net::ERR_CONNECTION_REFUSED @ http://localhost:4401/dashboard/alerts?limit=6:0
[19162264ms] [ERROR] Failed to load resource: net::ERR_CONNECTION_REFUSED @ http://localhost:4401/api/billing/ai-credits/summary:0
[19162469ms] [ERROR] Failed to load resource: net::ERR_CONNECTION_REFUSED @ http://localhost:4401/api/billing/ai-credits/summary:0
[19163074ms] [ERROR] Failed to load resource: net::ERR_CONNECTION_REFUSED @ http://localhost:4401/api/billing/ai-credits/summary:0
[19192265ms] [ERROR] Failed to load resource: net::ERR_CONNECTION_REFUSED @ http://localhost:4401/dashboard/overview:0
[19192266ms] [ERROR] Failed to load resource: net::ERR_CONNECTION_REFUSED @ http://localhost:4401/api/billing/ai-credits/summary:0
[19192267ms] [ERROR] Failed to load resource: net::ERR_CONNECTION_REFUSED @ http://localhost:4401/dashboard/alerts?limit=6:0
[19192468ms] [ERROR] Failed to load resource: net::ERR_CONNECTION_REFUSED @ http://localhost:4401/dashboard/overview:0
[19192469ms] [ERROR] Failed to load resource: net::ERR_CONNECTION_REFUSED @ http://localhost:4401/api/billing/ai-credits/summary:0
[19192469ms] [ERROR] Failed to load resource: net::ERR_CONNECTION_REFUSED @ http://localhost:4401/dashboard/alerts?limit=6:0
[19193072ms] [ERROR] Failed to load resource: net::ERR_CONNECTION_REFUSED @ http://localhost:4401/dashboard/overview:0
[19193075ms] [ERROR] Failed to load resource: net::ERR_CONNECTION_REFUSED @ http://localhost:4401/api/billing/ai-credits/summary:0
[19193076ms] [ERROR] Failed to load resource: net::ERR_CONNECTION_REFUSED @ http://localhost:4401/dashboard/alerts?limit=6:0
[19222264ms] [ERROR] Failed to load resource: net::ERR_CONNECTION_REFUSED @ http://localhost:4401/api/billing/ai-credits/summary:0
[19222468ms] [ERROR] Failed to load resource: net::ERR_CONNECTION_REFUSED @ http://localhost:4401/api/billing/ai-credits/summary:0
[19223073ms] [ERROR] Failed to load resource: net::ERR_CONNECTION_REFUSED @ http://localhost:4401/api/billing/ai-credits/summary:0
[19252268ms] [ERROR] Failed to load resource: net::ERR_CONNECTION_REFUSED @ http://localhost:4401/dashboard/overview:0
[19252268ms] [ERROR] Failed to load resource: net::ERR_CONNECTION_REFUSED @ http://localhost:4401/api/billing/ai-credits/summary:0
[19252269ms] [ERROR] Failed to load resource: net::ERR_CONNECTION_REFUSED @ http://localhost:4401/dashboard/alerts?limit=6:0
[19252475ms] [ERROR] Failed to load resource: net::ERR_CONNECTION_REFUSED @ http://localhost:4401/dashboard/overview:0
[19252475ms] [ERROR] Failed to load resource: net::ERR_CONNECTION_REFUSED @ http://localhost:4401/api/billing/ai-credits/summary:0
[19252476ms] [ERROR] Failed to load resource: net::ERR_CONNECTION_REFUSED @ http://localhost:4401/dashboard/alerts?limit=6:0
[19253078ms] [ERROR] Failed to load resource: net::ERR_CONNECTION_REFUSED @ http://localhost:4401/dashboard/overview:0
[19253079ms] [ERROR] Failed to load resource: net::ERR_CONNECTION_REFUSED @ http://localhost:4401/api/billing/ai-credits/summary:0
[19253079ms] [ERROR] Failed to load resource: net::ERR_CONNECTION_REFUSED @ http://localhost:4401/dashboard/alerts?limit=6:0
[19282266ms] [ERROR] Failed to load resource: net::ERR_CONNECTION_REFUSED @ http://localhost:4401/api/billing/ai-credits/summary:0
[19282471ms] [ERROR] Failed to load resource: net::ERR_CONNECTION_REFUSED @ http://localhost:4401/api/billing/ai-credits/summary:0
[19283076ms] [ERROR] Failed to load resource: net::ERR_CONNECTION_REFUSED @ http://localhost:4401/api/billing/ai-credits/summary:0
[19312268ms] [ERROR] Failed to load resource: net::ERR_CONNECTION_REFUSED @ http://localhost:4401/dashboard/overview:0
[19312268ms] [ERROR] Failed to load resource: net::ERR_CONNECTION_REFUSED @ http://localhost:4401/api/billing/ai-credits/summary:0
[19312268ms] [ERROR] Failed to load resource: net::ERR_CONNECTION_REFUSED @ http://localhost:4401/dashboard/alerts?limit=6:0
[19312473ms] [ERROR] Failed to load resource: net::ERR_CONNECTION_REFUSED @ http://localhost:4401/dashboard/overview:0
[19312473ms] [ERROR] Failed to load resource: net::ERR_CONNECTION_REFUSED @ http://localhost:4401/api/billing/ai-credits/summary:0
[19312474ms] [ERROR] Failed to load resource: net::ERR_CONNECTION_REFUSED @ http://localhost:4401/dashboard/alerts?limit=6:0
[19313079ms] [ERROR] Failed to load resource: net::ERR_CONNECTION_REFUSED @ http://localhost:4401/dashboard/overview:0
[19313080ms] [ERROR] Failed to load resource: net::ERR_CONNECTION_REFUSED @ http://localhost:4401/api/billing/ai-credits/summary:0
[19313080ms] [ERROR] Failed to load resource: net::ERR_CONNECTION_REFUSED @ http://localhost:4401/dashboard/alerts?limit=6:0
[19342268ms] [ERROR] Failed to load resource: net::ERR_CONNECTION_REFUSED @ http://localhost:4401/api/billing/ai-credits/summary:0
[19342472ms] [ERROR] Failed to load resource: net::ERR_CONNECTION_REFUSED @ http://localhost:4401/api/billing/ai-credits/summary:0
[19343077ms] [ERROR] Failed to load resource: net::ERR_CONNECTION_REFUSED @ http://localhost:4401/api/billing/ai-credits/summary:0
[19372267ms] [ERROR] Failed to load resource: net::ERR_CONNECTION_REFUSED @ http://localhost:4401/dashboard/overview:0
[19372268ms] [ERROR] Failed to load resource: net::ERR_CONNECTION_REFUSED @ http://localhost:4401/api/billing/ai-credits/summary:0
[19372270ms] [ERROR] Failed to load resource: net::ERR_CONNECTION_REFUSED @ http://localhost:4401/dashboard/alerts?limit=6:0
[19372474ms] [ERROR] Failed to load resource: net::ERR_CONNECTION_REFUSED @ http://localhost:4401/dashboard/overview:0
[19372474ms] [ERROR] Failed to load resource: net::ERR_CONNECTION_REFUSED @ http://localhost:4401/api/billing/ai-credits/summary:0
[19372475ms] [ERROR] Failed to load resource: net::ERR_CONNECTION_REFUSED @ http://localhost:4401/dashboard/alerts?limit=6:0
[19373082ms] [ERROR] Failed to load resource: net::ERR_CONNECTION_REFUSED @ http://localhost:4401/dashboard/overview:0
[19373082ms] [ERROR] Failed to load resource: net::ERR_CONNECTION_REFUSED @ http://localhost:4401/api/billing/ai-credits/summary:0
[19373082ms] [ERROR] Failed to load resource: net::ERR_CONNECTION_REFUSED @ http://localhost:4401/dashboard/alerts?limit=6:0
[19402269ms] [ERROR] Failed to load resource: net::ERR_CONNECTION_REFUSED @ http://localhost:4401/api/billing/ai-credits/summary:0
[19402474ms] [ERROR] Failed to load resource: net::ERR_CONNECTION_REFUSED @ http://localhost:4401/api/billing/ai-credits/summary:0
[19403078ms] [ERROR] Failed to load resource: net::ERR_CONNECTION_REFUSED @ http://localhost:4401/api/billing/ai-credits/summary:0
[19432271ms] [ERROR] Failed to load resource: net::ERR_CONNECTION_REFUSED @ http://localhost:4401/dashboard/overview:0
[19432271ms] [ERROR] Failed to load resource: net::ERR_CONNECTION_REFUSED @ http://localhost:4401/api/billing/ai-credits/summary:0
[19432271ms] [ERROR] Failed to load resource: net::ERR_CONNECTION_REFUSED @ http://localhost:4401/dashboard/alerts?limit=6:0
[19432476ms] [ERROR] Failed to load resource: net::ERR_CONNECTION_REFUSED @ http://localhost:4401/dashboard/overview:0
[19432476ms] [ERROR] Failed to load resource: net::ERR_CONNECTION_REFUSED @ http://localhost:4401/api/billing/ai-credits/summary:0
[19432477ms] [ERROR] Failed to load resource: net::ERR_CONNECTION_REFUSED @ http://localhost:4401/dashboard/alerts?limit=6:0
[19433083ms] [ERROR] Failed to load resource: net::ERR_CONNECTION_REFUSED @ http://localhost:4401/dashboard/overview:0
[19433083ms] [ERROR] Failed to load resource: net::ERR_CONNECTION_REFUSED @ http://localhost:4401/api/billing/ai-credits/summary:0
[19433083ms] [ERROR] Failed to load resource: net::ERR_CONNECTION_REFUSED @ http://localhost:4401/dashboard/alerts?limit=6:0
[19462270ms] [ERROR] Failed to load resource: net::ERR_CONNECTION_REFUSED @ http://localhost:4401/api/billing/ai-credits/summary:0
[19462475ms] [ERROR] Failed to load resource: net::ERR_CONNECTION_REFUSED @ http://localhost:4401/api/billing/ai-credits/summary:0
[19463079ms] [ERROR] Failed to load resource: net::ERR_CONNECTION_REFUSED @ http://localhost:4401/api/billing/ai-credits/summary:0
[19492272ms] [ERROR] Failed to load resource: net::ERR_CONNECTION_REFUSED @ http://localhost:4401/dashboard/overview:0
[19492272ms] [ERROR] Failed to load resource: net::ERR_CONNECTION_REFUSED @ http://localhost:4401/api/billing/ai-credits/summary:0
[19492272ms] [ERROR] Failed to load resource: net::ERR_CONNECTION_REFUSED @ http://localhost:4401/dashboard/alerts?limit=6:0
[19492478ms] [ERROR] Failed to load resource: net::ERR_CONNECTION_REFUSED @ http://localhost:4401/dashboard/overview:0
[19492478ms] [ERROR] Failed to load resource: net::ERR_CONNECTION_REFUSED @ http://localhost:4401/api/billing/ai-credits/summary:0
[19492478ms] [ERROR] Failed to load resource: net::ERR_CONNECTION_REFUSED @ http://localhost:4401/dashboard/alerts?limit=6:0
[19493085ms] [ERROR] Failed to load resource: net::ERR_CONNECTION_REFUSED @ http://localhost:4401/dashboard/overview:0
[19493085ms] [ERROR] Failed to load resource: net::ERR_CONNECTION_REFUSED @ http://localhost:4401/api/billing/ai-credits/summary:0
[19493085ms] [ERROR] Failed to load resource: net::ERR_CONNECTION_REFUSED @ http://localhost:4401/dashboard/alerts?limit=6:0
[19522267ms] [ERROR] Failed to load resource: net::ERR_CONNECTION_REFUSED @ http://localhost:4401/api/billing/ai-credits/summary:0
[19522470ms] [ERROR] Failed to load resource: net::ERR_CONNECTION_REFUSED @ http://localhost:4401/api/billing/ai-credits/summary:0
[19523075ms] [ERROR] Failed to load resource: net::ERR_CONNECTION_REFUSED @ http://localhost:4401/api/billing/ai-credits/summary:0
[19552269ms] [ERROR] Failed to load resource: net::ERR_CONNECTION_REFUSED @ http://localhost:4401/dashboard/overview:0
[19552269ms] [ERROR] Failed to load resource: net::ERR_CONNECTION_REFUSED @ http://localhost:4401/api/billing/ai-credits/summary:0
[19552269ms] [ERROR] Failed to load resource: net::ERR_CONNECTION_REFUSED @ http://localhost:4401/dashboard/alerts?limit=6:0
[19552476ms] [ERROR] Failed to load resource: net::ERR_CONNECTION_REFUSED @ http://localhost:4401/dashboard/overview:0
[19552477ms] [ERROR] Failed to load resource: net::ERR_CONNECTION_REFUSED @ http://localhost:4401/api/billing/ai-credits/summary:0
[19552477ms] [ERROR] Failed to load resource: net::ERR_CONNECTION_REFUSED @ http://localhost:4401/dashboard/alerts?limit=6:0
[19553083ms] [ERROR] Failed to load resource: net::ERR_CONNECTION_REFUSED @ http://localhost:4401/api/billing/ai-credits/summary:0
[19553083ms] [ERROR] Failed to load resource: net::ERR_CONNECTION_REFUSED @ http://localhost:4401/dashboard/overview:0
[19553085ms] [ERROR] Failed to load resource: net::ERR_CONNECTION_REFUSED @ http://localhost:4401/dashboard/alerts?limit=6:0
[19582270ms] [ERROR] Failed to load resource: net::ERR_CONNECTION_REFUSED @ http://localhost:4401/api/billing/ai-credits/summary:0
[19582473ms] [ERROR] Failed to load resource: net::ERR_CONNECTION_REFUSED @ http://localhost:4401/api/billing/ai-credits/summary:0
[19583079ms] [ERROR] Failed to load resource: net::ERR_CONNECTION_REFUSED @ http://localhost:4401/api/billing/ai-credits/summary:0
[19612271ms] [ERROR] Failed to load resource: net::ERR_CONNECTION_REFUSED @ http://localhost:4401/dashboard/overview:0
[19612272ms] [ERROR] Failed to load resource: net::ERR_CONNECTION_REFUSED @ http://localhost:4401/api/billing/ai-credits/summary:0
[19612272ms] [ERROR] Failed to load resource: net::ERR_CONNECTION_REFUSED @ http://localhost:4401/dashboard/alerts?limit=6:0
[19612476ms] [ERROR] Failed to load resource: net::ERR_CONNECTION_REFUSED @ http://localhost:4401/dashboard/overview:0
[19612476ms] [ERROR] Failed to load resource: net::ERR_CONNECTION_REFUSED @ http://localhost:4401/api/billing/ai-credits/summary:0
[19612476ms] [ERROR] Failed to load resource: net::ERR_CONNECTION_REFUSED @ http://localhost:4401/dashboard/alerts?limit=6:0
[19613084ms] [ERROR] Failed to load resource: net::ERR_CONNECTION_REFUSED @ http://localhost:4401/dashboard/overview:0
[19613084ms] [ERROR] Failed to load resource: net::ERR_CONNECTION_REFUSED @ http://localhost:4401/api/billing/ai-credits/summary:0
[19613085ms] [ERROR] Failed to load resource: net::ERR_CONNECTION_REFUSED @ http://localhost:4401/dashboard/alerts?limit=6:0
[19642269ms] [ERROR] Failed to load resource: net::ERR_CONNECTION_REFUSED @ http://localhost:4401/api/billing/ai-credits/summary:0
[19642473ms] [ERROR] Failed to load resource: net::ERR_CONNECTION_REFUSED @ http://localhost:4401/api/billing/ai-credits/summary:0
[19643076ms] [ERROR] Failed to load resource: net::ERR_CONNECTION_REFUSED @ http://localhost:4401/api/billing/ai-credits/summary:0
[19672274ms] [ERROR] Failed to load resource: net::ERR_CONNECTION_REFUSED @ http://localhost:4401/dashboard/overview:0
[19672274ms] [ERROR] Failed to load resource: net::ERR_CONNECTION_REFUSED @ http://localhost:4401/api/billing/ai-credits/summary:0
[19672274ms] [ERROR] Failed to load resource: net::ERR_CONNECTION_REFUSED @ http://localhost:4401/dashboard/alerts?limit=6:0
[19672485ms] [ERROR] Failed to load resource: net::ERR_CONNECTION_REFUSED @ http://localhost:4401/dashboard/overview:0
[19672486ms] [ERROR] Failed to load resource: net::ERR_CONNECTION_REFUSED @ http://localhost:4401/api/billing/ai-credits/summary:0
[19672486ms] [ERROR] Failed to load resource: net::ERR_CONNECTION_REFUSED @ http://localhost:4401/dashboard/alerts?limit=6:0
[19673096ms] [ERROR] Failed to load resource: net::ERR_CONNECTION_REFUSED @ http://localhost:4401/dashboard/overview:0
[19673097ms] [ERROR] Failed to load resource: net::ERR_CONNECTION_REFUSED @ http://localhost:4401/api/billing/ai-credits/summary:0
[19673097ms] [ERROR] Failed to load resource: net::ERR_CONNECTION_REFUSED @ http://localhost:4401/dashboard/alerts?limit=6:0
[19702272ms] [ERROR] Failed to load resource: net::ERR_CONNECTION_REFUSED @ http://localhost:4401/api/billing/ai-credits/summary:0
[19702479ms] [ERROR] Failed to load resource: net::ERR_CONNECTION_REFUSED @ http://localhost:4401/api/billing/ai-credits/summary:0
[19703085ms] [ERROR] Failed to load resource: net::ERR_CONNECTION_REFUSED @ http://localhost:4401/api/billing/ai-credits/summary:0
[19732274ms] [ERROR] Failed to load resource: net::ERR_CONNECTION_REFUSED @ http://localhost:4401/dashboard/overview:0
[19732275ms] [ERROR] Failed to load resource: net::ERR_CONNECTION_REFUSED @ http://localhost:4401/api/billing/ai-credits/summary:0
[19732275ms] [ERROR] Failed to load resource: net::ERR_CONNECTION_REFUSED @ http://localhost:4401/dashboard/alerts?limit=6:0
[19732483ms] [ERROR] Failed to load resource: net::ERR_CONNECTION_REFUSED @ http://localhost:4401/dashboard/overview:0
[19732483ms] [ERROR] Failed to load resource: net::ERR_CONNECTION_REFUSED @ http://localhost:4401/api/billing/ai-credits/summary:0
[19732483ms] [ERROR] Failed to load resource: net::ERR_CONNECTION_REFUSED @ http://localhost:4401/dashboard/alerts?limit=6:0
[19733094ms] [ERROR] Failed to load resource: net::ERR_CONNECTION_REFUSED @ http://localhost:4401/dashboard/overview:0
[19733094ms] [ERROR] Failed to load resource: net::ERR_CONNECTION_REFUSED @ http://localhost:4401/api/billing/ai-credits/summary:0
[19733094ms] [ERROR] Failed to load resource: net::ERR_CONNECTION_REFUSED @ http://localhost:4401/dashboard/alerts?limit=6:0
[19762274ms] [ERROR] Failed to load resource: net::ERR_CONNECTION_REFUSED @ http://localhost:4401/api/billing/ai-credits/summary:0
[19762480ms] [ERROR] Failed to load resource: net::ERR_CONNECTION_REFUSED @ http://localhost:4401/api/billing/ai-credits/summary:0
[19763084ms] [ERROR] Failed to load resource: net::ERR_CONNECTION_REFUSED @ http://localhost:4401/api/billing/ai-credits/summary:0
[19792276ms] [ERROR] Failed to load resource: net::ERR_CONNECTION_REFUSED @ http://localhost:4401/dashboard/overview:0
[19792277ms] [ERROR] Failed to load resource: net::ERR_CONNECTION_REFUSED @ http://localhost:4401/api/billing/ai-credits/summary:0
[19792277ms] [ERROR] Failed to load resource: net::ERR_CONNECTION_REFUSED @ http://localhost:4401/dashboard/alerts?limit=6:0
[19792487ms] [ERROR] Failed to load resource: net::ERR_CONNECTION_REFUSED @ http://localhost:4401/dashboard/overview:0
[19792487ms] [ERROR] Failed to load resource: net::ERR_CONNECTION_REFUSED @ http://localhost:4401/api/billing/ai-credits/summary:0
[19792487ms] [ERROR] Failed to load resource: net::ERR_CONNECTION_REFUSED @ http://localhost:4401/dashboard/alerts?limit=6:0
[19793098ms] [ERROR] Failed to load resource: net::ERR_CONNECTION_REFUSED @ http://localhost:4401/dashboard/overview:0
[19793099ms] [ERROR] Failed to load resource: net::ERR_CONNECTION_REFUSED @ http://localhost:4401/api/billing/ai-credits/summary:0
[19793099ms] [ERROR] Failed to load resource: net::ERR_CONNECTION_REFUSED @ http://localhost:4401/dashboard/alerts?limit=6:0
[19822275ms] [ERROR] Failed to load resource: net::ERR_CONNECTION_REFUSED @ http://localhost:4401/api/billing/ai-credits/summary:0
[19822483ms] [ERROR] Failed to load resource: net::ERR_CONNECTION_REFUSED @ http://localhost:4401/api/billing/ai-credits/summary:0
[19823091ms] [ERROR] Failed to load resource: net::ERR_CONNECTION_REFUSED @ http://localhost:4401/api/billing/ai-credits/summary:0
[19852277ms] [ERROR] Failed to load resource: net::ERR_CONNECTION_REFUSED @ http://localhost:4401/dashboard/overview:0
[19852277ms] [ERROR] Failed to load resource: net::ERR_CONNECTION_REFUSED @ http://localhost:4401/api/billing/ai-credits/summary:0
[19852278ms] [ERROR] Failed to load resource: net::ERR_CONNECTION_REFUSED @ http://localhost:4401/dashboard/alerts?limit=6:0
[19852488ms] [ERROR] Failed to load resource: net::ERR_CONNECTION_REFUSED @ http://localhost:4401/dashboard/overview:0
[19852488ms] [ERROR] Failed to load resource: net::ERR_CONNECTION_REFUSED @ http://localhost:4401/api/billing/ai-credits/summary:0
[19852488ms] [ERROR] Failed to load resource: net::ERR_CONNECTION_REFUSED @ http://localhost:4401/dashboard/alerts?limit=6:0
[19853099ms] [ERROR] Failed to load resource: net::ERR_CONNECTION_REFUSED @ http://localhost:4401/dashboard/overview:0
[19853099ms] [ERROR] Failed to load resource: net::ERR_CONNECTION_REFUSED @ http://localhost:4401/api/billing/ai-credits/summary:0
[19853099ms] [ERROR] Failed to load resource: net::ERR_CONNECTION_REFUSED @ http://localhost:4401/dashboard/alerts?limit=6:0
[19882274ms] [ERROR] Failed to load resource: net::ERR_CONNECTION_REFUSED @ http://localhost:4401/api/billing/ai-credits/summary:0
[19882481ms] [ERROR] Failed to load resource: net::ERR_CONNECTION_REFUSED @ http://localhost:4401/api/billing/ai-credits/summary:0
[19883089ms] [ERROR] Failed to load resource: net::ERR_CONNECTION_REFUSED @ http://localhost:4401/api/billing/ai-credits/summary:0
[19912288ms] [ERROR] Failed to load resource: net::ERR_CONNECTION_REFUSED @ http://localhost:4401/dashboard/overview:0
[19912288ms] [ERROR] Failed to load resource: net::ERR_CONNECTION_REFUSED @ http://localhost:4401/api/billing/ai-credits/summary:0
[19912289ms] [ERROR] Failed to load resource: net::ERR_CONNECTION_REFUSED @ http://localhost:4401/dashboard/alerts?limit=6:0
[19912504ms] [ERROR] Failed to load resource: net::ERR_CONNECTION_REFUSED @ http://localhost:4401/dashboard/overview:0
[19912504ms] [ERROR] Failed to load resource: net::ERR_CONNECTION_REFUSED @ http://localhost:4401/api/billing/ai-credits/summary:0
[19912504ms] [ERROR] Failed to load resource: net::ERR_CONNECTION_REFUSED @ http://localhost:4401/dashboard/alerts?limit=6:0
[19913113ms] [ERROR] Failed to load resource: net::ERR_CONNECTION_REFUSED @ http://localhost:4401/dashboard/overview:0
[19913114ms] [ERROR] Failed to load resource: net::ERR_CONNECTION_REFUSED @ http://localhost:4401/api/billing/ai-credits/summary:0
[19913114ms] [ERROR] Failed to load resource: net::ERR_CONNECTION_REFUSED @ http://localhost:4401/dashboard/alerts?limit=6:0
[19942278ms] [ERROR] Failed to load resource: net::ERR_CONNECTION_REFUSED @ http://localhost:4401/api/billing/ai-credits/summary:0
[19942484ms] [ERROR] Failed to load resource: net::ERR_CONNECTION_REFUSED @ http://localhost:4401/api/billing/ai-credits/summary:0
[19943092ms] [ERROR] Failed to load resource: net::ERR_CONNECTION_REFUSED @ http://localhost:4401/api/billing/ai-credits/summary:0
[19972278ms] [ERROR] Failed to load resource: net::ERR_CONNECTION_REFUSED @ http://localhost:4401/dashboard/overview:0
[19972278ms] [ERROR] Failed to load resource: net::ERR_CONNECTION_REFUSED @ http://localhost:4401/api/billing/ai-credits/summary:0
[19972279ms] [ERROR] Failed to load resource: net::ERR_CONNECTION_REFUSED @ http://localhost:4401/dashboard/alerts?limit=6:0
[19972488ms] [ERROR] Failed to load resource: net::ERR_CONNECTION_REFUSED @ http://localhost:4401/dashboard/overview:0
[19972488ms] [ERROR] Failed to load resource: net::ERR_CONNECTION_REFUSED @ http://localhost:4401/api/billing/ai-credits/summary:0
[19972488ms] [ERROR] Failed to load resource: net::ERR_CONNECTION_REFUSED @ http://localhost:4401/dashboard/alerts?limit=6:0
[19973099ms] [ERROR] Failed to load resource: net::ERR_CONNECTION_REFUSED @ http://localhost:4401/dashboard/overview:0
[19973099ms] [ERROR] Failed to load resource: net::ERR_CONNECTION_REFUSED @ http://localhost:4401/api/billing/ai-credits/summary:0
[19973099ms] [ERROR] Failed to load resource: net::ERR_CONNECTION_REFUSED @ http://localhost:4401/dashboard/alerts?limit=6:0
[20002277ms] [ERROR] Failed to load resource: net::ERR_CONNECTION_REFUSED @ http://localhost:4401/api/billing/ai-credits/summary:0
[20002484ms] [ERROR] Failed to load resource: net::ERR_CONNECTION_REFUSED @ http://localhost:4401/api/billing/ai-credits/summary:0
[20003091ms] [ERROR] Failed to load resource: net::ERR_CONNECTION_REFUSED @ http://localhost:4401/api/billing/ai-credits/summary:0
[20032280ms] [ERROR] Failed to load resource: net::ERR_CONNECTION_REFUSED @ http://localhost:4401/dashboard/overview:0
[20032280ms] [ERROR] Failed to load resource: net::ERR_CONNECTION_REFUSED @ http://localhost:4401/api/billing/ai-credits/summary:0
[20032281ms] [ERROR] Failed to load resource: net::ERR_CONNECTION_REFUSED @ http://localhost:4401/dashboard/alerts?limit=6:0
[20032489ms] [ERROR] Failed to load resource: net::ERR_CONNECTION_REFUSED @ http://localhost:4401/dashboard/overview:0
[20032489ms] [ERROR] Failed to load resource: net::ERR_CONNECTION_REFUSED @ http://localhost:4401/api/billing/ai-credits/summary:0
[20032489ms] [ERROR] Failed to load resource: net::ERR_CONNECTION_REFUSED @ http://localhost:4401/dashboard/alerts?limit=6:0
[20033094ms] [ERROR] Failed to load resource: net::ERR_CONNECTION_REFUSED @ http://localhost:4401/dashboard/overview:0
[20033094ms] [ERROR] Failed to load resource: net::ERR_CONNECTION_REFUSED @ http://localhost:4401/api/billing/ai-credits/summary:0
[20033095ms] [ERROR] Failed to load resource: net::ERR_CONNECTION_REFUSED @ http://localhost:4401/dashboard/alerts?limit=6:0
[20062291ms] [ERROR] Failed to load resource: net::ERR_CONNECTION_REFUSED @ http://localhost:4401/api/billing/ai-credits/summary:0
[20062500ms] [ERROR] Failed to load resource: net::ERR_CONNECTION_REFUSED @ http://localhost:4401/api/billing/ai-credits/summary:0
[20063110ms] [ERROR] Failed to load resource: net::ERR_CONNECTION_REFUSED @ http://localhost:4401/api/billing/ai-credits/summary:0
[20092283ms] [ERROR] Failed to load resource: net::ERR_CONNECTION_REFUSED @ http://localhost:4401/dashboard/overview:0
[20092283ms] [ERROR] Failed to load resource: net::ERR_CONNECTION_REFUSED @ http://localhost:4401/api/billing/ai-credits/summary:0
[20092283ms] [ERROR] Failed to load resource: net::ERR_CONNECTION_REFUSED @ http://localhost:4401/dashboard/alerts?limit=6:0
[20092494ms] [ERROR] Failed to load resource: net::ERR_CONNECTION_REFUSED @ http://localhost:4401/dashboard/overview:0
[20092494ms] [ERROR] Failed to load resource: net::ERR_CONNECTION_REFUSED @ http://localhost:4401/api/billing/ai-credits/summary:0
[20092495ms] [ERROR] Failed to load resource: net::ERR_CONNECTION_REFUSED @ http://localhost:4401/dashboard/alerts?limit=6:0
[20093106ms] [ERROR] Failed to load resource: net::ERR_CONNECTION_REFUSED @ http://localhost:4401/dashboard/overview:0
[20093106ms] [ERROR] Failed to load resource: net::ERR_CONNECTION_REFUSED @ http://localhost:4401/api/billing/ai-credits/summary:0
[20093106ms] [ERROR] Failed to load resource: net::ERR_CONNECTION_REFUSED @ http://localhost:4401/dashboard/alerts?limit=6:0
[20122284ms] [ERROR] Failed to load resource: net::ERR_CONNECTION_REFUSED @ http://localhost:4401/api/billing/ai-credits/summary:0
[20122492ms] [ERROR] Failed to load resource: net::ERR_CONNECTION_REFUSED @ http://localhost:4401/api/billing/ai-credits/summary:0
[20123099ms] [ERROR] Failed to load resource: net::ERR_CONNECTION_REFUSED @ http://localhost:4401/api/billing/ai-credits/summary:0
[20152284ms] [ERROR] Failed to load resource: net::ERR_CONNECTION_REFUSED @ http://localhost:4401/dashboard/overview:0
[20152284ms] [ERROR] Failed to load resource: net::ERR_CONNECTION_REFUSED @ http://localhost:4401/api/billing/ai-credits/summary:0
[20152285ms] [ERROR] Failed to load resource: net::ERR_CONNECTION_REFUSED @ http://localhost:4401/dashboard/alerts?limit=6:0
[20152495ms] [ERROR] Failed to load resource: net::ERR_CONNECTION_REFUSED @ http://localhost:4401/dashboard/overview:0
[20152495ms] [ERROR] Failed to load resource: net::ERR_CONNECTION_REFUSED @ http://localhost:4401/api/billing/ai-credits/summary:0
[20152495ms] [ERROR] Failed to load resource: net::ERR_CONNECTION_REFUSED @ http://localhost:4401/dashboard/alerts?limit=6:0
[20153100ms] [ERROR] Failed to load resource: net::ERR_CONNECTION_REFUSED @ http://localhost:4401/dashboard/overview:0
[20153100ms] [ERROR] Failed to load resource: net::ERR_CONNECTION_REFUSED @ http://localhost:4401/api/billing/ai-credits/summary:0
[20153101ms] [ERROR] Failed to load resource: net::ERR_CONNECTION_REFUSED @ http://localhost:4401/dashboard/alerts?limit=6:0
[20182281ms] [ERROR] Failed to load resource: net::ERR_CONNECTION_REFUSED @ http://localhost:4401/api/billing/ai-credits/summary:0
[20182491ms] [ERROR] Failed to load resource: net::ERR_CONNECTION_REFUSED @ http://localhost:4401/api/billing/ai-credits/summary:0
[20183093ms] [ERROR] Failed to load resource: net::ERR_CONNECTION_REFUSED @ http://localhost:4401/api/billing/ai-credits/summary:0
[20212285ms] [ERROR] Failed to load resource: net::ERR_CONNECTION_REFUSED @ http://localhost:4401/dashboard/overview:0
[20212285ms] [ERROR] Failed to load resource: net::ERR_CONNECTION_REFUSED @ http://localhost:4401/api/billing/ai-credits/summary:0
[20212285ms] [ERROR] Failed to load resource: net::ERR_CONNECTION_REFUSED @ http://localhost:4401/dashboard/alerts?limit=6:0
[20212497ms] [ERROR] Failed to load resource: net::ERR_CONNECTION_REFUSED @ http://localhost:4401/dashboard/overview:0
[20212497ms] [ERROR] Failed to load resource: net::ERR_CONNECTION_REFUSED @ http://localhost:4401/api/billing/ai-credits/summary:0
[20212498ms] [ERROR] Failed to load resource: net::ERR_CONNECTION_REFUSED @ http://localhost:4401/dashboard/alerts?limit=6:0
[20213106ms] [ERROR] Failed to load resource: net::ERR_CONNECTION_REFUSED @ http://localhost:4401/dashboard/overview:0
[20213106ms] [ERROR] Failed to load resource: net::ERR_CONNECTION_REFUSED @ http://localhost:4401/api/billing/ai-credits/summary:0
[20213107ms] [ERROR] Failed to load resource: net::ERR_CONNECTION_REFUSED @ http://localhost:4401/dashboard/alerts?limit=6:0
[20242277ms] [ERROR] Failed to load resource: net::ERR_CONNECTION_REFUSED @ http://localhost:4401/api/billing/ai-credits/summary:0
[20242480ms] [ERROR] Failed to load resource: net::ERR_CONNECTION_REFUSED @ http://localhost:4401/api/billing/ai-credits/summary:0
[20243084ms] [ERROR] Failed to load resource: net::ERR_CONNECTION_REFUSED @ http://localhost:4401/api/billing/ai-credits/summary:0
[20272285ms] [ERROR] Failed to load resource: net::ERR_CONNECTION_REFUSED @ http://localhost:4401/dashboard/overview:0
[20272285ms] [ERROR] Failed to load resource: net::ERR_CONNECTION_REFUSED @ http://localhost:4401/api/billing/ai-credits/summary:0
[20272285ms] [ERROR] Failed to load resource: net::ERR_CONNECTION_REFUSED @ http://localhost:4401/dashboard/alerts?limit=6:0
[20272491ms] [ERROR] Failed to load resource: net::ERR_CONNECTION_REFUSED @ http://localhost:4401/dashboard/overview:0
[20272491ms] [ERROR] Failed to load resource: net::ERR_CONNECTION_REFUSED @ http://localhost:4401/api/billing/ai-credits/summary:0
[20272491ms] [ERROR] Failed to load resource: net::ERR_CONNECTION_REFUSED @ http://localhost:4401/dashboard/alerts?limit=6:0
[20273097ms] [ERROR] Failed to load resource: net::ERR_CONNECTION_REFUSED @ http://localhost:4401/dashboard/overview:0
[20273098ms] [ERROR] Failed to load resource: net::ERR_CONNECTION_REFUSED @ http://localhost:4401/api/billing/ai-credits/summary:0
[20273098ms] [ERROR] Failed to load resource: net::ERR_CONNECTION_REFUSED @ http://localhost:4401/dashboard/alerts?limit=6:0
[20302284ms] [ERROR] Failed to load resource: net::ERR_CONNECTION_REFUSED @ http://localhost:4401/api/billing/ai-credits/summary:0
[20302489ms] [ERROR] Failed to load resource: net::ERR_CONNECTION_REFUSED @ http://localhost:4401/api/billing/ai-credits/summary:0
[20303096ms] [ERROR] Failed to load resource: net::ERR_CONNECTION_REFUSED @ http://localhost:4401/api/billing/ai-credits/summary:0
[20332286ms] [ERROR] Failed to load resource: net::ERR_CONNECTION_REFUSED @ http://localhost:4401/dashboard/overview:0
[20332286ms] [ERROR] Failed to load resource: net::ERR_CONNECTION_REFUSED @ http://localhost:4401/api/billing/ai-credits/summary:0
[20332286ms] [ERROR] Failed to load resource: net::ERR_CONNECTION_REFUSED @ http://localhost:4401/dashboard/alerts?limit=6:0
[20332489ms] [ERROR] Failed to load resource: net::ERR_CONNECTION_REFUSED @ http://localhost:4401/dashboard/overview:0
[20332489ms] [ERROR] Failed to load resource: net::ERR_CONNECTION_REFUSED @ http://localhost:4401/api/billing/ai-credits/summary:0
[20332489ms] [ERROR] Failed to load resource: net::ERR_CONNECTION_REFUSED @ http://localhost:4401/dashboard/alerts?limit=6:0
[20333100ms] [ERROR] Failed to load resource: net::ERR_CONNECTION_REFUSED @ http://localhost:4401/dashboard/overview:0
[20333100ms] [ERROR] Failed to load resource: net::ERR_CONNECTION_REFUSED @ http://localhost:4401/api/billing/ai-credits/summary:0
[20333100ms] [ERROR] Failed to load resource: net::ERR_CONNECTION_REFUSED @ http://localhost:4401/dashboard/alerts?limit=6:0
[20362284ms] [ERROR] Failed to load resource: net::ERR_CONNECTION_REFUSED @ http://localhost:4401/api/billing/ai-credits/summary:0
[20362493ms] [ERROR] Failed to load resource: net::ERR_CONNECTION_REFUSED @ http://localhost:4401/api/billing/ai-credits/summary:0
[20363097ms] [ERROR] Failed to load resource: net::ERR_CONNECTION_REFUSED @ http://localhost:4401/api/billing/ai-credits/summary:0
[20392287ms] [ERROR] Failed to load resource: net::ERR_CONNECTION_REFUSED @ http://localhost:4401/dashboard/overview:0
[20392287ms] [ERROR] Failed to load resource: net::ERR_CONNECTION_REFUSED @ http://localhost:4401/api/billing/ai-credits/summary:0
[20392287ms] [ERROR] Failed to load resource: net::ERR_CONNECTION_REFUSED @ http://localhost:4401/dashboard/alerts?limit=6:0
[20392496ms] [ERROR] Failed to load resource: net::ERR_CONNECTION_REFUSED @ http://localhost:4401/dashboard/overview:0
[20392498ms] [ERROR] Failed to load resource: net::ERR_CONNECTION_REFUSED @ http://localhost:4401/api/billing/ai-credits/summary:0
[20392498ms] [ERROR] Failed to load resource: net::ERR_CONNECTION_REFUSED @ http://localhost:4401/dashboard/alerts?limit=6:0
[20393101ms] [ERROR] Failed to load resource: net::ERR_CONNECTION_REFUSED @ http://localhost:4401/dashboard/overview:0
[20393101ms] [ERROR] Failed to load resource: net::ERR_CONNECTION_REFUSED @ http://localhost:4401/api/billing/ai-credits/summary:0
[20393101ms] [ERROR] Failed to load resource: net::ERR_CONNECTION_REFUSED @ http://localhost:4401/dashboard/alerts?limit=6:0
[20422284ms] [ERROR] Failed to load resource: net::ERR_CONNECTION_REFUSED @ http://localhost:4401/api/billing/ai-credits/summary:0
[20422490ms] [ERROR] Failed to load resource: net::ERR_CONNECTION_REFUSED @ http://localhost:4401/api/billing/ai-credits/summary:0
[20423100ms] [ERROR] Failed to load resource: net::ERR_CONNECTION_REFUSED @ http://localhost:4401/api/billing/ai-credits/summary:0
[20452286ms] [ERROR] Failed to load resource: net::ERR_CONNECTION_REFUSED @ http://localhost:4401/dashboard/overview:0
[20452287ms] [ERROR] Failed to load resource: net::ERR_CONNECTION_REFUSED @ http://localhost:4401/api/billing/ai-credits/summary:0
[20452287ms] [ERROR] Failed to load resource: net::ERR_CONNECTION_REFUSED @ http://localhost:4401/dashboard/alerts?limit=6:0
[20452498ms] [ERROR] Failed to load resource: net::ERR_CONNECTION_REFUSED @ http://localhost:4401/dashboard/overview:0
[20452498ms] [ERROR] Failed to load resource: net::ERR_CONNECTION_REFUSED @ http://localhost:4401/api/billing/ai-credits/summary:0
[20452498ms] [ERROR] Failed to load resource: net::ERR_CONNECTION_REFUSED @ http://localhost:4401/dashboard/alerts?limit=6:0
[20453101ms] [ERROR] Failed to load resource: net::ERR_CONNECTION_REFUSED @ http://localhost:4401/dashboard/overview:0
[20453101ms] [ERROR] Failed to load resource: net::ERR_CONNECTION_REFUSED @ http://localhost:4401/api/billing/ai-credits/summary:0
[20453101ms] [ERROR] Failed to load resource: net::ERR_CONNECTION_REFUSED @ http://localhost:4401/dashboard/alerts?limit=6:0
[20482282ms] [ERROR] Failed to load resource: net::ERR_CONNECTION_REFUSED @ http://localhost:4401/api/billing/ai-credits/summary:0
[20482484ms] [ERROR] Failed to load resource: net::ERR_CONNECTION_REFUSED @ http://localhost:4401/api/billing/ai-credits/summary:0
[20483087ms] [ERROR] Failed to load resource: net::ERR_CONNECTION_REFUSED @ http://localhost:4401/api/billing/ai-credits/summary:0
[20512281ms] [ERROR] Failed to load resource: net::ERR_CONNECTION_REFUSED @ http://localhost:4401/dashboard/overview:0
[20512281ms] [ERROR] Failed to load resource: net::ERR_CONNECTION_REFUSED @ http://localhost:4401/api/billing/ai-credits/summary:0
[20512281ms] [ERROR] Failed to load resource: net::ERR_CONNECTION_REFUSED @ http://localhost:4401/dashboard/alerts?limit=6:0
[20512485ms] [ERROR] Failed to load resource: net::ERR_CONNECTION_REFUSED @ http://localhost:4401/dashboard/overview:0
[20512485ms] [ERROR] Failed to load resource: net::ERR_CONNECTION_REFUSED @ http://localhost:4401/api/billing/ai-credits/summary:0
[20512485ms] [ERROR] Failed to load resource: net::ERR_CONNECTION_REFUSED @ http://localhost:4401/dashboard/alerts?limit=6:0
[20513089ms] [ERROR] Failed to load resource: net::ERR_CONNECTION_REFUSED @ http://localhost:4401/dashboard/overview:0
[20513089ms] [ERROR] Failed to load resource: net::ERR_CONNECTION_REFUSED @ http://localhost:4401/api/billing/ai-credits/summary:0
[20513089ms] [ERROR] Failed to load resource: net::ERR_CONNECTION_REFUSED @ http://localhost:4401/dashboard/alerts?limit=6:0
[20542288ms] [ERROR] Failed to load resource: net::ERR_CONNECTION_REFUSED @ http://localhost:4401/api/billing/ai-credits/summary:0
[20542493ms] [ERROR] Failed to load resource: net::ERR_CONNECTION_REFUSED @ http://localhost:4401/api/billing/ai-credits/summary:0
[20543102ms] [ERROR] Failed to load resource: net::ERR_CONNECTION_REFUSED @ http://localhost:4401/api/billing/ai-credits/summary:0
[20572289ms] [ERROR] Failed to load resource: net::ERR_CONNECTION_REFUSED @ http://localhost:4401/dashboard/overview:0
[20572289ms] [ERROR] Failed to load resource: net::ERR_CONNECTION_REFUSED @ http://localhost:4401/api/billing/ai-credits/summary:0
[20572290ms] [ERROR] Failed to load resource: net::ERR_CONNECTION_REFUSED @ http://localhost:4401/dashboard/alerts?limit=6:0
[20572499ms] [ERROR] Failed to load resource: net::ERR_CONNECTION_REFUSED @ http://localhost:4401/dashboard/overview:0
[20572499ms] [ERROR] Failed to load resource: net::ERR_CONNECTION_REFUSED @ http://localhost:4401/api/billing/ai-credits/summary:0
[20572500ms] [ERROR] Failed to load resource: net::ERR_CONNECTION_REFUSED @ http://localhost:4401/dashboard/alerts?limit=6:0
[20573110ms] [ERROR] Failed to load resource: net::ERR_CONNECTION_REFUSED @ http://localhost:4401/dashboard/overview:0
[20573111ms] [ERROR] Failed to load resource: net::ERR_CONNECTION_REFUSED @ http://localhost:4401/api/billing/ai-credits/summary:0
[20573111ms] [ERROR] Failed to load resource: net::ERR_CONNECTION_REFUSED @ http://localhost:4401/dashboard/alerts?limit=6:0
[20602288ms] [ERROR] Failed to load resource: net::ERR_CONNECTION_REFUSED @ http://localhost:4401/api/billing/ai-credits/summary:0
[20602495ms] [ERROR] Failed to load resource: net::ERR_CONNECTION_REFUSED @ http://localhost:4401/api/billing/ai-credits/summary:0
[20603102ms] [ERROR] Failed to load resource: net::ERR_CONNECTION_REFUSED @ http://localhost:4401/api/billing/ai-credits/summary:0
[20632284ms] [ERROR] Failed to load resource: net::ERR_CONNECTION_REFUSED @ http://localhost:4401/dashboard/overview:0
[20632285ms] [ERROR] Failed to load resource: net::ERR_CONNECTION_REFUSED @ http://localhost:4401/api/billing/ai-credits/summary:0
[20632285ms] [ERROR] Failed to load resource: net::ERR_CONNECTION_REFUSED @ http://localhost:4401/dashboard/alerts?limit=6:0
[20632488ms] [ERROR] Failed to load resource: net::ERR_CONNECTION_REFUSED @ http://localhost:4401/dashboard/overview:0
[20632488ms] [ERROR] Failed to load resource: net::ERR_CONNECTION_REFUSED @ http://localhost:4401/api/billing/ai-credits/summary:0
[20632488ms] [ERROR] Failed to load resource: net::ERR_CONNECTION_REFUSED @ http://localhost:4401/dashboard/alerts?limit=6:0
[20633092ms] [ERROR] Failed to load resource: net::ERR_CONNECTION_REFUSED @ http://localhost:4401/dashboard/overview:0
[20633092ms] [ERROR] Failed to load resource: net::ERR_CONNECTION_REFUSED @ http://localhost:4401/api/billing/ai-credits/summary:0
[20633092ms] [ERROR] Failed to load resource: net::ERR_CONNECTION_REFUSED @ http://localhost:4401/dashboard/alerts?limit=6:0
[20662284ms] [ERROR] Failed to load resource: net::ERR_CONNECTION_REFUSED @ http://localhost:4401/api/billing/ai-credits/summary:0
[20662488ms] [ERROR] Failed to load resource: net::ERR_CONNECTION_REFUSED @ http://localhost:4401/api/billing/ai-credits/summary:0
[20663099ms] [ERROR] Failed to load resource: net::ERR_CONNECTION_REFUSED @ http://localhost:4401/api/billing/ai-credits/summary:0
[20692294ms] [ERROR] Failed to load resource: net::ERR_CONNECTION_REFUSED @ http://localhost:4401/dashboard/overview:0
[20692294ms] [ERROR] Failed to load resource: net::ERR_CONNECTION_REFUSED @ http://localhost:4401/api/billing/ai-credits/summary:0
[20692294ms] [ERROR] Failed to load resource: net::ERR_CONNECTION_REFUSED @ http://localhost:4401/dashboard/alerts?limit=6:0
[20692503ms] [ERROR] Failed to load resource: net::ERR_CONNECTION_REFUSED @ http://localhost:4401/dashboard/overview:0
[20692503ms] [ERROR] Failed to load resource: net::ERR_CONNECTION_REFUSED @ http://localhost:4401/api/billing/ai-credits/summary:0
[20692503ms] [ERROR] Failed to load resource: net::ERR_CONNECTION_REFUSED @ http://localhost:4401/dashboard/alerts?limit=6:0
[20693107ms] [ERROR] Failed to load resource: net::ERR_CONNECTION_REFUSED @ http://localhost:4401/dashboard/overview:0
[20693108ms] [ERROR] Failed to load resource: net::ERR_CONNECTION_REFUSED @ http://localhost:4401/api/billing/ai-credits/summary:0
[20693108ms] [ERROR] Failed to load resource: net::ERR_CONNECTION_REFUSED @ http://localhost:4401/dashboard/alerts?limit=6:0
[20722292ms] [ERROR] Failed to load resource: net::ERR_CONNECTION_REFUSED @ http://localhost:4401/api/billing/ai-credits/summary:0
[20722502ms] [ERROR] Failed to load resource: net::ERR_CONNECTION_REFUSED @ http://localhost:4401/api/billing/ai-credits/summary:0
[20723106ms] [ERROR] Failed to load resource: net::ERR_CONNECTION_REFUSED @ http://localhost:4401/api/billing/ai-credits/summary:0
[20752292ms] [ERROR] Failed to load resource: net::ERR_CONNECTION_REFUSED @ http://localhost:4401/dashboard/overview:0
[20752292ms] [ERROR] Failed to load resource: net::ERR_CONNECTION_REFUSED @ http://localhost:4401/api/billing/ai-credits/summary:0
[20752292ms] [ERROR] Failed to load resource: net::ERR_CONNECTION_REFUSED @ http://localhost:4401/dashboard/alerts?limit=6:0
[20752504ms] [ERROR] Failed to load resource: net::ERR_CONNECTION_REFUSED @ http://localhost:4401/dashboard/overview:0
[20752504ms] [ERROR] Failed to load resource: net::ERR_CONNECTION_REFUSED @ http://localhost:4401/api/billing/ai-credits/summary:0
[20752504ms] [ERROR] Failed to load resource: net::ERR_CONNECTION_REFUSED @ http://localhost:4401/dashboard/alerts?limit=6:0
[20753107ms] [ERROR] Failed to load resource: net::ERR_CONNECTION_REFUSED @ http://localhost:4401/dashboard/overview:0
[20753108ms] [ERROR] Failed to load resource: net::ERR_CONNECTION_REFUSED @ http://localhost:4401/api/billing/ai-credits/summary:0
[20753108ms] [ERROR] Failed to load resource: net::ERR_CONNECTION_REFUSED @ http://localhost:4401/dashboard/alerts?limit=6:0
[20782287ms] [ERROR] Failed to load resource: net::ERR_CONNECTION_REFUSED @ http://localhost:4401/api/billing/ai-credits/summary:0
[20782489ms] [ERROR] Failed to load resource: net::ERR_CONNECTION_REFUSED @ http://localhost:4401/api/billing/ai-credits/summary:0
[20783092ms] [ERROR] Failed to load resource: net::ERR_CONNECTION_REFUSED @ http://localhost:4401/api/billing/ai-credits/summary:0
[20812289ms] [ERROR] Failed to load resource: net::ERR_CONNECTION_REFUSED @ http://localhost:4401/dashboard/overview:0
[20812289ms] [ERROR] Failed to load resource: net::ERR_CONNECTION_REFUSED @ http://localhost:4401/api/billing/ai-credits/summary:0
[20812289ms] [ERROR] Failed to load resource: net::ERR_CONNECTION_REFUSED @ http://localhost:4401/dashboard/alerts?limit=6:0
[20812493ms] [ERROR] Failed to load resource: net::ERR_CONNECTION_REFUSED @ http://localhost:4401/dashboard/overview:0
[20812493ms] [ERROR] Failed to load resource: net::ERR_CONNECTION_REFUSED @ http://localhost:4401/api/billing/ai-credits/summary:0
[20812493ms] [ERROR] Failed to load resource: net::ERR_CONNECTION_REFUSED @ http://localhost:4401/dashboard/alerts?limit=6:0
[20813105ms] [ERROR] Failed to load resource: net::ERR_CONNECTION_REFUSED @ http://localhost:4401/dashboard/overview:0
[20813105ms] [ERROR] Failed to load resource: net::ERR_CONNECTION_REFUSED @ http://localhost:4401/api/billing/ai-credits/summary:0
[20813105ms] [ERROR] Failed to load resource: net::ERR_CONNECTION_REFUSED @ http://localhost:4401/dashboard/alerts?limit=6:0
[20842287ms] [ERROR] Failed to load resource: net::ERR_CONNECTION_REFUSED @ http://localhost:4401/api/billing/ai-credits/summary:0
[20842491ms] [ERROR] Failed to load resource: net::ERR_CONNECTION_REFUSED @ http://localhost:4401/api/billing/ai-credits/summary:0
[20843101ms] [ERROR] Failed to load resource: net::ERR_CONNECTION_REFUSED @ http://localhost:4401/api/billing/ai-credits/summary:0
[20872295ms] [ERROR] Failed to load resource: net::ERR_CONNECTION_REFUSED @ http://localhost:4401/dashboard/overview:0
[20872295ms] [ERROR] Failed to load resource: net::ERR_CONNECTION_REFUSED @ http://localhost:4401/api/billing/ai-credits/summary:0
[20872295ms] [ERROR] Failed to load resource: net::ERR_CONNECTION_REFUSED @ http://localhost:4401/dashboard/alerts?limit=6:0
[20872506ms] [ERROR] Failed to load resource: net::ERR_CONNECTION_REFUSED @ http://localhost:4401/dashboard/overview:0
[20872506ms] [ERROR] Failed to load resource: net::ERR_CONNECTION_REFUSED @ http://localhost:4401/api/billing/ai-credits/summary:0
[20872507ms] [ERROR] Failed to load resource: net::ERR_CONNECTION_REFUSED @ http://localhost:4401/dashboard/alerts?limit=6:0
[20873117ms] [ERROR] Failed to load resource: net::ERR_CONNECTION_REFUSED @ http://localhost:4401/dashboard/overview:0
[20873117ms] [ERROR] Failed to load resource: net::ERR_CONNECTION_REFUSED @ http://localhost:4401/api/billing/ai-credits/summary:0
[20873117ms] [ERROR] Failed to load resource: net::ERR_CONNECTION_REFUSED @ http://localhost:4401/dashboard/alerts?limit=6:0
[20902292ms] [ERROR] Failed to load resource: net::ERR_CONNECTION_REFUSED @ http://localhost:4401/api/billing/ai-credits/summary:0
[20902500ms] [ERROR] Failed to load resource: net::ERR_CONNECTION_REFUSED @ http://localhost:4401/api/billing/ai-credits/summary:0
[20903109ms] [ERROR] Failed to load resource: net::ERR_CONNECTION_REFUSED @ http://localhost:4401/api/billing/ai-credits/summary:0
[20932287ms] [ERROR] Failed to load resource: net::ERR_CONNECTION_REFUSED @ http://localhost:4401/dashboard/overview:0
[20932287ms] [ERROR] Failed to load resource: net::ERR_CONNECTION_REFUSED @ http://localhost:4401/api/billing/ai-credits/summary:0
[20932288ms] [ERROR] Failed to load resource: net::ERR_CONNECTION_REFUSED @ http://localhost:4401/dashboard/alerts?limit=6:0
[20932491ms] [ERROR] Failed to load resource: net::ERR_CONNECTION_REFUSED @ http://localhost:4401/dashboard/overview:0
[20932491ms] [ERROR] Failed to load resource: net::ERR_CONNECTION_REFUSED @ http://localhost:4401/api/billing/ai-credits/summary:0
[20932491ms] [ERROR] Failed to load resource: net::ERR_CONNECTION_REFUSED @ http://localhost:4401/dashboard/alerts?limit=6:0
[20933102ms] [ERROR] Failed to load resource: net::ERR_CONNECTION_REFUSED @ http://localhost:4401/dashboard/overview:0
[20933102ms] [ERROR] Failed to load resource: net::ERR_CONNECTION_REFUSED @ http://localhost:4401/api/billing/ai-credits/summary:0
[20933102ms] [ERROR] Failed to load resource: net::ERR_CONNECTION_REFUSED @ http://localhost:4401/dashboard/alerts?limit=6:0
[20962293ms] [ERROR] Failed to load resource: net::ERR_CONNECTION_REFUSED @ http://localhost:4401/api/billing/ai-credits/summary:0
[20962501ms] [ERROR] Failed to load resource: net::ERR_CONNECTION_REFUSED @ http://localhost:4401/api/billing/ai-credits/summary:0
[20963108ms] [ERROR] Failed to load resource: net::ERR_CONNECTION_REFUSED @ http://localhost:4401/api/billing/ai-credits/summary:0
[20992296ms] [ERROR] Failed to load resource: net::ERR_CONNECTION_REFUSED @ http://localhost:4401/dashboard/overview:0
[20992296ms] [ERROR] Failed to load resource: net::ERR_CONNECTION_REFUSED @ http://localhost:4401/api/billing/ai-credits/summary:0
[20992296ms] [ERROR] Failed to load resource: net::ERR_CONNECTION_REFUSED @ http://localhost:4401/dashboard/alerts?limit=6:0
[20992507ms] [ERROR] Failed to load resource: net::ERR_CONNECTION_REFUSED @ http://localhost:4401/dashboard/overview:0
[20992507ms] [ERROR] Failed to load resource: net::ERR_CONNECTION_REFUSED @ http://localhost:4401/api/billing/ai-credits/summary:0
[20992507ms] [ERROR] Failed to load resource: net::ERR_CONNECTION_REFUSED @ http://localhost:4401/dashboard/alerts?limit=6:0
[20993118ms] [ERROR] Failed to load resource: net::ERR_CONNECTION_REFUSED @ http://localhost:4401/dashboard/overview:0
[20993118ms] [ERROR] Failed to load resource: net::ERR_CONNECTION_REFUSED @ http://localhost:4401/api/billing/ai-credits/summary:0
[20993118ms] [ERROR] Failed to load resource: net::ERR_CONNECTION_REFUSED @ http://localhost:4401/dashboard/alerts?limit=6:0
[21022294ms] [ERROR] Failed to load resource: net::ERR_CONNECTION_REFUSED @ http://localhost:4401/api/billing/ai-credits/summary:0
[21022501ms] [ERROR] Failed to load resource: net::ERR_CONNECTION_REFUSED @ http://localhost:4401/api/billing/ai-credits/summary:0
[21023107ms] [ERROR] Failed to load resource: net::ERR_CONNECTION_REFUSED @ http://localhost:4401/api/billing/ai-credits/summary:0
[21052297ms] [ERROR] Failed to load resource: net::ERR_CONNECTION_REFUSED @ http://localhost:4401/dashboard/overview:0
[21052297ms] [ERROR] Failed to load resource: net::ERR_CONNECTION_REFUSED @ http://localhost:4401/api/billing/ai-credits/summary:0
[21052297ms] [ERROR] Failed to load resource: net::ERR_CONNECTION_REFUSED @ http://localhost:4401/dashboard/alerts?limit=6:0
[21052501ms] [ERROR] Failed to load resource: net::ERR_CONNECTION_REFUSED @ http://localhost:4401/dashboard/overview:0
[21052501ms] [ERROR] Failed to load resource: net::ERR_CONNECTION_REFUSED @ http://localhost:4401/api/billing/ai-credits/summary:0
[21052502ms] [ERROR] Failed to load resource: net::ERR_CONNECTION_REFUSED @ http://localhost:4401/dashboard/alerts?limit=6:0
[21053112ms] [ERROR] Failed to load resource: net::ERR_CONNECTION_REFUSED @ http://localhost:4401/dashboard/overview:0
[21053113ms] [ERROR] Failed to load resource: net::ERR_CONNECTION_REFUSED @ http://localhost:4401/api/billing/ai-credits/summary:0
[21053113ms] [ERROR] Failed to load resource: net::ERR_CONNECTION_REFUSED @ http://localhost:4401/dashboard/alerts?limit=6:0
[21082296ms] [ERROR] Failed to load resource: net::ERR_CONNECTION_REFUSED @ http://localhost:4401/api/billing/ai-credits/summary:0
[21082502ms] [ERROR] Failed to load resource: net::ERR_CONNECTION_REFUSED @ http://localhost:4401/api/billing/ai-credits/summary:0
[21083110ms] [ERROR] Failed to load resource: net::ERR_CONNECTION_REFUSED @ http://localhost:4401/api/billing/ai-credits/summary:0
[21112297ms] [ERROR] Failed to load resource: net::ERR_CONNECTION_REFUSED @ http://localhost:4401/dashboard/overview:0
[21112297ms] [ERROR] Failed to load resource: net::ERR_CONNECTION_REFUSED @ http://localhost:4401/api/billing/ai-credits/summary:0
[21112297ms] [ERROR] Failed to load resource: net::ERR_CONNECTION_REFUSED @ http://localhost:4401/dashboard/alerts?limit=6:0
[21112507ms] [ERROR] Failed to load resource: net::ERR_CONNECTION_REFUSED @ http://localhost:4401/dashboard/overview:0
[21112507ms] [ERROR] Failed to load resource: net::ERR_CONNECTION_REFUSED @ http://localhost:4401/api/billing/ai-credits/summary:0
[21112507ms] [ERROR] Failed to load resource: net::ERR_CONNECTION_REFUSED @ http://localhost:4401/dashboard/alerts?limit=6:0
[21113117ms] [ERROR] Failed to load resource: net::ERR_CONNECTION_REFUSED @ http://localhost:4401/dashboard/overview:0
[21113118ms] [ERROR] Failed to load resource: net::ERR_CONNECTION_REFUSED @ http://localhost:4401/api/billing/ai-credits/summary:0
[21113118ms] [ERROR] Failed to load resource: net::ERR_CONNECTION_REFUSED @ http://localhost:4401/dashboard/alerts?limit=6:0
[21142297ms] [ERROR] Failed to load resource: net::ERR_CONNECTION_REFUSED @ http://localhost:4401/api/billing/ai-credits/summary:0
[21142506ms] [ERROR] Failed to load resource: net::ERR_CONNECTION_REFUSED @ http://localhost:4401/api/billing/ai-credits/summary:0
[21143114ms] [ERROR] Failed to load resource: net::ERR_CONNECTION_REFUSED @ http://localhost:4401/api/billing/ai-credits/summary:0
[21172295ms] [ERROR] Failed to load resource: net::ERR_CONNECTION_REFUSED @ http://localhost:4401/dashboard/overview:0
[21172295ms] [ERROR] Failed to load resource: net::ERR_CONNECTION_REFUSED @ http://localhost:4401/api/billing/ai-credits/summary:0
[21172295ms] [ERROR] Failed to load resource: net::ERR_CONNECTION_REFUSED @ http://localhost:4401/dashboard/alerts?limit=6:0
[21172505ms] [ERROR] Failed to load resource: net::ERR_CONNECTION_REFUSED @ http://localhost:4401/dashboard/overview:0
[21172505ms] [ERROR] Failed to load resource: net::ERR_CONNECTION_REFUSED @ http://localhost:4401/api/billing/ai-credits/summary:0
[21172505ms] [ERROR] Failed to load resource: net::ERR_CONNECTION_REFUSED @ http://localhost:4401/dashboard/alerts?limit=6:0
[21173115ms] [ERROR] Failed to load resource: net::ERR_CONNECTION_REFUSED @ http://localhost:4401/dashboard/overview:0
[21173115ms] [ERROR] Failed to load resource: net::ERR_CONNECTION_REFUSED @ http://localhost:4401/api/billing/ai-credits/summary:0
[21173115ms] [ERROR] Failed to load resource: net::ERR_CONNECTION_REFUSED @ http://localhost:4401/dashboard/alerts?limit=6:0
[21202303ms] [ERROR] Failed to load resource: net::ERR_CONNECTION_REFUSED @ http://localhost:4401/api/billing/ai-credits/summary:0
[21202510ms] [ERROR] Failed to load resource: net::ERR_CONNECTION_REFUSED @ http://localhost:4401/api/billing/ai-credits/summary:0
[21203118ms] [ERROR] Failed to load resource: net::ERR_CONNECTION_REFUSED @ http://localhost:4401/api/billing/ai-credits/summary:0
[21232302ms] [ERROR] Failed to load resource: net::ERR_CONNECTION_REFUSED @ http://localhost:4401/dashboard/overview:0
[21232302ms] [ERROR] Failed to load resource: net::ERR_CONNECTION_REFUSED @ http://localhost:4401/api/billing/ai-credits/summary:0
[21232305ms] [ERROR] Failed to load resource: net::ERR_CONNECTION_REFUSED @ http://localhost:4401/dashboard/alerts?limit=6:0
[21232515ms] [ERROR] Failed to load resource: net::ERR_CONNECTION_REFUSED @ http://localhost:4401/dashboard/overview:0
[21232515ms] [ERROR] Failed to load resource: net::ERR_CONNECTION_REFUSED @ http://localhost:4401/api/billing/ai-credits/summary:0
[21232515ms] [ERROR] Failed to load resource: net::ERR_CONNECTION_REFUSED @ http://localhost:4401/dashboard/alerts?limit=6:0
[21233127ms] [ERROR] Failed to load resource: net::ERR_CONNECTION_REFUSED @ http://localhost:4401/dashboard/overview:0
[21233127ms] [ERROR] Failed to load resource: net::ERR_CONNECTION_REFUSED @ http://localhost:4401/api/billing/ai-credits/summary:0
[21233127ms] [ERROR] Failed to load resource: net::ERR_CONNECTION_REFUSED @ http://localhost:4401/dashboard/alerts?limit=6:0
[21262299ms] [ERROR] Failed to load resource: net::ERR_CONNECTION_REFUSED @ http://localhost:4401/api/billing/ai-credits/summary:0
[21262506ms] [ERROR] Failed to load resource: net::ERR_CONNECTION_REFUSED @ http://localhost:4401/api/billing/ai-credits/summary:0
[21263114ms] [ERROR] Failed to load resource: net::ERR_CONNECTION_REFUSED @ http://localhost:4401/api/billing/ai-credits/summary:0
[21292294ms] [ERROR] Failed to load resource: net::ERR_CONNECTION_REFUSED @ http://localhost:4401/dashboard/overview:0
[21292294ms] [ERROR] Failed to load resource: net::ERR_CONNECTION_REFUSED @ http://localhost:4401/api/billing/ai-credits/summary:0
[21292294ms] [ERROR] Failed to load resource: net::ERR_CONNECTION_REFUSED @ http://localhost:4401/dashboard/alerts?limit=6:0
[21292503ms] [ERROR] Failed to load resource: net::ERR_CONNECTION_REFUSED @ http://localhost:4401/dashboard/overview:0
[21292504ms] [ERROR] Failed to load resource: net::ERR_CONNECTION_REFUSED @ http://localhost:4401/api/billing/ai-credits/summary:0
[21292504ms] [ERROR] Failed to load resource: net::ERR_CONNECTION_REFUSED @ http://localhost:4401/dashboard/alerts?limit=6:0
[21293116ms] [ERROR] Failed to load resource: net::ERR_CONNECTION_REFUSED @ http://localhost:4401/dashboard/overview:0
[21293116ms] [ERROR] Failed to load resource: net::ERR_CONNECTION_REFUSED @ http://localhost:4401/api/billing/ai-credits/summary:0
[21293116ms] [ERROR] Failed to load resource: net::ERR_CONNECTION_REFUSED @ http://localhost:4401/dashboard/alerts?limit=6:0
[21322300ms] [ERROR] Failed to load resource: net::ERR_CONNECTION_REFUSED @ http://localhost:4401/api/billing/ai-credits/summary:0
[21322505ms] [ERROR] Failed to load resource: net::ERR_CONNECTION_REFUSED @ http://localhost:4401/api/billing/ai-credits/summary:0
[21323110ms] [ERROR] Failed to load resource: net::ERR_CONNECTION_REFUSED @ http://localhost:4401/api/billing/ai-credits/summary:0
[21352284ms] [ERROR] Failed to load resource: net::ERR_CONNECTION_REFUSED @ http://localhost:4401/dashboard/overview:0
[21352285ms] [ERROR] Failed to load resource: net::ERR_CONNECTION_REFUSED @ http://localhost:4401/api/billing/ai-credits/summary:0
[21352285ms] [ERROR] Failed to load resource: net::ERR_CONNECTION_REFUSED @ http://localhost:4401/dashboard/alerts?limit=6:0
[21352491ms] [ERROR] Failed to load resource: net::ERR_CONNECTION_REFUSED @ http://localhost:4401/dashboard/overview:0
[21352491ms] [ERROR] Failed to load resource: net::ERR_CONNECTION_REFUSED @ http://localhost:4401/api/billing/ai-credits/summary:0
[21352491ms] [ERROR] Failed to load resource: net::ERR_CONNECTION_REFUSED @ http://localhost:4401/dashboard/alerts?limit=6:0
[21353100ms] [ERROR] Failed to load resource: net::ERR_CONNECTION_REFUSED @ http://localhost:4401/dashboard/overview:0
[21353101ms] [ERROR] Failed to load resource: net::ERR_CONNECTION_REFUSED @ http://localhost:4401/api/billing/ai-credits/summary:0
[21353101ms] [ERROR] Failed to load resource: net::ERR_CONNECTION_REFUSED @ http://localhost:4401/dashboard/alerts?limit=6:0
[21382281ms] [ERROR] Failed to load resource: net::ERR_CONNECTION_REFUSED @ http://localhost:4401/api/billing/ai-credits/summary:0
[21382488ms] [ERROR] Failed to load resource: net::ERR_CONNECTION_REFUSED @ http://localhost:4401/api/billing/ai-credits/summary:0
[21383094ms] [ERROR] Failed to load resource: net::ERR_CONNECTION_REFUSED @ http://localhost:4401/api/billing/ai-credits/summary:0
[21412280ms] [ERROR] Failed to load resource: net::ERR_CONNECTION_REFUSED @ http://localhost:4401/dashboard/overview:0
[21412280ms] [ERROR] Failed to load resource: net::ERR_CONNECTION_REFUSED @ http://localhost:4401/api/billing/ai-credits/summary:0
[21412281ms] [ERROR] Failed to load resource: net::ERR_CONNECTION_REFUSED @ http://localhost:4401/dashboard/alerts?limit=6:0
[21412491ms] [ERROR] Failed to load resource: net::ERR_CONNECTION_REFUSED @ http://localhost:4401/dashboard/overview:0
[21412492ms] [ERROR] Failed to load resource: net::ERR_CONNECTION_REFUSED @ http://localhost:4401/api/billing/ai-credits/summary:0
[21412492ms] [ERROR] Failed to load resource: net::ERR_CONNECTION_REFUSED @ http://localhost:4401/dashboard/alerts?limit=6:0
[21413103ms] [ERROR] Failed to load resource: net::ERR_CONNECTION_REFUSED @ http://localhost:4401/dashboard/overview:0
[21413103ms] [ERROR] Failed to load resource: net::ERR_CONNECTION_REFUSED @ http://localhost:4401/api/billing/ai-credits/summary:0
[21413103ms] [ERROR] Failed to load resource: net::ERR_CONNECTION_REFUSED @ http://localhost:4401/dashboard/alerts?limit=6:0
[21442276ms] [ERROR] Failed to load resource: net::ERR_CONNECTION_REFUSED @ http://localhost:4401/api/billing/ai-credits/summary:0
[21442480ms] [ERROR] Failed to load resource: net::ERR_CONNECTION_REFUSED @ http://localhost:4401/api/billing/ai-credits/summary:0
[21443088ms] [ERROR] Failed to load resource: net::ERR_CONNECTION_REFUSED @ http://localhost:4401/api/billing/ai-credits/summary:0
[21472283ms] [ERROR] Failed to load resource: net::ERR_CONNECTION_REFUSED @ http://localhost:4401/dashboard/overview:0
[21472283ms] [ERROR] Failed to load resource: net::ERR_CONNECTION_REFUSED @ http://localhost:4401/api/billing/ai-credits/summary:0
[21472283ms] [ERROR] Failed to load resource: net::ERR_CONNECTION_REFUSED @ http://localhost:4401/dashboard/alerts?limit=6:0
[21472492ms] [ERROR] Failed to load resource: net::ERR_CONNECTION_REFUSED @ http://localhost:4401/dashboard/overview:0
[21472492ms] [ERROR] Failed to load resource: net::ERR_CONNECTION_REFUSED @ http://localhost:4401/api/billing/ai-credits/summary:0
[21472493ms] [ERROR] Failed to load resource: net::ERR_CONNECTION_REFUSED @ http://localhost:4401/dashboard/alerts?limit=6:0
[21473103ms] [ERROR] Failed to load resource: net::ERR_CONNECTION_REFUSED @ http://localhost:4401/dashboard/overview:0
[21473104ms] [ERROR] Failed to load resource: net::ERR_CONNECTION_REFUSED @ http://localhost:4401/api/billing/ai-credits/summary:0
[21473104ms] [ERROR] Failed to load resource: net::ERR_CONNECTION_REFUSED @ http://localhost:4401/dashboard/alerts?limit=6:0
[21502281ms] [ERROR] Failed to load resource: net::ERR_CONNECTION_REFUSED @ http://localhost:4401/api/billing/ai-credits/summary:0
[21502488ms] [ERROR] Failed to load resource: net::ERR_CONNECTION_REFUSED @ http://localhost:4401/api/billing/ai-credits/summary:0
[21503090ms] [ERROR] Failed to load resource: net::ERR_CONNECTION_REFUSED @ http://localhost:4401/api/billing/ai-credits/summary:0
[21532282ms] [ERROR] Failed to load resource: net::ERR_CONNECTION_REFUSED @ http://localhost:4401/dashboard/overview:0
[21532283ms] [ERROR] Failed to load resource: net::ERR_CONNECTION_REFUSED @ http://localhost:4401/api/billing/ai-credits/summary:0
[21532283ms] [ERROR] Failed to load resource: net::ERR_CONNECTION_REFUSED @ http://localhost:4401/dashboard/alerts?limit=6:0
[21532490ms] [ERROR] Failed to load resource: net::ERR_CONNECTION_REFUSED @ http://localhost:4401/dashboard/overview:0
[21532491ms] [ERROR] Failed to load resource: net::ERR_CONNECTION_REFUSED @ http://localhost:4401/api/billing/ai-credits/summary:0
[21532492ms] [ERROR] Failed to load resource: net::ERR_CONNECTION_REFUSED @ http://localhost:4401/dashboard/alerts?limit=6:0
[21533101ms] [ERROR] Failed to load resource: net::ERR_CONNECTION_REFUSED @ http://localhost:4401/dashboard/overview:0
[21533101ms] [ERROR] Failed to load resource: net::ERR_CONNECTION_REFUSED @ http://localhost:4401/api/billing/ai-credits/summary:0
[21533102ms] [ERROR] Failed to load resource: net::ERR_CONNECTION_REFUSED @ http://localhost:4401/dashboard/alerts?limit=6:0
[21562281ms] [ERROR] Failed to load resource: net::ERR_CONNECTION_REFUSED @ http://localhost:4401/api/billing/ai-credits/summary:0
[21562488ms] [ERROR] Failed to load resource: net::ERR_CONNECTION_REFUSED @ http://localhost:4401/api/billing/ai-credits/summary:0
[21563095ms] [ERROR] Failed to load resource: net::ERR_CONNECTION_REFUSED @ http://localhost:4401/api/billing/ai-credits/summary:0
[21592284ms] [ERROR] Failed to load resource: net::ERR_CONNECTION_REFUSED @ http://localhost:4401/dashboard/overview:0
[21592284ms] [ERROR] Failed to load resource: net::ERR_CONNECTION_REFUSED @ http://localhost:4401/api/billing/ai-credits/summary:0
[21592284ms] [ERROR] Failed to load resource: net::ERR_CONNECTION_REFUSED @ http://localhost:4401/dashboard/alerts?limit=6:0
[21592495ms] [ERROR] Failed to load resource: net::ERR_CONNECTION_REFUSED @ http://localhost:4401/dashboard/overview:0
[21592495ms] [ERROR] Failed to load resource: net::ERR_CONNECTION_REFUSED @ http://localhost:4401/api/billing/ai-credits/summary:0
[21592495ms] [ERROR] Failed to load resource: net::ERR_CONNECTION_REFUSED @ http://localhost:4401/dashboard/alerts?limit=6:0
[21593106ms] [ERROR] Failed to load resource: net::ERR_CONNECTION_REFUSED @ http://localhost:4401/dashboard/overview:0
[21593107ms] [ERROR] Failed to load resource: net::ERR_CONNECTION_REFUSED @ http://localhost:4401/api/billing/ai-credits/summary:0
[21593107ms] [ERROR] Failed to load resource: net::ERR_CONNECTION_REFUSED @ http://localhost:4401/dashboard/alerts?limit=6:0
[21622284ms] [ERROR] Failed to load resource: net::ERR_CONNECTION_REFUSED @ http://localhost:4401/api/billing/ai-credits/summary:0
[21622490ms] [ERROR] Failed to load resource: net::ERR_CONNECTION_REFUSED @ http://localhost:4401/api/billing/ai-credits/summary:0
[21623096ms] [ERROR] Failed to load resource: net::ERR_CONNECTION_REFUSED @ http://localhost:4401/api/billing/ai-credits/summary:0
[21652283ms] [ERROR] Failed to load resource: net::ERR_CONNECTION_REFUSED @ http://localhost:4401/dashboard/overview:0
[21652284ms] [ERROR] Failed to load resource: net::ERR_CONNECTION_REFUSED @ http://localhost:4401/api/billing/ai-credits/summary:0
[21652284ms] [ERROR] Failed to load resource: net::ERR_CONNECTION_REFUSED @ http://localhost:4401/dashboard/alerts?limit=6:0
[21652495ms] [ERROR] Failed to load resource: net::ERR_CONNECTION_REFUSED @ http://localhost:4401/dashboard/overview:0
[21652495ms] [ERROR] Failed to load resource: net::ERR_CONNECTION_REFUSED @ http://localhost:4401/api/billing/ai-credits/summary:0
[21652495ms] [ERROR] Failed to load resource: net::ERR_CONNECTION_REFUSED @ http://localhost:4401/dashboard/alerts?limit=6:0
[21653103ms] [ERROR] Failed to load resource: net::ERR_CONNECTION_REFUSED @ http://localhost:4401/dashboard/overview:0
[21653103ms] [ERROR] Failed to load resource: net::ERR_CONNECTION_REFUSED @ http://localhost:4401/api/billing/ai-credits/summary:0
[21653104ms] [ERROR] Failed to load resource: net::ERR_CONNECTION_REFUSED @ http://localhost:4401/dashboard/alerts?limit=6:0
[21682283ms] [ERROR] Failed to load resource: net::ERR_CONNECTION_REFUSED @ http://localhost:4401/api/billing/ai-credits/summary:0
[21682491ms] [ERROR] Failed to load resource: net::ERR_CONNECTION_REFUSED @ http://localhost:4401/api/billing/ai-credits/summary:0
[21683098ms] [ERROR] Failed to load resource: net::ERR_CONNECTION_REFUSED @ http://localhost:4401/api/billing/ai-credits/summary:0
[21712285ms] [ERROR] Failed to load resource: net::ERR_CONNECTION_REFUSED @ http://localhost:4401/dashboard/overview:0
[21712286ms] [ERROR] Failed to load resource: net::ERR_CONNECTION_REFUSED @ http://localhost:4401/api/billing/ai-credits/summary:0
[21712286ms] [ERROR] Failed to load resource: net::ERR_CONNECTION_REFUSED @ http://localhost:4401/dashboard/alerts?limit=6:0
[21712496ms] [ERROR] Failed to load resource: net::ERR_CONNECTION_REFUSED @ http://localhost:4401/dashboard/overview:0
[21712496ms] [ERROR] Failed to load resource: net::ERR_CONNECTION_REFUSED @ http://localhost:4401/api/billing/ai-credits/summary:0
[21712496ms] [ERROR] Failed to load resource: net::ERR_CONNECTION_REFUSED @ http://localhost:4401/dashboard/alerts?limit=6:0
[21713107ms] [ERROR] Failed to load resource: net::ERR_CONNECTION_REFUSED @ http://localhost:4401/dashboard/overview:0
[21713107ms] [ERROR] Failed to load resource: net::ERR_CONNECTION_REFUSED @ http://localhost:4401/api/billing/ai-credits/summary:0
[21713107ms] [ERROR] Failed to load resource: net::ERR_CONNECTION_REFUSED @ http://localhost:4401/dashboard/alerts?limit=6:0
[21742282ms] [ERROR] Failed to load resource: net::ERR_CONNECTION_REFUSED @ http://localhost:4401/api/billing/ai-credits/summary:0
[21742487ms] [ERROR] Failed to load resource: net::ERR_CONNECTION_REFUSED @ http://localhost:4401/api/billing/ai-credits/summary:0
[21743092ms] [ERROR] Failed to load resource: net::ERR_CONNECTION_REFUSED @ http://localhost:4401/api/billing/ai-credits/summary:0
[21772285ms] [ERROR] Failed to load resource: net::ERR_CONNECTION_REFUSED @ http://localhost:4401/dashboard/overview:0
[21772285ms] [ERROR] Failed to load resource: net::ERR_CONNECTION_REFUSED @ http://localhost:4401/api/billing/ai-credits/summary:0
[21772285ms] [ERROR] Failed to load resource: net::ERR_CONNECTION_REFUSED @ http://localhost:4401/dashboard/alerts?limit=6:0
[21772497ms] [ERROR] Failed to load resource: net::ERR_CONNECTION_REFUSED @ http://localhost:4401/dashboard/overview:0
[21772497ms] [ERROR] Failed to load resource: net::ERR_CONNECTION_REFUSED @ http://localhost:4401/api/billing/ai-credits/summary:0
[21772497ms] [ERROR] Failed to load resource: net::ERR_CONNECTION_REFUSED @ http://localhost:4401/dashboard/alerts?limit=6:0
[21773104ms] [ERROR] Failed to load resource: net::ERR_CONNECTION_REFUSED @ http://localhost:4401/dashboard/overview:0
[21773104ms] [ERROR] Failed to load resource: net::ERR_CONNECTION_REFUSED @ http://localhost:4401/api/billing/ai-credits/summary:0
[21773104ms] [ERROR] Failed to load resource: net::ERR_CONNECTION_REFUSED @ http://localhost:4401/dashboard/alerts?limit=6:0
[21778912ms] [ERROR] Failed to load resource: net::ERR_CONNECTION_REFUSED @ http://localhost:3301/en/market-intelligence?_rsc=VP-wXjMhFwgIi8oW:0
[21779138ms] [ERROR] Failed to load resource: net::ERR_CONNECTION_REFUSED @ http://localhost:3301/en/admin/bots?_rsc=VP-wXjMhFwgIi8oW:0
[21779180ms] [ERROR] Failed to load resource: net::ERR_CONNECTION_REFUSED @ http://localhost:3301/en/bots/grid?_rsc=VP-wXjMhFwgIi8oW:0
[21779230ms] [ERROR] Failed to load resource: net::ERR_CONNECTION_REFUSED @ http://localhost:3301/en/accounts?_rsc=VP-wXjMhFwgIi8oW:0
[21779857ms] [ERROR] Failed to load resource: net::ERR_CONNECTION_REFUSED @ http://localhost:3301/en/agent-chat?_rsc=VP-wXjMhFwgIi8oW:0
[21779976ms] [ERROR] Failed to load resource: net::ERR_CONNECTION_REFUSED @ http://localhost:3301/en/predictions?_rsc=VP-wXjMhFwgIi8oW:0
[21780008ms] [ERROR] Failed to load resource: net::ERR_CONNECTION_REFUSED @ http://localhost:3301/en/admin/alerts?_rsc=VP-wXjMhFwgIi8oW:0
[21780458ms] [ERROR] Failed to load resource: net::ERR_CONNECTION_REFUSED @ http://localhost:3301/en/admin/system/vaults/execution?_rsc=VP-wXjMhFwgIi8oW:0
[21780485ms] [ERROR] Failed to load resource: net::ERR_CONNECTION_REFUSED @ http://localhost:3301/en/settings?_rsc=VP-wXjMhFwgIi8oW:0
[21802279ms] [ERROR] Failed to load resource: net::ERR_CONNECTION_REFUSED @ http://localhost:4401/api/billing/ai-credits/summary:0
[21802483ms] [ERROR] Failed to load resource: net::ERR_CONNECTION_REFUSED @ http://localhost:4401/api/billing/ai-credits/summary:0
[21803087ms] [ERROR] Failed to load resource: net::ERR_CONNECTION_REFUSED @ http://localhost:4401/api/billing/ai-credits/summary:0
[21832284ms] [ERROR] Failed to load resource: net::ERR_CONNECTION_REFUSED @ http://localhost:4401/dashboard/overview:0
[21832284ms] [ERROR] Failed to load resource: net::ERR_CONNECTION_REFUSED @ http://localhost:4401/api/billing/ai-credits/summary:0
[21832284ms] [ERROR] Failed to load resource: net::ERR_CONNECTION_REFUSED @ http://localhost:4401/dashboard/alerts?limit=6:0
[21832493ms] [ERROR] Failed to load resource: net::ERR_CONNECTION_REFUSED @ http://localhost:4401/dashboard/overview:0
[21832493ms] [ERROR] Failed to load resource: net::ERR_CONNECTION_REFUSED @ http://localhost:4401/api/billing/ai-credits/summary:0
[21832493ms] [ERROR] Failed to load resource: net::ERR_CONNECTION_REFUSED @ http://localhost:4401/dashboard/alerts?limit=6:0
[21833100ms] [ERROR] Failed to load resource: net::ERR_CONNECTION_REFUSED @ http://localhost:4401/dashboard/overview:0
[21833100ms] [ERROR] Failed to load resource: net::ERR_CONNECTION_REFUSED @ http://localhost:4401/api/billing/ai-credits/summary:0
[21833100ms] [ERROR] Failed to load resource: net::ERR_CONNECTION_REFUSED @ http://localhost:4401/dashboard/alerts?limit=6:0
[21862282ms] [ERROR] Failed to load resource: net::ERR_CONNECTION_REFUSED @ http://localhost:4401/api/billing/ai-credits/summary:0
[21862488ms] [ERROR] Failed to load resource: net::ERR_CONNECTION_REFUSED @ http://localhost:4401/api/billing/ai-credits/summary:0
[21863092ms] [ERROR] Failed to load resource: net::ERR_CONNECTION_REFUSED @ http://localhost:4401/api/billing/ai-credits/summary:0
[21892283ms] [ERROR] Failed to load resource: net::ERR_CONNECTION_REFUSED @ http://localhost:4401/dashboard/overview:0
[21892283ms] [ERROR] Failed to load resource: net::ERR_CONNECTION_REFUSED @ http://localhost:4401/api/billing/ai-credits/summary:0
[21892283ms] [ERROR] Failed to load resource: net::ERR_CONNECTION_REFUSED @ http://localhost:4401/dashboard/alerts?limit=6:0
[21892490ms] [ERROR] Failed to load resource: net::ERR_CONNECTION_REFUSED @ http://localhost:4401/dashboard/overview:0
[21892490ms] [ERROR] Failed to load resource: net::ERR_CONNECTION_REFUSED @ http://localhost:4401/api/billing/ai-credits/summary:0
[21892490ms] [ERROR] Failed to load resource: net::ERR_CONNECTION_REFUSED @ http://localhost:4401/dashboard/alerts?limit=6:0
[21893095ms] [ERROR] Failed to load resource: net::ERR_CONNECTION_REFUSED @ http://localhost:4401/dashboard/overview:0
[21893096ms] [ERROR] Failed to load resource: net::ERR_CONNECTION_REFUSED @ http://localhost:4401/api/billing/ai-credits/summary:0
[21893096ms] [ERROR] Failed to load resource: net::ERR_CONNECTION_REFUSED @ http://localhost:4401/dashboard/alerts?limit=6:0
[21922286ms] [ERROR] Failed to load resource: net::ERR_CONNECTION_REFUSED @ http://localhost:4401/api/billing/ai-credits/summary:0
[21922490ms] [ERROR] Failed to load resource: net::ERR_CONNECTION_REFUSED @ http://localhost:4401/api/billing/ai-credits/summary:0
[21923096ms] [ERROR] Failed to load resource: net::ERR_CONNECTION_REFUSED @ http://localhost:4401/api/billing/ai-credits/summary:0
[21952284ms] [ERROR] Failed to load resource: net::ERR_CONNECTION_REFUSED @ http://localhost:4401/dashboard/overview:0
[21952284ms] [ERROR] Failed to load resource: net::ERR_CONNECTION_REFUSED @ http://localhost:4401/api/billing/ai-credits/summary:0
[21952285ms] [ERROR] Failed to load resource: net::ERR_CONNECTION_REFUSED @ http://localhost:4401/dashboard/alerts?limit=6:0
[21952494ms] [ERROR] Failed to load resource: net::ERR_CONNECTION_REFUSED @ http://localhost:4401/dashboard/overview:0
[21952494ms] [ERROR] Failed to load resource: net::ERR_CONNECTION_REFUSED @ http://localhost:4401/api/billing/ai-credits/summary:0
[21952494ms] [ERROR] Failed to load resource: net::ERR_CONNECTION_REFUSED @ http://localhost:4401/dashboard/alerts?limit=6:0
[21953102ms] [ERROR] Failed to load resource: net::ERR_CONNECTION_REFUSED @ http://localhost:4401/dashboard/overview:0
[21953102ms] [ERROR] Failed to load resource: net::ERR_CONNECTION_REFUSED @ http://localhost:4401/api/billing/ai-credits/summary:0
[21953102ms] [ERROR] Failed to load resource: net::ERR_CONNECTION_REFUSED @ http://localhost:4401/dashboard/alerts?limit=6:0
[21982281ms] [ERROR] Failed to load resource: net::ERR_CONNECTION_REFUSED @ http://localhost:4401/api/billing/ai-credits/summary:0
[21982488ms] [ERROR] Failed to load resource: net::ERR_CONNECTION_REFUSED @ http://localhost:4401/api/billing/ai-credits/summary:0
[21983091ms] [ERROR] Failed to load resource: net::ERR_CONNECTION_REFUSED @ http://localhost:4401/api/billing/ai-credits/summary:0
[22012284ms] [ERROR] Failed to load resource: net::ERR_CONNECTION_REFUSED @ http://localhost:4401/api/billing/ai-credits/summary:0
[22012284ms] [ERROR] Failed to load resource: net::ERR_CONNECTION_REFUSED @ http://localhost:4401/dashboard/overview:0
[22012286ms] [ERROR] Failed to load resource: net::ERR_CONNECTION_REFUSED @ http://localhost:4401/dashboard/alerts?limit=6:0
[22012492ms] [ERROR] Failed to load resource: net::ERR_CONNECTION_REFUSED @ http://localhost:4401/api/billing/ai-credits/summary:0
[22012492ms] [ERROR] Failed to load resource: net::ERR_CONNECTION_REFUSED @ http://localhost:4401/dashboard/overview:0
[22012493ms] [ERROR] Failed to load resource: net::ERR_CONNECTION_REFUSED @ http://localhost:4401/dashboard/alerts?limit=6:0
[22013099ms] [ERROR] Failed to load resource: net::ERR_CONNECTION_REFUSED @ http://localhost:4401/api/billing/ai-credits/summary:0
[22013100ms] [ERROR] Failed to load resource: net::ERR_CONNECTION_REFUSED @ http://localhost:4401/dashboard/overview:0
[22013101ms] [ERROR] Failed to load resource: net::ERR_CONNECTION_REFUSED @ http://localhost:4401/dashboard/alerts?limit=6:0
[22042282ms] [ERROR] Failed to load resource: net::ERR_CONNECTION_REFUSED @ http://localhost:4401/api/billing/ai-credits/summary:0
[22042489ms] [ERROR] Failed to load resource: net::ERR_CONNECTION_REFUSED @ http://localhost:4401/api/billing/ai-credits/summary:0
[22043095ms] [ERROR] Failed to load resource: net::ERR_CONNECTION_REFUSED @ http://localhost:4401/api/billing/ai-credits/summary:0
[22072284ms] [ERROR] Failed to load resource: net::ERR_CONNECTION_REFUSED @ http://localhost:4401/dashboard/overview:0
[22072284ms] [ERROR] Failed to load resource: net::ERR_CONNECTION_REFUSED @ http://localhost:4401/api/billing/ai-credits/summary:0
[22072284ms] [ERROR] Failed to load resource: net::ERR_CONNECTION_REFUSED @ http://localhost:4401/dashboard/alerts?limit=6:0
[22072491ms] [ERROR] Failed to load resource: net::ERR_CONNECTION_REFUSED @ http://localhost:4401/dashboard/overview:0
[22072491ms] [ERROR] Failed to load resource: net::ERR_CONNECTION_REFUSED @ http://localhost:4401/dashboard/alerts?limit=6:0
[22072491ms] [ERROR] Failed to load resource: net::ERR_CONNECTION_REFUSED @ http://localhost:4401/api/billing/ai-credits/summary:0
[22073098ms] [ERROR] Failed to load resource: net::ERR_CONNECTION_REFUSED @ http://localhost:4401/dashboard/overview:0
[22073098ms] [ERROR] Failed to load resource: net::ERR_CONNECTION_REFUSED @ http://localhost:4401/dashboard/alerts?limit=6:0
[22073098ms] [ERROR] Failed to load resource: net::ERR_CONNECTION_REFUSED @ http://localhost:4401/api/billing/ai-credits/summary:0
[22102286ms] [ERROR] Failed to load resource: net::ERR_CONNECTION_REFUSED @ http://localhost:4401/api/billing/ai-credits/summary:0
[22102489ms] [ERROR] Failed to load resource: net::ERR_CONNECTION_REFUSED @ http://localhost:4401/api/billing/ai-credits/summary:0
[22103093ms] [ERROR] Failed to load resource: net::ERR_CONNECTION_REFUSED @ http://localhost:4401/api/billing/ai-credits/summary:0
[22132285ms] [ERROR] Failed to load resource: net::ERR_CONNECTION_REFUSED @ http://localhost:4401/dashboard/overview:0
[22132286ms] [ERROR] Failed to load resource: net::ERR_CONNECTION_REFUSED @ http://localhost:4401/api/billing/ai-credits/summary:0
[22132286ms] [ERROR] Failed to load resource: net::ERR_CONNECTION_REFUSED @ http://localhost:4401/dashboard/alerts?limit=6:0
[22132496ms] [ERROR] Failed to load resource: net::ERR_CONNECTION_REFUSED @ http://localhost:4401/dashboard/overview:0
[22132496ms] [ERROR] Failed to load resource: net::ERR_CONNECTION_REFUSED @ http://localhost:4401/api/billing/ai-credits/summary:0
[22132496ms] [ERROR] Failed to load resource: net::ERR_CONNECTION_REFUSED @ http://localhost:4401/dashboard/alerts?limit=6:0
[22133102ms] [ERROR] Failed to load resource: net::ERR_CONNECTION_REFUSED @ http://localhost:4401/dashboard/overview:0
[22133102ms] [ERROR] Failed to load resource: net::ERR_CONNECTION_REFUSED @ http://localhost:4401/api/billing/ai-credits/summary:0
[22133103ms] [ERROR] Failed to load resource: net::ERR_CONNECTION_REFUSED @ http://localhost:4401/dashboard/alerts?limit=6:0
[22162283ms] [ERROR] Failed to load resource: net::ERR_CONNECTION_REFUSED @ http://localhost:4401/api/billing/ai-credits/summary:0
[22162487ms] [ERROR] Failed to load resource: net::ERR_CONNECTION_REFUSED @ http://localhost:4401/api/billing/ai-credits/summary:0
[22163092ms] [ERROR] Failed to load resource: net::ERR_CONNECTION_REFUSED @ http://localhost:4401/api/billing/ai-credits/summary:0
[22192284ms] [ERROR] Failed to load resource: net::ERR_CONNECTION_REFUSED @ http://localhost:4401/dashboard/overview:0
[22192284ms] [ERROR] Failed to load resource: net::ERR_CONNECTION_REFUSED @ http://localhost:4401/api/billing/ai-credits/summary:0
[22192285ms] [ERROR] Failed to load resource: net::ERR_CONNECTION_REFUSED @ http://localhost:4401/dashboard/alerts?limit=6:0
[22192490ms] [ERROR] Failed to load resource: net::ERR_CONNECTION_REFUSED @ http://localhost:4401/dashboard/overview:0
[22192490ms] [ERROR] Failed to load resource: net::ERR_CONNECTION_REFUSED @ http://localhost:4401/api/billing/ai-credits/summary:0
[22192490ms] [ERROR] Failed to load resource: net::ERR_CONNECTION_REFUSED @ http://localhost:4401/dashboard/alerts?limit=6:0
[22193097ms] [ERROR] Failed to load resource: net::ERR_CONNECTION_REFUSED @ http://localhost:4401/dashboard/overview:0
[22193097ms] [ERROR] Failed to load resource: net::ERR_CONNECTION_REFUSED @ http://localhost:4401/api/billing/ai-credits/summary:0
[22193097ms] [ERROR] Failed to load resource: net::ERR_CONNECTION_REFUSED @ http://localhost:4401/dashboard/alerts?limit=6:0
[22222282ms] [ERROR] Failed to load resource: net::ERR_CONNECTION_REFUSED @ http://localhost:4401/api/billing/ai-credits/summary:0
[22222486ms] [ERROR] Failed to load resource: net::ERR_CONNECTION_REFUSED @ http://localhost:4401/api/billing/ai-credits/summary:0
[22223091ms] [ERROR] Failed to load resource: net::ERR_CONNECTION_REFUSED @ http://localhost:4401/api/billing/ai-credits/summary:0
[22252285ms] [ERROR] Failed to load resource: net::ERR_CONNECTION_REFUSED @ http://localhost:4401/dashboard/overview:0
[22252285ms] [ERROR] Failed to load resource: net::ERR_CONNECTION_REFUSED @ http://localhost:4401/api/billing/ai-credits/summary:0
[22252285ms] [ERROR] Failed to load resource: net::ERR_CONNECTION_REFUSED @ http://localhost:4401/dashboard/alerts?limit=6:0
[22252492ms] [ERROR] Failed to load resource: net::ERR_CONNECTION_REFUSED @ http://localhost:4401/dashboard/overview:0
[22252492ms] [ERROR] Failed to load resource: net::ERR_CONNECTION_REFUSED @ http://localhost:4401/api/billing/ai-credits/summary:0
[22252492ms] [ERROR] Failed to load resource: net::ERR_CONNECTION_REFUSED @ http://localhost:4401/dashboard/alerts?limit=6:0
[22253098ms] [ERROR] Failed to load resource: net::ERR_CONNECTION_REFUSED @ http://localhost:4401/dashboard/overview:0
[22253098ms] [ERROR] Failed to load resource: net::ERR_CONNECTION_REFUSED @ http://localhost:4401/api/billing/ai-credits/summary:0
[22253098ms] [ERROR] Failed to load resource: net::ERR_CONNECTION_REFUSED @ http://localhost:4401/dashboard/alerts?limit=6:0
[22282284ms] [ERROR] Failed to load resource: net::ERR_CONNECTION_REFUSED @ http://localhost:4401/api/billing/ai-credits/summary:0
[22282487ms] [ERROR] Failed to load resource: net::ERR_CONNECTION_REFUSED @ http://localhost:4401/api/billing/ai-credits/summary:0
[22283094ms] [ERROR] Failed to load resource: net::ERR_CONNECTION_REFUSED @ http://localhost:4401/api/billing/ai-credits/summary:0
[22312284ms] [ERROR] Failed to load resource: net::ERR_CONNECTION_REFUSED @ http://localhost:4401/dashboard/overview:0
[22312284ms] [ERROR] Failed to load resource: net::ERR_CONNECTION_REFUSED @ http://localhost:4401/api/billing/ai-credits/summary:0
[22312284ms] [ERROR] Failed to load resource: net::ERR_CONNECTION_REFUSED @ http://localhost:4401/dashboard/alerts?limit=6:0
[22312487ms] [ERROR] Failed to load resource: net::ERR_CONNECTION_REFUSED @ http://localhost:4401/dashboard/overview:0
[22312487ms] [ERROR] Failed to load resource: net::ERR_CONNECTION_REFUSED @ http://localhost:4401/api/billing/ai-credits/summary:0
[22312488ms] [ERROR] Failed to load resource: net::ERR_CONNECTION_REFUSED @ http://localhost:4401/dashboard/alerts?limit=6:0
[22313093ms] [ERROR] Failed to load resource: net::ERR_CONNECTION_REFUSED @ http://localhost:4401/dashboard/overview:0
[22313094ms] [ERROR] Failed to load resource: net::ERR_CONNECTION_REFUSED @ http://localhost:4401/api/billing/ai-credits/summary:0
[22313094ms] [ERROR] Failed to load resource: net::ERR_CONNECTION_REFUSED @ http://localhost:4401/dashboard/alerts?limit=6:0
[22342285ms] [ERROR] Failed to load resource: net::ERR_CONNECTION_REFUSED @ http://localhost:4401/api/billing/ai-credits/summary:0
[22342489ms] [ERROR] Failed to load resource: net::ERR_CONNECTION_REFUSED @ http://localhost:4401/api/billing/ai-credits/summary:0
[22343092ms] [ERROR] Failed to load resource: net::ERR_CONNECTION_REFUSED @ http://localhost:4401/api/billing/ai-credits/summary:0
[22372288ms] [ERROR] Failed to load resource: net::ERR_CONNECTION_REFUSED @ http://localhost:4401/dashboard/overview:0
[22372288ms] [ERROR] Failed to load resource: net::ERR_CONNECTION_REFUSED @ http://localhost:4401/api/billing/ai-credits/summary:0
[22372288ms] [ERROR] Failed to load resource: net::ERR_CONNECTION_REFUSED @ http://localhost:4401/dashboard/alerts?limit=6:0
[22372494ms] [ERROR] Failed to load resource: net::ERR_CONNECTION_REFUSED @ http://localhost:4401/dashboard/overview:0
[22372497ms] [ERROR] Failed to load resource: net::ERR_CONNECTION_REFUSED @ http://localhost:4401/api/billing/ai-credits/summary:0
[22372497ms] [ERROR] Failed to load resource: net::ERR_CONNECTION_REFUSED @ http://localhost:4401/dashboard/alerts?limit=6:0
[22373100ms] [ERROR] Failed to load resource: net::ERR_CONNECTION_REFUSED @ http://localhost:4401/dashboard/overview:0
[22373103ms] [ERROR] Failed to load resource: net::ERR_CONNECTION_REFUSED @ http://localhost:4401/api/billing/ai-credits/summary:0
[22373103ms] [ERROR] Failed to load resource: net::ERR_CONNECTION_REFUSED @ http://localhost:4401/dashboard/alerts?limit=6:0
[22402287ms] [ERROR] Failed to load resource: net::ERR_CONNECTION_REFUSED @ http://localhost:4401/api/billing/ai-credits/summary:0
[22402494ms] [ERROR] Failed to load resource: net::ERR_CONNECTION_REFUSED @ http://localhost:4401/api/billing/ai-credits/summary:0
[22403099ms] [ERROR] Failed to load resource: net::ERR_CONNECTION_REFUSED @ http://localhost:4401/api/billing/ai-credits/summary:0
[22432287ms] [ERROR] Failed to load resource: net::ERR_CONNECTION_REFUSED @ http://localhost:4401/dashboard/overview:0
[22432290ms] [ERROR] Failed to load resource: net::ERR_CONNECTION_REFUSED @ http://localhost:4401/api/billing/ai-credits/summary:0
[22432290ms] [ERROR] Failed to load resource: net::ERR_CONNECTION_REFUSED @ http://localhost:4401/dashboard/alerts?limit=6:0
[22432493ms] [ERROR] Failed to load resource: net::ERR_CONNECTION_REFUSED @ http://localhost:4401/dashboard/overview:0
[22432495ms] [ERROR] Failed to load resource: net::ERR_CONNECTION_REFUSED @ http://localhost:4401/api/billing/ai-credits/summary:0
[22432495ms] [ERROR] Failed to load resource: net::ERR_CONNECTION_REFUSED @ http://localhost:4401/dashboard/alerts?limit=6:0
[22433099ms] [ERROR] Failed to load resource: net::ERR_CONNECTION_REFUSED @ http://localhost:4401/dashboard/overview:0
[22433102ms] [ERROR] Failed to load resource: net::ERR_CONNECTION_REFUSED @ http://localhost:4401/api/billing/ai-credits/summary:0
[22433102ms] [ERROR] Failed to load resource: net::ERR_CONNECTION_REFUSED @ http://localhost:4401/dashboard/alerts?limit=6:0
[22462288ms] [ERROR] Failed to load resource: net::ERR_CONNECTION_REFUSED @ http://localhost:4401/api/billing/ai-credits/summary:0
[22462491ms] [ERROR] Failed to load resource: net::ERR_CONNECTION_REFUSED @ http://localhost:4401/api/billing/ai-credits/summary:0
[22463097ms] [ERROR] Failed to load resource: net::ERR_CONNECTION_REFUSED @ http://localhost:4401/api/billing/ai-credits/summary:0
[22492290ms] [ERROR] Failed to load resource: net::ERR_CONNECTION_REFUSED @ http://localhost:4401/dashboard/overview:0
[22492292ms] [ERROR] Failed to load resource: net::ERR_CONNECTION_REFUSED @ http://localhost:4401/api/billing/ai-credits/summary:0
[22492292ms] [ERROR] Failed to load resource: net::ERR_CONNECTION_REFUSED @ http://localhost:4401/dashboard/alerts?limit=6:0
[22492496ms] [ERROR] Failed to load resource: net::ERR_CONNECTION_REFUSED @ http://localhost:4401/dashboard/overview:0
[22492496ms] [ERROR] Failed to load resource: net::ERR_CONNECTION_REFUSED @ http://localhost:4401/api/billing/ai-credits/summary:0
[22492499ms] [ERROR] Failed to load resource: net::ERR_CONNECTION_REFUSED @ http://localhost:4401/dashboard/alerts?limit=6:0
[22493105ms] [ERROR] Failed to load resource: net::ERR_CONNECTION_REFUSED @ http://localhost:4401/dashboard/overview:0
[22493106ms] [ERROR] Failed to load resource: net::ERR_CONNECTION_REFUSED @ http://localhost:4401/api/billing/ai-credits/summary:0
[22493106ms] [ERROR] Failed to load resource: net::ERR_CONNECTION_REFUSED @ http://localhost:4401/dashboard/alerts?limit=6:0
[22522288ms] [ERROR] Failed to load resource: net::ERR_CONNECTION_REFUSED @ http://localhost:4401/api/billing/ai-credits/summary:0
[22522493ms] [ERROR] Failed to load resource: net::ERR_CONNECTION_REFUSED @ http://localhost:4401/api/billing/ai-credits/summary:0
[22523097ms] [ERROR] Failed to load resource: net::ERR_CONNECTION_REFUSED @ http://localhost:4401/api/billing/ai-credits/summary:0
[22552295ms] [ERROR] Failed to load resource: net::ERR_CONNECTION_REFUSED @ http://localhost:4401/dashboard/overview:0
[22552296ms] [ERROR] Failed to load resource: net::ERR_CONNECTION_REFUSED @ http://localhost:4401/api/billing/ai-credits/summary:0
[22552296ms] [ERROR] Failed to load resource: net::ERR_CONNECTION_REFUSED @ http://localhost:4401/dashboard/alerts?limit=6:0
[22552504ms] [ERROR] Failed to load resource: net::ERR_CONNECTION_REFUSED @ http://localhost:4401/dashboard/overview:0
[22552504ms] [ERROR] Failed to load resource: net::ERR_CONNECTION_REFUSED @ http://localhost:4401/api/billing/ai-credits/summary:0
[22552504ms] [ERROR] Failed to load resource: net::ERR_CONNECTION_REFUSED @ http://localhost:4401/dashboard/alerts?limit=6:0
[22553114ms] [ERROR] Failed to load resource: net::ERR_CONNECTION_REFUSED @ http://localhost:4401/dashboard/overview:0
[22553114ms] [ERROR] Failed to load resource: net::ERR_CONNECTION_REFUSED @ http://localhost:4401/api/billing/ai-credits/summary:0
[22553115ms] [ERROR] Failed to load resource: net::ERR_CONNECTION_REFUSED @ http://localhost:4401/dashboard/alerts?limit=6:0
[22582290ms] [ERROR] Failed to load resource: net::ERR_CONNECTION_REFUSED @ http://localhost:4401/api/billing/ai-credits/summary:0
[22582496ms] [ERROR] Failed to load resource: net::ERR_CONNECTION_REFUSED @ http://localhost:4401/api/billing/ai-credits/summary:0
[22583101ms] [ERROR] Failed to load resource: net::ERR_CONNECTION_REFUSED @ http://localhost:4401/api/billing/ai-credits/summary:0
[22612291ms] [ERROR] Failed to load resource: net::ERR_CONNECTION_REFUSED @ http://localhost:4401/dashboard/overview:0
[22612291ms] [ERROR] Failed to load resource: net::ERR_CONNECTION_REFUSED @ http://localhost:4401/api/billing/ai-credits/summary:0
[22612291ms] [ERROR] Failed to load resource: net::ERR_CONNECTION_REFUSED @ http://localhost:4401/dashboard/alerts?limit=6:0
[22612494ms] [ERROR] Failed to load resource: net::ERR_CONNECTION_REFUSED @ http://localhost:4401/dashboard/overview:0
[22612494ms] [ERROR] Failed to load resource: net::ERR_CONNECTION_REFUSED @ http://localhost:4401/api/billing/ai-credits/summary:0
[22612494ms] [ERROR] Failed to load resource: net::ERR_CONNECTION_REFUSED @ http://localhost:4401/dashboard/alerts?limit=6:0
[22613100ms] [ERROR] Failed to load resource: net::ERR_CONNECTION_REFUSED @ http://localhost:4401/dashboard/overview:0
[22613104ms] [ERROR] Failed to load resource: net::ERR_CONNECTION_REFUSED @ http://localhost:4401/api/billing/ai-credits/summary:0
[22613104ms] [ERROR] Failed to load resource: net::ERR_CONNECTION_REFUSED @ http://localhost:4401/dashboard/alerts?limit=6:0
[22642290ms] [ERROR] Failed to load resource: net::ERR_CONNECTION_REFUSED @ http://localhost:4401/api/billing/ai-credits/summary:0
[22642496ms] [ERROR] Failed to load resource: net::ERR_CONNECTION_REFUSED @ http://localhost:4401/api/billing/ai-credits/summary:0
[22643101ms] [ERROR] Failed to load resource: net::ERR_CONNECTION_REFUSED @ http://localhost:4401/api/billing/ai-credits/summary:0
[22672292ms] [ERROR] Failed to load resource: net::ERR_CONNECTION_REFUSED @ http://localhost:4401/dashboard/overview:0
[22672293ms] [ERROR] Failed to load resource: net::ERR_CONNECTION_REFUSED @ http://localhost:4401/api/billing/ai-credits/summary:0
[22672293ms] [ERROR] Failed to load resource: net::ERR_CONNECTION_REFUSED @ http://localhost:4401/dashboard/alerts?limit=6:0
[22672500ms] [ERROR] Failed to load resource: net::ERR_CONNECTION_REFUSED @ http://localhost:4401/dashboard/overview:0
[22672500ms] [ERROR] Failed to load resource: net::ERR_CONNECTION_REFUSED @ http://localhost:4401/api/billing/ai-credits/summary:0
[22672500ms] [ERROR] Failed to load resource: net::ERR_CONNECTION_REFUSED @ http://localhost:4401/dashboard/alerts?limit=6:0
[22673118ms] [ERROR] Failed to load resource: net::ERR_CONNECTION_REFUSED @ http://localhost:4401/dashboard/overview:0
[22673118ms] [ERROR] Failed to load resource: net::ERR_CONNECTION_REFUSED @ http://localhost:4401/api/billing/ai-credits/summary:0
[22673118ms] [ERROR] Failed to load resource: net::ERR_CONNECTION_REFUSED @ http://localhost:4401/dashboard/alerts?limit=6:0
[22702291ms] [ERROR] Failed to load resource: net::ERR_CONNECTION_REFUSED @ http://localhost:4401/api/billing/ai-credits/summary:0
[22702496ms] [ERROR] Failed to load resource: net::ERR_CONNECTION_REFUSED @ http://localhost:4401/api/billing/ai-credits/summary:0
[22703101ms] [ERROR] Failed to load resource: net::ERR_CONNECTION_REFUSED @ http://localhost:4401/api/billing/ai-credits/summary:0
[22732291ms] [ERROR] Failed to load resource: net::ERR_CONNECTION_REFUSED @ http://localhost:4401/dashboard/overview:0
[22732291ms] [ERROR] Failed to load resource: net::ERR_CONNECTION_REFUSED @ http://localhost:4401/api/billing/ai-credits/summary:0
[22732291ms] [ERROR] Failed to load resource: net::ERR_CONNECTION_REFUSED @ http://localhost:4401/dashboard/alerts?limit=6:0
[22732499ms] [ERROR] Failed to load resource: net::ERR_CONNECTION_REFUSED @ http://localhost:4401/dashboard/overview:0
[22732499ms] [ERROR] Failed to load resource: net::ERR_CONNECTION_REFUSED @ http://localhost:4401/api/billing/ai-credits/summary:0
[22732500ms] [ERROR] Failed to load resource: net::ERR_CONNECTION_REFUSED @ http://localhost:4401/dashboard/alerts?limit=6:0
[22733110ms] [ERROR] Failed to load resource: net::ERR_CONNECTION_REFUSED @ http://localhost:4401/dashboard/overview:0
[22733110ms] [ERROR] Failed to load resource: net::ERR_CONNECTION_REFUSED @ http://localhost:4401/api/billing/ai-credits/summary:0
[22733110ms] [ERROR] Failed to load resource: net::ERR_CONNECTION_REFUSED @ http://localhost:4401/dashboard/alerts?limit=6:0
[22762291ms] [ERROR] Failed to load resource: net::ERR_CONNECTION_REFUSED @ http://localhost:4401/api/billing/ai-credits/summary:0
[22762496ms] [ERROR] Failed to load resource: net::ERR_CONNECTION_REFUSED @ http://localhost:4401/api/billing/ai-credits/summary:0
[22763103ms] [ERROR] Failed to load resource: net::ERR_CONNECTION_REFUSED @ http://localhost:4401/api/billing/ai-credits/summary:0
[22792290ms] [ERROR] Failed to load resource: net::ERR_CONNECTION_REFUSED @ http://localhost:4401/dashboard/overview:0
[22792291ms] [ERROR] Failed to load resource: net::ERR_CONNECTION_REFUSED @ http://localhost:4401/api/billing/ai-credits/summary:0
[22792291ms] [ERROR] Failed to load resource: net::ERR_CONNECTION_REFUSED @ http://localhost:4401/dashboard/alerts?limit=6:0
[22792498ms] [ERROR] Failed to load resource: net::ERR_CONNECTION_REFUSED @ http://localhost:4401/dashboard/overview:0
[22792498ms] [ERROR] Failed to load resource: net::ERR_CONNECTION_REFUSED @ http://localhost:4401/api/billing/ai-credits/summary:0
[22792498ms] [ERROR] Failed to load resource: net::ERR_CONNECTION_REFUSED @ http://localhost:4401/dashboard/alerts?limit=6:0
[22793106ms] [ERROR] Failed to load resource: net::ERR_CONNECTION_REFUSED @ http://localhost:4401/dashboard/overview:0
[22793106ms] [ERROR] Failed to load resource: net::ERR_CONNECTION_REFUSED @ http://localhost:4401/api/billing/ai-credits/summary:0
[22793106ms] [ERROR] Failed to load resource: net::ERR_CONNECTION_REFUSED @ http://localhost:4401/dashboard/alerts?limit=6:0
[22822290ms] [ERROR] Failed to load resource: net::ERR_CONNECTION_REFUSED @ http://localhost:4401/api/billing/ai-credits/summary:0
[22822494ms] [ERROR] Failed to load resource: net::ERR_CONNECTION_REFUSED @ http://localhost:4401/api/billing/ai-credits/summary:0
[22823099ms] [ERROR] Failed to load resource: net::ERR_CONNECTION_REFUSED @ http://localhost:4401/api/billing/ai-credits/summary:0
[22852291ms] [ERROR] Failed to load resource: net::ERR_CONNECTION_REFUSED @ http://localhost:4401/dashboard/overview:0
[22852293ms] [ERROR] Failed to load resource: net::ERR_CONNECTION_REFUSED @ http://localhost:4401/api/billing/ai-credits/summary:0
[22852293ms] [ERROR] Failed to load resource: net::ERR_CONNECTION_REFUSED @ http://localhost:4401/dashboard/alerts?limit=6:0
[22852496ms] [ERROR] Failed to load resource: net::ERR_CONNECTION_REFUSED @ http://localhost:4401/dashboard/overview:0
[22852498ms] [ERROR] Failed to load resource: net::ERR_CONNECTION_REFUSED @ http://localhost:4401/api/billing/ai-credits/summary:0
[22852498ms] [ERROR] Failed to load resource: net::ERR_CONNECTION_REFUSED @ http://localhost:4401/dashboard/alerts?limit=6:0
[22853101ms] [ERROR] Failed to load resource: net::ERR_CONNECTION_REFUSED @ http://localhost:4401/dashboard/overview:0
[22853103ms] [ERROR] Failed to load resource: net::ERR_CONNECTION_REFUSED @ http://localhost:4401/api/billing/ai-credits/summary:0
[22853103ms] [ERROR] Failed to load resource: net::ERR_CONNECTION_REFUSED @ http://localhost:4401/dashboard/alerts?limit=6:0
[22882291ms] [ERROR] Failed to load resource: net::ERR_CONNECTION_REFUSED @ http://localhost:4401/api/billing/ai-credits/summary:0
[22882497ms] [ERROR] Failed to load resource: net::ERR_CONNECTION_REFUSED @ http://localhost:4401/api/billing/ai-credits/summary:0
[22883102ms] [ERROR] Failed to load resource: net::ERR_CONNECTION_REFUSED @ http://localhost:4401/api/billing/ai-credits/summary:0
[22912294ms] [ERROR] Failed to load resource: net::ERR_CONNECTION_REFUSED @ http://localhost:4401/dashboard/overview:0
[22912295ms] [ERROR] Failed to load resource: net::ERR_CONNECTION_REFUSED @ http://localhost:4401/api/billing/ai-credits/summary:0
[22912295ms] [ERROR] Failed to load resource: net::ERR_CONNECTION_REFUSED @ http://localhost:4401/dashboard/alerts?limit=6:0
[22912503ms] [ERROR] Failed to load resource: net::ERR_CONNECTION_REFUSED @ http://localhost:4401/dashboard/overview:0
[22912503ms] [ERROR] Failed to load resource: net::ERR_CONNECTION_REFUSED @ http://localhost:4401/api/billing/ai-credits/summary:0
[22912503ms] [ERROR] Failed to load resource: net::ERR_CONNECTION_REFUSED @ http://localhost:4401/dashboard/alerts?limit=6:0
[22913112ms] [ERROR] Failed to load resource: net::ERR_CONNECTION_REFUSED @ http://localhost:4401/dashboard/overview:0
[22913112ms] [ERROR] Failed to load resource: net::ERR_CONNECTION_REFUSED @ http://localhost:4401/api/billing/ai-credits/summary:0
[22913112ms] [ERROR] Failed to load resource: net::ERR_CONNECTION_REFUSED @ http://localhost:4401/dashboard/alerts?limit=6:0
[22942295ms] [ERROR] Failed to load resource: net::ERR_CONNECTION_REFUSED @ http://localhost:4401/api/billing/ai-credits/summary:0
[22942499ms] [ERROR] Failed to load resource: net::ERR_CONNECTION_REFUSED @ http://localhost:4401/api/billing/ai-credits/summary:0
[22943108ms] [ERROR] Failed to load resource: net::ERR_CONNECTION_REFUSED @ http://localhost:4401/api/billing/ai-credits/summary:0
[22972290ms] [ERROR] Failed to load resource: net::ERR_CONNECTION_REFUSED @ http://localhost:4401/dashboard/overview:0
[22972290ms] [ERROR] Failed to load resource: net::ERR_CONNECTION_REFUSED @ http://localhost:4401/api/billing/ai-credits/summary:0
[22972290ms] [ERROR] Failed to load resource: net::ERR_CONNECTION_REFUSED @ http://localhost:4401/dashboard/alerts?limit=6:0
[22972495ms] [ERROR] Failed to load resource: net::ERR_CONNECTION_REFUSED @ http://localhost:4401/dashboard/overview:0
[22972495ms] [ERROR] Failed to load resource: net::ERR_CONNECTION_REFUSED @ http://localhost:4401/api/billing/ai-credits/summary:0
[22972495ms] [ERROR] Failed to load resource: net::ERR_CONNECTION_REFUSED @ http://localhost:4401/dashboard/alerts?limit=6:0
[22973102ms] [ERROR] Failed to load resource: net::ERR_CONNECTION_REFUSED @ http://localhost:4401/dashboard/overview:0
[22973102ms] [ERROR] Failed to load resource: net::ERR_CONNECTION_REFUSED @ http://localhost:4401/api/billing/ai-credits/summary:0
[22973102ms] [ERROR] Failed to load resource: net::ERR_CONNECTION_REFUSED @ http://localhost:4401/dashboard/alerts?limit=6:0
[23002291ms] [ERROR] Failed to load resource: net::ERR_CONNECTION_REFUSED @ http://localhost:4401/api/billing/ai-credits/summary:0
[23002499ms] [ERROR] Failed to load resource: net::ERR_CONNECTION_REFUSED @ http://localhost:4401/api/billing/ai-credits/summary:0
[23003104ms] [ERROR] Failed to load resource: net::ERR_CONNECTION_REFUSED @ http://localhost:4401/api/billing/ai-credits/summary:0
[23032300ms] [ERROR] Failed to load resource: net::ERR_CONNECTION_REFUSED @ http://localhost:4401/dashboard/overview:0
[23032300ms] [ERROR] Failed to load resource: net::ERR_CONNECTION_REFUSED @ http://localhost:4401/api/billing/ai-credits/summary:0
[23032300ms] [ERROR] Failed to load resource: net::ERR_CONNECTION_REFUSED @ http://localhost:4401/dashboard/alerts?limit=6:0
[23032505ms] [ERROR] Failed to load resource: net::ERR_CONNECTION_REFUSED @ http://localhost:4401/dashboard/overview:0
[23032505ms] [ERROR] Failed to load resource: net::ERR_CONNECTION_REFUSED @ http://localhost:4401/api/billing/ai-credits/summary:0
[23032506ms] [ERROR] Failed to load resource: net::ERR_CONNECTION_REFUSED @ http://localhost:4401/dashboard/alerts?limit=6:0
[23033115ms] [ERROR] Failed to load resource: net::ERR_CONNECTION_REFUSED @ http://localhost:4401/dashboard/overview:0
[23033115ms] [ERROR] Failed to load resource: net::ERR_CONNECTION_REFUSED @ http://localhost:4401/api/billing/ai-credits/summary:0
[23033115ms] [ERROR] Failed to load resource: net::ERR_CONNECTION_REFUSED @ http://localhost:4401/dashboard/alerts?limit=6:0
[23062292ms] [ERROR] Failed to load resource: net::ERR_CONNECTION_REFUSED @ http://localhost:4401/api/billing/ai-credits/summary:0
[23062498ms] [ERROR] Failed to load resource: net::ERR_CONNECTION_REFUSED @ http://localhost:4401/api/billing/ai-credits/summary:0
[23063103ms] [ERROR] Failed to load resource: net::ERR_CONNECTION_REFUSED @ http://localhost:4401/api/billing/ai-credits/summary:0
[23092296ms] [ERROR] Failed to load resource: net::ERR_CONNECTION_REFUSED @ http://localhost:4401/dashboard/overview:0
[23092297ms] [ERROR] Failed to load resource: net::ERR_CONNECTION_REFUSED @ http://localhost:4401/api/billing/ai-credits/summary:0
[23092297ms] [ERROR] Failed to load resource: net::ERR_CONNECTION_REFUSED @ http://localhost:4401/dashboard/alerts?limit=6:0
[23092506ms] [ERROR] Failed to load resource: net::ERR_CONNECTION_REFUSED @ http://localhost:4401/dashboard/overview:0
[23092506ms] [ERROR] Failed to load resource: net::ERR_CONNECTION_REFUSED @ http://localhost:4401/api/billing/ai-credits/summary:0
[23092506ms] [ERROR] Failed to load resource: net::ERR_CONNECTION_REFUSED @ http://localhost:4401/dashboard/alerts?limit=6:0
[23093116ms] [ERROR] Failed to load resource: net::ERR_CONNECTION_REFUSED @ http://localhost:4401/dashboard/overview:0
[23093116ms] [ERROR] Failed to load resource: net::ERR_CONNECTION_REFUSED @ http://localhost:4401/api/billing/ai-credits/summary:0
[23093116ms] [ERROR] Failed to load resource: net::ERR_CONNECTION_REFUSED @ http://localhost:4401/dashboard/alerts?limit=6:0
[23122295ms] [ERROR] Failed to load resource: net::ERR_CONNECTION_REFUSED @ http://localhost:4401/api/billing/ai-credits/summary:0
[23122498ms] [ERROR] Failed to load resource: net::ERR_CONNECTION_REFUSED @ http://localhost:4401/api/billing/ai-credits/summary:0
[23123103ms] [ERROR] Failed to load resource: net::ERR_CONNECTION_REFUSED @ http://localhost:4401/api/billing/ai-credits/summary:0
[23152294ms] [ERROR] Failed to load resource: net::ERR_CONNECTION_REFUSED @ http://localhost:4401/dashboard/overview:0
[23152294ms] [ERROR] Failed to load resource: net::ERR_CONNECTION_REFUSED @ http://localhost:4401/api/billing/ai-credits/summary:0
[23152294ms] [ERROR] Failed to load resource: net::ERR_CONNECTION_REFUSED @ http://localhost:4401/dashboard/alerts?limit=6:0
[23152498ms] [ERROR] Failed to load resource: net::ERR_CONNECTION_REFUSED @ http://localhost:4401/dashboard/overview:0
[23152499ms] [ERROR] Failed to load resource: net::ERR_CONNECTION_REFUSED @ http://localhost:4401/api/billing/ai-credits/summary:0
[23152499ms] [ERROR] Failed to load resource: net::ERR_CONNECTION_REFUSED @ http://localhost:4401/dashboard/alerts?limit=6:0
[23153109ms] [ERROR] Failed to load resource: net::ERR_CONNECTION_REFUSED @ http://localhost:4401/dashboard/overview:0
[23153109ms] [ERROR] Failed to load resource: net::ERR_CONNECTION_REFUSED @ http://localhost:4401/api/billing/ai-credits/summary:0
[23153109ms] [ERROR] Failed to load resource: net::ERR_CONNECTION_REFUSED @ http://localhost:4401/dashboard/alerts?limit=6:0
[23182293ms] [ERROR] Failed to load resource: net::ERR_CONNECTION_REFUSED @ http://localhost:4401/api/billing/ai-credits/summary:0
[23182501ms] [ERROR] Failed to load resource: net::ERR_CONNECTION_REFUSED @ http://localhost:4401/api/billing/ai-credits/summary:0
[23183109ms] [ERROR] Failed to load resource: net::ERR_CONNECTION_REFUSED @ http://localhost:4401/api/billing/ai-credits/summary:0
[23212297ms] [ERROR] Failed to load resource: net::ERR_CONNECTION_REFUSED @ http://localhost:4401/dashboard/overview:0
[23212297ms] [ERROR] Failed to load resource: net::ERR_CONNECTION_REFUSED @ http://localhost:4401/api/billing/ai-credits/summary:0
[23212297ms] [ERROR] Failed to load resource: net::ERR_CONNECTION_REFUSED @ http://localhost:4401/dashboard/alerts?limit=6:0
[23212500ms] [ERROR] Failed to load resource: net::ERR_CONNECTION_REFUSED @ http://localhost:4401/dashboard/overview:0
[23212500ms] [ERROR] Failed to load resource: net::ERR_CONNECTION_REFUSED @ http://localhost:4401/api/billing/ai-credits/summary:0
[23212500ms] [ERROR] Failed to load resource: net::ERR_CONNECTION_REFUSED @ http://localhost:4401/dashboard/alerts?limit=6:0
[23213104ms] [ERROR] Failed to load resource: net::ERR_CONNECTION_REFUSED @ http://localhost:4401/dashboard/overview:0
[23213104ms] [ERROR] Failed to load resource: net::ERR_CONNECTION_REFUSED @ http://localhost:4401/api/billing/ai-credits/summary:0
[23213104ms] [ERROR] Failed to load resource: net::ERR_CONNECTION_REFUSED @ http://localhost:4401/dashboard/alerts?limit=6:0
[23242277ms] [ERROR] Failed to load resource: net::ERR_CONNECTION_REFUSED @ http://localhost:4401/api/billing/ai-credits/summary:0
[23242485ms] [ERROR] Failed to load resource: net::ERR_CONNECTION_REFUSED @ http://localhost:4401/api/billing/ai-credits/summary:0
[23243089ms] [ERROR] Failed to load resource: net::ERR_CONNECTION_REFUSED @ http://localhost:4401/api/billing/ai-credits/summary:0
[23272269ms] [ERROR] Failed to load resource: net::ERR_CONNECTION_REFUSED @ http://localhost:4401/dashboard/overview:0
[23272269ms] [ERROR] Failed to load resource: net::ERR_CONNECTION_REFUSED @ http://localhost:4401/api/billing/ai-credits/summary:0
[23272269ms] [ERROR] Failed to load resource: net::ERR_CONNECTION_REFUSED @ http://localhost:4401/dashboard/alerts?limit=6:0
[23272476ms] [ERROR] Failed to load resource: net::ERR_CONNECTION_REFUSED @ http://localhost:4401/dashboard/overview:0
[23272477ms] [ERROR] Failed to load resource: net::ERR_CONNECTION_REFUSED @ http://localhost:4401/api/billing/ai-credits/summary:0
[23272477ms] [ERROR] Failed to load resource: net::ERR_CONNECTION_REFUSED @ http://localhost:4401/dashboard/alerts?limit=6:0
[23273081ms] [ERROR] Failed to load resource: net::ERR_CONNECTION_REFUSED @ http://localhost:4401/dashboard/overview:0
[23273081ms] [ERROR] Failed to load resource: net::ERR_CONNECTION_REFUSED @ http://localhost:4401/api/billing/ai-credits/summary:0
[23273081ms] [ERROR] Failed to load resource: net::ERR_CONNECTION_REFUSED @ http://localhost:4401/dashboard/alerts?limit=6:0
[23302269ms] [ERROR] Failed to load resource: net::ERR_CONNECTION_REFUSED @ http://localhost:4401/api/billing/ai-credits/summary:0
[23302474ms] [ERROR] Failed to load resource: net::ERR_CONNECTION_REFUSED @ http://localhost:4401/api/billing/ai-credits/summary:0
[23303079ms] [ERROR] Failed to load resource: net::ERR_CONNECTION_REFUSED @ http://localhost:4401/api/billing/ai-credits/summary:0
[23332267ms] [ERROR] Failed to load resource: net::ERR_CONNECTION_REFUSED @ http://localhost:4401/dashboard/overview:0
[23332268ms] [ERROR] Failed to load resource: net::ERR_CONNECTION_REFUSED @ http://localhost:4401/api/billing/ai-credits/summary:0
[23332268ms] [ERROR] Failed to load resource: net::ERR_CONNECTION_REFUSED @ http://localhost:4401/dashboard/alerts?limit=6:0
[23332474ms] [ERROR] Failed to load resource: net::ERR_CONNECTION_REFUSED @ http://localhost:4401/dashboard/overview:0
[23332475ms] [ERROR] Failed to load resource: net::ERR_CONNECTION_REFUSED @ http://localhost:4401/api/billing/ai-credits/summary:0
[23332475ms] [ERROR] Failed to load resource: net::ERR_CONNECTION_REFUSED @ http://localhost:4401/dashboard/alerts?limit=6:0
[23333082ms] [ERROR] Failed to load resource: net::ERR_CONNECTION_REFUSED @ http://localhost:4401/dashboard/overview:0
[23333083ms] [ERROR] Failed to load resource: net::ERR_CONNECTION_REFUSED @ http://localhost:4401/api/billing/ai-credits/summary:0
[23333083ms] [ERROR] Failed to load resource: net::ERR_CONNECTION_REFUSED @ http://localhost:4401/dashboard/alerts?limit=6:0
[23362267ms] [ERROR] Failed to load resource: net::ERR_CONNECTION_REFUSED @ http://localhost:4401/api/billing/ai-credits/summary:0
[23362473ms] [ERROR] Failed to load resource: net::ERR_CONNECTION_REFUSED @ http://localhost:4401/api/billing/ai-credits/summary:0
[23363080ms] [ERROR] Failed to load resource: net::ERR_CONNECTION_REFUSED @ http://localhost:4401/api/billing/ai-credits/summary:0
[23392267ms] [ERROR] Failed to load resource: net::ERR_CONNECTION_REFUSED @ http://localhost:4401/dashboard/overview:0
[23392268ms] [ERROR] Failed to load resource: net::ERR_CONNECTION_REFUSED @ http://localhost:4401/api/billing/ai-credits/summary:0
[23392268ms] [ERROR] Failed to load resource: net::ERR_CONNECTION_REFUSED @ http://localhost:4401/dashboard/alerts?limit=6:0
[23392476ms] [ERROR] Failed to load resource: net::ERR_CONNECTION_REFUSED @ http://localhost:4401/dashboard/overview:0
[23392476ms] [ERROR] Failed to load resource: net::ERR_CONNECTION_REFUSED @ http://localhost:4401/api/billing/ai-credits/summary:0
[23392476ms] [ERROR] Failed to load resource: net::ERR_CONNECTION_REFUSED @ http://localhost:4401/dashboard/alerts?limit=6:0
[23393084ms] [ERROR] Failed to load resource: net::ERR_CONNECTION_REFUSED @ http://localhost:4401/dashboard/overview:0
[23393084ms] [ERROR] Failed to load resource: net::ERR_CONNECTION_REFUSED @ http://localhost:4401/api/billing/ai-credits/summary:0
[23393084ms] [ERROR] Failed to load resource: net::ERR_CONNECTION_REFUSED @ http://localhost:4401/dashboard/alerts?limit=6:0
[23422265ms] [ERROR] Failed to load resource: net::ERR_CONNECTION_REFUSED @ http://localhost:4401/api/billing/ai-credits/summary:0
[23422469ms] [ERROR] Failed to load resource: net::ERR_CONNECTION_REFUSED @ http://localhost:4401/api/billing/ai-credits/summary:0
[23423074ms] [ERROR] Failed to load resource: net::ERR_CONNECTION_REFUSED @ http://localhost:4401/api/billing/ai-credits/summary:0
[23452269ms] [ERROR] Failed to load resource: net::ERR_CONNECTION_REFUSED @ http://localhost:4401/dashboard/overview:0
[23452269ms] [ERROR] Failed to load resource: net::ERR_CONNECTION_REFUSED @ http://localhost:4401/api/billing/ai-credits/summary:0
[23452269ms] [ERROR] Failed to load resource: net::ERR_CONNECTION_REFUSED @ http://localhost:4401/dashboard/alerts?limit=6:0
[23452476ms] [ERROR] Failed to load resource: net::ERR_CONNECTION_REFUSED @ http://localhost:4401/dashboard/overview:0
[23452478ms] [ERROR] Failed to load resource: net::ERR_CONNECTION_REFUSED @ http://localhost:4401/api/billing/ai-credits/summary:0
[23452478ms] [ERROR] Failed to load resource: net::ERR_CONNECTION_REFUSED @ http://localhost:4401/dashboard/alerts?limit=6:0
[23453083ms] [ERROR] Failed to load resource: net::ERR_CONNECTION_REFUSED @ http://localhost:4401/dashboard/overview:0
[23453083ms] [ERROR] Failed to load resource: net::ERR_CONNECTION_REFUSED @ http://localhost:4401/api/billing/ai-credits/summary:0
[23453083ms] [ERROR] Failed to load resource: net::ERR_CONNECTION_REFUSED @ http://localhost:4401/dashboard/alerts?limit=6:0
[23482266ms] [ERROR] Failed to load resource: net::ERR_CONNECTION_REFUSED @ http://localhost:4401/api/billing/ai-credits/summary:0
[23482471ms] [ERROR] Failed to load resource: net::ERR_CONNECTION_REFUSED @ http://localhost:4401/api/billing/ai-credits/summary:0
[23483076ms] [ERROR] Failed to load resource: net::ERR_CONNECTION_REFUSED @ http://localhost:4401/api/billing/ai-credits/summary:0
[23512268ms] [ERROR] Failed to load resource: net::ERR_CONNECTION_REFUSED @ http://localhost:4401/dashboard/overview:0
[23512268ms] [ERROR] Failed to load resource: net::ERR_CONNECTION_REFUSED @ http://localhost:4401/api/billing/ai-credits/summary:0
[23512268ms] [ERROR] Failed to load resource: net::ERR_CONNECTION_REFUSED @ http://localhost:4401/dashboard/alerts?limit=6:0
[23512478ms] [ERROR] Failed to load resource: net::ERR_CONNECTION_REFUSED @ http://localhost:4401/dashboard/overview:0
[23512479ms] [ERROR] Failed to load resource: net::ERR_CONNECTION_REFUSED @ http://localhost:4401/api/billing/ai-credits/summary:0
[23512479ms] [ERROR] Failed to load resource: net::ERR_CONNECTION_REFUSED @ http://localhost:4401/dashboard/alerts?limit=6:0
[23513083ms] [ERROR] Failed to load resource: net::ERR_CONNECTION_REFUSED @ http://localhost:4401/dashboard/overview:0
[23513084ms] [ERROR] Failed to load resource: net::ERR_CONNECTION_REFUSED @ http://localhost:4401/api/billing/ai-credits/summary:0
[23513084ms] [ERROR] Failed to load resource: net::ERR_CONNECTION_REFUSED @ http://localhost:4401/dashboard/alerts?limit=6:0
[23542267ms] [ERROR] Failed to load resource: net::ERR_CONNECTION_REFUSED @ http://localhost:4401/api/billing/ai-credits/summary:0
[23542476ms] [ERROR] Failed to load resource: net::ERR_CONNECTION_REFUSED @ http://localhost:4401/api/billing/ai-credits/summary:0
[23543081ms] [ERROR] Failed to load resource: net::ERR_CONNECTION_REFUSED @ http://localhost:4401/api/billing/ai-credits/summary:0
[23572280ms] [ERROR] Failed to load resource: net::ERR_CONNECTION_REFUSED @ http://localhost:4401/dashboard/overview:0
[23572280ms] [ERROR] Failed to load resource: net::ERR_CONNECTION_REFUSED @ http://localhost:4401/api/billing/ai-credits/summary:0
[23572280ms] [ERROR] Failed to load resource: net::ERR_CONNECTION_REFUSED @ http://localhost:4401/dashboard/alerts?limit=6:0
[23572492ms] [ERROR] Failed to load resource: net::ERR_CONNECTION_REFUSED @ http://localhost:4401/dashboard/overview:0
[23572492ms] [ERROR] Failed to load resource: net::ERR_CONNECTION_REFUSED @ http://localhost:4401/api/billing/ai-credits/summary:0
[23572492ms] [ERROR] Failed to load resource: net::ERR_CONNECTION_REFUSED @ http://localhost:4401/dashboard/alerts?limit=6:0
[23573103ms] [ERROR] Failed to load resource: net::ERR_CONNECTION_REFUSED @ http://localhost:4401/dashboard/overview:0
[23573106ms] [ERROR] Failed to load resource: net::ERR_CONNECTION_REFUSED @ http://localhost:4401/api/billing/ai-credits/summary:0
[23573106ms] [ERROR] Failed to load resource: net::ERR_CONNECTION_REFUSED @ http://localhost:4401/dashboard/alerts?limit=6:0
[23602268ms] [ERROR] Failed to load resource: net::ERR_CONNECTION_REFUSED @ http://localhost:4401/api/billing/ai-credits/summary:0
[23602474ms] [ERROR] Failed to load resource: net::ERR_CONNECTION_REFUSED @ http://localhost:4401/api/billing/ai-credits/summary:0
[23603082ms] [ERROR] Failed to load resource: net::ERR_CONNECTION_REFUSED @ http://localhost:4401/api/billing/ai-credits/summary:0
[23632271ms] [ERROR] Failed to load resource: net::ERR_CONNECTION_REFUSED @ http://localhost:4401/dashboard/overview:0
[23632272ms] [ERROR] Failed to load resource: net::ERR_CONNECTION_REFUSED @ http://localhost:4401/api/billing/ai-credits/summary:0
[23632272ms] [ERROR] Failed to load resource: net::ERR_CONNECTION_REFUSED @ http://localhost:4401/dashboard/alerts?limit=6:0
[23632483ms] [ERROR] Failed to load resource: net::ERR_CONNECTION_REFUSED @ http://localhost:4401/dashboard/overview:0
[23632483ms] [ERROR] Failed to load resource: net::ERR_CONNECTION_REFUSED @ http://localhost:4401/api/billing/ai-credits/summary:0
[23632483ms] [ERROR] Failed to load resource: net::ERR_CONNECTION_REFUSED @ http://localhost:4401/dashboard/alerts?limit=6:0
[23633087ms] [ERROR] Failed to load resource: net::ERR_CONNECTION_REFUSED @ http://localhost:4401/dashboard/overview:0
[23633087ms] [ERROR] Failed to load resource: net::ERR_CONNECTION_REFUSED @ http://localhost:4401/api/billing/ai-credits/summary:0
[23633087ms] [ERROR] Failed to load resource: net::ERR_CONNECTION_REFUSED @ http://localhost:4401/dashboard/alerts?limit=6:0
[23662269ms] [ERROR] Failed to load resource: net::ERR_CONNECTION_REFUSED @ http://localhost:4401/api/billing/ai-credits/summary:0
[23662476ms] [ERROR] Failed to load resource: net::ERR_CONNECTION_REFUSED @ http://localhost:4401/api/billing/ai-credits/summary:0
[23663084ms] [ERROR] Failed to load resource: net::ERR_CONNECTION_REFUSED @ http://localhost:4401/api/billing/ai-credits/summary:0
[23692269ms] [ERROR] Failed to load resource: net::ERR_CONNECTION_REFUSED @ http://localhost:4401/dashboard/overview:0
[23692269ms] [ERROR] Failed to load resource: net::ERR_CONNECTION_REFUSED @ http://localhost:4401/api/billing/ai-credits/summary:0
[23692270ms] [ERROR] Failed to load resource: net::ERR_CONNECTION_REFUSED @ http://localhost:4401/dashboard/alerts?limit=6:0
[23692478ms] [ERROR] Failed to load resource: net::ERR_CONNECTION_REFUSED @ http://localhost:4401/dashboard/overview:0
[23692479ms] [ERROR] Failed to load resource: net::ERR_CONNECTION_REFUSED @ http://localhost:4401/api/billing/ai-credits/summary:0
[23692480ms] [ERROR] Failed to load resource: net::ERR_CONNECTION_REFUSED @ http://localhost:4401/dashboard/alerts?limit=6:0
[23693088ms] [ERROR] Failed to load resource: net::ERR_CONNECTION_REFUSED @ http://localhost:4401/api/billing/ai-credits/summary:0
[23693089ms] [ERROR] Failed to load resource: net::ERR_CONNECTION_REFUSED @ http://localhost:4401/dashboard/overview:0
[23693089ms] [ERROR] Failed to load resource: net::ERR_CONNECTION_REFUSED @ http://localhost:4401/dashboard/alerts?limit=6:0
[23722268ms] [ERROR] Failed to load resource: net::ERR_CONNECTION_REFUSED @ http://localhost:4401/api/billing/ai-credits/summary:0
[23722476ms] [ERROR] Failed to load resource: net::ERR_CONNECTION_REFUSED @ http://localhost:4401/api/billing/ai-credits/summary:0
[23723081ms] [ERROR] Failed to load resource: net::ERR_CONNECTION_REFUSED @ http://localhost:4401/api/billing/ai-credits/summary:0
[23752271ms] [ERROR] Failed to load resource: net::ERR_CONNECTION_REFUSED @ http://localhost:4401/dashboard/overview:0
[23752271ms] [ERROR] Failed to load resource: net::ERR_CONNECTION_REFUSED @ http://localhost:4401/api/billing/ai-credits/summary:0
[23752271ms] [ERROR] Failed to load resource: net::ERR_CONNECTION_REFUSED @ http://localhost:4401/dashboard/alerts?limit=6:0
[23752482ms] [ERROR] Failed to load resource: net::ERR_CONNECTION_REFUSED @ http://localhost:4401/dashboard/overview:0
[23752482ms] [ERROR] Failed to load resource: net::ERR_CONNECTION_REFUSED @ http://localhost:4401/api/billing/ai-credits/summary:0
[23752482ms] [ERROR] Failed to load resource: net::ERR_CONNECTION_REFUSED @ http://localhost:4401/dashboard/alerts?limit=6:0
[23753092ms] [ERROR] Failed to load resource: net::ERR_CONNECTION_REFUSED @ http://localhost:4401/dashboard/overview:0
[23753093ms] [ERROR] Failed to load resource: net::ERR_CONNECTION_REFUSED @ http://localhost:4401/api/billing/ai-credits/summary:0
[23753093ms] [ERROR] Failed to load resource: net::ERR_CONNECTION_REFUSED @ http://localhost:4401/dashboard/alerts?limit=6:0
[23782269ms] [ERROR] Failed to load resource: net::ERR_CONNECTION_REFUSED @ http://localhost:4401/api/billing/ai-credits/summary:0
[23782477ms] [ERROR] Failed to load resource: net::ERR_CONNECTION_REFUSED @ http://localhost:4401/api/billing/ai-credits/summary:0
[23783084ms] [ERROR] Failed to load resource: net::ERR_CONNECTION_REFUSED @ http://localhost:4401/api/billing/ai-credits/summary:0
[23812272ms] [ERROR] Failed to load resource: net::ERR_CONNECTION_REFUSED @ http://localhost:4401/dashboard/overview:0
[23812272ms] [ERROR] Failed to load resource: net::ERR_CONNECTION_REFUSED @ http://localhost:4401/api/billing/ai-credits/summary:0
[23812272ms] [ERROR] Failed to load resource: net::ERR_CONNECTION_REFUSED @ http://localhost:4401/dashboard/alerts?limit=6:0
[23812483ms] [ERROR] Failed to load resource: net::ERR_CONNECTION_REFUSED @ http://localhost:4401/dashboard/overview:0
[23812483ms] [ERROR] Failed to load resource: net::ERR_CONNECTION_REFUSED @ http://localhost:4401/api/billing/ai-credits/summary:0
[23812483ms] [ERROR] Failed to load resource: net::ERR_CONNECTION_REFUSED @ http://localhost:4401/dashboard/alerts?limit=6:0
[23813092ms] [ERROR] Failed to load resource: net::ERR_CONNECTION_REFUSED @ http://localhost:4401/dashboard/overview:0
[23813092ms] [ERROR] Failed to load resource: net::ERR_CONNECTION_REFUSED @ http://localhost:4401/api/billing/ai-credits/summary:0
[23813092ms] [ERROR] Failed to load resource: net::ERR_CONNECTION_REFUSED @ http://localhost:4401/dashboard/alerts?limit=6:0
[23842266ms] [ERROR] Failed to load resource: net::ERR_CONNECTION_REFUSED @ http://localhost:4401/api/billing/ai-credits/summary:0
[23842469ms] [ERROR] Failed to load resource: net::ERR_CONNECTION_REFUSED @ http://localhost:4401/api/billing/ai-credits/summary:0
[23843076ms] [ERROR] Failed to load resource: net::ERR_CONNECTION_REFUSED @ http://localhost:4401/api/billing/ai-credits/summary:0
[23872270ms] [ERROR] Failed to load resource: net::ERR_CONNECTION_REFUSED @ http://localhost:4401/dashboard/overview:0
[23872271ms] [ERROR] Failed to load resource: net::ERR_CONNECTION_REFUSED @ http://localhost:4401/api/billing/ai-credits/summary:0
[23872271ms] [ERROR] Failed to load resource: net::ERR_CONNECTION_REFUSED @ http://localhost:4401/dashboard/alerts?limit=6:0
[23872481ms] [ERROR] Failed to load resource: net::ERR_CONNECTION_REFUSED @ http://localhost:4401/dashboard/overview:0
[23872482ms] [ERROR] Failed to load resource: net::ERR_CONNECTION_REFUSED @ http://localhost:4401/api/billing/ai-credits/summary:0
[23872482ms] [ERROR] Failed to load resource: net::ERR_CONNECTION_REFUSED @ http://localhost:4401/dashboard/alerts?limit=6:0
[23873086ms] [ERROR] Failed to load resource: net::ERR_CONNECTION_REFUSED @ http://localhost:4401/dashboard/overview:0
[23873086ms] [ERROR] Failed to load resource: net::ERR_CONNECTION_REFUSED @ http://localhost:4401/api/billing/ai-credits/summary:0
[23873086ms] [ERROR] Failed to load resource: net::ERR_CONNECTION_REFUSED @ http://localhost:4401/dashboard/alerts?limit=6:0
[23902267ms] [ERROR] Failed to load resource: net::ERR_CONNECTION_REFUSED @ http://localhost:4401/api/billing/ai-credits/summary:0
[23902474ms] [ERROR] Failed to load resource: net::ERR_CONNECTION_REFUSED @ http://localhost:4401/api/billing/ai-credits/summary:0
[23903081ms] [ERROR] Failed to load resource: net::ERR_CONNECTION_REFUSED @ http://localhost:4401/api/billing/ai-credits/summary:0
[23932270ms] [ERROR] Failed to load resource: net::ERR_CONNECTION_REFUSED @ http://localhost:4401/dashboard/overview:0
[23932270ms] [ERROR] Failed to load resource: net::ERR_CONNECTION_REFUSED @ http://localhost:4401/api/billing/ai-credits/summary:0
[23932270ms] [ERROR] Failed to load resource: net::ERR_CONNECTION_REFUSED @ http://localhost:4401/dashboard/alerts?limit=6:0
[23932481ms] [ERROR] Failed to load resource: net::ERR_CONNECTION_REFUSED @ http://localhost:4401/dashboard/overview:0
[23932481ms] [ERROR] Failed to load resource: net::ERR_CONNECTION_REFUSED @ http://localhost:4401/api/billing/ai-credits/summary:0
[23932481ms] [ERROR] Failed to load resource: net::ERR_CONNECTION_REFUSED @ http://localhost:4401/dashboard/alerts?limit=6:0
[23933085ms] [ERROR] Failed to load resource: net::ERR_CONNECTION_REFUSED @ http://localhost:4401/dashboard/overview:0
[23933085ms] [ERROR] Failed to load resource: net::ERR_CONNECTION_REFUSED @ http://localhost:4401/api/billing/ai-credits/summary:0
[23933085ms] [ERROR] Failed to load resource: net::ERR_CONNECTION_REFUSED @ http://localhost:4401/dashboard/alerts?limit=6:0
[23962268ms] [ERROR] Failed to load resource: net::ERR_CONNECTION_REFUSED @ http://localhost:4401/api/billing/ai-credits/summary:0
[23962475ms] [ERROR] Failed to load resource: net::ERR_CONNECTION_REFUSED @ http://localhost:4401/api/billing/ai-credits/summary:0
[23963082ms] [ERROR] Failed to load resource: net::ERR_CONNECTION_REFUSED @ http://localhost:4401/api/billing/ai-credits/summary:0
[23992272ms] [ERROR] Failed to load resource: net::ERR_CONNECTION_REFUSED @ http://localhost:4401/dashboard/overview:0
[23992273ms] [ERROR] Failed to load resource: net::ERR_CONNECTION_REFUSED @ http://localhost:4401/api/billing/ai-credits/summary:0
[23992273ms] [ERROR] Failed to load resource: net::ERR_CONNECTION_REFUSED @ http://localhost:4401/dashboard/alerts?limit=6:0
[23992483ms] [ERROR] Failed to load resource: net::ERR_CONNECTION_REFUSED @ http://localhost:4401/dashboard/overview:0
[23992483ms] [ERROR] Failed to load resource: net::ERR_CONNECTION_REFUSED @ http://localhost:4401/api/billing/ai-credits/summary:0
[23992484ms] [ERROR] Failed to load resource: net::ERR_CONNECTION_REFUSED @ http://localhost:4401/dashboard/alerts?limit=6:0
[23993094ms] [ERROR] Failed to load resource: net::ERR_CONNECTION_REFUSED @ http://localhost:4401/dashboard/overview:0
[23993094ms] [ERROR] Failed to load resource: net::ERR_CONNECTION_REFUSED @ http://localhost:4401/api/billing/ai-credits/summary:0
[23993095ms] [ERROR] Failed to load resource: net::ERR_CONNECTION_REFUSED @ http://localhost:4401/dashboard/alerts?limit=6:0
[24022269ms] [ERROR] Failed to load resource: net::ERR_CONNECTION_REFUSED @ http://localhost:4401/api/billing/ai-credits/summary:0
[24022475ms] [ERROR] Failed to load resource: net::ERR_CONNECTION_REFUSED @ http://localhost:4401/api/billing/ai-credits/summary:0
[24023080ms] [ERROR] Failed to load resource: net::ERR_CONNECTION_REFUSED @ http://localhost:4401/api/billing/ai-credits/summary:0
[24052270ms] [ERROR] Failed to load resource: net::ERR_CONNECTION_REFUSED @ http://localhost:4401/dashboard/overview:0
[24052271ms] [ERROR] Failed to load resource: net::ERR_CONNECTION_REFUSED @ http://localhost:4401/api/billing/ai-credits/summary:0
[24052271ms] [ERROR] Failed to load resource: net::ERR_CONNECTION_REFUSED @ http://localhost:4401/dashboard/alerts?limit=6:0
[24052480ms] [ERROR] Failed to load resource: net::ERR_CONNECTION_REFUSED @ http://localhost:4401/dashboard/overview:0
[24052480ms] [ERROR] Failed to load resource: net::ERR_CONNECTION_REFUSED @ http://localhost:4401/api/billing/ai-credits/summary:0
[24052480ms] [ERROR] Failed to load resource: net::ERR_CONNECTION_REFUSED @ http://localhost:4401/dashboard/alerts?limit=6:0
[24053090ms] [ERROR] Failed to load resource: net::ERR_CONNECTION_REFUSED @ http://localhost:4401/dashboard/overview:0
[24053090ms] [ERROR] Failed to load resource: net::ERR_CONNECTION_REFUSED @ http://localhost:4401/api/billing/ai-credits/summary:0
[24053090ms] [ERROR] Failed to load resource: net::ERR_CONNECTION_REFUSED @ http://localhost:4401/dashboard/alerts?limit=6:0
[24082268ms] [ERROR] Failed to load resource: net::ERR_CONNECTION_REFUSED @ http://localhost:4401/api/billing/ai-credits/summary:0
[24082476ms] [ERROR] Failed to load resource: net::ERR_CONNECTION_REFUSED @ http://localhost:4401/api/billing/ai-credits/summary:0
[24083080ms] [ERROR] Failed to load resource: net::ERR_CONNECTION_REFUSED @ http://localhost:4401/api/billing/ai-credits/summary:0
[24112271ms] [ERROR] Failed to load resource: net::ERR_CONNECTION_REFUSED @ http://localhost:4401/dashboard/overview:0
[24112272ms] [ERROR] Failed to load resource: net::ERR_CONNECTION_REFUSED @ http://localhost:4401/api/billing/ai-credits/summary:0
[24112272ms] [ERROR] Failed to load resource: net::ERR_CONNECTION_REFUSED @ http://localhost:4401/dashboard/alerts?limit=6:0
[24112482ms] [ERROR] Failed to load resource: net::ERR_CONNECTION_REFUSED @ http://localhost:4401/dashboard/overview:0
[24112482ms] [ERROR] Failed to load resource: net::ERR_CONNECTION_REFUSED @ http://localhost:4401/api/billing/ai-credits/summary:0
[24112482ms] [ERROR] Failed to load resource: net::ERR_CONNECTION_REFUSED @ http://localhost:4401/dashboard/alerts?limit=6:0
[24113093ms] [ERROR] Failed to load resource: net::ERR_CONNECTION_REFUSED @ http://localhost:4401/api/billing/ai-credits/summary:0
[24113094ms] [ERROR] Failed to load resource: net::ERR_CONNECTION_REFUSED @ http://localhost:4401/dashboard/overview:0
[24113094ms] [ERROR] Failed to load resource: net::ERR_CONNECTION_REFUSED @ http://localhost:4401/dashboard/alerts?limit=6:0
[24142269ms] [ERROR] Failed to load resource: net::ERR_CONNECTION_REFUSED @ http://localhost:4401/api/billing/ai-credits/summary:0
[24142478ms] [ERROR] Failed to load resource: net::ERR_CONNECTION_REFUSED @ http://localhost:4401/api/billing/ai-credits/summary:0
[24143085ms] [ERROR] Failed to load resource: net::ERR_CONNECTION_REFUSED @ http://localhost:4401/api/billing/ai-credits/summary:0
[24172273ms] [ERROR] Failed to load resource: net::ERR_CONNECTION_REFUSED @ http://localhost:4401/dashboard/overview:0
[24172274ms] [ERROR] Failed to load resource: net::ERR_CONNECTION_REFUSED @ http://localhost:4401/api/billing/ai-credits/summary:0
[24172274ms] [ERROR] Failed to load resource: net::ERR_CONNECTION_REFUSED @ http://localhost:4401/dashboard/alerts?limit=6:0
[24172487ms] [ERROR] Failed to load resource: net::ERR_CONNECTION_REFUSED @ http://localhost:4401/dashboard/overview:0
[24172488ms] [ERROR] Failed to load resource: net::ERR_CONNECTION_REFUSED @ http://localhost:4401/api/billing/ai-credits/summary:0
[24172488ms] [ERROR] Failed to load resource: net::ERR_CONNECTION_REFUSED @ http://localhost:4401/dashboard/alerts?limit=6:0
[24173096ms] [ERROR] Failed to load resource: net::ERR_CONNECTION_REFUSED @ http://localhost:4401/dashboard/overview:0
[24173097ms] [ERROR] Failed to load resource: net::ERR_CONNECTION_REFUSED @ http://localhost:4401/api/billing/ai-credits/summary:0
[24173097ms] [ERROR] Failed to load resource: net::ERR_CONNECTION_REFUSED @ http://localhost:4401/dashboard/alerts?limit=6:0
[24202269ms] [ERROR] Failed to load resource: net::ERR_CONNECTION_REFUSED @ http://localhost:4401/api/billing/ai-credits/summary:0
[24202479ms] [ERROR] Failed to load resource: net::ERR_CONNECTION_REFUSED @ http://localhost:4401/api/billing/ai-credits/summary:0
[24203087ms] [ERROR] Failed to load resource: net::ERR_CONNECTION_REFUSED @ http://localhost:4401/api/billing/ai-credits/summary:0
[24232270ms] [ERROR] Failed to load resource: net::ERR_CONNECTION_REFUSED @ http://localhost:4401/dashboard/overview:0
[24232271ms] [ERROR] Failed to load resource: net::ERR_CONNECTION_REFUSED @ http://localhost:4401/api/billing/ai-credits/summary:0
[24232271ms] [ERROR] Failed to load resource: net::ERR_CONNECTION_REFUSED @ http://localhost:4401/dashboard/alerts?limit=6:0
[24232479ms] [ERROR] Failed to load resource: net::ERR_CONNECTION_REFUSED @ http://localhost:4401/dashboard/overview:0
[24232479ms] [ERROR] Failed to load resource: net::ERR_CONNECTION_REFUSED @ http://localhost:4401/api/billing/ai-credits/summary:0
[24232480ms] [ERROR] Failed to load resource: net::ERR_CONNECTION_REFUSED @ http://localhost:4401/dashboard/alerts?limit=6:0
[24233087ms] [ERROR] Failed to load resource: net::ERR_CONNECTION_REFUSED @ http://localhost:4401/dashboard/overview:0
[24233088ms] [ERROR] Failed to load resource: net::ERR_CONNECTION_REFUSED @ http://localhost:4401/api/billing/ai-credits/summary:0
[24233089ms] [ERROR] Failed to load resource: net::ERR_CONNECTION_REFUSED @ http://localhost:4401/dashboard/alerts?limit=6:0
[24262272ms] [ERROR] Failed to load resource: net::ERR_CONNECTION_REFUSED @ http://localhost:4401/api/billing/ai-credits/summary:0
[24262480ms] [ERROR] Failed to load resource: net::ERR_CONNECTION_REFUSED @ http://localhost:4401/api/billing/ai-credits/summary:0
[24263088ms] [ERROR] Failed to load resource: net::ERR_CONNECTION_REFUSED @ http://localhost:4401/api/billing/ai-credits/summary:0
[24292272ms] [ERROR] Failed to load resource: net::ERR_CONNECTION_REFUSED @ http://localhost:4401/dashboard/overview:0
[24292272ms] [ERROR] Failed to load resource: net::ERR_CONNECTION_REFUSED @ http://localhost:4401/api/billing/ai-credits/summary:0
[24292272ms] [ERROR] Failed to load resource: net::ERR_CONNECTION_REFUSED @ http://localhost:4401/dashboard/alerts?limit=6:0
[24292481ms] [ERROR] Failed to load resource: net::ERR_CONNECTION_REFUSED @ http://localhost:4401/dashboard/overview:0
[24292482ms] [ERROR] Failed to load resource: net::ERR_CONNECTION_REFUSED @ http://localhost:4401/api/billing/ai-credits/summary:0
[24292482ms] [ERROR] Failed to load resource: net::ERR_CONNECTION_REFUSED @ http://localhost:4401/dashboard/alerts?limit=6:0
[24293092ms] [ERROR] Failed to load resource: net::ERR_CONNECTION_REFUSED @ http://localhost:4401/dashboard/overview:0
[24293092ms] [ERROR] Failed to load resource: net::ERR_CONNECTION_REFUSED @ http://localhost:4401/api/billing/ai-credits/summary:0
[24293092ms] [ERROR] Failed to load resource: net::ERR_CONNECTION_REFUSED @ http://localhost:4401/dashboard/alerts?limit=6:0
[24322267ms] [ERROR] Failed to load resource: net::ERR_CONNECTION_REFUSED @ http://localhost:4401/api/billing/ai-credits/summary:0
[24322473ms] [ERROR] Failed to load resource: net::ERR_CONNECTION_REFUSED @ http://localhost:4401/api/billing/ai-credits/summary:0
[24323080ms] [ERROR] Failed to load resource: net::ERR_CONNECTION_REFUSED @ http://localhost:4401/api/billing/ai-credits/summary:0
[24352275ms] [ERROR] Failed to load resource: net::ERR_CONNECTION_REFUSED @ http://localhost:4401/dashboard/overview:0
[24352275ms] [ERROR] Failed to load resource: net::ERR_CONNECTION_REFUSED @ http://localhost:4401/api/billing/ai-credits/summary:0
[24352275ms] [ERROR] Failed to load resource: net::ERR_CONNECTION_REFUSED @ http://localhost:4401/dashboard/alerts?limit=6:0
[24352485ms] [ERROR] Failed to load resource: net::ERR_CONNECTION_REFUSED @ http://localhost:4401/dashboard/overview:0
[24352486ms] [ERROR] Failed to load resource: net::ERR_CONNECTION_REFUSED @ http://localhost:4401/api/billing/ai-credits/summary:0
[24352486ms] [ERROR] Failed to load resource: net::ERR_CONNECTION_REFUSED @ http://localhost:4401/dashboard/alerts?limit=6:0
[24353094ms] [ERROR] Failed to load resource: net::ERR_CONNECTION_REFUSED @ http://localhost:4401/dashboard/overview:0
[24353095ms] [ERROR] Failed to load resource: net::ERR_CONNECTION_REFUSED @ http://localhost:4401/api/billing/ai-credits/summary:0
[24353095ms] [ERROR] Failed to load resource: net::ERR_CONNECTION_REFUSED @ http://localhost:4401/dashboard/alerts?limit=6:0
[24382265ms] [ERROR] Failed to load resource: net::ERR_CONNECTION_REFUSED @ http://localhost:4401/api/billing/ai-credits/summary:0
[24382472ms] [ERROR] Failed to load resource: net::ERR_CONNECTION_REFUSED @ http://localhost:4401/api/billing/ai-credits/summary:0
[24383077ms] [ERROR] Failed to load resource: net::ERR_CONNECTION_REFUSED @ http://localhost:4401/api/billing/ai-credits/summary:0
[24412269ms] [ERROR] Failed to load resource: net::ERR_CONNECTION_REFUSED @ http://localhost:4401/dashboard/overview:0
[24412269ms] [ERROR] Failed to load resource: net::ERR_CONNECTION_REFUSED @ http://localhost:4401/api/billing/ai-credits/summary:0
[24412270ms] [ERROR] Failed to load resource: net::ERR_CONNECTION_REFUSED @ http://localhost:4401/dashboard/alerts?limit=6:0
[24412480ms] [ERROR] Failed to load resource: net::ERR_CONNECTION_REFUSED @ http://localhost:4401/dashboard/overview:0
[24412481ms] [ERROR] Failed to load resource: net::ERR_CONNECTION_REFUSED @ http://localhost:4401/api/billing/ai-credits/summary:0
[24412481ms] [ERROR] Failed to load resource: net::ERR_CONNECTION_REFUSED @ http://localhost:4401/dashboard/alerts?limit=6:0
[24413093ms] [ERROR] Failed to load resource: net::ERR_CONNECTION_REFUSED @ http://localhost:4401/dashboard/overview:0
[24413093ms] [ERROR] Failed to load resource: net::ERR_CONNECTION_REFUSED @ http://localhost:4401/api/billing/ai-credits/summary:0
[24413094ms] [ERROR] Failed to load resource: net::ERR_CONNECTION_REFUSED @ http://localhost:4401/dashboard/alerts?limit=6:0
[24442266ms] [ERROR] Failed to load resource: net::ERR_CONNECTION_REFUSED @ http://localhost:4401/api/billing/ai-credits/summary:0
[24442473ms] [ERROR] Failed to load resource: net::ERR_CONNECTION_REFUSED @ http://localhost:4401/api/billing/ai-credits/summary:0
[24443079ms] [ERROR] Failed to load resource: net::ERR_CONNECTION_REFUSED @ http://localhost:4401/api/billing/ai-credits/summary:0
[24472272ms] [ERROR] Failed to load resource: net::ERR_CONNECTION_REFUSED @ http://localhost:4401/dashboard/overview:0
[24472272ms] [ERROR] Failed to load resource: net::ERR_CONNECTION_REFUSED @ http://localhost:4401/api/billing/ai-credits/summary:0
[24472272ms] [ERROR] Failed to load resource: net::ERR_CONNECTION_REFUSED @ http://localhost:4401/dashboard/alerts?limit=6:0
[24472482ms] [ERROR] Failed to load resource: net::ERR_CONNECTION_REFUSED @ http://localhost:4401/dashboard/overview:0
[24472482ms] [ERROR] Failed to load resource: net::ERR_CONNECTION_REFUSED @ http://localhost:4401/api/billing/ai-credits/summary:0
[24472482ms] [ERROR] Failed to load resource: net::ERR_CONNECTION_REFUSED @ http://localhost:4401/dashboard/alerts?limit=6:0
[24473089ms] [ERROR] Failed to load resource: net::ERR_CONNECTION_REFUSED @ http://localhost:4401/dashboard/overview:0
[24473089ms] [ERROR] Failed to load resource: net::ERR_CONNECTION_REFUSED @ http://localhost:4401/api/billing/ai-credits/summary:0
[24473089ms] [ERROR] Failed to load resource: net::ERR_CONNECTION_REFUSED @ http://localhost:4401/dashboard/alerts?limit=6:0
[24502267ms] [ERROR] Failed to load resource: net::ERR_CONNECTION_REFUSED @ http://localhost:4401/api/billing/ai-credits/summary:0
[24502475ms] [ERROR] Failed to load resource: net::ERR_CONNECTION_REFUSED @ http://localhost:4401/api/billing/ai-credits/summary:0
[24503081ms] [ERROR] Failed to load resource: net::ERR_CONNECTION_REFUSED @ http://localhost:4401/api/billing/ai-credits/summary:0
[24532272ms] [ERROR] Failed to load resource: net::ERR_CONNECTION_REFUSED @ http://localhost:4401/dashboard/overview:0
[24532272ms] [ERROR] Failed to load resource: net::ERR_CONNECTION_REFUSED @ http://localhost:4401/api/billing/ai-credits/summary:0
[24532272ms] [ERROR] Failed to load resource: net::ERR_CONNECTION_REFUSED @ http://localhost:4401/dashboard/alerts?limit=6:0
[24532482ms] [ERROR] Failed to load resource: net::ERR_CONNECTION_REFUSED @ http://localhost:4401/dashboard/overview:0
[24532483ms] [ERROR] Failed to load resource: net::ERR_CONNECTION_REFUSED @ http://localhost:4401/api/billing/ai-credits/summary:0
[24532483ms] [ERROR] Failed to load resource: net::ERR_CONNECTION_REFUSED @ http://localhost:4401/dashboard/alerts?limit=6:0
[24533093ms] [ERROR] Failed to load resource: net::ERR_CONNECTION_REFUSED @ http://localhost:4401/dashboard/overview:0
[24533093ms] [ERROR] Failed to load resource: net::ERR_CONNECTION_REFUSED @ http://localhost:4401/api/billing/ai-credits/summary:0
[24533094ms] [ERROR] Failed to load resource: net::ERR_CONNECTION_REFUSED @ http://localhost:4401/dashboard/alerts?limit=6:0
[24562269ms] [ERROR] Failed to load resource: net::ERR_CONNECTION_REFUSED @ http://localhost:4401/api/billing/ai-credits/summary:0
[24562477ms] [ERROR] Failed to load resource: net::ERR_CONNECTION_REFUSED @ http://localhost:4401/api/billing/ai-credits/summary:0
[24563085ms] [ERROR] Failed to load resource: net::ERR_CONNECTION_REFUSED @ http://localhost:4401/api/billing/ai-credits/summary:0
[24592268ms] [ERROR] Failed to load resource: net::ERR_CONNECTION_REFUSED @ http://localhost:4401/dashboard/overview:0
[24592268ms] [ERROR] Failed to load resource: net::ERR_CONNECTION_REFUSED @ http://localhost:4401/api/billing/ai-credits/summary:0
[24592269ms] [ERROR] Failed to load resource: net::ERR_CONNECTION_REFUSED @ http://localhost:4401/dashboard/alerts?limit=6:0
[24592480ms] [ERROR] Failed to load resource: net::ERR_CONNECTION_REFUSED @ http://localhost:4401/dashboard/overview:0
[24592480ms] [ERROR] Failed to load resource: net::ERR_CONNECTION_REFUSED @ http://localhost:4401/api/billing/ai-credits/summary:0
[24592480ms] [ERROR] Failed to load resource: net::ERR_CONNECTION_REFUSED @ http://localhost:4401/dashboard/alerts?limit=6:0
[24593091ms] [ERROR] Failed to load resource: net::ERR_CONNECTION_REFUSED @ http://localhost:4401/dashboard/overview:0
[24593091ms] [ERROR] Failed to load resource: net::ERR_CONNECTION_REFUSED @ http://localhost:4401/api/billing/ai-credits/summary:0
[24593091ms] [ERROR] Failed to load resource: net::ERR_CONNECTION_REFUSED @ http://localhost:4401/dashboard/alerts?limit=6:0
[24622269ms] [ERROR] Failed to load resource: net::ERR_CONNECTION_REFUSED @ http://localhost:4401/api/billing/ai-credits/summary:0
[24622471ms] [ERROR] Failed to load resource: net::ERR_CONNECTION_REFUSED @ http://localhost:4401/api/billing/ai-credits/summary:0
[24623078ms] [ERROR] Failed to load resource: net::ERR_CONNECTION_REFUSED @ http://localhost:4401/api/billing/ai-credits/summary:0
[24652269ms] [ERROR] Failed to load resource: net::ERR_CONNECTION_REFUSED @ http://localhost:4401/dashboard/overview:0
[24652269ms] [ERROR] Failed to load resource: net::ERR_CONNECTION_REFUSED @ http://localhost:4401/api/billing/ai-credits/summary:0
[24652269ms] [ERROR] Failed to load resource: net::ERR_CONNECTION_REFUSED @ http://localhost:4401/dashboard/alerts?limit=6:0
[24652478ms] [ERROR] Failed to load resource: net::ERR_CONNECTION_REFUSED @ http://localhost:4401/api/billing/ai-credits/summary:0
[24652480ms] [ERROR] Failed to load resource: net::ERR_CONNECTION_REFUSED @ http://localhost:4401/dashboard/overview:0
[24652480ms] [ERROR] Failed to load resource: net::ERR_CONNECTION_REFUSED @ http://localhost:4401/dashboard/alerts?limit=6:0
[24653089ms] [ERROR] Failed to load resource: net::ERR_CONNECTION_REFUSED @ http://localhost:4401/api/billing/ai-credits/summary:0
[24653089ms] [ERROR] Failed to load resource: net::ERR_CONNECTION_REFUSED @ http://localhost:4401/dashboard/overview:0
[24653089ms] [ERROR] Failed to load resource: net::ERR_CONNECTION_REFUSED @ http://localhost:4401/dashboard/alerts?limit=6:0
[24682267ms] [ERROR] Failed to load resource: net::ERR_CONNECTION_REFUSED @ http://localhost:4401/api/billing/ai-credits/summary:0
[24682476ms] [ERROR] Failed to load resource: net::ERR_CONNECTION_REFUSED @ http://localhost:4401/api/billing/ai-credits/summary:0
[24683081ms] [ERROR] Failed to load resource: net::ERR_CONNECTION_REFUSED @ http://localhost:4401/api/billing/ai-credits/summary:0
[24712271ms] [ERROR] Failed to load resource: net::ERR_CONNECTION_REFUSED @ http://localhost:4401/dashboard/overview:0
[24712271ms] [ERROR] Failed to load resource: net::ERR_CONNECTION_REFUSED @ http://localhost:4401/api/billing/ai-credits/summary:0
[24712271ms] [ERROR] Failed to load resource: net::ERR_CONNECTION_REFUSED @ http://localhost:4401/dashboard/alerts?limit=6:0
[24712478ms] [ERROR] Failed to load resource: net::ERR_CONNECTION_REFUSED @ http://localhost:4401/dashboard/overview:0
[24712478ms] [ERROR] Failed to load resource: net::ERR_CONNECTION_REFUSED @ http://localhost:4401/api/billing/ai-credits/summary:0
[24712478ms] [ERROR] Failed to load resource: net::ERR_CONNECTION_REFUSED @ http://localhost:4401/dashboard/alerts?limit=6:0
[24713086ms] [ERROR] Failed to load resource: net::ERR_CONNECTION_REFUSED @ http://localhost:4401/dashboard/overview:0
[24713086ms] [ERROR] Failed to load resource: net::ERR_CONNECTION_REFUSED @ http://localhost:4401/api/billing/ai-credits/summary:0
[24713086ms] [ERROR] Failed to load resource: net::ERR_CONNECTION_REFUSED @ http://localhost:4401/dashboard/alerts?limit=6:0
[24742267ms] [ERROR] Failed to load resource: net::ERR_CONNECTION_REFUSED @ http://localhost:4401/api/billing/ai-credits/summary:0
[24742476ms] [ERROR] Failed to load resource: net::ERR_CONNECTION_REFUSED @ http://localhost:4401/api/billing/ai-credits/summary:0
[24743084ms] [ERROR] Failed to load resource: net::ERR_CONNECTION_REFUSED @ http://localhost:4401/api/billing/ai-credits/summary:0
[24772274ms] [ERROR] Failed to load resource: net::ERR_CONNECTION_REFUSED @ http://localhost:4401/dashboard/overview:0
[24772275ms] [ERROR] Failed to load resource: net::ERR_CONNECTION_REFUSED @ http://localhost:4401/api/billing/ai-credits/summary:0
[24772275ms] [ERROR] Failed to load resource: net::ERR_CONNECTION_REFUSED @ http://localhost:4401/dashboard/alerts?limit=6:0
[24772479ms] [ERROR] Failed to load resource: net::ERR_CONNECTION_REFUSED @ http://localhost:4401/dashboard/overview:0
[24772479ms] [ERROR] Failed to load resource: net::ERR_CONNECTION_REFUSED @ http://localhost:4401/api/billing/ai-credits/summary:0
[24772479ms] [ERROR] Failed to load resource: net::ERR_CONNECTION_REFUSED @ http://localhost:4401/dashboard/alerts?limit=6:0
[24773090ms] [ERROR] Failed to load resource: net::ERR_CONNECTION_REFUSED @ http://localhost:4401/dashboard/overview:0
[24773090ms] [ERROR] Failed to load resource: net::ERR_CONNECTION_REFUSED @ http://localhost:4401/api/billing/ai-credits/summary:0
[24773091ms] [ERROR] Failed to load resource: net::ERR_CONNECTION_REFUSED @ http://localhost:4401/dashboard/alerts?limit=6:0
[24802268ms] [ERROR] Failed to load resource: net::ERR_CONNECTION_REFUSED @ http://localhost:4401/api/billing/ai-credits/summary:0
[24802478ms] [ERROR] Failed to load resource: net::ERR_CONNECTION_REFUSED @ http://localhost:4401/api/billing/ai-credits/summary:0
[24803085ms] [ERROR] Failed to load resource: net::ERR_CONNECTION_REFUSED @ http://localhost:4401/api/billing/ai-credits/summary:0
[24832265ms] [ERROR] Failed to load resource: net::ERR_CONNECTION_REFUSED @ http://localhost:4401/dashboard/overview:0
[24832265ms] [ERROR] Failed to load resource: net::ERR_CONNECTION_REFUSED @ http://localhost:4401/api/billing/ai-credits/summary:0
[24832265ms] [ERROR] Failed to load resource: net::ERR_CONNECTION_REFUSED @ http://localhost:4401/dashboard/alerts?limit=6:0
[24832472ms] [ERROR] Failed to load resource: net::ERR_CONNECTION_REFUSED @ http://localhost:4401/dashboard/overview:0
[24832472ms] [ERROR] Failed to load resource: net::ERR_CONNECTION_REFUSED @ http://localhost:4401/api/billing/ai-credits/summary:0
[24832472ms] [ERROR] Failed to load resource: net::ERR_CONNECTION_REFUSED @ http://localhost:4401/dashboard/alerts?limit=6:0
[24833082ms] [ERROR] Failed to load resource: net::ERR_CONNECTION_REFUSED @ http://localhost:4401/dashboard/overview:0
[24833082ms] [ERROR] Failed to load resource: net::ERR_CONNECTION_REFUSED @ http://localhost:4401/api/billing/ai-credits/summary:0
[24833082ms] [ERROR] Failed to load resource: net::ERR_CONNECTION_REFUSED @ http://localhost:4401/dashboard/alerts?limit=6:0
[24862270ms] [ERROR] Failed to load resource: net::ERR_CONNECTION_REFUSED @ http://localhost:4401/api/billing/ai-credits/summary:0
[24862475ms] [ERROR] Failed to load resource: net::ERR_CONNECTION_REFUSED @ http://localhost:4401/api/billing/ai-credits/summary:0
[24863083ms] [ERROR] Failed to load resource: net::ERR_CONNECTION_REFUSED @ http://localhost:4401/api/billing/ai-credits/summary:0
[24892272ms] [ERROR] Failed to load resource: net::ERR_CONNECTION_REFUSED @ http://localhost:4401/dashboard/overview:0
[24892272ms] [ERROR] Failed to load resource: net::ERR_CONNECTION_REFUSED @ http://localhost:4401/api/billing/ai-credits/summary:0
[24892273ms] [ERROR] Failed to load resource: net::ERR_CONNECTION_REFUSED @ http://localhost:4401/dashboard/alerts?limit=6:0
[24892482ms] [ERROR] Failed to load resource: net::ERR_CONNECTION_REFUSED @ http://localhost:4401/dashboard/overview:0
[24892483ms] [ERROR] Failed to load resource: net::ERR_CONNECTION_REFUSED @ http://localhost:4401/api/billing/ai-credits/summary:0
[24892483ms] [ERROR] Failed to load resource: net::ERR_CONNECTION_REFUSED @ http://localhost:4401/dashboard/alerts?limit=6:0
[24893091ms] [ERROR] Failed to load resource: net::ERR_CONNECTION_REFUSED @ http://localhost:4401/dashboard/overview:0
[24893092ms] [ERROR] Failed to load resource: net::ERR_CONNECTION_REFUSED @ http://localhost:4401/api/billing/ai-credits/summary:0
[24893092ms] [ERROR] Failed to load resource: net::ERR_CONNECTION_REFUSED @ http://localhost:4401/dashboard/alerts?limit=6:0
[24922267ms] [ERROR] Failed to load resource: net::ERR_CONNECTION_REFUSED @ http://localhost:4401/api/billing/ai-credits/summary:0
[24922476ms] [ERROR] Failed to load resource: net::ERR_CONNECTION_REFUSED @ http://localhost:4401/api/billing/ai-credits/summary:0
[24923085ms] [ERROR] Failed to load resource: net::ERR_CONNECTION_REFUSED @ http://localhost:4401/api/billing/ai-credits/summary:0
[24952270ms] [ERROR] Failed to load resource: net::ERR_CONNECTION_REFUSED @ http://localhost:4401/dashboard/overview:0
[24952271ms] [ERROR] Failed to load resource: net::ERR_CONNECTION_REFUSED @ http://localhost:4401/api/billing/ai-credits/summary:0
[24952271ms] [ERROR] Failed to load resource: net::ERR_CONNECTION_REFUSED @ http://localhost:4401/dashboard/alerts?limit=6:0
[24952479ms] [ERROR] Failed to load resource: net::ERR_CONNECTION_REFUSED @ http://localhost:4401/dashboard/overview:0
[24952480ms] [ERROR] Failed to load resource: net::ERR_CONNECTION_REFUSED @ http://localhost:4401/api/billing/ai-credits/summary:0
[24952480ms] [ERROR] Failed to load resource: net::ERR_CONNECTION_REFUSED @ http://localhost:4401/dashboard/alerts?limit=6:0
[24953087ms] [ERROR] Failed to load resource: net::ERR_CONNECTION_REFUSED @ http://localhost:4401/dashboard/overview:0
[24953088ms] [ERROR] Failed to load resource: net::ERR_CONNECTION_REFUSED @ http://localhost:4401/api/billing/ai-credits/summary:0
[24953089ms] [ERROR] Failed to load resource: net::ERR_CONNECTION_REFUSED @ http://localhost:4401/dashboard/alerts?limit=6:0
[24982266ms] [ERROR] Failed to load resource: net::ERR_CONNECTION_REFUSED @ http://localhost:4401/api/billing/ai-credits/summary:0
[24982470ms] [ERROR] Failed to load resource: net::ERR_CONNECTION_REFUSED @ http://localhost:4401/api/billing/ai-credits/summary:0
[24983079ms] [ERROR] Failed to load resource: net::ERR_CONNECTION_REFUSED @ http://localhost:4401/api/billing/ai-credits/summary:0
[25012271ms] [ERROR] Failed to load resource: net::ERR_CONNECTION_REFUSED @ http://localhost:4401/dashboard/overview:0
[25012271ms] [ERROR] Failed to load resource: net::ERR_CONNECTION_REFUSED @ http://localhost:4401/api/billing/ai-credits/summary:0
[25012271ms] [ERROR] Failed to load resource: net::ERR_CONNECTION_REFUSED @ http://localhost:4401/dashboard/alerts?limit=6:0
[25012482ms] [ERROR] Failed to load resource: net::ERR_CONNECTION_REFUSED @ http://localhost:4401/dashboard/overview:0
[25012482ms] [ERROR] Failed to load resource: net::ERR_CONNECTION_REFUSED @ http://localhost:4401/api/billing/ai-credits/summary:0
[25012482ms] [ERROR] Failed to load resource: net::ERR_CONNECTION_REFUSED @ http://localhost:4401/dashboard/alerts?limit=6:0
[25013094ms] [ERROR] Failed to load resource: net::ERR_CONNECTION_REFUSED @ http://localhost:4401/dashboard/overview:0
[25013094ms] [ERROR] Failed to load resource: net::ERR_CONNECTION_REFUSED @ http://localhost:4401/api/billing/ai-credits/summary:0
[25013094ms] [ERROR] Failed to load resource: net::ERR_CONNECTION_REFUSED @ http://localhost:4401/dashboard/alerts?limit=6:0
[25042267ms] [ERROR] Failed to load resource: net::ERR_CONNECTION_REFUSED @ http://localhost:4401/api/billing/ai-credits/summary:0
[25042471ms] [ERROR] Failed to load resource: net::ERR_CONNECTION_REFUSED @ http://localhost:4401/api/billing/ai-credits/summary:0
[25043077ms] [ERROR] Failed to load resource: net::ERR_CONNECTION_REFUSED @ http://localhost:4401/api/billing/ai-credits/summary:0
[25072271ms] [ERROR] Failed to load resource: net::ERR_CONNECTION_REFUSED @ http://localhost:4401/dashboard/overview:0
[25072271ms] [ERROR] Failed to load resource: net::ERR_CONNECTION_REFUSED @ http://localhost:4401/api/billing/ai-credits/summary:0
[25072271ms] [ERROR] Failed to load resource: net::ERR_CONNECTION_REFUSED @ http://localhost:4401/dashboard/alerts?limit=6:0
[25072480ms] [ERROR] Failed to load resource: net::ERR_CONNECTION_REFUSED @ http://localhost:4401/dashboard/overview:0
[25072481ms] [ERROR] Failed to load resource: net::ERR_CONNECTION_REFUSED @ http://localhost:4401/api/billing/ai-credits/summary:0
[25072481ms] [ERROR] Failed to load resource: net::ERR_CONNECTION_REFUSED @ http://localhost:4401/dashboard/alerts?limit=6:0
[25073091ms] [ERROR] Failed to load resource: net::ERR_CONNECTION_REFUSED @ http://localhost:4401/dashboard/overview:0
[25073092ms] [ERROR] Failed to load resource: net::ERR_CONNECTION_REFUSED @ http://localhost:4401/api/billing/ai-credits/summary:0
[25073092ms] [ERROR] Failed to load resource: net::ERR_CONNECTION_REFUSED @ http://localhost:4401/dashboard/alerts?limit=6:0
[25102270ms] [ERROR] Failed to load resource: net::ERR_CONNECTION_REFUSED @ http://localhost:4401/api/billing/ai-credits/summary:0
[25102477ms] [ERROR] Failed to load resource: net::ERR_CONNECTION_REFUSED @ http://localhost:4401/api/billing/ai-credits/summary:0
[25103081ms] [ERROR] Failed to load resource: net::ERR_CONNECTION_REFUSED @ http://localhost:4401/api/billing/ai-credits/summary:0
[25132281ms] [ERROR] Failed to load resource: net::ERR_CONNECTION_REFUSED @ http://localhost:4401/dashboard/overview:0
[25132281ms] [ERROR] Failed to load resource: net::ERR_CONNECTION_REFUSED @ http://localhost:4401/api/billing/ai-credits/summary:0
[25132281ms] [ERROR] Failed to load resource: net::ERR_CONNECTION_REFUSED @ http://localhost:4401/dashboard/alerts?limit=6:0
[25132491ms] [ERROR] Failed to load resource: net::ERR_CONNECTION_REFUSED @ http://localhost:4401/dashboard/overview:0
[25132492ms] [ERROR] Failed to load resource: net::ERR_CONNECTION_REFUSED @ http://localhost:4401/api/billing/ai-credits/summary:0
[25132492ms] [ERROR] Failed to load resource: net::ERR_CONNECTION_REFUSED @ http://localhost:4401/dashboard/alerts?limit=6:0
[25133102ms] [ERROR] Failed to load resource: net::ERR_CONNECTION_REFUSED @ http://localhost:4401/dashboard/overview:0
[25133102ms] [ERROR] Failed to load resource: net::ERR_CONNECTION_REFUSED @ http://localhost:4401/api/billing/ai-credits/summary:0
[25133102ms] [ERROR] Failed to load resource: net::ERR_CONNECTION_REFUSED @ http://localhost:4401/dashboard/alerts?limit=6:0
[25162278ms] [ERROR] Failed to load resource: net::ERR_CONNECTION_REFUSED @ http://localhost:4401/api/billing/ai-credits/summary:0
[25162485ms] [ERROR] Failed to load resource: net::ERR_CONNECTION_REFUSED @ http://localhost:4401/api/billing/ai-credits/summary:0
[25163091ms] [ERROR] Failed to load resource: net::ERR_CONNECTION_REFUSED @ http://localhost:4401/api/billing/ai-credits/summary:0
[25192281ms] [ERROR] Failed to load resource: net::ERR_CONNECTION_REFUSED @ http://localhost:4401/dashboard/overview:0
[25192282ms] [ERROR] Failed to load resource: net::ERR_CONNECTION_REFUSED @ http://localhost:4401/api/billing/ai-credits/summary:0
[25192282ms] [ERROR] Failed to load resource: net::ERR_CONNECTION_REFUSED @ http://localhost:4401/dashboard/alerts?limit=6:0
[25192490ms] [ERROR] Failed to load resource: net::ERR_CONNECTION_REFUSED @ http://localhost:4401/dashboard/overview:0
[25192491ms] [ERROR] Failed to load resource: net::ERR_CONNECTION_REFUSED @ http://localhost:4401/api/billing/ai-credits/summary:0
[25192491ms] [ERROR] Failed to load resource: net::ERR_CONNECTION_REFUSED @ http://localhost:4401/dashboard/alerts?limit=6:0
[25193094ms] [ERROR] Failed to load resource: net::ERR_CONNECTION_REFUSED @ http://localhost:4401/dashboard/overview:0
[25193094ms] [ERROR] Failed to load resource: net::ERR_CONNECTION_REFUSED @ http://localhost:4401/api/billing/ai-credits/summary:0
[25193094ms] [ERROR] Failed to load resource: net::ERR_CONNECTION_REFUSED @ http://localhost:4401/dashboard/alerts?limit=6:0
[25222280ms] [ERROR] Failed to load resource: net::ERR_CONNECTION_REFUSED @ http://localhost:4401/api/billing/ai-credits/summary:0
[25222487ms] [ERROR] Failed to load resource: net::ERR_CONNECTION_REFUSED @ http://localhost:4401/api/billing/ai-credits/summary:0
[25223093ms] [ERROR] Failed to load resource: net::ERR_CONNECTION_REFUSED @ http://localhost:4401/api/billing/ai-credits/summary:0
[25252276ms] [ERROR] Failed to load resource: net::ERR_CONNECTION_REFUSED @ http://localhost:4401/dashboard/overview:0
[25252277ms] [ERROR] Failed to load resource: net::ERR_CONNECTION_REFUSED @ http://localhost:4401/api/billing/ai-credits/summary:0
[25252277ms] [ERROR] Failed to load resource: net::ERR_CONNECTION_REFUSED @ http://localhost:4401/dashboard/alerts?limit=6:0
[25252482ms] [ERROR] Failed to load resource: net::ERR_CONNECTION_REFUSED @ http://localhost:4401/dashboard/overview:0
[25252482ms] [ERROR] Failed to load resource: net::ERR_CONNECTION_REFUSED @ http://localhost:4401/api/billing/ai-credits/summary:0
[25252483ms] [ERROR] Failed to load resource: net::ERR_CONNECTION_REFUSED @ http://localhost:4401/dashboard/alerts?limit=6:0
[25253092ms] [ERROR] Failed to load resource: net::ERR_CONNECTION_REFUSED @ http://localhost:4401/dashboard/overview:0
[25253093ms] [ERROR] Failed to load resource: net::ERR_CONNECTION_REFUSED @ http://localhost:4401/api/billing/ai-credits/summary:0
[25253093ms] [ERROR] Failed to load resource: net::ERR_CONNECTION_REFUSED @ http://localhost:4401/dashboard/alerts?limit=6:0
[25282278ms] [ERROR] Failed to load resource: net::ERR_CONNECTION_REFUSED @ http://localhost:4401/api/billing/ai-credits/summary:0
[25282485ms] [ERROR] Failed to load resource: net::ERR_CONNECTION_REFUSED @ http://localhost:4401/api/billing/ai-credits/summary:0
[25283090ms] [ERROR] Failed to load resource: net::ERR_CONNECTION_REFUSED @ http://localhost:4401/api/billing/ai-credits/summary:0
[25312283ms] [ERROR] Failed to load resource: net::ERR_CONNECTION_REFUSED @ http://localhost:4401/dashboard/overview:0
[25312284ms] [ERROR] Failed to load resource: net::ERR_CONNECTION_REFUSED @ http://localhost:4401/api/billing/ai-credits/summary:0
[25312284ms] [ERROR] Failed to load resource: net::ERR_CONNECTION_REFUSED @ http://localhost:4401/dashboard/alerts?limit=6:0
[25312491ms] [ERROR] Failed to load resource: net::ERR_CONNECTION_REFUSED @ http://localhost:4401/dashboard/overview:0
[25312492ms] [ERROR] Failed to load resource: net::ERR_CONNECTION_REFUSED @ http://localhost:4401/api/billing/ai-credits/summary:0
[25312492ms] [ERROR] Failed to load resource: net::ERR_CONNECTION_REFUSED @ http://localhost:4401/dashboard/alerts?limit=6:0
[25313100ms] [ERROR] Failed to load resource: net::ERR_CONNECTION_REFUSED @ http://localhost:4401/dashboard/overview:0
[25313100ms] [ERROR] Failed to load resource: net::ERR_CONNECTION_REFUSED @ http://localhost:4401/api/billing/ai-credits/summary:0
[25313100ms] [ERROR] Failed to load resource: net::ERR_CONNECTION_REFUSED @ http://localhost:4401/dashboard/alerts?limit=6:0
[25342276ms] [ERROR] Failed to load resource: net::ERR_CONNECTION_REFUSED @ http://localhost:4401/api/billing/ai-credits/summary:0
[25342480ms] [ERROR] Failed to load resource: net::ERR_CONNECTION_REFUSED @ http://localhost:4401/api/billing/ai-credits/summary:0
[25343087ms] [ERROR] Failed to load resource: net::ERR_CONNECTION_REFUSED @ http://localhost:4401/api/billing/ai-credits/summary:0
[25372278ms] [ERROR] Failed to load resource: net::ERR_CONNECTION_REFUSED @ http://localhost:4401/dashboard/overview:0
[25372278ms] [ERROR] Failed to load resource: net::ERR_CONNECTION_REFUSED @ http://localhost:4401/api/billing/ai-credits/summary:0
[25372278ms] [ERROR] Failed to load resource: net::ERR_CONNECTION_REFUSED @ http://localhost:4401/dashboard/alerts?limit=6:0
[25372491ms] [ERROR] Failed to load resource: net::ERR_CONNECTION_REFUSED @ http://localhost:4401/dashboard/overview:0
[25372491ms] [ERROR] Failed to load resource: net::ERR_CONNECTION_REFUSED @ http://localhost:4401/api/billing/ai-credits/summary:0
[25372491ms] [ERROR] Failed to load resource: net::ERR_CONNECTION_REFUSED @ http://localhost:4401/dashboard/alerts?limit=6:0
[25373102ms] [ERROR] Failed to load resource: net::ERR_CONNECTION_REFUSED @ http://localhost:4401/dashboard/overview:0
[25373102ms] [ERROR] Failed to load resource: net::ERR_CONNECTION_REFUSED @ http://localhost:4401/api/billing/ai-credits/summary:0
[25373102ms] [ERROR] Failed to load resource: net::ERR_CONNECTION_REFUSED @ http://localhost:4401/dashboard/alerts?limit=6:0
[25402281ms] [ERROR] Failed to load resource: net::ERR_CONNECTION_REFUSED @ http://localhost:4401/api/billing/ai-credits/summary:0
[25402486ms] [ERROR] Failed to load resource: net::ERR_CONNECTION_REFUSED @ http://localhost:4401/api/billing/ai-credits/summary:0
[25403092ms] [ERROR] Failed to load resource: net::ERR_CONNECTION_REFUSED @ http://localhost:4401/api/billing/ai-credits/summary:0
[25432285ms] [ERROR] Failed to load resource: net::ERR_CONNECTION_REFUSED @ http://localhost:4401/dashboard/overview:0
[25432285ms] [ERROR] Failed to load resource: net::ERR_CONNECTION_REFUSED @ http://localhost:4401/api/billing/ai-credits/summary:0
[25432285ms] [ERROR] Failed to load resource: net::ERR_CONNECTION_REFUSED @ http://localhost:4401/dashboard/alerts?limit=6:0
[25432494ms] [ERROR] Failed to load resource: net::ERR_CONNECTION_REFUSED @ http://localhost:4401/dashboard/overview:0
[25432495ms] [ERROR] Failed to load resource: net::ERR_CONNECTION_REFUSED @ http://localhost:4401/api/billing/ai-credits/summary:0
[25432495ms] [ERROR] Failed to load resource: net::ERR_CONNECTION_REFUSED @ http://localhost:4401/dashboard/alerts?limit=6:0
[25433104ms] [ERROR] Failed to load resource: net::ERR_CONNECTION_REFUSED @ http://localhost:4401/dashboard/overview:0
[25433105ms] [ERROR] Failed to load resource: net::ERR_CONNECTION_REFUSED @ http://localhost:4401/api/billing/ai-credits/summary:0
[25433105ms] [ERROR] Failed to load resource: net::ERR_CONNECTION_REFUSED @ http://localhost:4401/dashboard/alerts?limit=6:0
[25462282ms] [ERROR] Failed to load resource: net::ERR_CONNECTION_REFUSED @ http://localhost:4401/api/billing/ai-credits/summary:0
[25462495ms] [ERROR] Failed to load resource: net::ERR_CONNECTION_REFUSED @ http://localhost:4401/api/billing/ai-credits/summary:0
[25463099ms] [ERROR] Failed to load resource: net::ERR_CONNECTION_REFUSED @ http://localhost:4401/api/billing/ai-credits/summary:0
[25492277ms] [ERROR] Failed to load resource: net::ERR_CONNECTION_REFUSED @ http://localhost:4401/dashboard/overview:0
[25492277ms] [ERROR] Failed to load resource: net::ERR_CONNECTION_REFUSED @ http://localhost:4401/api/billing/ai-credits/summary:0
[25492277ms] [ERROR] Failed to load resource: net::ERR_CONNECTION_REFUSED @ http://localhost:4401/dashboard/alerts?limit=6:0
[25492481ms] [ERROR] Failed to load resource: net::ERR_CONNECTION_REFUSED @ http://localhost:4401/dashboard/overview:0
[25492481ms] [ERROR] Failed to load resource: net::ERR_CONNECTION_REFUSED @ http://localhost:4401/api/billing/ai-credits/summary:0
[25492481ms] [ERROR] Failed to load resource: net::ERR_CONNECTION_REFUSED @ http://localhost:4401/dashboard/alerts?limit=6:0
[25493091ms] [ERROR] Failed to load resource: net::ERR_CONNECTION_REFUSED @ http://localhost:4401/dashboard/overview:0
[25493092ms] [ERROR] Failed to load resource: net::ERR_CONNECTION_REFUSED @ http://localhost:4401/api/billing/ai-credits/summary:0
[25493092ms] [ERROR] Failed to load resource: net::ERR_CONNECTION_REFUSED @ http://localhost:4401/dashboard/alerts?limit=6:0
[25522281ms] [ERROR] Failed to load resource: net::ERR_CONNECTION_REFUSED @ http://localhost:4401/api/billing/ai-credits/summary:0
[25522490ms] [ERROR] Failed to load resource: net::ERR_CONNECTION_REFUSED @ http://localhost:4401/api/billing/ai-credits/summary:0
[25523098ms] [ERROR] Failed to load resource: net::ERR_CONNECTION_REFUSED @ http://localhost:4401/api/billing/ai-credits/summary:0
[25552285ms] [ERROR] Failed to load resource: net::ERR_CONNECTION_REFUSED @ http://localhost:4401/dashboard/overview:0
[25552285ms] [ERROR] Failed to load resource: net::ERR_CONNECTION_REFUSED @ http://localhost:4401/api/billing/ai-credits/summary:0
[25552285ms] [ERROR] Failed to load resource: net::ERR_CONNECTION_REFUSED @ http://localhost:4401/dashboard/alerts?limit=6:0
[25552497ms] [ERROR] Failed to load resource: net::ERR_CONNECTION_REFUSED @ http://localhost:4401/dashboard/overview:0
[25552497ms] [ERROR] Failed to load resource: net::ERR_CONNECTION_REFUSED @ http://localhost:4401/api/billing/ai-credits/summary:0
[25552497ms] [ERROR] Failed to load resource: net::ERR_CONNECTION_REFUSED @ http://localhost:4401/dashboard/alerts?limit=6:0
[25553106ms] [ERROR] Failed to load resource: net::ERR_CONNECTION_REFUSED @ http://localhost:4401/dashboard/overview:0
[25553106ms] [ERROR] Failed to load resource: net::ERR_CONNECTION_REFUSED @ http://localhost:4401/api/billing/ai-credits/summary:0
[25553106ms] [ERROR] Failed to load resource: net::ERR_CONNECTION_REFUSED @ http://localhost:4401/dashboard/alerts?limit=6:0
[25582278ms] [ERROR] Failed to load resource: net::ERR_CONNECTION_REFUSED @ http://localhost:4401/api/billing/ai-credits/summary:0
[25582484ms] [ERROR] Failed to load resource: net::ERR_CONNECTION_REFUSED @ http://localhost:4401/api/billing/ai-credits/summary:0
[25583089ms] [ERROR] Failed to load resource: net::ERR_CONNECTION_REFUSED @ http://localhost:4401/api/billing/ai-credits/summary:0
[25612286ms] [ERROR] Failed to load resource: net::ERR_CONNECTION_REFUSED @ http://localhost:4401/dashboard/overview:0
[25612286ms] [ERROR] Failed to load resource: net::ERR_CONNECTION_REFUSED @ http://localhost:4401/api/billing/ai-credits/summary:0
[25612286ms] [ERROR] Failed to load resource: net::ERR_CONNECTION_REFUSED @ http://localhost:4401/dashboard/alerts?limit=6:0
[25612492ms] [ERROR] Failed to load resource: net::ERR_CONNECTION_REFUSED @ http://localhost:4401/dashboard/overview:0
[25612492ms] [ERROR] Failed to load resource: net::ERR_CONNECTION_REFUSED @ http://localhost:4401/api/billing/ai-credits/summary:0
[25612492ms] [ERROR] Failed to load resource: net::ERR_CONNECTION_REFUSED @ http://localhost:4401/dashboard/alerts?limit=6:0
[25613104ms] [ERROR] Failed to load resource: net::ERR_CONNECTION_REFUSED @ http://localhost:4401/dashboard/overview:0
[25613104ms] [ERROR] Failed to load resource: net::ERR_CONNECTION_REFUSED @ http://localhost:4401/api/billing/ai-credits/summary:0
[25613104ms] [ERROR] Failed to load resource: net::ERR_CONNECTION_REFUSED @ http://localhost:4401/dashboard/alerts?limit=6:0
[25642279ms] [ERROR] Failed to load resource: net::ERR_CONNECTION_REFUSED @ http://localhost:4401/api/billing/ai-credits/summary:0
[25642482ms] [ERROR] Failed to load resource: net::ERR_CONNECTION_REFUSED @ http://localhost:4401/api/billing/ai-credits/summary:0
[25643089ms] [ERROR] Failed to load resource: net::ERR_CONNECTION_REFUSED @ http://localhost:4401/api/billing/ai-credits/summary:0
[25672276ms] [ERROR] Failed to load resource: net::ERR_CONNECTION_REFUSED @ http://localhost:4401/dashboard/overview:0
[25672276ms] [ERROR] Failed to load resource: net::ERR_CONNECTION_REFUSED @ http://localhost:4401/api/billing/ai-credits/summary:0
[25672276ms] [ERROR] Failed to load resource: net::ERR_CONNECTION_REFUSED @ http://localhost:4401/dashboard/alerts?limit=6:0
[25672481ms] [ERROR] Failed to load resource: net::ERR_CONNECTION_REFUSED @ http://localhost:4401/dashboard/overview:0
[25672482ms] [ERROR] Failed to load resource: net::ERR_CONNECTION_REFUSED @ http://localhost:4401/api/billing/ai-credits/summary:0
[25672482ms] [ERROR] Failed to load resource: net::ERR_CONNECTION_REFUSED @ http://localhost:4401/dashboard/alerts?limit=6:0
[25673091ms] [ERROR] Failed to load resource: net::ERR_CONNECTION_REFUSED @ http://localhost:4401/dashboard/overview:0
[25673091ms] [ERROR] Failed to load resource: net::ERR_CONNECTION_REFUSED @ http://localhost:4401/api/billing/ai-credits/summary:0
[25673091ms] [ERROR] Failed to load resource: net::ERR_CONNECTION_REFUSED @ http://localhost:4401/dashboard/alerts?limit=6:0
[25702281ms] [ERROR] Failed to load resource: net::ERR_CONNECTION_REFUSED @ http://localhost:4401/api/billing/ai-credits/summary:0
[25702488ms] [ERROR] Failed to load resource: net::ERR_CONNECTION_REFUSED @ http://localhost:4401/api/billing/ai-credits/summary:0
[25703095ms] [ERROR] Failed to load resource: net::ERR_CONNECTION_REFUSED @ http://localhost:4401/api/billing/ai-credits/summary:0
[25732280ms] [ERROR] Failed to load resource: net::ERR_CONNECTION_REFUSED @ http://localhost:4401/dashboard/overview:0
[25732281ms] [ERROR] Failed to load resource: net::ERR_CONNECTION_REFUSED @ http://localhost:4401/api/billing/ai-credits/summary:0
[25732281ms] [ERROR] Failed to load resource: net::ERR_CONNECTION_REFUSED @ http://localhost:4401/dashboard/alerts?limit=6:0
[25732490ms] [ERROR] Failed to load resource: net::ERR_CONNECTION_REFUSED @ http://localhost:4401/dashboard/overview:0
[25732490ms] [ERROR] Failed to load resource: net::ERR_CONNECTION_REFUSED @ http://localhost:4401/api/billing/ai-credits/summary:0
[25732491ms] [ERROR] Failed to load resource: net::ERR_CONNECTION_REFUSED @ http://localhost:4401/dashboard/alerts?limit=6:0
[25733098ms] [ERROR] Failed to load resource: net::ERR_CONNECTION_REFUSED @ http://localhost:4401/dashboard/overview:0
[25733099ms] [ERROR] Failed to load resource: net::ERR_CONNECTION_REFUSED @ http://localhost:4401/api/billing/ai-credits/summary:0
[25733099ms] [ERROR] Failed to load resource: net::ERR_CONNECTION_REFUSED @ http://localhost:4401/dashboard/alerts?limit=6:0
[25762281ms] [ERROR] Failed to load resource: net::ERR_CONNECTION_REFUSED @ http://localhost:4401/api/billing/ai-credits/summary:0
[25762486ms] [ERROR] Failed to load resource: net::ERR_CONNECTION_REFUSED @ http://localhost:4401/api/billing/ai-credits/summary:0
[25763093ms] [ERROR] Failed to load resource: net::ERR_CONNECTION_REFUSED @ http://localhost:4401/api/billing/ai-credits/summary:0
[25792284ms] [ERROR] Failed to load resource: net::ERR_CONNECTION_REFUSED @ http://localhost:4401/dashboard/overview:0
[25792285ms] [ERROR] Failed to load resource: net::ERR_CONNECTION_REFUSED @ http://localhost:4401/api/billing/ai-credits/summary:0
[25792285ms] [ERROR] Failed to load resource: net::ERR_CONNECTION_REFUSED @ http://localhost:4401/dashboard/alerts?limit=6:0
[25792495ms] [ERROR] Failed to load resource: net::ERR_CONNECTION_REFUSED @ http://localhost:4401/dashboard/overview:0
[25792495ms] [ERROR] Failed to load resource: net::ERR_CONNECTION_REFUSED @ http://localhost:4401/api/billing/ai-credits/summary:0
[25792496ms] [ERROR] Failed to load resource: net::ERR_CONNECTION_REFUSED @ http://localhost:4401/dashboard/alerts?limit=6:0
[25793101ms] [ERROR] Failed to load resource: net::ERR_CONNECTION_REFUSED @ http://localhost:4401/dashboard/overview:0
[25793102ms] [ERROR] Failed to load resource: net::ERR_CONNECTION_REFUSED @ http://localhost:4401/api/billing/ai-credits/summary:0
[25793102ms] [ERROR] Failed to load resource: net::ERR_CONNECTION_REFUSED @ http://localhost:4401/dashboard/alerts?limit=6:0
[25822278ms] [ERROR] Failed to load resource: net::ERR_CONNECTION_REFUSED @ http://localhost:4401/api/billing/ai-credits/summary:0
[25822482ms] [ERROR] Failed to load resource: net::ERR_CONNECTION_REFUSED @ http://localhost:4401/api/billing/ai-credits/summary:0
[25823092ms] [ERROR] Failed to load resource: net::ERR_CONNECTION_REFUSED @ http://localhost:4401/api/billing/ai-credits/summary:0
[25852285ms] [ERROR] Failed to load resource: net::ERR_CONNECTION_REFUSED @ http://localhost:4401/dashboard/overview:0
[25852286ms] [ERROR] Failed to load resource: net::ERR_CONNECTION_REFUSED @ http://localhost:4401/api/billing/ai-credits/summary:0
[25852287ms] [ERROR] Failed to load resource: net::ERR_CONNECTION_REFUSED @ http://localhost:4401/dashboard/alerts?limit=6:0
[25852497ms] [ERROR] Failed to load resource: net::ERR_CONNECTION_REFUSED @ http://localhost:4401/dashboard/overview:0
[25852497ms] [ERROR] Failed to load resource: net::ERR_CONNECTION_REFUSED @ http://localhost:4401/api/billing/ai-credits/summary:0
[25852498ms] [ERROR] Failed to load resource: net::ERR_CONNECTION_REFUSED @ http://localhost:4401/dashboard/alerts?limit=6:0
[25853106ms] [ERROR] Failed to load resource: net::ERR_CONNECTION_REFUSED @ http://localhost:4401/api/billing/ai-credits/summary:0
[25853106ms] [ERROR] Failed to load resource: net::ERR_CONNECTION_REFUSED @ http://localhost:4401/dashboard/overview:0
[25853107ms] [ERROR] Failed to load resource: net::ERR_CONNECTION_REFUSED @ http://localhost:4401/dashboard/alerts?limit=6:0
[25882282ms] [ERROR] Failed to load resource: net::ERR_CONNECTION_REFUSED @ http://localhost:4401/api/billing/ai-credits/summary:0
[25882488ms] [ERROR] Failed to load resource: net::ERR_CONNECTION_REFUSED @ http://localhost:4401/api/billing/ai-credits/summary:0
[25883095ms] [ERROR] Failed to load resource: net::ERR_CONNECTION_REFUSED @ http://localhost:4401/api/billing/ai-credits/summary:0
[25912286ms] [ERROR] Failed to load resource: net::ERR_CONNECTION_REFUSED @ http://localhost:4401/dashboard/overview:0
[25912286ms] [ERROR] Failed to load resource: net::ERR_CONNECTION_REFUSED @ http://localhost:4401/api/billing/ai-credits/summary:0
[25912286ms] [ERROR] Failed to load resource: net::ERR_CONNECTION_REFUSED @ http://localhost:4401/dashboard/alerts?limit=6:0
[25912491ms] [ERROR] Failed to load resource: net::ERR_CONNECTION_REFUSED @ http://localhost:4401/dashboard/overview:0
[25912491ms] [ERROR] Failed to load resource: net::ERR_CONNECTION_REFUSED @ http://localhost:4401/api/billing/ai-credits/summary:0
[25912491ms] [ERROR] Failed to load resource: net::ERR_CONNECTION_REFUSED @ http://localhost:4401/dashboard/alerts?limit=6:0
[25913100ms] [ERROR] Failed to load resource: net::ERR_CONNECTION_REFUSED @ http://localhost:4401/dashboard/overview:0
[25913100ms] [ERROR] Failed to load resource: net::ERR_CONNECTION_REFUSED @ http://localhost:4401/api/billing/ai-credits/summary:0
[25913100ms] [ERROR] Failed to load resource: net::ERR_CONNECTION_REFUSED @ http://localhost:4401/dashboard/alerts?limit=6:0
[25942282ms] [ERROR] Failed to load resource: net::ERR_CONNECTION_REFUSED @ http://localhost:4401/api/billing/ai-credits/summary:0
[25942490ms] [ERROR] Failed to load resource: net::ERR_CONNECTION_REFUSED @ http://localhost:4401/api/billing/ai-credits/summary:0
[25943096ms] [ERROR] Failed to load resource: net::ERR_CONNECTION_REFUSED @ http://localhost:4401/api/billing/ai-credits/summary:0
[25972293ms] [ERROR] Failed to load resource: net::ERR_CONNECTION_REFUSED @ http://localhost:4401/dashboard/overview:0
[25972293ms] [ERROR] Failed to load resource: net::ERR_CONNECTION_REFUSED @ http://localhost:4401/api/billing/ai-credits/summary:0
[25972293ms] [ERROR] Failed to load resource: net::ERR_CONNECTION_REFUSED @ http://localhost:4401/dashboard/alerts?limit=6:0
[25972505ms] [ERROR] Failed to load resource: net::ERR_CONNECTION_REFUSED @ http://localhost:4401/dashboard/overview:0
[25972505ms] [ERROR] Failed to load resource: net::ERR_CONNECTION_REFUSED @ http://localhost:4401/api/billing/ai-credits/summary:0
[25972505ms] [ERROR] Failed to load resource: net::ERR_CONNECTION_REFUSED @ http://localhost:4401/dashboard/alerts?limit=6:0
[25973117ms] [ERROR] Failed to load resource: net::ERR_CONNECTION_REFUSED @ http://localhost:4401/dashboard/overview:0
[25973119ms] [ERROR] Failed to load resource: net::ERR_CONNECTION_REFUSED @ http://localhost:4401/api/billing/ai-credits/summary:0
[25973119ms] [ERROR] Failed to load resource: net::ERR_CONNECTION_REFUSED @ http://localhost:4401/dashboard/alerts?limit=6:0
[26002281ms] [ERROR] Failed to load resource: net::ERR_CONNECTION_REFUSED @ http://localhost:4401/api/billing/ai-credits/summary:0
[26002489ms] [ERROR] Failed to load resource: net::ERR_CONNECTION_REFUSED @ http://localhost:4401/api/billing/ai-credits/summary:0
[26003098ms] [ERROR] Failed to load resource: net::ERR_CONNECTION_REFUSED @ http://localhost:4401/api/billing/ai-credits/summary:0
[26032288ms] [ERROR] Failed to load resource: net::ERR_CONNECTION_REFUSED @ http://localhost:4401/dashboard/overview:0
[26032288ms] [ERROR] Failed to load resource: net::ERR_CONNECTION_REFUSED @ http://localhost:4401/api/billing/ai-credits/summary:0
[26032288ms] [ERROR] Failed to load resource: net::ERR_CONNECTION_REFUSED @ http://localhost:4401/dashboard/alerts?limit=6:0
[26032498ms] [ERROR] Failed to load resource: net::ERR_CONNECTION_REFUSED @ http://localhost:4401/dashboard/overview:0
[26032498ms] [ERROR] Failed to load resource: net::ERR_CONNECTION_REFUSED @ http://localhost:4401/api/billing/ai-credits/summary:0
[26032499ms] [ERROR] Failed to load resource: net::ERR_CONNECTION_REFUSED @ http://localhost:4401/dashboard/alerts?limit=6:0
[26033110ms] [ERROR] Failed to load resource: net::ERR_CONNECTION_REFUSED @ http://localhost:4401/dashboard/overview:0
[26033110ms] [ERROR] Failed to load resource: net::ERR_CONNECTION_REFUSED @ http://localhost:4401/api/billing/ai-credits/summary:0
[26033111ms] [ERROR] Failed to load resource: net::ERR_CONNECTION_REFUSED @ http://localhost:4401/dashboard/alerts?limit=6:0
[26062285ms] [ERROR] Failed to load resource: net::ERR_CONNECTION_REFUSED @ http://localhost:4401/api/billing/ai-credits/summary:0
[26062491ms] [ERROR] Failed to load resource: net::ERR_CONNECTION_REFUSED @ http://localhost:4401/api/billing/ai-credits/summary:0
[26063100ms] [ERROR] Failed to load resource: net::ERR_CONNECTION_REFUSED @ http://localhost:4401/api/billing/ai-credits/summary:0
[26092287ms] [ERROR] Failed to load resource: net::ERR_CONNECTION_REFUSED @ http://localhost:4401/dashboard/overview:0
[26092287ms] [ERROR] Failed to load resource: net::ERR_CONNECTION_REFUSED @ http://localhost:4401/api/billing/ai-credits/summary:0
[26092288ms] [ERROR] Failed to load resource: net::ERR_CONNECTION_REFUSED @ http://localhost:4401/dashboard/alerts?limit=6:0
[26092499ms] [ERROR] Failed to load resource: net::ERR_CONNECTION_REFUSED @ http://localhost:4401/dashboard/overview:0
[26092499ms] [ERROR] Failed to load resource: net::ERR_CONNECTION_REFUSED @ http://localhost:4401/api/billing/ai-credits/summary:0
[26092499ms] [ERROR] Failed to load resource: net::ERR_CONNECTION_REFUSED @ http://localhost:4401/dashboard/alerts?limit=6:0
[26093111ms] [ERROR] Failed to load resource: net::ERR_CONNECTION_REFUSED @ http://localhost:4401/dashboard/overview:0
[26093111ms] [ERROR] Failed to load resource: net::ERR_CONNECTION_REFUSED @ http://localhost:4401/api/billing/ai-credits/summary:0
[26093111ms] [ERROR] Failed to load resource: net::ERR_CONNECTION_REFUSED @ http://localhost:4401/dashboard/alerts?limit=6:0
[26122285ms] [ERROR] Failed to load resource: net::ERR_CONNECTION_REFUSED @ http://localhost:4401/api/billing/ai-credits/summary:0
[26122494ms] [ERROR] Failed to load resource: net::ERR_CONNECTION_REFUSED @ http://localhost:4401/api/billing/ai-credits/summary:0
[26123100ms] [ERROR] Failed to load resource: net::ERR_CONNECTION_REFUSED @ http://localhost:4401/api/billing/ai-credits/summary:0
[26152282ms] [ERROR] Failed to load resource: net::ERR_CONNECTION_REFUSED @ http://localhost:4401/dashboard/overview:0
[26152282ms] [ERROR] Failed to load resource: net::ERR_CONNECTION_REFUSED @ http://localhost:4401/api/billing/ai-credits/summary:0
[26152283ms] [ERROR] Failed to load resource: net::ERR_CONNECTION_REFUSED @ http://localhost:4401/dashboard/alerts?limit=6:0
[26152495ms] [ERROR] Failed to load resource: net::ERR_CONNECTION_REFUSED @ http://localhost:4401/dashboard/overview:0
[26152495ms] [ERROR] Failed to load resource: net::ERR_CONNECTION_REFUSED @ http://localhost:4401/api/billing/ai-credits/summary:0
[26152495ms] [ERROR] Failed to load resource: net::ERR_CONNECTION_REFUSED @ http://localhost:4401/dashboard/alerts?limit=6:0
[26153102ms] [ERROR] Failed to load resource: net::ERR_CONNECTION_REFUSED @ http://localhost:4401/dashboard/overview:0
[26153102ms] [ERROR] Failed to load resource: net::ERR_CONNECTION_REFUSED @ http://localhost:4401/api/billing/ai-credits/summary:0
[26153102ms] [ERROR] Failed to load resource: net::ERR_CONNECTION_REFUSED @ http://localhost:4401/dashboard/alerts?limit=6:0
[26182284ms] [ERROR] Failed to load resource: net::ERR_CONNECTION_REFUSED @ http://localhost:4401/api/billing/ai-credits/summary:0
[26182493ms] [ERROR] Failed to load resource: net::ERR_CONNECTION_REFUSED @ http://localhost:4401/api/billing/ai-credits/summary:0
[26183101ms] [ERROR] Failed to load resource: net::ERR_CONNECTION_REFUSED @ http://localhost:4401/api/billing/ai-credits/summary:0
[26212281ms] [ERROR] Failed to load resource: net::ERR_CONNECTION_REFUSED @ http://localhost:4401/dashboard/overview:0
[26212281ms] [ERROR] Failed to load resource: net::ERR_CONNECTION_REFUSED @ http://localhost:4401/api/billing/ai-credits/summary:0
[26212281ms] [ERROR] Failed to load resource: net::ERR_CONNECTION_REFUSED @ http://localhost:4401/dashboard/alerts?limit=6:0
[26212493ms] [ERROR] Failed to load resource: net::ERR_CONNECTION_REFUSED @ http://localhost:4401/dashboard/overview:0
[26212493ms] [ERROR] Failed to load resource: net::ERR_CONNECTION_REFUSED @ http://localhost:4401/api/billing/ai-credits/summary:0
[26212494ms] [ERROR] Failed to load resource: net::ERR_CONNECTION_REFUSED @ http://localhost:4401/dashboard/alerts?limit=6:0
[26213098ms] [ERROR] Failed to load resource: net::ERR_CONNECTION_REFUSED @ http://localhost:4401/dashboard/overview:0
[26213098ms] [ERROR] Failed to load resource: net::ERR_CONNECTION_REFUSED @ http://localhost:4401/api/billing/ai-credits/summary:0
[26213098ms] [ERROR] Failed to load resource: net::ERR_CONNECTION_REFUSED @ http://localhost:4401/dashboard/alerts?limit=6:0
[26242281ms] [ERROR] Failed to load resource: net::ERR_CONNECTION_REFUSED @ http://localhost:4401/api/billing/ai-credits/summary:0
[26242485ms] [ERROR] Failed to load resource: net::ERR_CONNECTION_REFUSED @ http://localhost:4401/api/billing/ai-credits/summary:0
[26243091ms] [ERROR] Failed to load resource: net::ERR_CONNECTION_REFUSED @ http://localhost:4401/api/billing/ai-credits/summary:0
[26272289ms] [ERROR] Failed to load resource: net::ERR_CONNECTION_REFUSED @ http://localhost:4401/dashboard/overview:0
[26272289ms] [ERROR] Failed to load resource: net::ERR_CONNECTION_REFUSED @ http://localhost:4401/api/billing/ai-credits/summary:0
[26272289ms] [ERROR] Failed to load resource: net::ERR_CONNECTION_REFUSED @ http://localhost:4401/dashboard/alerts?limit=6:0
[26272499ms] [ERROR] Failed to load resource: net::ERR_CONNECTION_REFUSED @ http://localhost:4401/dashboard/overview:0
[26272499ms] [ERROR] Failed to load resource: net::ERR_CONNECTION_REFUSED @ http://localhost:4401/api/billing/ai-credits/summary:0
[26272499ms] [ERROR] Failed to load resource: net::ERR_CONNECTION_REFUSED @ http://localhost:4401/dashboard/alerts?limit=6:0
[26273109ms] [ERROR] Failed to load resource: net::ERR_CONNECTION_REFUSED @ http://localhost:4401/dashboard/overview:0
[26273109ms] [ERROR] Failed to load resource: net::ERR_CONNECTION_REFUSED @ http://localhost:4401/api/billing/ai-credits/summary:0
[26273110ms] [ERROR] Failed to load resource: net::ERR_CONNECTION_REFUSED @ http://localhost:4401/dashboard/alerts?limit=6:0
[26302287ms] [ERROR] Failed to load resource: net::ERR_CONNECTION_REFUSED @ http://localhost:4401/api/billing/ai-credits/summary:0
[26302498ms] [ERROR] Failed to load resource: net::ERR_CONNECTION_REFUSED @ http://localhost:4401/api/billing/ai-credits/summary:0
[26303106ms] [ERROR] Failed to load resource: net::ERR_CONNECTION_REFUSED @ http://localhost:4401/api/billing/ai-credits/summary:0
[26332287ms] [ERROR] Failed to load resource: net::ERR_CONNECTION_REFUSED @ http://localhost:4401/dashboard/overview:0
[26332287ms] [ERROR] Failed to load resource: net::ERR_CONNECTION_REFUSED @ http://localhost:4401/api/billing/ai-credits/summary:0
[26332287ms] [ERROR] Failed to load resource: net::ERR_CONNECTION_REFUSED @ http://localhost:4401/dashboard/alerts?limit=6:0
[26332498ms] [ERROR] Failed to load resource: net::ERR_CONNECTION_REFUSED @ http://localhost:4401/dashboard/overview:0
[26332498ms] [ERROR] Failed to load resource: net::ERR_CONNECTION_REFUSED @ http://localhost:4401/api/billing/ai-credits/summary:0
[26332498ms] [ERROR] Failed to load resource: net::ERR_CONNECTION_REFUSED @ http://localhost:4401/dashboard/alerts?limit=6:0
[26333111ms] [ERROR] Failed to load resource: net::ERR_CONNECTION_REFUSED @ http://localhost:4401/dashboard/overview:0
[26333111ms] [ERROR] Failed to load resource: net::ERR_CONNECTION_REFUSED @ http://localhost:4401/api/billing/ai-credits/summary:0
[26333111ms] [ERROR] Failed to load resource: net::ERR_CONNECTION_REFUSED @ http://localhost:4401/dashboard/alerts?limit=6:0
[26362285ms] [ERROR] Failed to load resource: net::ERR_CONNECTION_REFUSED @ http://localhost:4401/api/billing/ai-credits/summary:0
[26362494ms] [ERROR] Failed to load resource: net::ERR_CONNECTION_REFUSED @ http://localhost:4401/api/billing/ai-credits/summary:0
[26363103ms] [ERROR] Failed to load resource: net::ERR_CONNECTION_REFUSED @ http://localhost:4401/api/billing/ai-credits/summary:0
[26392287ms] [ERROR] Failed to load resource: net::ERR_CONNECTION_REFUSED @ http://localhost:4401/dashboard/overview:0
[26392288ms] [ERROR] Failed to load resource: net::ERR_CONNECTION_REFUSED @ http://localhost:4401/api/billing/ai-credits/summary:0
[26392288ms] [ERROR] Failed to load resource: net::ERR_CONNECTION_REFUSED @ http://localhost:4401/dashboard/alerts?limit=6:0
[26392500ms] [ERROR] Failed to load resource: net::ERR_CONNECTION_REFUSED @ http://localhost:4401/dashboard/overview:0
[26392500ms] [ERROR] Failed to load resource: net::ERR_CONNECTION_REFUSED @ http://localhost:4401/api/billing/ai-credits/summary:0
[26392501ms] [ERROR] Failed to load resource: net::ERR_CONNECTION_REFUSED @ http://localhost:4401/dashboard/alerts?limit=6:0
[26393110ms] [ERROR] Failed to load resource: net::ERR_CONNECTION_REFUSED @ http://localhost:4401/dashboard/overview:0
[26393110ms] [ERROR] Failed to load resource: net::ERR_CONNECTION_REFUSED @ http://localhost:4401/api/billing/ai-credits/summary:0
[26393110ms] [ERROR] Failed to load resource: net::ERR_CONNECTION_REFUSED @ http://localhost:4401/dashboard/alerts?limit=6:0
[26422281ms] [ERROR] Failed to load resource: net::ERR_CONNECTION_REFUSED @ http://localhost:4401/api/billing/ai-credits/summary:0
[26422486ms] [ERROR] Failed to load resource: net::ERR_CONNECTION_REFUSED @ http://localhost:4401/api/billing/ai-credits/summary:0
[26423097ms] [ERROR] Failed to load resource: net::ERR_CONNECTION_REFUSED @ http://localhost:4401/api/billing/ai-credits/summary:0
[26452281ms] [ERROR] Failed to load resource: net::ERR_CONNECTION_REFUSED @ http://localhost:4401/dashboard/overview:0
[26452281ms] [ERROR] Failed to load resource: net::ERR_CONNECTION_REFUSED @ http://localhost:4401/api/billing/ai-credits/summary:0
[26452281ms] [ERROR] Failed to load resource: net::ERR_CONNECTION_REFUSED @ http://localhost:4401/dashboard/alerts?limit=6:0
[26452492ms] [ERROR] Failed to load resource: net::ERR_CONNECTION_REFUSED @ http://localhost:4401/dashboard/overview:0
[26452492ms] [ERROR] Failed to load resource: net::ERR_CONNECTION_REFUSED @ http://localhost:4401/api/billing/ai-credits/summary:0
[26452492ms] [ERROR] Failed to load resource: net::ERR_CONNECTION_REFUSED @ http://localhost:4401/dashboard/alerts?limit=6:0
[26453103ms] [ERROR] Failed to load resource: net::ERR_CONNECTION_REFUSED @ http://localhost:4401/dashboard/overview:0
[26453103ms] [ERROR] Failed to load resource: net::ERR_CONNECTION_REFUSED @ http://localhost:4401/api/billing/ai-credits/summary:0
[26453103ms] [ERROR] Failed to load resource: net::ERR_CONNECTION_REFUSED @ http://localhost:4401/dashboard/alerts?limit=6:0
[26482287ms] [ERROR] Failed to load resource: net::ERR_CONNECTION_REFUSED @ http://localhost:4401/api/billing/ai-credits/summary:0
[26482490ms] [ERROR] Failed to load resource: net::ERR_CONNECTION_REFUSED @ http://localhost:4401/api/billing/ai-credits/summary:0
[26483101ms] [ERROR] Failed to load resource: net::ERR_CONNECTION_REFUSED @ http://localhost:4401/api/billing/ai-credits/summary:0
[26512283ms] [ERROR] Failed to load resource: net::ERR_CONNECTION_REFUSED @ http://localhost:4401/dashboard/overview:0
[26512283ms] [ERROR] Failed to load resource: net::ERR_CONNECTION_REFUSED @ http://localhost:4401/api/billing/ai-credits/summary:0
[26512283ms] [ERROR] Failed to load resource: net::ERR_CONNECTION_REFUSED @ http://localhost:4401/dashboard/alerts?limit=6:0
[26512494ms] [ERROR] Failed to load resource: net::ERR_CONNECTION_REFUSED @ http://localhost:4401/dashboard/overview:0
[26512495ms] [ERROR] Failed to load resource: net::ERR_CONNECTION_REFUSED @ http://localhost:4401/api/billing/ai-credits/summary:0
[26512495ms] [ERROR] Failed to load resource: net::ERR_CONNECTION_REFUSED @ http://localhost:4401/dashboard/alerts?limit=6:0
[26513107ms] [ERROR] Failed to load resource: net::ERR_CONNECTION_REFUSED @ http://localhost:4401/dashboard/overview:0
[26513107ms] [ERROR] Failed to load resource: net::ERR_CONNECTION_REFUSED @ http://localhost:4401/api/billing/ai-credits/summary:0
[26513107ms] [ERROR] Failed to load resource: net::ERR_CONNECTION_REFUSED @ http://localhost:4401/dashboard/alerts?limit=6:0
[26542281ms] [ERROR] Failed to load resource: net::ERR_CONNECTION_REFUSED @ http://localhost:4401/api/billing/ai-credits/summary:0
[26542489ms] [ERROR] Failed to load resource: net::ERR_CONNECTION_REFUSED @ http://localhost:4401/api/billing/ai-credits/summary:0
[26543098ms] [ERROR] Failed to load resource: net::ERR_CONNECTION_REFUSED @ http://localhost:4401/api/billing/ai-credits/summary:0
[26572281ms] [ERROR] Failed to load resource: net::ERR_CONNECTION_REFUSED @ http://localhost:4401/dashboard/overview:0
[26572281ms] [ERROR] Failed to load resource: net::ERR_CONNECTION_REFUSED @ http://localhost:4401/api/billing/ai-credits/summary:0
[26572281ms] [ERROR] Failed to load resource: net::ERR_CONNECTION_REFUSED @ http://localhost:4401/dashboard/alerts?limit=6:0
[26572493ms] [ERROR] Failed to load resource: net::ERR_CONNECTION_REFUSED @ http://localhost:4401/dashboard/overview:0
[26572493ms] [ERROR] Failed to load resource: net::ERR_CONNECTION_REFUSED @ http://localhost:4401/api/billing/ai-credits/summary:0
[26572493ms] [ERROR] Failed to load resource: net::ERR_CONNECTION_REFUSED @ http://localhost:4401/dashboard/alerts?limit=6:0
[26573106ms] [ERROR] Failed to load resource: net::ERR_CONNECTION_REFUSED @ http://localhost:4401/dashboard/overview:0
[26573106ms] [ERROR] Failed to load resource: net::ERR_CONNECTION_REFUSED @ http://localhost:4401/api/billing/ai-credits/summary:0
[26573106ms] [ERROR] Failed to load resource: net::ERR_CONNECTION_REFUSED @ http://localhost:4401/dashboard/alerts?limit=6:0
[26602287ms] [ERROR] Failed to load resource: net::ERR_CONNECTION_REFUSED @ http://localhost:4401/api/billing/ai-credits/summary:0
[26602497ms] [ERROR] Failed to load resource: net::ERR_CONNECTION_REFUSED @ http://localhost:4401/api/billing/ai-credits/summary:0
[26603107ms] [ERROR] Failed to load resource: net::ERR_CONNECTION_REFUSED @ http://localhost:4401/api/billing/ai-credits/summary:0
[26632288ms] [ERROR] Failed to load resource: net::ERR_CONNECTION_REFUSED @ http://localhost:4401/dashboard/overview:0
[26632288ms] [ERROR] Failed to load resource: net::ERR_CONNECTION_REFUSED @ http://localhost:4401/api/billing/ai-credits/summary:0
[26632288ms] [ERROR] Failed to load resource: net::ERR_CONNECTION_REFUSED @ http://localhost:4401/dashboard/alerts?limit=6:0
[26632498ms] [ERROR] Failed to load resource: net::ERR_CONNECTION_REFUSED @ http://localhost:4401/dashboard/overview:0
[26632498ms] [ERROR] Failed to load resource: net::ERR_CONNECTION_REFUSED @ http://localhost:4401/api/billing/ai-credits/summary:0
[26632499ms] [ERROR] Failed to load resource: net::ERR_CONNECTION_REFUSED @ http://localhost:4401/dashboard/alerts?limit=6:0
[26633109ms] [ERROR] Failed to load resource: net::ERR_CONNECTION_REFUSED @ http://localhost:4401/dashboard/overview:0
[26633110ms] [ERROR] Failed to load resource: net::ERR_CONNECTION_REFUSED @ http://localhost:4401/api/billing/ai-credits/summary:0
[26633110ms] [ERROR] Failed to load resource: net::ERR_CONNECTION_REFUSED @ http://localhost:4401/dashboard/alerts?limit=6:0
[26662281ms] [ERROR] Failed to load resource: net::ERR_CONNECTION_REFUSED @ http://localhost:4401/api/billing/ai-credits/summary:0
[26662485ms] [ERROR] Failed to load resource: net::ERR_CONNECTION_REFUSED @ http://localhost:4401/api/billing/ai-credits/summary:0
[26663088ms] [ERROR] Failed to load resource: net::ERR_CONNECTION_REFUSED @ http://localhost:4401/api/billing/ai-credits/summary:0
[26692282ms] [ERROR] Failed to load resource: net::ERR_CONNECTION_REFUSED @ http://localhost:4401/dashboard/overview:0
[26692282ms] [ERROR] Failed to load resource: net::ERR_CONNECTION_REFUSED @ http://localhost:4401/api/billing/ai-credits/summary:0
[26692282ms] [ERROR] Failed to load resource: net::ERR_CONNECTION_REFUSED @ http://localhost:4401/dashboard/alerts?limit=6:0
[26692486ms] [ERROR] Failed to load resource: net::ERR_CONNECTION_REFUSED @ http://localhost:4401/dashboard/overview:0
[26692487ms] [ERROR] Failed to load resource: net::ERR_CONNECTION_REFUSED @ http://localhost:4401/api/billing/ai-credits/summary:0
[26692487ms] [ERROR] Failed to load resource: net::ERR_CONNECTION_REFUSED @ http://localhost:4401/dashboard/alerts?limit=6:0
[26693090ms] [ERROR] Failed to load resource: net::ERR_CONNECTION_REFUSED @ http://localhost:4401/dashboard/overview:0
[26693090ms] [ERROR] Failed to load resource: net::ERR_CONNECTION_REFUSED @ http://localhost:4401/api/billing/ai-credits/summary:0
[26693090ms] [ERROR] Failed to load resource: net::ERR_CONNECTION_REFUSED @ http://localhost:4401/dashboard/alerts?limit=6:0
[26722287ms] [ERROR] Failed to load resource: net::ERR_CONNECTION_REFUSED @ http://localhost:4401/api/billing/ai-credits/summary:0
[26722491ms] [ERROR] Failed to load resource: net::ERR_CONNECTION_REFUSED @ http://localhost:4401/api/billing/ai-credits/summary:0
[26723101ms] [ERROR] Failed to load resource: net::ERR_CONNECTION_REFUSED @ http://localhost:4401/api/billing/ai-credits/summary:0
[26752289ms] [ERROR] Failed to load resource: net::ERR_CONNECTION_REFUSED @ http://localhost:4401/dashboard/overview:0
[26752289ms] [ERROR] Failed to load resource: net::ERR_CONNECTION_REFUSED @ http://localhost:4401/api/billing/ai-credits/summary:0
[26752289ms] [ERROR] Failed to load resource: net::ERR_CONNECTION_REFUSED @ http://localhost:4401/dashboard/alerts?limit=6:0
[26752501ms] [ERROR] Failed to load resource: net::ERR_CONNECTION_REFUSED @ http://localhost:4401/dashboard/overview:0
[26752502ms] [ERROR] Failed to load resource: net::ERR_CONNECTION_REFUSED @ http://localhost:4401/api/billing/ai-credits/summary:0
[26752502ms] [ERROR] Failed to load resource: net::ERR_CONNECTION_REFUSED @ http://localhost:4401/dashboard/alerts?limit=6:0
[26753113ms] [ERROR] Failed to load resource: net::ERR_CONNECTION_REFUSED @ http://localhost:4401/dashboard/overview:0
[26753114ms] [ERROR] Failed to load resource: net::ERR_CONNECTION_REFUSED @ http://localhost:4401/api/billing/ai-credits/summary:0
[26753114ms] [ERROR] Failed to load resource: net::ERR_CONNECTION_REFUSED @ http://localhost:4401/dashboard/alerts?limit=6:0
[26782281ms] [ERROR] Failed to load resource: net::ERR_CONNECTION_REFUSED @ http://localhost:4401/api/billing/ai-credits/summary:0
[26782487ms] [ERROR] Failed to load resource: net::ERR_CONNECTION_REFUSED @ http://localhost:4401/api/billing/ai-credits/summary:0
[26783091ms] [ERROR] Failed to load resource: net::ERR_CONNECTION_REFUSED @ http://localhost:4401/api/billing/ai-credits/summary:0
[26812294ms] [ERROR] Failed to load resource: net::ERR_CONNECTION_REFUSED @ http://localhost:4401/dashboard/overview:0
[26812294ms] [ERROR] Failed to load resource: net::ERR_CONNECTION_REFUSED @ http://localhost:4401/api/billing/ai-credits/summary:0
[26812294ms] [ERROR] Failed to load resource: net::ERR_CONNECTION_REFUSED @ http://localhost:4401/dashboard/alerts?limit=6:0
[26812506ms] [ERROR] Failed to load resource: net::ERR_CONNECTION_REFUSED @ http://localhost:4401/dashboard/overview:0
[26812507ms] [ERROR] Failed to load resource: net::ERR_CONNECTION_REFUSED @ http://localhost:4401/api/billing/ai-credits/summary:0
[26812507ms] [ERROR] Failed to load resource: net::ERR_CONNECTION_REFUSED @ http://localhost:4401/dashboard/alerts?limit=6:0
[26813116ms] [ERROR] Failed to load resource: net::ERR_CONNECTION_REFUSED @ http://localhost:4401/dashboard/overview:0
[26813116ms] [ERROR] Failed to load resource: net::ERR_CONNECTION_REFUSED @ http://localhost:4401/api/billing/ai-credits/summary:0
[26813118ms] [ERROR] Failed to load resource: net::ERR_CONNECTION_REFUSED @ http://localhost:4401/dashboard/alerts?limit=6:0
[26842282ms] [ERROR] Failed to load resource: net::ERR_CONNECTION_REFUSED @ http://localhost:4401/api/billing/ai-credits/summary:0
[26842485ms] [ERROR] Failed to load resource: net::ERR_CONNECTION_REFUSED @ http://localhost:4401/api/billing/ai-credits/summary:0
[26843089ms] [ERROR] Failed to load resource: net::ERR_CONNECTION_REFUSED @ http://localhost:4401/api/billing/ai-credits/summary:0
[26872300ms] [ERROR] Failed to load resource: net::ERR_CONNECTION_REFUSED @ http://localhost:4401/dashboard/overview:0
[26872300ms] [ERROR] Failed to load resource: net::ERR_CONNECTION_REFUSED @ http://localhost:4401/api/billing/ai-credits/summary:0
[26872300ms] [ERROR] Failed to load resource: net::ERR_CONNECTION_REFUSED @ http://localhost:4401/dashboard/alerts?limit=6:0
[26872513ms] [ERROR] Failed to load resource: net::ERR_CONNECTION_REFUSED @ http://localhost:4401/dashboard/overview:0
[26872513ms] [ERROR] Failed to load resource: net::ERR_CONNECTION_REFUSED @ http://localhost:4401/api/billing/ai-credits/summary:0
[26872513ms] [ERROR] Failed to load resource: net::ERR_CONNECTION_REFUSED @ http://localhost:4401/dashboard/alerts?limit=6:0
[26873117ms] [ERROR] Failed to load resource: net::ERR_CONNECTION_REFUSED @ http://localhost:4401/dashboard/overview:0
[26873118ms] [ERROR] Failed to load resource: net::ERR_CONNECTION_REFUSED @ http://localhost:4401/api/billing/ai-credits/summary:0
[26873118ms] [ERROR] Failed to load resource: net::ERR_CONNECTION_REFUSED @ http://localhost:4401/dashboard/alerts?limit=6:0
[26902282ms] [ERROR] Failed to load resource: net::ERR_CONNECTION_REFUSED @ http://localhost:4401/api/billing/ai-credits/summary:0
[26902486ms] [ERROR] Failed to load resource: net::ERR_CONNECTION_REFUSED @ http://localhost:4401/api/billing/ai-credits/summary:0
[26903089ms] [ERROR] Failed to load resource: net::ERR_CONNECTION_REFUSED @ http://localhost:4401/api/billing/ai-credits/summary:0
[26932290ms] [ERROR] Failed to load resource: net::ERR_CONNECTION_REFUSED @ http://localhost:4401/dashboard/overview:0
[26932290ms] [ERROR] Failed to load resource: net::ERR_CONNECTION_REFUSED @ http://localhost:4401/api/billing/ai-credits/summary:0
[26932290ms] [ERROR] Failed to load resource: net::ERR_CONNECTION_REFUSED @ http://localhost:4401/dashboard/alerts?limit=6:0
[26932501ms] [ERROR] Failed to load resource: net::ERR_CONNECTION_REFUSED @ http://localhost:4401/dashboard/overview:0
[26932501ms] [ERROR] Failed to load resource: net::ERR_CONNECTION_REFUSED @ http://localhost:4401/api/billing/ai-credits/summary:0
[26932502ms] [ERROR] Failed to load resource: net::ERR_CONNECTION_REFUSED @ http://localhost:4401/dashboard/alerts?limit=6:0
[26933111ms] [ERROR] Failed to load resource: net::ERR_CONNECTION_REFUSED @ http://localhost:4401/dashboard/overview:0
[26933112ms] [ERROR] Failed to load resource: net::ERR_CONNECTION_REFUSED @ http://localhost:4401/api/billing/ai-credits/summary:0
[26933113ms] [ERROR] Failed to load resource: net::ERR_CONNECTION_REFUSED @ http://localhost:4401/dashboard/alerts?limit=6:0
[26962344ms] [ERROR] Failed to load resource: net::ERR_CONNECTION_REFUSED @ http://localhost:4401/api/billing/ai-credits/summary:0
[26962550ms] [ERROR] Failed to load resource: net::ERR_CONNECTION_REFUSED @ http://localhost:4401/api/billing/ai-credits/summary:0
[26963154ms] [ERROR] Failed to load resource: net::ERR_CONNECTION_REFUSED @ http://localhost:4401/api/billing/ai-credits/summary:0
[26992345ms] [ERROR] Failed to load resource: net::ERR_CONNECTION_REFUSED @ http://localhost:4401/dashboard/overview:0
[26992345ms] [ERROR] Failed to load resource: net::ERR_CONNECTION_REFUSED @ http://localhost:4401/api/billing/ai-credits/summary:0
[26992346ms] [ERROR] Failed to load resource: net::ERR_CONNECTION_REFUSED @ http://localhost:4401/dashboard/alerts?limit=6:0
[26992558ms] [ERROR] Failed to load resource: net::ERR_CONNECTION_REFUSED @ http://localhost:4401/dashboard/overview:0
[26992559ms] [ERROR] Failed to load resource: net::ERR_CONNECTION_REFUSED @ http://localhost:4401/api/billing/ai-credits/summary:0
[26992559ms] [ERROR] Failed to load resource: net::ERR_CONNECTION_REFUSED @ http://localhost:4401/dashboard/alerts?limit=6:0
[26993171ms] [ERROR] Failed to load resource: net::ERR_CONNECTION_REFUSED @ http://localhost:4401/dashboard/overview:0
[26993171ms] [ERROR] Failed to load resource: net::ERR_CONNECTION_REFUSED @ http://localhost:4401/api/billing/ai-credits/summary:0
[26993171ms] [ERROR] Failed to load resource: net::ERR_CONNECTION_REFUSED @ http://localhost:4401/dashboard/alerts?limit=6:0
[27022340ms] [ERROR] Failed to load resource: net::ERR_CONNECTION_REFUSED @ http://localhost:4401/api/billing/ai-credits/summary:0
[27022546ms] [ERROR] Failed to load resource: net::ERR_CONNECTION_REFUSED @ http://localhost:4401/api/billing/ai-credits/summary:0
[27023155ms] [ERROR] Failed to load resource: net::ERR_CONNECTION_REFUSED @ http://localhost:4401/api/billing/ai-credits/summary:0
[27052346ms] [ERROR] Failed to load resource: net::ERR_CONNECTION_REFUSED @ http://localhost:4401/dashboard/overview:0
[27052346ms] [ERROR] Failed to load resource: net::ERR_CONNECTION_REFUSED @ http://localhost:4401/api/billing/ai-credits/summary:0
[27052347ms] [ERROR] Failed to load resource: net::ERR_CONNECTION_REFUSED @ http://localhost:4401/dashboard/alerts?limit=6:0
[27052558ms] [ERROR] Failed to load resource: net::ERR_CONNECTION_REFUSED @ http://localhost:4401/dashboard/overview:0
[27052559ms] [ERROR] Failed to load resource: net::ERR_CONNECTION_REFUSED @ http://localhost:4401/api/billing/ai-credits/summary:0
[27052559ms] [ERROR] Failed to load resource: net::ERR_CONNECTION_REFUSED @ http://localhost:4401/dashboard/alerts?limit=6:0
[27053170ms] [ERROR] Failed to load resource: net::ERR_CONNECTION_REFUSED @ http://localhost:4401/dashboard/overview:0
[27053170ms] [ERROR] Failed to load resource: net::ERR_CONNECTION_REFUSED @ http://localhost:4401/api/billing/ai-credits/summary:0
[27053170ms] [ERROR] Failed to load resource: net::ERR_CONNECTION_REFUSED @ http://localhost:4401/dashboard/alerts?limit=6:0
[27082346ms] [ERROR] Failed to load resource: net::ERR_CONNECTION_REFUSED @ http://localhost:4401/api/billing/ai-credits/summary:0
[27082553ms] [ERROR] Failed to load resource: net::ERR_CONNECTION_REFUSED @ http://localhost:4401/api/billing/ai-credits/summary:0
[27083160ms] [ERROR] Failed to load resource: net::ERR_CONNECTION_REFUSED @ http://localhost:4401/api/billing/ai-credits/summary:0
[27112349ms] [ERROR] Failed to load resource: net::ERR_CONNECTION_REFUSED @ http://localhost:4401/dashboard/overview:0
[27112349ms] [ERROR] Failed to load resource: net::ERR_CONNECTION_REFUSED @ http://localhost:4401/api/billing/ai-credits/summary:0
[27112349ms] [ERROR] Failed to load resource: net::ERR_CONNECTION_REFUSED @ http://localhost:4401/dashboard/alerts?limit=6:0
[27112562ms] [ERROR] Failed to load resource: net::ERR_CONNECTION_REFUSED @ http://localhost:4401/dashboard/overview:0
[27112562ms] [ERROR] Failed to load resource: net::ERR_CONNECTION_REFUSED @ http://localhost:4401/api/billing/ai-credits/summary:0
[27112562ms] [ERROR] Failed to load resource: net::ERR_CONNECTION_REFUSED @ http://localhost:4401/dashboard/alerts?limit=6:0
[27113168ms] [ERROR] Failed to load resource: net::ERR_CONNECTION_REFUSED @ http://localhost:4401/dashboard/overview:0
[27113168ms] [ERROR] Failed to load resource: net::ERR_CONNECTION_REFUSED @ http://localhost:4401/api/billing/ai-credits/summary:0
[27113168ms] [ERROR] Failed to load resource: net::ERR_CONNECTION_REFUSED @ http://localhost:4401/dashboard/alerts?limit=6:0
[27142345ms] [ERROR] Failed to load resource: net::ERR_CONNECTION_REFUSED @ http://localhost:4401/api/billing/ai-credits/summary:0
[27142554ms] [ERROR] Failed to load resource: net::ERR_CONNECTION_REFUSED @ http://localhost:4401/api/billing/ai-credits/summary:0
[27143162ms] [ERROR] Failed to load resource: net::ERR_CONNECTION_REFUSED @ http://localhost:4401/api/billing/ai-credits/summary:0
[27172352ms] [ERROR] Failed to load resource: net::ERR_CONNECTION_REFUSED @ http://localhost:4401/dashboard/overview:0
[27172352ms] [ERROR] Failed to load resource: net::ERR_CONNECTION_REFUSED @ http://localhost:4401/api/billing/ai-credits/summary:0
[27172352ms] [ERROR] Failed to load resource: net::ERR_CONNECTION_REFUSED @ http://localhost:4401/dashboard/alerts?limit=6:0
[27172561ms] [ERROR] Failed to load resource: net::ERR_CONNECTION_REFUSED @ http://localhost:4401/dashboard/overview:0
[27172561ms] [ERROR] Failed to load resource: net::ERR_CONNECTION_REFUSED @ http://localhost:4401/api/billing/ai-credits/summary:0
[27172561ms] [ERROR] Failed to load resource: net::ERR_CONNECTION_REFUSED @ http://localhost:4401/dashboard/alerts?limit=6:0
[27173172ms] [ERROR] Failed to load resource: net::ERR_CONNECTION_REFUSED @ http://localhost:4401/dashboard/overview:0
[27173172ms] [ERROR] Failed to load resource: net::ERR_CONNECTION_REFUSED @ http://localhost:4401/api/billing/ai-credits/summary:0
[27173172ms] [ERROR] Failed to load resource: net::ERR_CONNECTION_REFUSED @ http://localhost:4401/dashboard/alerts?limit=6:0
[27202348ms] [ERROR] Failed to load resource: net::ERR_CONNECTION_REFUSED @ http://localhost:4401/api/billing/ai-credits/summary:0
[27202557ms] [ERROR] Failed to load resource: net::ERR_CONNECTION_REFUSED @ http://localhost:4401/api/billing/ai-credits/summary:0
[27203166ms] [ERROR] Failed to load resource: net::ERR_CONNECTION_REFUSED @ http://localhost:4401/api/billing/ai-credits/summary:0
[27232350ms] [ERROR] Failed to load resource: net::ERR_CONNECTION_REFUSED @ http://localhost:4401/dashboard/overview:0
[27232350ms] [ERROR] Failed to load resource: net::ERR_CONNECTION_REFUSED @ http://localhost:4401/api/billing/ai-credits/summary:0
[27232350ms] [ERROR] Failed to load resource: net::ERR_CONNECTION_REFUSED @ http://localhost:4401/dashboard/alerts?limit=6:0
[27232559ms] [ERROR] Failed to load resource: net::ERR_CONNECTION_REFUSED @ http://localhost:4401/dashboard/overview:0
[27232560ms] [ERROR] Failed to load resource: net::ERR_CONNECTION_REFUSED @ http://localhost:4401/api/billing/ai-credits/summary:0
[27232560ms] [ERROR] Failed to load resource: net::ERR_CONNECTION_REFUSED @ http://localhost:4401/dashboard/alerts?limit=6:0
[27233172ms] [ERROR] Failed to load resource: net::ERR_CONNECTION_REFUSED @ http://localhost:4401/dashboard/overview:0
[27233172ms] [ERROR] Failed to load resource: net::ERR_CONNECTION_REFUSED @ http://localhost:4401/api/billing/ai-credits/summary:0
[27233172ms] [ERROR] Failed to load resource: net::ERR_CONNECTION_REFUSED @ http://localhost:4401/dashboard/alerts?limit=6:0
[27262343ms] [ERROR] Failed to load resource: net::ERR_CONNECTION_REFUSED @ http://localhost:4401/api/billing/ai-credits/summary:0
[27262550ms] [ERROR] Failed to load resource: net::ERR_CONNECTION_REFUSED @ http://localhost:4401/api/billing/ai-credits/summary:0
[27263160ms] [ERROR] Failed to load resource: net::ERR_CONNECTION_REFUSED @ http://localhost:4401/api/billing/ai-credits/summary:0
[27292351ms] [ERROR] Failed to load resource: net::ERR_CONNECTION_REFUSED @ http://localhost:4401/dashboard/overview:0
[27292351ms] [ERROR] Failed to load resource: net::ERR_CONNECTION_REFUSED @ http://localhost:4401/api/billing/ai-credits/summary:0
[27292351ms] [ERROR] Failed to load resource: net::ERR_CONNECTION_REFUSED @ http://localhost:4401/dashboard/alerts?limit=6:0
[27292563ms] [ERROR] Failed to load resource: net::ERR_CONNECTION_REFUSED @ http://localhost:4401/dashboard/overview:0
[27292563ms] [ERROR] Failed to load resource: net::ERR_CONNECTION_REFUSED @ http://localhost:4401/api/billing/ai-credits/summary:0
[27292563ms] [ERROR] Failed to load resource: net::ERR_CONNECTION_REFUSED @ http://localhost:4401/dashboard/alerts?limit=6:0
[27293173ms] [ERROR] Failed to load resource: net::ERR_CONNECTION_REFUSED @ http://localhost:4401/dashboard/overview:0
[27293174ms] [ERROR] Failed to load resource: net::ERR_CONNECTION_REFUSED @ http://localhost:4401/api/billing/ai-credits/summary:0
[27293174ms] [ERROR] Failed to load resource: net::ERR_CONNECTION_REFUSED @ http://localhost:4401/dashboard/alerts?limit=6:0
[27322349ms] [ERROR] Failed to load resource: net::ERR_CONNECTION_REFUSED @ http://localhost:4401/api/billing/ai-credits/summary:0
[27322559ms] [ERROR] Failed to load resource: net::ERR_CONNECTION_REFUSED @ http://localhost:4401/api/billing/ai-credits/summary:0
[27323167ms] [ERROR] Failed to load resource: net::ERR_CONNECTION_REFUSED @ http://localhost:4401/api/billing/ai-credits/summary:0
[27352353ms] [ERROR] Failed to load resource: net::ERR_CONNECTION_REFUSED @ http://localhost:4401/dashboard/overview:0
[27352354ms] [ERROR] Failed to load resource: net::ERR_CONNECTION_REFUSED @ http://localhost:4401/api/billing/ai-credits/summary:0
[27352354ms] [ERROR] Failed to load resource: net::ERR_CONNECTION_REFUSED @ http://localhost:4401/dashboard/alerts?limit=6:0
[27352559ms] [ERROR] Failed to load resource: net::ERR_CONNECTION_REFUSED @ http://localhost:4401/dashboard/overview:0
[27352560ms] [ERROR] Failed to load resource: net::ERR_CONNECTION_REFUSED @ http://localhost:4401/api/billing/ai-credits/summary:0
[27352560ms] [ERROR] Failed to load resource: net::ERR_CONNECTION_REFUSED @ http://localhost:4401/dashboard/alerts?limit=6:0
[27353173ms] [ERROR] Failed to load resource: net::ERR_CONNECTION_REFUSED @ http://localhost:4401/dashboard/overview:0
[27353173ms] [ERROR] Failed to load resource: net::ERR_CONNECTION_REFUSED @ http://localhost:4401/api/billing/ai-credits/summary:0
[27353173ms] [ERROR] Failed to load resource: net::ERR_CONNECTION_REFUSED @ http://localhost:4401/dashboard/alerts?limit=6:0
[27382346ms] [ERROR] Failed to load resource: net::ERR_CONNECTION_REFUSED @ http://localhost:4401/api/billing/ai-credits/summary:0
[27382551ms] [ERROR] Failed to load resource: net::ERR_CONNECTION_REFUSED @ http://localhost:4401/api/billing/ai-credits/summary:0
[27383158ms] [ERROR] Failed to load resource: net::ERR_CONNECTION_REFUSED @ http://localhost:4401/api/billing/ai-credits/summary:0
[27412355ms] [ERROR] Failed to load resource: net::ERR_CONNECTION_REFUSED @ http://localhost:4401/dashboard/overview:0
[27412355ms] [ERROR] Failed to load resource: net::ERR_CONNECTION_REFUSED @ http://localhost:4401/api/billing/ai-credits/summary:0
[27412356ms] [ERROR] Failed to load resource: net::ERR_CONNECTION_REFUSED @ http://localhost:4401/dashboard/alerts?limit=6:0
[27412568ms] [ERROR] Failed to load resource: net::ERR_CONNECTION_REFUSED @ http://localhost:4401/dashboard/overview:0
[27412569ms] [ERROR] Failed to load resource: net::ERR_CONNECTION_REFUSED @ http://localhost:4401/api/billing/ai-credits/summary:0
[27412569ms] [ERROR] Failed to load resource: net::ERR_CONNECTION_REFUSED @ http://localhost:4401/dashboard/alerts?limit=6:0
[27413179ms] [ERROR] Failed to load resource: net::ERR_CONNECTION_REFUSED @ http://localhost:4401/dashboard/overview:0
[27413180ms] [ERROR] Failed to load resource: net::ERR_CONNECTION_REFUSED @ http://localhost:4401/api/billing/ai-credits/summary:0
[27413180ms] [ERROR] Failed to load resource: net::ERR_CONNECTION_REFUSED @ http://localhost:4401/dashboard/alerts?limit=6:0
[27442348ms] [ERROR] Failed to load resource: net::ERR_CONNECTION_REFUSED @ http://localhost:4401/api/billing/ai-credits/summary:0
[27442551ms] [ERROR] Failed to load resource: net::ERR_CONNECTION_REFUSED @ http://localhost:4401/api/billing/ai-credits/summary:0
[27443159ms] [ERROR] Failed to load resource: net::ERR_CONNECTION_REFUSED @ http://localhost:4401/api/billing/ai-credits/summary:0
[27472355ms] [ERROR] Failed to load resource: net::ERR_CONNECTION_REFUSED @ http://localhost:4401/dashboard/overview:0
[27472355ms] [ERROR] Failed to load resource: net::ERR_CONNECTION_REFUSED @ http://localhost:4401/api/billing/ai-credits/summary:0
[27472355ms] [ERROR] Failed to load resource: net::ERR_CONNECTION_REFUSED @ http://localhost:4401/dashboard/alerts?limit=6:0
[27472565ms] [ERROR] Failed to load resource: net::ERR_CONNECTION_REFUSED @ http://localhost:4401/dashboard/overview:0
[27472565ms] [ERROR] Failed to load resource: net::ERR_CONNECTION_REFUSED @ http://localhost:4401/api/billing/ai-credits/summary:0
[27472565ms] [ERROR] Failed to load resource: net::ERR_CONNECTION_REFUSED @ http://localhost:4401/dashboard/alerts?limit=6:0
[27473174ms] [ERROR] Failed to load resource: net::ERR_CONNECTION_REFUSED @ http://localhost:4401/dashboard/overview:0
[27473174ms] [ERROR] Failed to load resource: net::ERR_CONNECTION_REFUSED @ http://localhost:4401/api/billing/ai-credits/summary:0
[27473174ms] [ERROR] Failed to load resource: net::ERR_CONNECTION_REFUSED @ http://localhost:4401/dashboard/alerts?limit=6:0
[27502354ms] [ERROR] Failed to load resource: net::ERR_CONNECTION_REFUSED @ http://localhost:4401/api/billing/ai-credits/summary:0
[27502560ms] [ERROR] Failed to load resource: net::ERR_CONNECTION_REFUSED @ http://localhost:4401/api/billing/ai-credits/summary:0
[27503168ms] [ERROR] Failed to load resource: net::ERR_CONNECTION_REFUSED @ http://localhost:4401/api/billing/ai-credits/summary:0
[27532350ms] [ERROR] Failed to load resource: net::ERR_CONNECTION_REFUSED @ http://localhost:4401/dashboard/overview:0
[27532350ms] [ERROR] Failed to load resource: net::ERR_CONNECTION_REFUSED @ http://localhost:4401/api/billing/ai-credits/summary:0
[27532350ms] [ERROR] Failed to load resource: net::ERR_CONNECTION_REFUSED @ http://localhost:4401/dashboard/alerts?limit=6:0
[27532555ms] [ERROR] Failed to load resource: net::ERR_CONNECTION_REFUSED @ http://localhost:4401/dashboard/overview:0
[27532555ms] [ERROR] Failed to load resource: net::ERR_CONNECTION_REFUSED @ http://localhost:4401/api/billing/ai-credits/summary:0
[27532556ms] [ERROR] Failed to load resource: net::ERR_CONNECTION_REFUSED @ http://localhost:4401/dashboard/alerts?limit=6:0
[27533161ms] [ERROR] Failed to load resource: net::ERR_CONNECTION_REFUSED @ http://localhost:4401/dashboard/overview:0
[27533162ms] [ERROR] Failed to load resource: net::ERR_CONNECTION_REFUSED @ http://localhost:4401/api/billing/ai-credits/summary:0
[27533162ms] [ERROR] Failed to load resource: net::ERR_CONNECTION_REFUSED @ http://localhost:4401/dashboard/alerts?limit=6:0
[27562350ms] [ERROR] Failed to load resource: net::ERR_CONNECTION_REFUSED @ http://localhost:4401/api/billing/ai-credits/summary:0
[27562555ms] [ERROR] Failed to load resource: net::ERR_CONNECTION_REFUSED @ http://localhost:4401/api/billing/ai-credits/summary:0
[27563166ms] [ERROR] Failed to load resource: net::ERR_CONNECTION_REFUSED @ http://localhost:4401/api/billing/ai-credits/summary:0
[27592357ms] [ERROR] Failed to load resource: net::ERR_CONNECTION_REFUSED @ http://localhost:4401/dashboard/overview:0
[27592357ms] [ERROR] Failed to load resource: net::ERR_CONNECTION_REFUSED @ http://localhost:4401/api/billing/ai-credits/summary:0
[27592357ms] [ERROR] Failed to load resource: net::ERR_CONNECTION_REFUSED @ http://localhost:4401/dashboard/alerts?limit=6:0
[27592570ms] [ERROR] Failed to load resource: net::ERR_CONNECTION_REFUSED @ http://localhost:4401/dashboard/overview:0
[27592570ms] [ERROR] Failed to load resource: net::ERR_CONNECTION_REFUSED @ http://localhost:4401/api/billing/ai-credits/summary:0
[27592571ms] [ERROR] Failed to load resource: net::ERR_CONNECTION_REFUSED @ http://localhost:4401/dashboard/alerts?limit=6:0
[27593180ms] [ERROR] Failed to load resource: net::ERR_CONNECTION_REFUSED @ http://localhost:4401/dashboard/overview:0
[27593181ms] [ERROR] Failed to load resource: net::ERR_CONNECTION_REFUSED @ http://localhost:4401/api/billing/ai-credits/summary:0
[27593181ms] [ERROR] Failed to load resource: net::ERR_CONNECTION_REFUSED @ http://localhost:4401/dashboard/alerts?limit=6:0
[27622356ms] [ERROR] Failed to load resource: net::ERR_CONNECTION_REFUSED @ http://localhost:4401/api/billing/ai-credits/summary:0
[27622566ms] [ERROR] Failed to load resource: net::ERR_CONNECTION_REFUSED @ http://localhost:4401/api/billing/ai-credits/summary:0
[27623173ms] [ERROR] Failed to load resource: net::ERR_CONNECTION_REFUSED @ http://localhost:4401/api/billing/ai-credits/summary:0
[27652352ms] [ERROR] Failed to load resource: net::ERR_CONNECTION_REFUSED @ http://localhost:4401/dashboard/overview:0
[27652352ms] [ERROR] Failed to load resource: net::ERR_CONNECTION_REFUSED @ http://localhost:4401/api/billing/ai-credits/summary:0
[27652352ms] [ERROR] Failed to load resource: net::ERR_CONNECTION_REFUSED @ http://localhost:4401/dashboard/alerts?limit=6:0
[27652555ms] [ERROR] Failed to load resource: net::ERR_CONNECTION_REFUSED @ http://localhost:4401/dashboard/overview:0
[27652556ms] [ERROR] Failed to load resource: net::ERR_CONNECTION_REFUSED @ http://localhost:4401/api/billing/ai-credits/summary:0
[27652556ms] [ERROR] Failed to load resource: net::ERR_CONNECTION_REFUSED @ http://localhost:4401/dashboard/alerts?limit=6:0
[27653166ms] [ERROR] Failed to load resource: net::ERR_CONNECTION_REFUSED @ http://localhost:4401/dashboard/overview:0
[27653166ms] [ERROR] Failed to load resource: net::ERR_CONNECTION_REFUSED @ http://localhost:4401/api/billing/ai-credits/summary:0
[27653166ms] [ERROR] Failed to load resource: net::ERR_CONNECTION_REFUSED @ http://localhost:4401/dashboard/alerts?limit=6:0
[27682358ms] [ERROR] Failed to load resource: net::ERR_CONNECTION_REFUSED @ http://localhost:4401/api/billing/ai-credits/summary:0
[27682567ms] [ERROR] Failed to load resource: net::ERR_CONNECTION_REFUSED @ http://localhost:4401/api/billing/ai-credits/summary:0
[27683178ms] [ERROR] Failed to load resource: net::ERR_CONNECTION_REFUSED @ http://localhost:4401/api/billing/ai-credits/summary:0
[27712361ms] [ERROR] Failed to load resource: net::ERR_CONNECTION_REFUSED @ http://localhost:4401/dashboard/overview:0
[27712361ms] [ERROR] Failed to load resource: net::ERR_CONNECTION_REFUSED @ http://localhost:4401/api/billing/ai-credits/summary:0
[27712362ms] [ERROR] Failed to load resource: net::ERR_CONNECTION_REFUSED @ http://localhost:4401/dashboard/alerts?limit=6:0
[27712572ms] [ERROR] Failed to load resource: net::ERR_CONNECTION_REFUSED @ http://localhost:4401/dashboard/overview:0
[27712572ms] [ERROR] Failed to load resource: net::ERR_CONNECTION_REFUSED @ http://localhost:4401/api/billing/ai-credits/summary:0
[27712572ms] [ERROR] Failed to load resource: net::ERR_CONNECTION_REFUSED @ http://localhost:4401/dashboard/alerts?limit=6:0
[27713180ms] [ERROR] Failed to load resource: net::ERR_CONNECTION_REFUSED @ http://localhost:4401/dashboard/overview:0
[27713181ms] [ERROR] Failed to load resource: net::ERR_CONNECTION_REFUSED @ http://localhost:4401/api/billing/ai-credits/summary:0
[27713181ms] [ERROR] Failed to load resource: net::ERR_CONNECTION_REFUSED @ http://localhost:4401/dashboard/alerts?limit=6:0
[27742355ms] [ERROR] Failed to load resource: net::ERR_CONNECTION_REFUSED @ http://localhost:4401/api/billing/ai-credits/summary:0
[27742564ms] [ERROR] Failed to load resource: net::ERR_CONNECTION_REFUSED @ http://localhost:4401/api/billing/ai-credits/summary:0
[27743174ms] [ERROR] Failed to load resource: net::ERR_CONNECTION_REFUSED @ http://localhost:4401/api/billing/ai-credits/summary:0
[27772355ms] [ERROR] Failed to load resource: net::ERR_CONNECTION_REFUSED @ http://localhost:4401/dashboard/overview:0
[27772355ms] [ERROR] Failed to load resource: net::ERR_CONNECTION_REFUSED @ http://localhost:4401/api/billing/ai-credits/summary:0
[27772355ms] [ERROR] Failed to load resource: net::ERR_CONNECTION_REFUSED @ http://localhost:4401/dashboard/alerts?limit=6:0
[27772560ms] [ERROR] Failed to load resource: net::ERR_CONNECTION_REFUSED @ http://localhost:4401/dashboard/overview:0
[27772560ms] [ERROR] Failed to load resource: net::ERR_CONNECTION_REFUSED @ http://localhost:4401/api/billing/ai-credits/summary:0
[27772561ms] [ERROR] Failed to load resource: net::ERR_CONNECTION_REFUSED @ http://localhost:4401/dashboard/alerts?limit=6:0
[27773178ms] [ERROR] Failed to load resource: net::ERR_CONNECTION_REFUSED @ http://localhost:4401/dashboard/overview:0
[27773179ms] [ERROR] Failed to load resource: net::ERR_CONNECTION_REFUSED @ http://localhost:4401/api/billing/ai-credits/summary:0
[27773179ms] [ERROR] Failed to load resource: net::ERR_CONNECTION_REFUSED @ http://localhost:4401/dashboard/alerts?limit=6:0
[27802364ms] [ERROR] Failed to load resource: net::ERR_CONNECTION_REFUSED @ http://localhost:4401/api/billing/ai-credits/summary:0
[27802571ms] [ERROR] Failed to load resource: net::ERR_CONNECTION_REFUSED @ http://localhost:4401/api/billing/ai-credits/summary:0
[27803180ms] [ERROR] Failed to load resource: net::ERR_CONNECTION_REFUSED @ http://localhost:4401/api/billing/ai-credits/summary:0
[27832364ms] [ERROR] Failed to load resource: net::ERR_CONNECTION_REFUSED @ http://localhost:4401/dashboard/overview:0
[27832364ms] [ERROR] Failed to load resource: net::ERR_CONNECTION_REFUSED @ http://localhost:4401/api/billing/ai-credits/summary:0
[27832364ms] [ERROR] Failed to load resource: net::ERR_CONNECTION_REFUSED @ http://localhost:4401/dashboard/alerts?limit=6:0
[27832573ms] [ERROR] Failed to load resource: net::ERR_CONNECTION_REFUSED @ http://localhost:4401/dashboard/overview:0
[27832573ms] [ERROR] Failed to load resource: net::ERR_CONNECTION_REFUSED @ http://localhost:4401/api/billing/ai-credits/summary:0
[27832574ms] [ERROR] Failed to load resource: net::ERR_CONNECTION_REFUSED @ http://localhost:4401/dashboard/alerts?limit=6:0
[27833184ms] [ERROR] Failed to load resource: net::ERR_CONNECTION_REFUSED @ http://localhost:4401/dashboard/overview:0
[27833184ms] [ERROR] Failed to load resource: net::ERR_CONNECTION_REFUSED @ http://localhost:4401/api/billing/ai-credits/summary:0
[27833185ms] [ERROR] Failed to load resource: net::ERR_CONNECTION_REFUSED @ http://localhost:4401/dashboard/alerts?limit=6:0
[27862356ms] [ERROR] Failed to load resource: net::ERR_CONNECTION_REFUSED @ http://localhost:4401/api/billing/ai-credits/summary:0
[27862564ms] [ERROR] Failed to load resource: net::ERR_CONNECTION_REFUSED @ http://localhost:4401/api/billing/ai-credits/summary:0
[27863174ms] [ERROR] Failed to load resource: net::ERR_CONNECTION_REFUSED @ http://localhost:4401/api/billing/ai-credits/summary:0
[27892358ms] [ERROR] Failed to load resource: net::ERR_CONNECTION_REFUSED @ http://localhost:4401/dashboard/overview:0
[27892359ms] [ERROR] Failed to load resource: net::ERR_CONNECTION_REFUSED @ http://localhost:4401/api/billing/ai-credits/summary:0
[27892359ms] [ERROR] Failed to load resource: net::ERR_CONNECTION_REFUSED @ http://localhost:4401/dashboard/alerts?limit=6:0
[27892569ms] [ERROR] Failed to load resource: net::ERR_CONNECTION_REFUSED @ http://localhost:4401/dashboard/overview:0
[27892569ms] [ERROR] Failed to load resource: net::ERR_CONNECTION_REFUSED @ http://localhost:4401/api/billing/ai-credits/summary:0
[27892569ms] [ERROR] Failed to load resource: net::ERR_CONNECTION_REFUSED @ http://localhost:4401/dashboard/alerts?limit=6:0
[27893182ms] [ERROR] Failed to load resource: net::ERR_CONNECTION_REFUSED @ http://localhost:4401/dashboard/overview:0
[27893182ms] [ERROR] Failed to load resource: net::ERR_CONNECTION_REFUSED @ http://localhost:4401/api/billing/ai-credits/summary:0
[27893182ms] [ERROR] Failed to load resource: net::ERR_CONNECTION_REFUSED @ http://localhost:4401/dashboard/alerts?limit=6:0
[27922365ms] [ERROR] Failed to load resource: net::ERR_CONNECTION_REFUSED @ http://localhost:4401/api/billing/ai-credits/summary:0
[27922573ms] [ERROR] Failed to load resource: net::ERR_CONNECTION_REFUSED @ http://localhost:4401/api/billing/ai-credits/summary:0
[27923181ms] [ERROR] Failed to load resource: net::ERR_CONNECTION_REFUSED @ http://localhost:4401/api/billing/ai-credits/summary:0
[27952358ms] [ERROR] Failed to load resource: net::ERR_CONNECTION_REFUSED @ http://localhost:4401/dashboard/overview:0
[27952359ms] [ERROR] Failed to load resource: net::ERR_CONNECTION_REFUSED @ http://localhost:4401/api/billing/ai-credits/summary:0
[27952359ms] [ERROR] Failed to load resource: net::ERR_CONNECTION_REFUSED @ http://localhost:4401/dashboard/alerts?limit=6:0
[27952567ms] [ERROR] Failed to load resource: net::ERR_CONNECTION_REFUSED @ http://localhost:4401/dashboard/overview:0
[27952567ms] [ERROR] Failed to load resource: net::ERR_CONNECTION_REFUSED @ http://localhost:4401/api/billing/ai-credits/summary:0
[27952568ms] [ERROR] Failed to load resource: net::ERR_CONNECTION_REFUSED @ http://localhost:4401/dashboard/alerts?limit=6:0
[27953173ms] [ERROR] Failed to load resource: net::ERR_CONNECTION_REFUSED @ http://localhost:4401/dashboard/overview:0
[27953173ms] [ERROR] Failed to load resource: net::ERR_CONNECTION_REFUSED @ http://localhost:4401/api/billing/ai-credits/summary:0
[27953173ms] [ERROR] Failed to load resource: net::ERR_CONNECTION_REFUSED @ http://localhost:4401/dashboard/alerts?limit=6:0
[27982358ms] [ERROR] Failed to load resource: net::ERR_CONNECTION_REFUSED @ http://localhost:4401/api/billing/ai-credits/summary:0
[27982561ms] [ERROR] Failed to load resource: net::ERR_CONNECTION_REFUSED @ http://localhost:4401/api/billing/ai-credits/summary:0
[27983170ms] [ERROR] Failed to load resource: net::ERR_CONNECTION_REFUSED @ http://localhost:4401/api/billing/ai-credits/summary:0
[28012366ms] [ERROR] Failed to load resource: net::ERR_CONNECTION_REFUSED @ http://localhost:4401/dashboard/overview:0
[28012366ms] [ERROR] Failed to load resource: net::ERR_CONNECTION_REFUSED @ http://localhost:4401/api/billing/ai-credits/summary:0
[28012366ms] [ERROR] Failed to load resource: net::ERR_CONNECTION_REFUSED @ http://localhost:4401/dashboard/alerts?limit=6:0
[28012577ms] [ERROR] Failed to load resource: net::ERR_CONNECTION_REFUSED @ http://localhost:4401/dashboard/overview:0
[28012578ms] [ERROR] Failed to load resource: net::ERR_CONNECTION_REFUSED @ http://localhost:4401/api/billing/ai-credits/summary:0
[28012578ms] [ERROR] Failed to load resource: net::ERR_CONNECTION_REFUSED @ http://localhost:4401/dashboard/alerts?limit=6:0
[28013188ms] [ERROR] Failed to load resource: net::ERR_CONNECTION_REFUSED @ http://localhost:4401/dashboard/overview:0
[28013188ms] [ERROR] Failed to load resource: net::ERR_CONNECTION_REFUSED @ http://localhost:4401/api/billing/ai-credits/summary:0
[28013188ms] [ERROR] Failed to load resource: net::ERR_CONNECTION_REFUSED @ http://localhost:4401/dashboard/alerts?limit=6:0
[28042362ms] [ERROR] Failed to load resource: net::ERR_CONNECTION_REFUSED @ http://localhost:4401/api/billing/ai-credits/summary:0
[28042566ms] [ERROR] Failed to load resource: net::ERR_CONNECTION_REFUSED @ http://localhost:4401/api/billing/ai-credits/summary:0
[28043168ms] [ERROR] Failed to load resource: net::ERR_CONNECTION_REFUSED @ http://localhost:4401/api/billing/ai-credits/summary:0
[28072368ms] [ERROR] Failed to load resource: net::ERR_CONNECTION_REFUSED @ http://localhost:4401/dashboard/overview:0
[28072368ms] [ERROR] Failed to load resource: net::ERR_CONNECTION_REFUSED @ http://localhost:4401/api/billing/ai-credits/summary:0
[28072368ms] [ERROR] Failed to load resource: net::ERR_CONNECTION_REFUSED @ http://localhost:4401/dashboard/alerts?limit=6:0
[28072578ms] [ERROR] Failed to load resource: net::ERR_CONNECTION_REFUSED @ http://localhost:4401/dashboard/overview:0
[28072578ms] [ERROR] Failed to load resource: net::ERR_CONNECTION_REFUSED @ http://localhost:4401/api/billing/ai-credits/summary:0
[28072578ms] [ERROR] Failed to load resource: net::ERR_CONNECTION_REFUSED @ http://localhost:4401/dashboard/alerts?limit=6:0
[28073187ms] [ERROR] Failed to load resource: net::ERR_CONNECTION_REFUSED @ http://localhost:4401/dashboard/overview:0
[28073187ms] [ERROR] Failed to load resource: net::ERR_CONNECTION_REFUSED @ http://localhost:4401/api/billing/ai-credits/summary:0
[28073187ms] [ERROR] Failed to load resource: net::ERR_CONNECTION_REFUSED @ http://localhost:4401/dashboard/alerts?limit=6:0
[28102361ms] [ERROR] Failed to load resource: net::ERR_CONNECTION_REFUSED @ http://localhost:4401/api/billing/ai-credits/summary:0
[28102565ms] [ERROR] Failed to load resource: net::ERR_CONNECTION_REFUSED @ http://localhost:4401/api/billing/ai-credits/summary:0
[28103172ms] [ERROR] Failed to load resource: net::ERR_CONNECTION_REFUSED @ http://localhost:4401/api/billing/ai-credits/summary:0
[28132370ms] [ERROR] Failed to load resource: net::ERR_CONNECTION_REFUSED @ http://localhost:4401/dashboard/overview:0
[28132370ms] [ERROR] Failed to load resource: net::ERR_CONNECTION_REFUSED @ http://localhost:4401/api/billing/ai-credits/summary:0
[28132370ms] [ERROR] Failed to load resource: net::ERR_CONNECTION_REFUSED @ http://localhost:4401/dashboard/alerts?limit=6:0
[28132581ms] [ERROR] Failed to load resource: net::ERR_CONNECTION_REFUSED @ http://localhost:4401/dashboard/overview:0
[28132582ms] [ERROR] Failed to load resource: net::ERR_CONNECTION_REFUSED @ http://localhost:4401/api/billing/ai-credits/summary:0
[28132582ms] [ERROR] Failed to load resource: net::ERR_CONNECTION_REFUSED @ http://localhost:4401/dashboard/alerts?limit=6:0
[28133194ms] [ERROR] Failed to load resource: net::ERR_CONNECTION_REFUSED @ http://localhost:4401/dashboard/overview:0
[28133195ms] [ERROR] Failed to load resource: net::ERR_CONNECTION_REFUSED @ http://localhost:4401/api/billing/ai-credits/summary:0
[28133195ms] [ERROR] Failed to load resource: net::ERR_CONNECTION_REFUSED @ http://localhost:4401/dashboard/alerts?limit=6:0
[28162363ms] [ERROR] Failed to load resource: net::ERR_CONNECTION_REFUSED @ http://localhost:4401/api/billing/ai-credits/summary:0
[28162567ms] [ERROR] Failed to load resource: net::ERR_CONNECTION_REFUSED @ http://localhost:4401/api/billing/ai-credits/summary:0
[28163174ms] [ERROR] Failed to load resource: net::ERR_CONNECTION_REFUSED @ http://localhost:4401/api/billing/ai-credits/summary:0
[28192366ms] [ERROR] Failed to load resource: net::ERR_CONNECTION_REFUSED @ http://localhost:4401/dashboard/overview:0
[28192367ms] [ERROR] Failed to load resource: net::ERR_CONNECTION_REFUSED @ http://localhost:4401/api/billing/ai-credits/summary:0
[28192367ms] [ERROR] Failed to load resource: net::ERR_CONNECTION_REFUSED @ http://localhost:4401/dashboard/alerts?limit=6:0
[28192571ms] [ERROR] Failed to load resource: net::ERR_CONNECTION_REFUSED @ http://localhost:4401/dashboard/overview:0
[28192571ms] [ERROR] Failed to load resource: net::ERR_CONNECTION_REFUSED @ http://localhost:4401/api/billing/ai-credits/summary:0
[28192571ms] [ERROR] Failed to load resource: net::ERR_CONNECTION_REFUSED @ http://localhost:4401/dashboard/alerts?limit=6:0
[28193181ms] [ERROR] Failed to load resource: net::ERR_CONNECTION_REFUSED @ http://localhost:4401/dashboard/overview:0
[28193181ms] [ERROR] Failed to load resource: net::ERR_CONNECTION_REFUSED @ http://localhost:4401/api/billing/ai-credits/summary:0
[28193181ms] [ERROR] Failed to load resource: net::ERR_CONNECTION_REFUSED @ http://localhost:4401/dashboard/alerts?limit=6:0
[28222369ms] [ERROR] Failed to load resource: net::ERR_CONNECTION_REFUSED @ http://localhost:4401/api/billing/ai-credits/summary:0
[28222577ms] [ERROR] Failed to load resource: net::ERR_CONNECTION_REFUSED @ http://localhost:4401/api/billing/ai-credits/summary:0
[28223186ms] [ERROR] Failed to load resource: net::ERR_CONNECTION_REFUSED @ http://localhost:4401/api/billing/ai-credits/summary:0
[28252368ms] [ERROR] Failed to load resource: net::ERR_CONNECTION_REFUSED @ http://localhost:4401/dashboard/overview:0
[28252368ms] [ERROR] Failed to load resource: net::ERR_CONNECTION_REFUSED @ http://localhost:4401/api/billing/ai-credits/summary:0
[28252368ms] [ERROR] Failed to load resource: net::ERR_CONNECTION_REFUSED @ http://localhost:4401/dashboard/alerts?limit=6:0
[28252578ms] [ERROR] Failed to load resource: net::ERR_CONNECTION_REFUSED @ http://localhost:4401/dashboard/overview:0
[28252578ms] [ERROR] Failed to load resource: net::ERR_CONNECTION_REFUSED @ http://localhost:4401/api/billing/ai-credits/summary:0
[28252578ms] [ERROR] Failed to load resource: net::ERR_CONNECTION_REFUSED @ http://localhost:4401/dashboard/alerts?limit=6:0
[28253190ms] [ERROR] Failed to load resource: net::ERR_CONNECTION_REFUSED @ http://localhost:4401/dashboard/overview:0
[28253190ms] [ERROR] Failed to load resource: net::ERR_CONNECTION_REFUSED @ http://localhost:4401/api/billing/ai-credits/summary:0
[28253190ms] [ERROR] Failed to load resource: net::ERR_CONNECTION_REFUSED @ http://localhost:4401/dashboard/alerts?limit=6:0
[28282370ms] [ERROR] Failed to load resource: net::ERR_CONNECTION_REFUSED @ http://localhost:4401/api/billing/ai-credits/summary:0
[28282578ms] [ERROR] Failed to load resource: net::ERR_CONNECTION_REFUSED @ http://localhost:4401/api/billing/ai-credits/summary:0
[28283183ms] [ERROR] Failed to load resource: net::ERR_CONNECTION_REFUSED @ http://localhost:4401/api/billing/ai-credits/summary:0
[28312367ms] [ERROR] Failed to load resource: net::ERR_CONNECTION_REFUSED @ http://localhost:4401/dashboard/overview:0
[28312367ms] [ERROR] Failed to load resource: net::ERR_CONNECTION_REFUSED @ http://localhost:4401/api/billing/ai-credits/summary:0
[28312367ms] [ERROR] Failed to load resource: net::ERR_CONNECTION_REFUSED @ http://localhost:4401/dashboard/alerts?limit=6:0
[28312580ms] [ERROR] Failed to load resource: net::ERR_CONNECTION_REFUSED @ http://localhost:4401/dashboard/overview:0
[28312580ms] [ERROR] Failed to load resource: net::ERR_CONNECTION_REFUSED @ http://localhost:4401/api/billing/ai-credits/summary:0
[28312580ms] [ERROR] Failed to load resource: net::ERR_CONNECTION_REFUSED @ http://localhost:4401/dashboard/alerts?limit=6:0
[28313193ms] [ERROR] Failed to load resource: net::ERR_CONNECTION_REFUSED @ http://localhost:4401/dashboard/overview:0
[28313193ms] [ERROR] Failed to load resource: net::ERR_CONNECTION_REFUSED @ http://localhost:4401/api/billing/ai-credits/summary:0
[28313193ms] [ERROR] Failed to load resource: net::ERR_CONNECTION_REFUSED @ http://localhost:4401/dashboard/alerts?limit=6:0
[28342371ms] [ERROR] Failed to load resource: net::ERR_CONNECTION_REFUSED @ http://localhost:4401/api/billing/ai-credits/summary:0
[28342579ms] [ERROR] Failed to load resource: net::ERR_CONNECTION_REFUSED @ http://localhost:4401/api/billing/ai-credits/summary:0
[28343187ms] [ERROR] Failed to load resource: net::ERR_CONNECTION_REFUSED @ http://localhost:4401/api/billing/ai-credits/summary:0
[28372367ms] [ERROR] Failed to load resource: net::ERR_CONNECTION_REFUSED @ http://localhost:4401/dashboard/overview:0
[28372368ms] [ERROR] Failed to load resource: net::ERR_CONNECTION_REFUSED @ http://localhost:4401/api/billing/ai-credits/summary:0
[28372368ms] [ERROR] Failed to load resource: net::ERR_CONNECTION_REFUSED @ http://localhost:4401/dashboard/alerts?limit=6:0
[28372571ms] [ERROR] Failed to load resource: net::ERR_CONNECTION_REFUSED @ http://localhost:4401/dashboard/overview:0
[28372572ms] [ERROR] Failed to load resource: net::ERR_CONNECTION_REFUSED @ http://localhost:4401/api/billing/ai-credits/summary:0
[28372572ms] [ERROR] Failed to load resource: net::ERR_CONNECTION_REFUSED @ http://localhost:4401/dashboard/alerts?limit=6:0
[28373184ms] [ERROR] Failed to load resource: net::ERR_CONNECTION_REFUSED @ http://localhost:4401/dashboard/overview:0
[28373184ms] [ERROR] Failed to load resource: net::ERR_CONNECTION_REFUSED @ http://localhost:4401/api/billing/ai-credits/summary:0
[28373184ms] [ERROR] Failed to load resource: net::ERR_CONNECTION_REFUSED @ http://localhost:4401/dashboard/alerts?limit=6:0
[28402374ms] [ERROR] Failed to load resource: net::ERR_CONNECTION_REFUSED @ http://localhost:4401/api/billing/ai-credits/summary:0
[28402583ms] [ERROR] Failed to load resource: net::ERR_CONNECTION_REFUSED @ http://localhost:4401/api/billing/ai-credits/summary:0
[28403187ms] [ERROR] Failed to load resource: net::ERR_CONNECTION_REFUSED @ http://localhost:4401/api/billing/ai-credits/summary:0
[28432376ms] [ERROR] Failed to load resource: net::ERR_CONNECTION_REFUSED @ http://localhost:4401/dashboard/overview:0
[28432376ms] [ERROR] Failed to load resource: net::ERR_CONNECTION_REFUSED @ http://localhost:4401/api/billing/ai-credits/summary:0
[28432376ms] [ERROR] Failed to load resource: net::ERR_CONNECTION_REFUSED @ http://localhost:4401/dashboard/alerts?limit=6:0
[28432588ms] [ERROR] Failed to load resource: net::ERR_CONNECTION_REFUSED @ http://localhost:4401/dashboard/overview:0
[28432589ms] [ERROR] Failed to load resource: net::ERR_CONNECTION_REFUSED @ http://localhost:4401/api/billing/ai-credits/summary:0
[28432589ms] [ERROR] Failed to load resource: net::ERR_CONNECTION_REFUSED @ http://localhost:4401/dashboard/alerts?limit=6:0
[28433200ms] [ERROR] Failed to load resource: net::ERR_CONNECTION_REFUSED @ http://localhost:4401/dashboard/overview:0
[28433200ms] [ERROR] Failed to load resource: net::ERR_CONNECTION_REFUSED @ http://localhost:4401/api/billing/ai-credits/summary:0
[28433201ms] [ERROR] Failed to load resource: net::ERR_CONNECTION_REFUSED @ http://localhost:4401/dashboard/alerts?limit=6:0
[28462374ms] [ERROR] Failed to load resource: net::ERR_CONNECTION_REFUSED @ http://localhost:4401/api/billing/ai-credits/summary:0
[28462579ms] [ERROR] Failed to load resource: net::ERR_CONNECTION_REFUSED @ http://localhost:4401/api/billing/ai-credits/summary:0
[28463187ms] [ERROR] Failed to load resource: net::ERR_CONNECTION_REFUSED @ http://localhost:4401/api/billing/ai-credits/summary:0
[28492381ms] [ERROR] Failed to load resource: net::ERR_CONNECTION_REFUSED @ http://localhost:4401/dashboard/overview:0
[28492381ms] [ERROR] Failed to load resource: net::ERR_CONNECTION_REFUSED @ http://localhost:4401/api/billing/ai-credits/summary:0
[28492381ms] [ERROR] Failed to load resource: net::ERR_CONNECTION_REFUSED @ http://localhost:4401/dashboard/alerts?limit=6:0
[28492585ms] [ERROR] Failed to load resource: net::ERR_CONNECTION_REFUSED @ http://localhost:4401/dashboard/overview:0
[28492585ms] [ERROR] Failed to load resource: net::ERR_CONNECTION_REFUSED @ http://localhost:4401/api/billing/ai-credits/summary:0
[28492585ms] [ERROR] Failed to load resource: net::ERR_CONNECTION_REFUSED @ http://localhost:4401/dashboard/alerts?limit=6:0
[28493196ms] [ERROR] Failed to load resource: net::ERR_CONNECTION_REFUSED @ http://localhost:4401/dashboard/overview:0
[28493197ms] [ERROR] Failed to load resource: net::ERR_CONNECTION_REFUSED @ http://localhost:4401/api/billing/ai-credits/summary:0
[28493197ms] [ERROR] Failed to load resource: net::ERR_CONNECTION_REFUSED @ http://localhost:4401/dashboard/alerts?limit=6:0
[28522375ms] [ERROR] Failed to load resource: net::ERR_CONNECTION_REFUSED @ http://localhost:4401/api/billing/ai-credits/summary:0
[28522584ms] [ERROR] Failed to load resource: net::ERR_CONNECTION_REFUSED @ http://localhost:4401/api/billing/ai-credits/summary:0
[28523190ms] [ERROR] Failed to load resource: net::ERR_CONNECTION_REFUSED @ http://localhost:4401/api/billing/ai-credits/summary:0
[28552378ms] [ERROR] Failed to load resource: net::ERR_CONNECTION_REFUSED @ http://localhost:4401/dashboard/overview:0
[28552378ms] [ERROR] Failed to load resource: net::ERR_CONNECTION_REFUSED @ http://localhost:4401/api/billing/ai-credits/summary:0
[28552378ms] [ERROR] Failed to load resource: net::ERR_CONNECTION_REFUSED @ http://localhost:4401/dashboard/alerts?limit=6:0
[28552589ms] [ERROR] Failed to load resource: net::ERR_CONNECTION_REFUSED @ http://localhost:4401/dashboard/overview:0
[28552590ms] [ERROR] Failed to load resource: net::ERR_CONNECTION_REFUSED @ http://localhost:4401/api/billing/ai-credits/summary:0
[28552590ms] [ERROR] Failed to load resource: net::ERR_CONNECTION_REFUSED @ http://localhost:4401/dashboard/alerts?limit=6:0
[28553202ms] [ERROR] Failed to load resource: net::ERR_CONNECTION_REFUSED @ http://localhost:4401/dashboard/overview:0
[28553202ms] [ERROR] Failed to load resource: net::ERR_CONNECTION_REFUSED @ http://localhost:4401/api/billing/ai-credits/summary:0
[28553202ms] [ERROR] Failed to load resource: net::ERR_CONNECTION_REFUSED @ http://localhost:4401/dashboard/alerts?limit=6:0
[28582371ms] [ERROR] Failed to load resource: net::ERR_CONNECTION_REFUSED @ http://localhost:4401/api/billing/ai-credits/summary:0
[28582578ms] [ERROR] Failed to load resource: net::ERR_CONNECTION_REFUSED @ http://localhost:4401/api/billing/ai-credits/summary:0
[28583186ms] [ERROR] Failed to load resource: net::ERR_CONNECTION_REFUSED @ http://localhost:4401/api/billing/ai-credits/summary:0
[28612380ms] [ERROR] Failed to load resource: net::ERR_CONNECTION_REFUSED @ http://localhost:4401/dashboard/overview:0
[28612380ms] [ERROR] Failed to load resource: net::ERR_CONNECTION_REFUSED @ http://localhost:4401/api/billing/ai-credits/summary:0
[28612380ms] [ERROR] Failed to load resource: net::ERR_CONNECTION_REFUSED @ http://localhost:4401/dashboard/alerts?limit=6:0
[28612592ms] [ERROR] Failed to load resource: net::ERR_CONNECTION_REFUSED @ http://localhost:4401/dashboard/overview:0
[28612592ms] [ERROR] Failed to load resource: net::ERR_CONNECTION_REFUSED @ http://localhost:4401/api/billing/ai-credits/summary:0
[28612593ms] [ERROR] Failed to load resource: net::ERR_CONNECTION_REFUSED @ http://localhost:4401/dashboard/alerts?limit=6:0
[28613198ms] [ERROR] Failed to load resource: net::ERR_CONNECTION_REFUSED @ http://localhost:4401/dashboard/overview:0
[28613199ms] [ERROR] Failed to load resource: net::ERR_CONNECTION_REFUSED @ http://localhost:4401/api/billing/ai-credits/summary:0
[28613199ms] [ERROR] Failed to load resource: net::ERR_CONNECTION_REFUSED @ http://localhost:4401/dashboard/alerts?limit=6:0
[28642374ms] [ERROR] Failed to load resource: net::ERR_CONNECTION_REFUSED @ http://localhost:4401/api/billing/ai-credits/summary:0
[28642578ms] [ERROR] Failed to load resource: net::ERR_CONNECTION_REFUSED @ http://localhost:4401/api/billing/ai-credits/summary:0
[28643182ms] [ERROR] Failed to load resource: net::ERR_CONNECTION_REFUSED @ http://localhost:4401/api/billing/ai-credits/summary:0
[28672385ms] [ERROR] Failed to load resource: net::ERR_CONNECTION_REFUSED @ http://localhost:4401/dashboard/overview:0
[28672386ms] [ERROR] Failed to load resource: net::ERR_CONNECTION_REFUSED @ http://localhost:4401/api/billing/ai-credits/summary:0
[28672386ms] [ERROR] Failed to load resource: net::ERR_CONNECTION_REFUSED @ http://localhost:4401/dashboard/alerts?limit=6:0
[28672595ms] [ERROR] Failed to load resource: net::ERR_CONNECTION_REFUSED @ http://localhost:4401/dashboard/overview:0
[28672596ms] [ERROR] Failed to load resource: net::ERR_CONNECTION_REFUSED @ http://localhost:4401/api/billing/ai-credits/summary:0
[28672596ms] [ERROR] Failed to load resource: net::ERR_CONNECTION_REFUSED @ http://localhost:4401/dashboard/alerts?limit=6:0
[28673206ms] [ERROR] Failed to load resource: net::ERR_CONNECTION_REFUSED @ http://localhost:4401/dashboard/overview:0
[28673207ms] [ERROR] Failed to load resource: net::ERR_CONNECTION_REFUSED @ http://localhost:4401/api/billing/ai-credits/summary:0
[28673207ms] [ERROR] Failed to load resource: net::ERR_CONNECTION_REFUSED @ http://localhost:4401/dashboard/alerts?limit=6:0
[28702373ms] [ERROR] Failed to load resource: net::ERR_CONNECTION_REFUSED @ http://localhost:4401/api/billing/ai-credits/summary:0
[28702578ms] [ERROR] Failed to load resource: net::ERR_CONNECTION_REFUSED @ http://localhost:4401/api/billing/ai-credits/summary:0
[28703189ms] [ERROR] Failed to load resource: net::ERR_CONNECTION_REFUSED @ http://localhost:4401/api/billing/ai-credits/summary:0
[28732376ms] [ERROR] Failed to load resource: net::ERR_CONNECTION_REFUSED @ http://localhost:4401/dashboard/overview:0
[28732376ms] [ERROR] Failed to load resource: net::ERR_CONNECTION_REFUSED @ http://localhost:4401/api/billing/ai-credits/summary:0
[28732376ms] [ERROR] Failed to load resource: net::ERR_CONNECTION_REFUSED @ http://localhost:4401/dashboard/alerts?limit=6:0
[28732580ms] [ERROR] Failed to load resource: net::ERR_CONNECTION_REFUSED @ http://localhost:4401/dashboard/overview:0
[28732580ms] [ERROR] Failed to load resource: net::ERR_CONNECTION_REFUSED @ http://localhost:4401/api/billing/ai-credits/summary:0
[28732580ms] [ERROR] Failed to load resource: net::ERR_CONNECTION_REFUSED @ http://localhost:4401/dashboard/alerts?limit=6:0
[28733193ms] [ERROR] Failed to load resource: net::ERR_CONNECTION_REFUSED @ http://localhost:4401/dashboard/overview:0
[28733193ms] [ERROR] Failed to load resource: net::ERR_CONNECTION_REFUSED @ http://localhost:4401/api/billing/ai-credits/summary:0
[28733194ms] [ERROR] Failed to load resource: net::ERR_CONNECTION_REFUSED @ http://localhost:4401/dashboard/alerts?limit=6:0
[28762380ms] [ERROR] Failed to load resource: net::ERR_CONNECTION_REFUSED @ http://localhost:4401/api/billing/ai-credits/summary:0
[28762587ms] [ERROR] Failed to load resource: net::ERR_CONNECTION_REFUSED @ http://localhost:4401/api/billing/ai-credits/summary:0
[28763191ms] [ERROR] Failed to load resource: net::ERR_CONNECTION_REFUSED @ http://localhost:4401/api/billing/ai-credits/summary:0
[28792377ms] [ERROR] Failed to load resource: net::ERR_CONNECTION_REFUSED @ http://localhost:4401/dashboard/overview:0
[28792378ms] [ERROR] Failed to load resource: net::ERR_CONNECTION_REFUSED @ http://localhost:4401/api/billing/ai-credits/summary:0
[28792379ms] [ERROR] Failed to load resource: net::ERR_CONNECTION_REFUSED @ http://localhost:4401/dashboard/alerts?limit=6:0
[28792582ms] [ERROR] Failed to load resource: net::ERR_CONNECTION_REFUSED @ http://localhost:4401/dashboard/overview:0
[28792582ms] [ERROR] Failed to load resource: net::ERR_CONNECTION_REFUSED @ http://localhost:4401/api/billing/ai-credits/summary:0
[28792582ms] [ERROR] Failed to load resource: net::ERR_CONNECTION_REFUSED @ http://localhost:4401/dashboard/alerts?limit=6:0
[28793192ms] [ERROR] Failed to load resource: net::ERR_CONNECTION_REFUSED @ http://localhost:4401/dashboard/overview:0
[28793192ms] [ERROR] Failed to load resource: net::ERR_CONNECTION_REFUSED @ http://localhost:4401/api/billing/ai-credits/summary:0
[28793192ms] [ERROR] Failed to load resource: net::ERR_CONNECTION_REFUSED @ http://localhost:4401/dashboard/alerts?limit=6:0
[28822377ms] [ERROR] Failed to load resource: net::ERR_CONNECTION_REFUSED @ http://localhost:4401/api/billing/ai-credits/summary:0
[28822581ms] [ERROR] Failed to load resource: net::ERR_CONNECTION_REFUSED @ http://localhost:4401/api/billing/ai-credits/summary:0
[28823191ms] [ERROR] Failed to load resource: net::ERR_CONNECTION_REFUSED @ http://localhost:4401/api/billing/ai-credits/summary:0
[28852366ms] [ERROR] Failed to load resource: net::ERR_CONNECTION_REFUSED @ http://localhost:4401/dashboard/overview:0
[28852366ms] [ERROR] Failed to load resource: net::ERR_CONNECTION_REFUSED @ http://localhost:4401/api/billing/ai-credits/summary:0
[28852366ms] [ERROR] Failed to load resource: net::ERR_CONNECTION_REFUSED @ http://localhost:4401/dashboard/alerts?limit=6:0
[28852569ms] [ERROR] Failed to load resource: net::ERR_CONNECTION_REFUSED @ http://localhost:4401/dashboard/overview:0
[28852569ms] [ERROR] Failed to load resource: net::ERR_CONNECTION_REFUSED @ http://localhost:4401/api/billing/ai-credits/summary:0
[28852569ms] [ERROR] Failed to load resource: net::ERR_CONNECTION_REFUSED @ http://localhost:4401/dashboard/alerts?limit=6:0
[28853180ms] [ERROR] Failed to load resource: net::ERR_CONNECTION_REFUSED @ http://localhost:4401/dashboard/overview:0
[28853180ms] [ERROR] Failed to load resource: net::ERR_CONNECTION_REFUSED @ http://localhost:4401/api/billing/ai-credits/summary:0
[28853182ms] [ERROR] Failed to load resource: net::ERR_CONNECTION_REFUSED @ http://localhost:4401/dashboard/alerts?limit=6:0
[28882370ms] [ERROR] Failed to load resource: net::ERR_CONNECTION_REFUSED @ http://localhost:4401/api/billing/ai-credits/summary:0
[28882577ms] [ERROR] Failed to load resource: net::ERR_CONNECTION_REFUSED @ http://localhost:4401/api/billing/ai-credits/summary:0
[28883186ms] [ERROR] Failed to load resource: net::ERR_CONNECTION_REFUSED @ http://localhost:4401/api/billing/ai-credits/summary:0
[28912371ms] [ERROR] Failed to load resource: net::ERR_CONNECTION_REFUSED @ http://localhost:4401/dashboard/overview:0
[28912371ms] [ERROR] Failed to load resource: net::ERR_CONNECTION_REFUSED @ http://localhost:4401/api/billing/ai-credits/summary:0
[28912371ms] [ERROR] Failed to load resource: net::ERR_CONNECTION_REFUSED @ http://localhost:4401/dashboard/alerts?limit=6:0
[28912576ms] [ERROR] Failed to load resource: net::ERR_CONNECTION_REFUSED @ http://localhost:4401/dashboard/overview:0
[28912576ms] [ERROR] Failed to load resource: net::ERR_CONNECTION_REFUSED @ http://localhost:4401/api/billing/ai-credits/summary:0
[28912576ms] [ERROR] Failed to load resource: net::ERR_CONNECTION_REFUSED @ http://localhost:4401/dashboard/alerts?limit=6:0
[28913188ms] [ERROR] Failed to load resource: net::ERR_CONNECTION_REFUSED @ http://localhost:4401/dashboard/overview:0
[28913188ms] [ERROR] Failed to load resource: net::ERR_CONNECTION_REFUSED @ http://localhost:4401/api/billing/ai-credits/summary:0
[28913188ms] [ERROR] Failed to load resource: net::ERR_CONNECTION_REFUSED @ http://localhost:4401/dashboard/alerts?limit=6:0
[28942364ms] [ERROR] Failed to load resource: net::ERR_CONNECTION_REFUSED @ http://localhost:4401/api/billing/ai-credits/summary:0
[28942568ms] [ERROR] Failed to load resource: net::ERR_CONNECTION_REFUSED @ http://localhost:4401/api/billing/ai-credits/summary:0
[28943178ms] [ERROR] Failed to load resource: net::ERR_CONNECTION_REFUSED @ http://localhost:4401/api/billing/ai-credits/summary:0
[28972382ms] [ERROR] Failed to load resource: net::ERR_CONNECTION_REFUSED @ http://localhost:4401/dashboard/overview:0
[28972382ms] [ERROR] Failed to load resource: net::ERR_CONNECTION_REFUSED @ http://localhost:4401/api/billing/ai-credits/summary:0
[28972382ms] [ERROR] Failed to load resource: net::ERR_CONNECTION_REFUSED @ http://localhost:4401/dashboard/alerts?limit=6:0
[28972593ms] [ERROR] Failed to load resource: net::ERR_CONNECTION_REFUSED @ http://localhost:4401/dashboard/overview:0
[28972593ms] [ERROR] Failed to load resource: net::ERR_CONNECTION_REFUSED @ http://localhost:4401/api/billing/ai-credits/summary:0
[28972593ms] [ERROR] Failed to load resource: net::ERR_CONNECTION_REFUSED @ http://localhost:4401/dashboard/alerts?limit=6:0
[28973202ms] [ERROR] Failed to load resource: net::ERR_CONNECTION_REFUSED @ http://localhost:4401/dashboard/overview:0
[28973203ms] [ERROR] Failed to load resource: net::ERR_CONNECTION_REFUSED @ http://localhost:4401/api/billing/ai-credits/summary:0
[28973203ms] [ERROR] Failed to load resource: net::ERR_CONNECTION_REFUSED @ http://localhost:4401/dashboard/alerts?limit=6:0
[29002366ms] [ERROR] Failed to load resource: net::ERR_CONNECTION_REFUSED @ http://localhost:4401/api/billing/ai-credits/summary:0
[29002568ms] [ERROR] Failed to load resource: net::ERR_CONNECTION_REFUSED @ http://localhost:4401/api/billing/ai-credits/summary:0
[29003181ms] [ERROR] Failed to load resource: net::ERR_CONNECTION_REFUSED @ http://localhost:4401/api/billing/ai-credits/summary:0
[29032373ms] [ERROR] Failed to load resource: net::ERR_CONNECTION_REFUSED @ http://localhost:4401/dashboard/overview:0
[29032374ms] [ERROR] Failed to load resource: net::ERR_CONNECTION_REFUSED @ http://localhost:4401/api/billing/ai-credits/summary:0
[29032374ms] [ERROR] Failed to load resource: net::ERR_CONNECTION_REFUSED @ http://localhost:4401/dashboard/alerts?limit=6:0
[29032579ms] [ERROR] Failed to load resource: net::ERR_CONNECTION_REFUSED @ http://localhost:4401/dashboard/overview:0
[29032579ms] [ERROR] Failed to load resource: net::ERR_CONNECTION_REFUSED @ http://localhost:4401/api/billing/ai-credits/summary:0
[29032579ms] [ERROR] Failed to load resource: net::ERR_CONNECTION_REFUSED @ http://localhost:4401/dashboard/alerts?limit=6:0
[29033190ms] [ERROR] Failed to load resource: net::ERR_CONNECTION_REFUSED @ http://localhost:4401/dashboard/overview:0
[29033190ms] [ERROR] Failed to load resource: net::ERR_CONNECTION_REFUSED @ http://localhost:4401/api/billing/ai-credits/summary:0
[29033190ms] [ERROR] Failed to load resource: net::ERR_CONNECTION_REFUSED @ http://localhost:4401/dashboard/alerts?limit=6:0
[29062373ms] [ERROR] Failed to load resource: net::ERR_CONNECTION_REFUSED @ http://localhost:4401/api/billing/ai-credits/summary:0
[29062582ms] [ERROR] Failed to load resource: net::ERR_CONNECTION_REFUSED @ http://localhost:4401/api/billing/ai-credits/summary:0
[29063192ms] [ERROR] Failed to load resource: net::ERR_CONNECTION_REFUSED @ http://localhost:4401/api/billing/ai-credits/summary:0
[29092369ms] [ERROR] Failed to load resource: net::ERR_CONNECTION_REFUSED @ http://localhost:4401/dashboard/overview:0
[29092369ms] [ERROR] Failed to load resource: net::ERR_CONNECTION_REFUSED @ http://localhost:4401/api/billing/ai-credits/summary:0
[29092369ms] [ERROR] Failed to load resource: net::ERR_CONNECTION_REFUSED @ http://localhost:4401/dashboard/alerts?limit=6:0
[29092574ms] [ERROR] Failed to load resource: net::ERR_CONNECTION_REFUSED @ http://localhost:4401/dashboard/overview:0
[29092574ms] [ERROR] Failed to load resource: net::ERR_CONNECTION_REFUSED @ http://localhost:4401/api/billing/ai-credits/summary:0
[29092574ms] [ERROR] Failed to load resource: net::ERR_CONNECTION_REFUSED @ http://localhost:4401/dashboard/alerts?limit=6:0
[29093188ms] [ERROR] Failed to load resource: net::ERR_CONNECTION_REFUSED @ http://localhost:4401/dashboard/overview:0
[29093188ms] [ERROR] Failed to load resource: net::ERR_CONNECTION_REFUSED @ http://localhost:4401/api/billing/ai-credits/summary:0
[29093188ms] [ERROR] Failed to load resource: net::ERR_CONNECTION_REFUSED @ http://localhost:4401/dashboard/alerts?limit=6:0
[29122369ms] [ERROR] Failed to load resource: net::ERR_CONNECTION_REFUSED @ http://localhost:4401/api/billing/ai-credits/summary:0
[29122579ms] [ERROR] Failed to load resource: net::ERR_CONNECTION_REFUSED @ http://localhost:4401/api/billing/ai-credits/summary:0
[29123188ms] [ERROR] Failed to load resource: net::ERR_CONNECTION_REFUSED @ http://localhost:4401/api/billing/ai-credits/summary:0
[29152379ms] [ERROR] Failed to load resource: net::ERR_CONNECTION_REFUSED @ http://localhost:4401/dashboard/overview:0
[29152379ms] [ERROR] Failed to load resource: net::ERR_CONNECTION_REFUSED @ http://localhost:4401/api/billing/ai-credits/summary:0
[29152379ms] [ERROR] Failed to load resource: net::ERR_CONNECTION_REFUSED @ http://localhost:4401/dashboard/alerts?limit=6:0
[29152591ms] [ERROR] Failed to load resource: net::ERR_CONNECTION_REFUSED @ http://localhost:4401/dashboard/overview:0
[29152591ms] [ERROR] Failed to load resource: net::ERR_CONNECTION_REFUSED @ http://localhost:4401/api/billing/ai-credits/summary:0
[29152591ms] [ERROR] Failed to load resource: net::ERR_CONNECTION_REFUSED @ http://localhost:4401/dashboard/alerts?limit=6:0
[29153204ms] [ERROR] Failed to load resource: net::ERR_CONNECTION_REFUSED @ http://localhost:4401/dashboard/overview:0
[29153204ms] [ERROR] Failed to load resource: net::ERR_CONNECTION_REFUSED @ http://localhost:4401/api/billing/ai-credits/summary:0
[29153204ms] [ERROR] Failed to load resource: net::ERR_CONNECTION_REFUSED @ http://localhost:4401/dashboard/alerts?limit=6:0
[29182368ms] [ERROR] Failed to load resource: net::ERR_CONNECTION_REFUSED @ http://localhost:4401/api/billing/ai-credits/summary:0
[29182572ms] [ERROR] Failed to load resource: net::ERR_CONNECTION_REFUSED @ http://localhost:4401/api/billing/ai-credits/summary:0
[29183177ms] [ERROR] Failed to load resource: net::ERR_CONNECTION_REFUSED @ http://localhost:4401/api/billing/ai-credits/summary:0
[29212382ms] [ERROR] Failed to load resource: net::ERR_CONNECTION_REFUSED @ http://localhost:4401/dashboard/overview:0
[29212382ms] [ERROR] Failed to load resource: net::ERR_CONNECTION_REFUSED @ http://localhost:4401/api/billing/ai-credits/summary:0
[29212382ms] [ERROR] Failed to load resource: net::ERR_CONNECTION_REFUSED @ http://localhost:4401/dashboard/alerts?limit=6:0
[29212585ms] [ERROR] Failed to load resource: net::ERR_CONNECTION_REFUSED @ http://localhost:4401/dashboard/overview:0
[29212587ms] [ERROR] Failed to load resource: net::ERR_CONNECTION_REFUSED @ http://localhost:4401/api/billing/ai-credits/summary:0
[29212587ms] [ERROR] Failed to load resource: net::ERR_CONNECTION_REFUSED @ http://localhost:4401/dashboard/alerts?limit=6:0
[29213191ms] [ERROR] Failed to load resource: net::ERR_CONNECTION_REFUSED @ http://localhost:4401/dashboard/overview:0
[29213194ms] [ERROR] Failed to load resource: net::ERR_CONNECTION_REFUSED @ http://localhost:4401/api/billing/ai-credits/summary:0
[29213194ms] [ERROR] Failed to load resource: net::ERR_CONNECTION_REFUSED @ http://localhost:4401/dashboard/alerts?limit=6:0
[29242368ms] [ERROR] Failed to load resource: net::ERR_CONNECTION_REFUSED @ http://localhost:4401/api/billing/ai-credits/summary:0
[29242572ms] [ERROR] Failed to load resource: net::ERR_CONNECTION_REFUSED @ http://localhost:4401/api/billing/ai-credits/summary:0
[29243179ms] [ERROR] Failed to load resource: net::ERR_CONNECTION_REFUSED @ http://localhost:4401/api/billing/ai-credits/summary:0
[29272369ms] [ERROR] Failed to load resource: net::ERR_CONNECTION_REFUSED @ http://localhost:4401/dashboard/overview:0
[29272369ms] [ERROR] Failed to load resource: net::ERR_CONNECTION_REFUSED @ http://localhost:4401/api/billing/ai-credits/summary:0
[29272369ms] [ERROR] Failed to load resource: net::ERR_CONNECTION_REFUSED @ http://localhost:4401/dashboard/alerts?limit=6:0
[29272573ms] [ERROR] Failed to load resource: net::ERR_CONNECTION_REFUSED @ http://localhost:4401/dashboard/overview:0
[29272573ms] [ERROR] Failed to load resource: net::ERR_CONNECTION_REFUSED @ http://localhost:4401/api/billing/ai-credits/summary:0
[29272573ms] [ERROR] Failed to load resource: net::ERR_CONNECTION_REFUSED @ http://localhost:4401/dashboard/alerts?limit=6:0
[29273182ms] [ERROR] Failed to load resource: net::ERR_CONNECTION_REFUSED @ http://localhost:4401/dashboard/overview:0
[29273182ms] [ERROR] Failed to load resource: net::ERR_CONNECTION_REFUSED @ http://localhost:4401/api/billing/ai-credits/summary:0
[29273182ms] [ERROR] Failed to load resource: net::ERR_CONNECTION_REFUSED @ http://localhost:4401/dashboard/alerts?limit=6:0
[29302374ms] [ERROR] Failed to load resource: net::ERR_CONNECTION_REFUSED @ http://localhost:4401/api/billing/ai-credits/summary:0
[29302577ms] [ERROR] Failed to load resource: net::ERR_CONNECTION_REFUSED @ http://localhost:4401/api/billing/ai-credits/summary:0
[29303179ms] [ERROR] Failed to load resource: net::ERR_CONNECTION_REFUSED @ http://localhost:4401/api/billing/ai-credits/summary:0
[29332376ms] [ERROR] Failed to load resource: net::ERR_CONNECTION_REFUSED @ http://localhost:4401/dashboard/overview:0
[29332376ms] [ERROR] Failed to load resource: net::ERR_CONNECTION_REFUSED @ http://localhost:4401/api/billing/ai-credits/summary:0
[29332376ms] [ERROR] Failed to load resource: net::ERR_CONNECTION_REFUSED @ http://localhost:4401/dashboard/alerts?limit=6:0
[29332584ms] [ERROR] Failed to load resource: net::ERR_CONNECTION_REFUSED @ http://localhost:4401/dashboard/overview:0
[29332584ms] [ERROR] Failed to load resource: net::ERR_CONNECTION_REFUSED @ http://localhost:4401/api/billing/ai-credits/summary:0
[29332584ms] [ERROR] Failed to load resource: net::ERR_CONNECTION_REFUSED @ http://localhost:4401/dashboard/alerts?limit=6:0
[29333193ms] [ERROR] Failed to load resource: net::ERR_CONNECTION_REFUSED @ http://localhost:4401/dashboard/overview:0
[29333193ms] [ERROR] Failed to load resource: net::ERR_CONNECTION_REFUSED @ http://localhost:4401/api/billing/ai-credits/summary:0
[29333193ms] [ERROR] Failed to load resource: net::ERR_CONNECTION_REFUSED @ http://localhost:4401/dashboard/alerts?limit=6:0
[29362372ms] [ERROR] Failed to load resource: net::ERR_CONNECTION_REFUSED @ http://localhost:4401/api/billing/ai-credits/summary:0
[29362576ms] [ERROR] Failed to load resource: net::ERR_CONNECTION_REFUSED @ http://localhost:4401/api/billing/ai-credits/summary:0
[29363181ms] [ERROR] Failed to load resource: net::ERR_CONNECTION_REFUSED @ http://localhost:4401/api/billing/ai-credits/summary:0
[29392371ms] [ERROR] Failed to load resource: net::ERR_CONNECTION_REFUSED @ http://localhost:4401/dashboard/overview:0
[29392371ms] [ERROR] Failed to load resource: net::ERR_CONNECTION_REFUSED @ http://localhost:4401/api/billing/ai-credits/summary:0
[29392371ms] [ERROR] Failed to load resource: net::ERR_CONNECTION_REFUSED @ http://localhost:4401/dashboard/alerts?limit=6:0
[29392576ms] [ERROR] Failed to load resource: net::ERR_CONNECTION_REFUSED @ http://localhost:4401/dashboard/overview:0
[29392576ms] [ERROR] Failed to load resource: net::ERR_CONNECTION_REFUSED @ http://localhost:4401/api/billing/ai-credits/summary:0
[29392576ms] [ERROR] Failed to load resource: net::ERR_CONNECTION_REFUSED @ http://localhost:4401/dashboard/alerts?limit=6:0
[29393184ms] [ERROR] Failed to load resource: net::ERR_CONNECTION_REFUSED @ http://localhost:4401/dashboard/overview:0
[29393184ms] [ERROR] Failed to load resource: net::ERR_CONNECTION_REFUSED @ http://localhost:4401/api/billing/ai-credits/summary:0
[29393184ms] [ERROR] Failed to load resource: net::ERR_CONNECTION_REFUSED @ http://localhost:4401/dashboard/alerts?limit=6:0
[29422374ms] [ERROR] Failed to load resource: net::ERR_CONNECTION_REFUSED @ http://localhost:4401/api/billing/ai-credits/summary:0
[29422578ms] [ERROR] Failed to load resource: net::ERR_CONNECTION_REFUSED @ http://localhost:4401/api/billing/ai-credits/summary:0
[29423184ms] [ERROR] Failed to load resource: net::ERR_CONNECTION_REFUSED @ http://localhost:4401/api/billing/ai-credits/summary:0
[29452378ms] [ERROR] Failed to load resource: net::ERR_CONNECTION_REFUSED @ http://localhost:4401/dashboard/overview:0
[29452379ms] [ERROR] Failed to load resource: net::ERR_CONNECTION_REFUSED @ http://localhost:4401/api/billing/ai-credits/summary:0
[29452379ms] [ERROR] Failed to load resource: net::ERR_CONNECTION_REFUSED @ http://localhost:4401/dashboard/alerts?limit=6:0
[29452585ms] [ERROR] Failed to load resource: net::ERR_CONNECTION_REFUSED @ http://localhost:4401/dashboard/overview:0
[29452585ms] [ERROR] Failed to load resource: net::ERR_CONNECTION_REFUSED @ http://localhost:4401/api/billing/ai-credits/summary:0
[29452585ms] [ERROR] Failed to load resource: net::ERR_CONNECTION_REFUSED @ http://localhost:4401/dashboard/alerts?limit=6:0
[29453195ms] [ERROR] Failed to load resource: net::ERR_CONNECTION_REFUSED @ http://localhost:4401/dashboard/overview:0
[29453195ms] [ERROR] Failed to load resource: net::ERR_CONNECTION_REFUSED @ http://localhost:4401/api/billing/ai-credits/summary:0
[29453195ms] [ERROR] Failed to load resource: net::ERR_CONNECTION_REFUSED @ http://localhost:4401/dashboard/alerts?limit=6:0
[29482375ms] [ERROR] Failed to load resource: net::ERR_CONNECTION_REFUSED @ http://localhost:4401/api/billing/ai-credits/summary:0
[29482580ms] [ERROR] Failed to load resource: net::ERR_CONNECTION_REFUSED @ http://localhost:4401/api/billing/ai-credits/summary:0
[29483184ms] [ERROR] Failed to load resource: net::ERR_CONNECTION_REFUSED @ http://localhost:4401/api/billing/ai-credits/summary:0
[29512376ms] [ERROR] Failed to load resource: net::ERR_CONNECTION_REFUSED @ http://localhost:4401/dashboard/overview:0
[29512376ms] [ERROR] Failed to load resource: net::ERR_CONNECTION_REFUSED @ http://localhost:4401/api/billing/ai-credits/summary:0
[29512376ms] [ERROR] Failed to load resource: net::ERR_CONNECTION_REFUSED @ http://localhost:4401/dashboard/alerts?limit=6:0
[29512580ms] [ERROR] Failed to load resource: net::ERR_CONNECTION_REFUSED @ http://localhost:4401/dashboard/overview:0
[29512580ms] [ERROR] Failed to load resource: net::ERR_CONNECTION_REFUSED @ http://localhost:4401/api/billing/ai-credits/summary:0
[29512580ms] [ERROR] Failed to load resource: net::ERR_CONNECTION_REFUSED @ http://localhost:4401/dashboard/alerts?limit=6:0
[29513190ms] [ERROR] Failed to load resource: net::ERR_CONNECTION_REFUSED @ http://localhost:4401/dashboard/overview:0
[29513190ms] [ERROR] Failed to load resource: net::ERR_CONNECTION_REFUSED @ http://localhost:4401/api/billing/ai-credits/summary:0
[29513191ms] [ERROR] Failed to load resource: net::ERR_CONNECTION_REFUSED @ http://localhost:4401/dashboard/alerts?limit=6:0
[29542378ms] [ERROR] Failed to load resource: net::ERR_CONNECTION_REFUSED @ http://localhost:4401/api/billing/ai-credits/summary:0
[29542583ms] [ERROR] Failed to load resource: net::ERR_CONNECTION_REFUSED @ http://localhost:4401/api/billing/ai-credits/summary:0
[29543190ms] [ERROR] Failed to load resource: net::ERR_CONNECTION_REFUSED @ http://localhost:4401/api/billing/ai-credits/summary:0
[29572382ms] [ERROR] Failed to load resource: net::ERR_CONNECTION_REFUSED @ http://localhost:4401/dashboard/overview:0
[29572382ms] [ERROR] Failed to load resource: net::ERR_CONNECTION_REFUSED @ http://localhost:4401/api/billing/ai-credits/summary:0
[29572382ms] [ERROR] Failed to load resource: net::ERR_CONNECTION_REFUSED @ http://localhost:4401/dashboard/alerts?limit=6:0
[29572591ms] [ERROR] Failed to load resource: net::ERR_CONNECTION_REFUSED @ http://localhost:4401/dashboard/overview:0
[29572592ms] [ERROR] Failed to load resource: net::ERR_CONNECTION_REFUSED @ http://localhost:4401/api/billing/ai-credits/summary:0
[29572592ms] [ERROR] Failed to load resource: net::ERR_CONNECTION_REFUSED @ http://localhost:4401/dashboard/alerts?limit=6:0
[29573198ms] [ERROR] Failed to load resource: net::ERR_CONNECTION_REFUSED @ http://localhost:4401/dashboard/overview:0
[29573198ms] [ERROR] Failed to load resource: net::ERR_CONNECTION_REFUSED @ http://localhost:4401/api/billing/ai-credits/summary:0
[29573199ms] [ERROR] Failed to load resource: net::ERR_CONNECTION_REFUSED @ http://localhost:4401/dashboard/alerts?limit=6:0
[29602378ms] [ERROR] Failed to load resource: net::ERR_CONNECTION_REFUSED @ http://localhost:4401/api/billing/ai-credits/summary:0
[29602584ms] [ERROR] Failed to load resource: net::ERR_CONNECTION_REFUSED @ http://localhost:4401/api/billing/ai-credits/summary:0
[29603190ms] [ERROR] Failed to load resource: net::ERR_CONNECTION_REFUSED @ http://localhost:4401/api/billing/ai-credits/summary:0
[29632382ms] [ERROR] Failed to load resource: net::ERR_CONNECTION_REFUSED @ http://localhost:4401/dashboard/overview:0
[29632382ms] [ERROR] Failed to load resource: net::ERR_CONNECTION_REFUSED @ http://localhost:4401/api/billing/ai-credits/summary:0
[29632383ms] [ERROR] Failed to load resource: net::ERR_CONNECTION_REFUSED @ http://localhost:4401/dashboard/alerts?limit=6:0
[29632588ms] [ERROR] Failed to load resource: net::ERR_CONNECTION_REFUSED @ http://localhost:4401/dashboard/overview:0
[29632588ms] [ERROR] Failed to load resource: net::ERR_CONNECTION_REFUSED @ http://localhost:4401/api/billing/ai-credits/summary:0
[29632589ms] [ERROR] Failed to load resource: net::ERR_CONNECTION_REFUSED @ http://localhost:4401/dashboard/alerts?limit=6:0
[29633198ms] [ERROR] Failed to load resource: net::ERR_CONNECTION_REFUSED @ http://localhost:4401/dashboard/overview:0
[29633198ms] [ERROR] Failed to load resource: net::ERR_CONNECTION_REFUSED @ http://localhost:4401/api/billing/ai-credits/summary:0
[29633198ms] [ERROR] Failed to load resource: net::ERR_CONNECTION_REFUSED @ http://localhost:4401/dashboard/alerts?limit=6:0
[29662380ms] [ERROR] Failed to load resource: net::ERR_CONNECTION_REFUSED @ http://localhost:4401/api/billing/ai-credits/summary:0
[29662588ms] [ERROR] Failed to load resource: net::ERR_CONNECTION_REFUSED @ http://localhost:4401/api/billing/ai-credits/summary:0
[29663194ms] [ERROR] Failed to load resource: net::ERR_CONNECTION_REFUSED @ http://localhost:4401/api/billing/ai-credits/summary:0
[29692383ms] [ERROR] Failed to load resource: net::ERR_CONNECTION_REFUSED @ http://localhost:4401/dashboard/overview:0
[29692383ms] [ERROR] Failed to load resource: net::ERR_CONNECTION_REFUSED @ http://localhost:4401/api/billing/ai-credits/summary:0
[29692383ms] [ERROR] Failed to load resource: net::ERR_CONNECTION_REFUSED @ http://localhost:4401/dashboard/alerts?limit=6:0
[29692591ms] [ERROR] Failed to load resource: net::ERR_CONNECTION_REFUSED @ http://localhost:4401/dashboard/overview:0
[29692591ms] [ERROR] Failed to load resource: net::ERR_CONNECTION_REFUSED @ http://localhost:4401/api/billing/ai-credits/summary:0
[29692591ms] [ERROR] Failed to load resource: net::ERR_CONNECTION_REFUSED @ http://localhost:4401/dashboard/alerts?limit=6:0
[29693201ms] [ERROR] Failed to load resource: net::ERR_CONNECTION_REFUSED @ http://localhost:4401/dashboard/overview:0
[29693201ms] [ERROR] Failed to load resource: net::ERR_CONNECTION_REFUSED @ http://localhost:4401/api/billing/ai-credits/summary:0
[29693201ms] [ERROR] Failed to load resource: net::ERR_CONNECTION_REFUSED @ http://localhost:4401/dashboard/alerts?limit=6:0
[29722381ms] [ERROR] Failed to load resource: net::ERR_CONNECTION_REFUSED @ http://localhost:4401/api/billing/ai-credits/summary:0
[29722587ms] [ERROR] Failed to load resource: net::ERR_CONNECTION_REFUSED @ http://localhost:4401/api/billing/ai-credits/summary:0
[29723193ms] [ERROR] Failed to load resource: net::ERR_CONNECTION_REFUSED @ http://localhost:4401/api/billing/ai-credits/summary:0
[29752382ms] [ERROR] Failed to load resource: net::ERR_CONNECTION_REFUSED @ http://localhost:4401/dashboard/overview:0
[29752382ms] [ERROR] Failed to load resource: net::ERR_CONNECTION_REFUSED @ http://localhost:4401/api/billing/ai-credits/summary:0
[29752383ms] [ERROR] Failed to load resource: net::ERR_CONNECTION_REFUSED @ http://localhost:4401/dashboard/alerts?limit=6:0
[29752592ms] [ERROR] Failed to load resource: net::ERR_CONNECTION_REFUSED @ http://localhost:4401/dashboard/overview:0
[29752592ms] [ERROR] Failed to load resource: net::ERR_CONNECTION_REFUSED @ http://localhost:4401/api/billing/ai-credits/summary:0
[29752592ms] [ERROR] Failed to load resource: net::ERR_CONNECTION_REFUSED @ http://localhost:4401/dashboard/alerts?limit=6:0
[29753200ms] [ERROR] Failed to load resource: net::ERR_CONNECTION_REFUSED @ http://localhost:4401/dashboard/overview:0
[29753201ms] [ERROR] Failed to load resource: net::ERR_CONNECTION_REFUSED @ http://localhost:4401/api/billing/ai-credits/summary:0
[29753201ms] [ERROR] Failed to load resource: net::ERR_CONNECTION_REFUSED @ http://localhost:4401/dashboard/alerts?limit=6:0
[29782382ms] [ERROR] Failed to load resource: net::ERR_CONNECTION_REFUSED @ http://localhost:4401/api/billing/ai-credits/summary:0
[29782587ms] [ERROR] Failed to load resource: net::ERR_CONNECTION_REFUSED @ http://localhost:4401/api/billing/ai-credits/summary:0
[29783193ms] [ERROR] Failed to load resource: net::ERR_CONNECTION_REFUSED @ http://localhost:4401/api/billing/ai-credits/summary:0
[29812384ms] [ERROR] Failed to load resource: net::ERR_CONNECTION_REFUSED @ http://localhost:4401/dashboard/overview:0
[29812384ms] [ERROR] Failed to load resource: net::ERR_CONNECTION_REFUSED @ http://localhost:4401/api/billing/ai-credits/summary:0
[29812385ms] [ERROR] Failed to load resource: net::ERR_CONNECTION_REFUSED @ http://localhost:4401/dashboard/alerts?limit=6:0
[29812592ms] [ERROR] Failed to load resource: net::ERR_CONNECTION_REFUSED @ http://localhost:4401/dashboard/overview:0
[29812592ms] [ERROR] Failed to load resource: net::ERR_CONNECTION_REFUSED @ http://localhost:4401/api/billing/ai-credits/summary:0
[29812592ms] [ERROR] Failed to load resource: net::ERR_CONNECTION_REFUSED @ http://localhost:4401/dashboard/alerts?limit=6:0
[29813202ms] [ERROR] Failed to load resource: net::ERR_CONNECTION_REFUSED @ http://localhost:4401/dashboard/overview:0
[29813202ms] [ERROR] Failed to load resource: net::ERR_CONNECTION_REFUSED @ http://localhost:4401/api/billing/ai-credits/summary:0
[29813203ms] [ERROR] Failed to load resource: net::ERR_CONNECTION_REFUSED @ http://localhost:4401/dashboard/alerts?limit=6:0
[29842379ms] [ERROR] Failed to load resource: net::ERR_CONNECTION_REFUSED @ http://localhost:4401/api/billing/ai-credits/summary:0
[29842582ms] [ERROR] Failed to load resource: net::ERR_CONNECTION_REFUSED @ http://localhost:4401/api/billing/ai-credits/summary:0
[29843187ms] [ERROR] Failed to load resource: net::ERR_CONNECTION_REFUSED @ http://localhost:4401/api/billing/ai-credits/summary:0
[29872384ms] [ERROR] Failed to load resource: net::ERR_CONNECTION_REFUSED @ http://localhost:4401/dashboard/overview:0
[29872385ms] [ERROR] Failed to load resource: net::ERR_CONNECTION_REFUSED @ http://localhost:4401/api/billing/ai-credits/summary:0
[29872385ms] [ERROR] Failed to load resource: net::ERR_CONNECTION_REFUSED @ http://localhost:4401/dashboard/alerts?limit=6:0
[29872592ms] [ERROR] Failed to load resource: net::ERR_CONNECTION_REFUSED @ http://localhost:4401/dashboard/overview:0
[29872592ms] [ERROR] Failed to load resource: net::ERR_CONNECTION_REFUSED @ http://localhost:4401/api/billing/ai-credits/summary:0
[29872593ms] [ERROR] Failed to load resource: net::ERR_CONNECTION_REFUSED @ http://localhost:4401/dashboard/alerts?limit=6:0
[29873200ms] [ERROR] Failed to load resource: net::ERR_CONNECTION_REFUSED @ http://localhost:4401/dashboard/overview:0
[29873201ms] [ERROR] Failed to load resource: net::ERR_CONNECTION_REFUSED @ http://localhost:4401/api/billing/ai-credits/summary:0
[29873201ms] [ERROR] Failed to load resource: net::ERR_CONNECTION_REFUSED @ http://localhost:4401/dashboard/alerts?limit=6:0
[29902382ms] [ERROR] Failed to load resource: net::ERR_CONNECTION_REFUSED @ http://localhost:4401/api/billing/ai-credits/summary:0
[29902587ms] [ERROR] Failed to load resource: net::ERR_CONNECTION_REFUSED @ http://localhost:4401/api/billing/ai-credits/summary:0
[29903192ms] [ERROR] Failed to load resource: net::ERR_CONNECTION_REFUSED @ http://localhost:4401/api/billing/ai-credits/summary:0
[29932383ms] [ERROR] Failed to load resource: net::ERR_CONNECTION_REFUSED @ http://localhost:4401/dashboard/overview:0
[29932383ms] [ERROR] Failed to load resource: net::ERR_CONNECTION_REFUSED @ http://localhost:4401/api/billing/ai-credits/summary:0
[29932383ms] [ERROR] Failed to load resource: net::ERR_CONNECTION_REFUSED @ http://localhost:4401/dashboard/alerts?limit=6:0
[29932589ms] [ERROR] Failed to load resource: net::ERR_CONNECTION_REFUSED @ http://localhost:4401/dashboard/overview:0
[29932590ms] [ERROR] Failed to load resource: net::ERR_CONNECTION_REFUSED @ http://localhost:4401/api/billing/ai-credits/summary:0
[29932591ms] [ERROR] Failed to load resource: net::ERR_CONNECTION_REFUSED @ http://localhost:4401/dashboard/alerts?limit=6:0
[29933195ms] [ERROR] Failed to load resource: net::ERR_CONNECTION_REFUSED @ http://localhost:4401/dashboard/overview:0
[29933195ms] [ERROR] Failed to load resource: net::ERR_CONNECTION_REFUSED @ http://localhost:4401/api/billing/ai-credits/summary:0
[29933196ms] [ERROR] Failed to load resource: net::ERR_CONNECTION_REFUSED @ http://localhost:4401/dashboard/alerts?limit=6:0
[29962385ms] [ERROR] Failed to load resource: net::ERR_CONNECTION_REFUSED @ http://localhost:4401/api/billing/ai-credits/summary:0
[29962590ms] [ERROR] Failed to load resource: net::ERR_CONNECTION_REFUSED @ http://localhost:4401/api/billing/ai-credits/summary:0
[29963196ms] [ERROR] Failed to load resource: net::ERR_CONNECTION_REFUSED @ http://localhost:4401/api/billing/ai-credits/summary:0
[29992390ms] [ERROR] Failed to load resource: net::ERR_CONNECTION_REFUSED @ http://localhost:4401/dashboard/overview:0
[29992390ms] [ERROR] Failed to load resource: net::ERR_CONNECTION_REFUSED @ http://localhost:4401/api/billing/ai-credits/summary:0
[29992390ms] [ERROR] Failed to load resource: net::ERR_CONNECTION_REFUSED @ http://localhost:4401/dashboard/alerts?limit=6:0
[29992600ms] [ERROR] Failed to load resource: net::ERR_CONNECTION_REFUSED @ http://localhost:4401/dashboard/overview:0
[29992600ms] [ERROR] Failed to load resource: net::ERR_CONNECTION_REFUSED @ http://localhost:4401/api/billing/ai-credits/summary:0
[29992601ms] [ERROR] Failed to load resource: net::ERR_CONNECTION_REFUSED @ http://localhost:4401/dashboard/alerts?limit=6:0
[29993211ms] [ERROR] Failed to load resource: net::ERR_CONNECTION_REFUSED @ http://localhost:4401/dashboard/overview:0
[29993211ms] [ERROR] Failed to load resource: net::ERR_CONNECTION_REFUSED @ http://localhost:4401/api/billing/ai-credits/summary:0
[29993211ms] [ERROR] Failed to load resource: net::ERR_CONNECTION_REFUSED @ http://localhost:4401/dashboard/alerts?limit=6:0
[30022381ms] [ERROR] Failed to load resource: net::ERR_CONNECTION_REFUSED @ http://localhost:4401/api/billing/ai-credits/summary:0
[30022584ms] [ERROR] Failed to load resource: net::ERR_CONNECTION_REFUSED @ http://localhost:4401/api/billing/ai-credits/summary:0
[30023191ms] [ERROR] Failed to load resource: net::ERR_CONNECTION_REFUSED @ http://localhost:4401/api/billing/ai-credits/summary:0
[30052390ms] [ERROR] Failed to load resource: net::ERR_CONNECTION_REFUSED @ http://localhost:4401/dashboard/overview:0
[30052390ms] [ERROR] Failed to load resource: net::ERR_CONNECTION_REFUSED @ http://localhost:4401/api/billing/ai-credits/summary:0
[30052390ms] [ERROR] Failed to load resource: net::ERR_CONNECTION_REFUSED @ http://localhost:4401/dashboard/alerts?limit=6:0
[30052600ms] [ERROR] Failed to load resource: net::ERR_CONNECTION_REFUSED @ http://localhost:4401/dashboard/overview:0
[30052601ms] [ERROR] Failed to load resource: net::ERR_CONNECTION_REFUSED @ http://localhost:4401/api/billing/ai-credits/summary:0
[30052601ms] [ERROR] Failed to load resource: net::ERR_CONNECTION_REFUSED @ http://localhost:4401/dashboard/alerts?limit=6:0
[30053211ms] [ERROR] Failed to load resource: net::ERR_CONNECTION_REFUSED @ http://localhost:4401/dashboard/overview:0
[30053211ms] [ERROR] Failed to load resource: net::ERR_CONNECTION_REFUSED @ http://localhost:4401/api/billing/ai-credits/summary:0
[30053211ms] [ERROR] Failed to load resource: net::ERR_CONNECTION_REFUSED @ http://localhost:4401/dashboard/alerts?limit=6:0
[30082382ms] [ERROR] Failed to load resource: net::ERR_CONNECTION_REFUSED @ http://localhost:4401/api/billing/ai-credits/summary:0
[30082585ms] [ERROR] Failed to load resource: net::ERR_CONNECTION_REFUSED @ http://localhost:4401/api/billing/ai-credits/summary:0
[30083193ms] [ERROR] Failed to load resource: net::ERR_CONNECTION_REFUSED @ http://localhost:4401/api/billing/ai-credits/summary:0
[30112392ms] [ERROR] Failed to load resource: net::ERR_CONNECTION_REFUSED @ http://localhost:4401/dashboard/overview:0
[30112392ms] [ERROR] Failed to load resource: net::ERR_CONNECTION_REFUSED @ http://localhost:4401/api/billing/ai-credits/summary:0
[30112392ms] [ERROR] Failed to load resource: net::ERR_CONNECTION_REFUSED @ http://localhost:4401/dashboard/alerts?limit=6:0
[30112602ms] [ERROR] Failed to load resource: net::ERR_CONNECTION_REFUSED @ http://localhost:4401/dashboard/overview:0
[30112603ms] [ERROR] Failed to load resource: net::ERR_CONNECTION_REFUSED @ http://localhost:4401/api/billing/ai-credits/summary:0
[30112603ms] [ERROR] Failed to load resource: net::ERR_CONNECTION_REFUSED @ http://localhost:4401/dashboard/alerts?limit=6:0
[30113209ms] [ERROR] Failed to load resource: net::ERR_CONNECTION_REFUSED @ http://localhost:4401/dashboard/overview:0
[30113209ms] [ERROR] Failed to load resource: net::ERR_CONNECTION_REFUSED @ http://localhost:4401/api/billing/ai-credits/summary:0
[30113209ms] [ERROR] Failed to load resource: net::ERR_CONNECTION_REFUSED @ http://localhost:4401/dashboard/alerts?limit=6:0
[30142388ms] [ERROR] Failed to load resource: net::ERR_CONNECTION_REFUSED @ http://localhost:4401/api/billing/ai-credits/summary:0
[30142597ms] [ERROR] Failed to load resource: net::ERR_CONNECTION_REFUSED @ http://localhost:4401/api/billing/ai-credits/summary:0
[30143204ms] [ERROR] Failed to load resource: net::ERR_CONNECTION_REFUSED @ http://localhost:4401/api/billing/ai-credits/summary:0
[30172392ms] [ERROR] Failed to load resource: net::ERR_CONNECTION_REFUSED @ http://localhost:4401/dashboard/overview:0
[30172392ms] [ERROR] Failed to load resource: net::ERR_CONNECTION_REFUSED @ http://localhost:4401/api/billing/ai-credits/summary:0
[30172392ms] [ERROR] Failed to load resource: net::ERR_CONNECTION_REFUSED @ http://localhost:4401/dashboard/alerts?limit=6:0
[30172597ms] [ERROR] Failed to load resource: net::ERR_CONNECTION_REFUSED @ http://localhost:4401/dashboard/overview:0
[30172597ms] [ERROR] Failed to load resource: net::ERR_CONNECTION_REFUSED @ http://localhost:4401/api/billing/ai-credits/summary:0
[30172597ms] [ERROR] Failed to load resource: net::ERR_CONNECTION_REFUSED @ http://localhost:4401/dashboard/alerts?limit=6:0
[30173224ms] [ERROR] Failed to load resource: net::ERR_CONNECTION_REFUSED @ http://localhost:4401/dashboard/overview:0
[30173226ms] [ERROR] Failed to load resource: net::ERR_CONNECTION_REFUSED @ http://localhost:4401/api/billing/ai-credits/summary:0
[30173226ms] [ERROR] Failed to load resource: net::ERR_CONNECTION_REFUSED @ http://localhost:4401/dashboard/alerts?limit=6:0
[30202385ms] [ERROR] Failed to load resource: net::ERR_CONNECTION_REFUSED @ http://localhost:4401/api/billing/ai-credits/summary:0
[30202587ms] [ERROR] Failed to load resource: net::ERR_CONNECTION_REFUSED @ http://localhost:4401/api/billing/ai-credits/summary:0
[30203195ms] [ERROR] Failed to load resource: net::ERR_CONNECTION_REFUSED @ http://localhost:4401/api/billing/ai-credits/summary:0
[30232388ms] [ERROR] Failed to load resource: net::ERR_CONNECTION_REFUSED @ http://localhost:4401/dashboard/overview:0
[30232388ms] [ERROR] Failed to load resource: net::ERR_CONNECTION_REFUSED @ http://localhost:4401/api/billing/ai-credits/summary:0
[30232388ms] [ERROR] Failed to load resource: net::ERR_CONNECTION_REFUSED @ http://localhost:4401/dashboard/alerts?limit=6:0
[30232599ms] [ERROR] Failed to load resource: net::ERR_CONNECTION_REFUSED @ http://localhost:4401/dashboard/overview:0
[30232599ms] [ERROR] Failed to load resource: net::ERR_CONNECTION_REFUSED @ http://localhost:4401/api/billing/ai-credits/summary:0
[30232599ms] [ERROR] Failed to load resource: net::ERR_CONNECTION_REFUSED @ http://localhost:4401/dashboard/alerts?limit=6:0
[30233210ms] [ERROR] Failed to load resource: net::ERR_CONNECTION_REFUSED @ http://localhost:4401/dashboard/overview:0
[30233211ms] [ERROR] Failed to load resource: net::ERR_CONNECTION_REFUSED @ http://localhost:4401/api/billing/ai-credits/summary:0
[30233211ms] [ERROR] Failed to load resource: net::ERR_CONNECTION_REFUSED @ http://localhost:4401/dashboard/alerts?limit=6:0
[30262390ms] [ERROR] Failed to load resource: net::ERR_CONNECTION_REFUSED @ http://localhost:4401/api/billing/ai-credits/summary:0
[30262592ms] [ERROR] Failed to load resource: net::ERR_CONNECTION_REFUSED @ http://localhost:4401/api/billing/ai-credits/summary:0
[30263200ms] [ERROR] Failed to load resource: net::ERR_CONNECTION_REFUSED @ http://localhost:4401/api/billing/ai-credits/summary:0
[30273271ms] [ERROR] Failed to load resource: net::ERR_CONNECTION_REFUSED @ http://localhost:3301/en/admin/system/vaults/execution?_rsc=VP-wXjMhFwgIi8oW:0
[30292393ms] [ERROR] Failed to load resource: net::ERR_CONNECTION_REFUSED @ http://localhost:4401/dashboard/overview:0
[30292393ms] [ERROR] Failed to load resource: net::ERR_CONNECTION_REFUSED @ http://localhost:4401/api/billing/ai-credits/summary:0
[30292394ms] [ERROR] Failed to load resource: net::ERR_CONNECTION_REFUSED @ http://localhost:4401/dashboard/alerts?limit=6:0
[30292600ms] [ERROR] Failed to load resource: net::ERR_CONNECTION_REFUSED @ http://localhost:4401/dashboard/overview:0
[30292600ms] [ERROR] Failed to load resource: net::ERR_CONNECTION_REFUSED @ http://localhost:4401/api/billing/ai-credits/summary:0
[30292600ms] [ERROR] Failed to load resource: net::ERR_CONNECTION_REFUSED @ http://localhost:4401/dashboard/alerts?limit=6:0
[30293206ms] [ERROR] Failed to load resource: net::ERR_CONNECTION_REFUSED @ http://localhost:4401/dashboard/overview:0
[30293206ms] [ERROR] Failed to load resource: net::ERR_CONNECTION_REFUSED @ http://localhost:4401/api/billing/ai-credits/summary:0
[30293206ms] [ERROR] Failed to load resource: net::ERR_CONNECTION_REFUSED @ http://localhost:4401/dashboard/alerts?limit=6:0
[30322389ms] [ERROR] Failed to load resource: net::ERR_CONNECTION_REFUSED @ http://localhost:4401/api/billing/ai-credits/summary:0
[30322596ms] [ERROR] Failed to load resource: net::ERR_CONNECTION_REFUSED @ http://localhost:4401/api/billing/ai-credits/summary:0
[30323201ms] [ERROR] Failed to load resource: net::ERR_CONNECTION_REFUSED @ http://localhost:4401/api/billing/ai-credits/summary:0
[30352389ms] [ERROR] Failed to load resource: net::ERR_CONNECTION_REFUSED @ http://localhost:4401/dashboard/overview:0
[30352390ms] [ERROR] Failed to load resource: net::ERR_CONNECTION_REFUSED @ http://localhost:4401/api/billing/ai-credits/summary:0
[30352390ms] [ERROR] Failed to load resource: net::ERR_CONNECTION_REFUSED @ http://localhost:4401/dashboard/alerts?limit=6:0
[30352593ms] [ERROR] Failed to load resource: net::ERR_CONNECTION_REFUSED @ http://localhost:4401/dashboard/overview:0
[30352593ms] [ERROR] Failed to load resource: net::ERR_CONNECTION_REFUSED @ http://localhost:4401/api/billing/ai-credits/summary:0
[30352593ms] [ERROR] Failed to load resource: net::ERR_CONNECTION_REFUSED @ http://localhost:4401/dashboard/alerts?limit=6:0
[30353199ms] [ERROR] Failed to load resource: net::ERR_CONNECTION_REFUSED @ http://localhost:4401/dashboard/overview:0
[30353200ms] [ERROR] Failed to load resource: net::ERR_CONNECTION_REFUSED @ http://localhost:4401/api/billing/ai-credits/summary:0
[30353200ms] [ERROR] Failed to load resource: net::ERR_CONNECTION_REFUSED @ http://localhost:4401/dashboard/alerts?limit=6:0
[30382394ms] [ERROR] Failed to load resource: net::ERR_CONNECTION_REFUSED @ http://localhost:4401/api/billing/ai-credits/summary:0
[30382597ms] [ERROR] Failed to load resource: net::ERR_CONNECTION_REFUSED @ http://localhost:4401/api/billing/ai-credits/summary:0
[30383202ms] [ERROR] Failed to load resource: net::ERR_CONNECTION_REFUSED @ http://localhost:4401/api/billing/ai-credits/summary:0
[30412393ms] [ERROR] Failed to load resource: net::ERR_CONNECTION_REFUSED @ http://localhost:4401/dashboard/overview:0
[30412393ms] [ERROR] Failed to load resource: net::ERR_CONNECTION_REFUSED @ http://localhost:4401/api/billing/ai-credits/summary:0
[30412393ms] [ERROR] Failed to load resource: net::ERR_CONNECTION_REFUSED @ http://localhost:4401/dashboard/alerts?limit=6:0
[30412600ms] [ERROR] Failed to load resource: net::ERR_CONNECTION_REFUSED @ http://localhost:4401/dashboard/overview:0
[30412600ms] [ERROR] Failed to load resource: net::ERR_CONNECTION_REFUSED @ http://localhost:4401/api/billing/ai-credits/summary:0
[30412600ms] [ERROR] Failed to load resource: net::ERR_CONNECTION_REFUSED @ http://localhost:4401/dashboard/alerts?limit=6:0
[30413205ms] [ERROR] Failed to load resource: net::ERR_CONNECTION_REFUSED @ http://localhost:4401/dashboard/overview:0
[30413205ms] [ERROR] Failed to load resource: net::ERR_CONNECTION_REFUSED @ http://localhost:4401/api/billing/ai-credits/summary:0
[30413205ms] [ERROR] Failed to load resource: net::ERR_CONNECTION_REFUSED @ http://localhost:4401/dashboard/alerts?limit=6:0
[30442392ms] [ERROR] Failed to load resource: net::ERR_CONNECTION_REFUSED @ http://localhost:4401/api/billing/ai-credits/summary:0
[30442598ms] [ERROR] Failed to load resource: net::ERR_CONNECTION_REFUSED @ http://localhost:4401/api/billing/ai-credits/summary:0
[30443202ms] [ERROR] Failed to load resource: net::ERR_CONNECTION_REFUSED @ http://localhost:4401/api/billing/ai-credits/summary:0
[30472392ms] [ERROR] Failed to load resource: net::ERR_CONNECTION_REFUSED @ http://localhost:4401/dashboard/overview:0
[30472392ms] [ERROR] Failed to load resource: net::ERR_CONNECTION_REFUSED @ http://localhost:4401/api/billing/ai-credits/summary:0
[30472393ms] [ERROR] Failed to load resource: net::ERR_CONNECTION_REFUSED @ http://localhost:4401/dashboard/alerts?limit=6:0
[30472596ms] [ERROR] Failed to load resource: net::ERR_CONNECTION_REFUSED @ http://localhost:4401/dashboard/overview:0
[30472596ms] [ERROR] Failed to load resource: net::ERR_CONNECTION_REFUSED @ http://localhost:4401/api/billing/ai-credits/summary:0
[30472596ms] [ERROR] Failed to load resource: net::ERR_CONNECTION_REFUSED @ http://localhost:4401/dashboard/alerts?limit=6:0
[30473204ms] [ERROR] Failed to load resource: net::ERR_CONNECTION_REFUSED @ http://localhost:4401/dashboard/overview:0
[30473204ms] [ERROR] Failed to load resource: net::ERR_CONNECTION_REFUSED @ http://localhost:4401/api/billing/ai-credits/summary:0
[30473204ms] [ERROR] Failed to load resource: net::ERR_CONNECTION_REFUSED @ http://localhost:4401/dashboard/alerts?limit=6:0
[30502393ms] [ERROR] Failed to load resource: net::ERR_CONNECTION_REFUSED @ http://localhost:4401/api/billing/ai-credits/summary:0
[30502597ms] [ERROR] Failed to load resource: net::ERR_CONNECTION_REFUSED @ http://localhost:4401/api/billing/ai-credits/summary:0
[30503201ms] [ERROR] Failed to load resource: net::ERR_CONNECTION_REFUSED @ http://localhost:4401/api/billing/ai-credits/summary:0
[30532393ms] [ERROR] Failed to load resource: net::ERR_CONNECTION_REFUSED @ http://localhost:4401/dashboard/overview:0
[30532393ms] [ERROR] Failed to load resource: net::ERR_CONNECTION_REFUSED @ http://localhost:4401/api/billing/ai-credits/summary:0
[30532394ms] [ERROR] Failed to load resource: net::ERR_CONNECTION_REFUSED @ http://localhost:4401/dashboard/alerts?limit=6:0
[30532602ms] [ERROR] Failed to load resource: net::ERR_CONNECTION_REFUSED @ http://localhost:4401/dashboard/overview:0
[30532602ms] [ERROR] Failed to load resource: net::ERR_CONNECTION_REFUSED @ http://localhost:4401/api/billing/ai-credits/summary:0
[30532602ms] [ERROR] Failed to load resource: net::ERR_CONNECTION_REFUSED @ http://localhost:4401/dashboard/alerts?limit=6:0
[30533206ms] [ERROR] Failed to load resource: net::ERR_CONNECTION_REFUSED @ http://localhost:4401/dashboard/overview:0
[30533207ms] [ERROR] Failed to load resource: net::ERR_CONNECTION_REFUSED @ http://localhost:4401/api/billing/ai-credits/summary:0
[30533207ms] [ERROR] Failed to load resource: net::ERR_CONNECTION_REFUSED @ http://localhost:4401/dashboard/alerts?limit=6:0
[30562394ms] [ERROR] Failed to load resource: net::ERR_CONNECTION_REFUSED @ http://localhost:4401/api/billing/ai-credits/summary:0
[30562599ms] [ERROR] Failed to load resource: net::ERR_CONNECTION_REFUSED @ http://localhost:4401/api/billing/ai-credits/summary:0
[30563202ms] [ERROR] Failed to load resource: net::ERR_CONNECTION_REFUSED @ http://localhost:4401/api/billing/ai-credits/summary:0
[30592395ms] [ERROR] Failed to load resource: net::ERR_CONNECTION_REFUSED @ http://localhost:4401/dashboard/overview:0
[30592395ms] [ERROR] Failed to load resource: net::ERR_CONNECTION_REFUSED @ http://localhost:4401/api/billing/ai-credits/summary:0
[30592395ms] [ERROR] Failed to load resource: net::ERR_CONNECTION_REFUSED @ http://localhost:4401/dashboard/alerts?limit=6:0
[30592607ms] [ERROR] Failed to load resource: net::ERR_CONNECTION_REFUSED @ http://localhost:4401/dashboard/overview:0
[30592608ms] [ERROR] Failed to load resource: net::ERR_CONNECTION_REFUSED @ http://localhost:4401/api/billing/ai-credits/summary:0
[30592608ms] [ERROR] Failed to load resource: net::ERR_CONNECTION_REFUSED @ http://localhost:4401/dashboard/alerts?limit=6:0
[30593215ms] [ERROR] Failed to load resource: net::ERR_CONNECTION_REFUSED @ http://localhost:4401/dashboard/overview:0
[30593216ms] [ERROR] Failed to load resource: net::ERR_CONNECTION_REFUSED @ http://localhost:4401/api/billing/ai-credits/summary:0
[30593216ms] [ERROR] Failed to load resource: net::ERR_CONNECTION_REFUSED @ http://localhost:4401/dashboard/alerts?limit=6:0
[30622394ms] [ERROR] Failed to load resource: net::ERR_CONNECTION_REFUSED @ http://localhost:4401/api/billing/ai-credits/summary:0
[30622600ms] [ERROR] Failed to load resource: net::ERR_CONNECTION_REFUSED @ http://localhost:4401/api/billing/ai-credits/summary:0
[30623204ms] [ERROR] Failed to load resource: net::ERR_CONNECTION_REFUSED @ http://localhost:4401/api/billing/ai-credits/summary:0
[30652394ms] [ERROR] Failed to load resource: net::ERR_CONNECTION_REFUSED @ http://localhost:4401/dashboard/overview:0
[30652395ms] [ERROR] Failed to load resource: net::ERR_CONNECTION_REFUSED @ http://localhost:4401/api/billing/ai-credits/summary:0
[30652396ms] [ERROR] Failed to load resource: net::ERR_CONNECTION_REFUSED @ http://localhost:4401/dashboard/alerts?limit=6:0
[30652600ms] [ERROR] Failed to load resource: net::ERR_CONNECTION_REFUSED @ http://localhost:4401/dashboard/overview:0
[30652602ms] [ERROR] Failed to load resource: net::ERR_CONNECTION_REFUSED @ http://localhost:4401/api/billing/ai-credits/summary:0
[30652602ms] [ERROR] Failed to load resource: net::ERR_CONNECTION_REFUSED @ http://localhost:4401/dashboard/alerts?limit=6:0
[30653204ms] [ERROR] Failed to load resource: net::ERR_CONNECTION_REFUSED @ http://localhost:4401/dashboard/overview:0
[30653207ms] [ERROR] Failed to load resource: net::ERR_CONNECTION_REFUSED @ http://localhost:4401/api/billing/ai-credits/summary:0
[30653208ms] [ERROR] Failed to load resource: net::ERR_CONNECTION_REFUSED @ http://localhost:4401/dashboard/alerts?limit=6:0
[30682397ms] [ERROR] Failed to load resource: net::ERR_CONNECTION_REFUSED @ http://localhost:4401/api/billing/ai-credits/summary:0
[30682601ms] [ERROR] Failed to load resource: net::ERR_CONNECTION_REFUSED @ http://localhost:4401/api/billing/ai-credits/summary:0
[30683206ms] [ERROR] Failed to load resource: net::ERR_CONNECTION_REFUSED @ http://localhost:4401/api/billing/ai-credits/summary:0
[30712397ms] [ERROR] Failed to load resource: net::ERR_CONNECTION_REFUSED @ http://localhost:4401/dashboard/overview:0
[30712397ms] [ERROR] Failed to load resource: net::ERR_CONNECTION_REFUSED @ http://localhost:4401/api/billing/ai-credits/summary:0
[30712397ms] [ERROR] Failed to load resource: net::ERR_CONNECTION_REFUSED @ http://localhost:4401/dashboard/alerts?limit=6:0
[30712602ms] [ERROR] Failed to load resource: net::ERR_CONNECTION_REFUSED @ http://localhost:4401/dashboard/overview:0
[30712602ms] [ERROR] Failed to load resource: net::ERR_CONNECTION_REFUSED @ http://localhost:4401/api/billing/ai-credits/summary:0
[30712602ms] [ERROR] Failed to load resource: net::ERR_CONNECTION_REFUSED @ http://localhost:4401/dashboard/alerts?limit=6:0
[30713208ms] [ERROR] Failed to load resource: net::ERR_CONNECTION_REFUSED @ http://localhost:4401/dashboard/overview:0
[30713209ms] [ERROR] Failed to load resource: net::ERR_CONNECTION_REFUSED @ http://localhost:4401/api/billing/ai-credits/summary:0
[30713210ms] [ERROR] Failed to load resource: net::ERR_CONNECTION_REFUSED @ http://localhost:4401/dashboard/alerts?limit=6:0
[30742397ms] [ERROR] Failed to load resource: net::ERR_CONNECTION_REFUSED @ http://localhost:4401/api/billing/ai-credits/summary:0
[30742602ms] [ERROR] Failed to load resource: net::ERR_CONNECTION_REFUSED @ http://localhost:4401/api/billing/ai-credits/summary:0
[30743205ms] [ERROR] Failed to load resource: net::ERR_CONNECTION_REFUSED @ http://localhost:4401/api/billing/ai-credits/summary:0
[30772400ms] [ERROR] Failed to load resource: net::ERR_CONNECTION_REFUSED @ http://localhost:4401/dashboard/overview:0
[30772400ms] [ERROR] Failed to load resource: net::ERR_CONNECTION_REFUSED @ http://localhost:4401/api/billing/ai-credits/summary:0
[30772400ms] [ERROR] Failed to load resource: net::ERR_CONNECTION_REFUSED @ http://localhost:4401/dashboard/alerts?limit=6:0
[30772608ms] [ERROR] Failed to load resource: net::ERR_CONNECTION_REFUSED @ http://localhost:4401/dashboard/overview:0
[30772609ms] [ERROR] Failed to load resource: net::ERR_CONNECTION_REFUSED @ http://localhost:4401/api/billing/ai-credits/summary:0
[30772609ms] [ERROR] Failed to load resource: net::ERR_CONNECTION_REFUSED @ http://localhost:4401/dashboard/alerts?limit=6:0
[30773214ms] [ERROR] Failed to load resource: net::ERR_CONNECTION_REFUSED @ http://localhost:4401/dashboard/overview:0
[30773214ms] [ERROR] Failed to load resource: net::ERR_CONNECTION_REFUSED @ http://localhost:4401/api/billing/ai-credits/summary:0
[30773215ms] [ERROR] Failed to load resource: net::ERR_CONNECTION_REFUSED @ http://localhost:4401/dashboard/alerts?limit=6:0
[30802401ms] [ERROR] Failed to load resource: net::ERR_CONNECTION_REFUSED @ http://localhost:4401/api/billing/ai-credits/summary:0
[30802608ms] [ERROR] Failed to load resource: net::ERR_CONNECTION_REFUSED @ http://localhost:4401/api/billing/ai-credits/summary:0
[30803213ms] [ERROR] Failed to load resource: net::ERR_CONNECTION_REFUSED @ http://localhost:4401/api/billing/ai-credits/summary:0
[30832400ms] [ERROR] Failed to load resource: net::ERR_CONNECTION_REFUSED @ http://localhost:4401/dashboard/overview:0
[30832400ms] [ERROR] Failed to load resource: net::ERR_CONNECTION_REFUSED @ http://localhost:4401/api/billing/ai-credits/summary:0
[30832401ms] [ERROR] Failed to load resource: net::ERR_CONNECTION_REFUSED @ http://localhost:4401/dashboard/alerts?limit=6:0
[30832608ms] [ERROR] Failed to load resource: net::ERR_CONNECTION_REFUSED @ http://localhost:4401/dashboard/overview:0
[30832608ms] [ERROR] Failed to load resource: net::ERR_CONNECTION_REFUSED @ http://localhost:4401/api/billing/ai-credits/summary:0
[30832609ms] [ERROR] Failed to load resource: net::ERR_CONNECTION_REFUSED @ http://localhost:4401/dashboard/alerts?limit=6:0
[30833214ms] [ERROR] Failed to load resource: net::ERR_CONNECTION_REFUSED @ http://localhost:4401/dashboard/overview:0
[30833215ms] [ERROR] Failed to load resource: net::ERR_CONNECTION_REFUSED @ http://localhost:4401/api/billing/ai-credits/summary:0
[30833215ms] [ERROR] Failed to load resource: net::ERR_CONNECTION_REFUSED @ http://localhost:4401/dashboard/alerts?limit=6:0
[30862402ms] [ERROR] Failed to load resource: net::ERR_CONNECTION_REFUSED @ http://localhost:4401/api/billing/ai-credits/summary:0
[30862606ms] [ERROR] Failed to load resource: net::ERR_CONNECTION_REFUSED @ http://localhost:4401/api/billing/ai-credits/summary:0
[30863212ms] [ERROR] Failed to load resource: net::ERR_CONNECTION_REFUSED @ http://localhost:4401/api/billing/ai-credits/summary:0
[30892402ms] [ERROR] Failed to load resource: net::ERR_CONNECTION_REFUSED @ http://localhost:4401/dashboard/overview:0
[30892402ms] [ERROR] Failed to load resource: net::ERR_CONNECTION_REFUSED @ http://localhost:4401/api/billing/ai-credits/summary:0
[30892402ms] [ERROR] Failed to load resource: net::ERR_CONNECTION_REFUSED @ http://localhost:4401/dashboard/alerts?limit=6:0
[30892610ms] [ERROR] Failed to load resource: net::ERR_CONNECTION_REFUSED @ http://localhost:4401/dashboard/overview:0
[30892612ms] [ERROR] Failed to load resource: net::ERR_CONNECTION_REFUSED @ http://localhost:4401/api/billing/ai-credits/summary:0
[30892612ms] [ERROR] Failed to load resource: net::ERR_CONNECTION_REFUSED @ http://localhost:4401/dashboard/alerts?limit=6:0
[30893217ms] [ERROR] Failed to load resource: net::ERR_CONNECTION_REFUSED @ http://localhost:4401/dashboard/overview:0
[30893218ms] [ERROR] Failed to load resource: net::ERR_CONNECTION_REFUSED @ http://localhost:4401/api/billing/ai-credits/summary:0
[30893218ms] [ERROR] Failed to load resource: net::ERR_CONNECTION_REFUSED @ http://localhost:4401/dashboard/alerts?limit=6:0
[30922400ms] [ERROR] Failed to load resource: net::ERR_CONNECTION_REFUSED @ http://localhost:4401/api/billing/ai-credits/summary:0
[30922605ms] [ERROR] Failed to load resource: net::ERR_CONNECTION_REFUSED @ http://localhost:4401/api/billing/ai-credits/summary:0
[30923211ms] [ERROR] Failed to load resource: net::ERR_CONNECTION_REFUSED @ http://localhost:4401/api/billing/ai-credits/summary:0
[30952407ms] [ERROR] Failed to load resource: net::ERR_CONNECTION_REFUSED @ http://localhost:4401/dashboard/overview:0
[30952407ms] [ERROR] Failed to load resource: net::ERR_CONNECTION_REFUSED @ http://localhost:4401/api/billing/ai-credits/summary:0
[30952407ms] [ERROR] Failed to load resource: net::ERR_CONNECTION_REFUSED @ http://localhost:4401/dashboard/alerts?limit=6:0
[30952614ms] [ERROR] Failed to load resource: net::ERR_CONNECTION_REFUSED @ http://localhost:4401/dashboard/overview:0
[30952614ms] [ERROR] Failed to load resource: net::ERR_CONNECTION_REFUSED @ http://localhost:4401/api/billing/ai-credits/summary:0
[30952614ms] [ERROR] Failed to load resource: net::ERR_CONNECTION_REFUSED @ http://localhost:4401/dashboard/alerts?limit=6:0
[30953221ms] [ERROR] Failed to load resource: net::ERR_CONNECTION_REFUSED @ http://localhost:4401/dashboard/overview:0
[30953221ms] [ERROR] Failed to load resource: net::ERR_CONNECTION_REFUSED @ http://localhost:4401/api/billing/ai-credits/summary:0
[30953221ms] [ERROR] Failed to load resource: net::ERR_CONNECTION_REFUSED @ http://localhost:4401/dashboard/alerts?limit=6:0
[30982405ms] [ERROR] Failed to load resource: net::ERR_CONNECTION_REFUSED @ http://localhost:4401/api/billing/ai-credits/summary:0
[30982610ms] [ERROR] Failed to load resource: net::ERR_CONNECTION_REFUSED @ http://localhost:4401/api/billing/ai-credits/summary:0
[30983218ms] [ERROR] Failed to load resource: net::ERR_CONNECTION_REFUSED @ http://localhost:4401/api/billing/ai-credits/summary:0
[31012404ms] [ERROR] Failed to load resource: net::ERR_CONNECTION_REFUSED @ http://localhost:4401/dashboard/overview:0
[31012404ms] [ERROR] Failed to load resource: net::ERR_CONNECTION_REFUSED @ http://localhost:4401/api/billing/ai-credits/summary:0
[31012406ms] [ERROR] Failed to load resource: net::ERR_CONNECTION_REFUSED @ http://localhost:4401/dashboard/alerts?limit=6:0
[31012607ms] [ERROR] Failed to load resource: net::ERR_CONNECTION_REFUSED @ http://localhost:4401/dashboard/overview:0
[31012608ms] [ERROR] Failed to load resource: net::ERR_CONNECTION_REFUSED @ http://localhost:4401/api/billing/ai-credits/summary:0
[31012609ms] [ERROR] Failed to load resource: net::ERR_CONNECTION_REFUSED @ http://localhost:4401/dashboard/alerts?limit=6:0
[31013213ms] [ERROR] Failed to load resource: net::ERR_CONNECTION_REFUSED @ http://localhost:4401/dashboard/overview:0
[31013215ms] [ERROR] Failed to load resource: net::ERR_CONNECTION_REFUSED @ http://localhost:4401/api/billing/ai-credits/summary:0
[31013215ms] [ERROR] Failed to load resource: net::ERR_CONNECTION_REFUSED @ http://localhost:4401/dashboard/alerts?limit=6:0
[31042402ms] [ERROR] Failed to load resource: net::ERR_CONNECTION_REFUSED @ http://localhost:4401/api/billing/ai-credits/summary:0
[31042608ms] [ERROR] Failed to load resource: net::ERR_CONNECTION_REFUSED @ http://localhost:4401/api/billing/ai-credits/summary:0
[31043211ms] [ERROR] Failed to load resource: net::ERR_CONNECTION_REFUSED @ http://localhost:4401/api/billing/ai-credits/summary:0
[31072406ms] [ERROR] Failed to load resource: net::ERR_CONNECTION_REFUSED @ http://localhost:4401/dashboard/overview:0
[31072406ms] [ERROR] Failed to load resource: net::ERR_CONNECTION_REFUSED @ http://localhost:4401/api/billing/ai-credits/summary:0
[31072406ms] [ERROR] Failed to load resource: net::ERR_CONNECTION_REFUSED @ http://localhost:4401/dashboard/alerts?limit=6:0
[31072611ms] [ERROR] Failed to load resource: net::ERR_CONNECTION_REFUSED @ http://localhost:4401/dashboard/overview:0
[31072612ms] [ERROR] Failed to load resource: net::ERR_CONNECTION_REFUSED @ http://localhost:4401/api/billing/ai-credits/summary:0
[31072612ms] [ERROR] Failed to load resource: net::ERR_CONNECTION_REFUSED @ http://localhost:4401/dashboard/alerts?limit=6:0
[31073218ms] [ERROR] Failed to load resource: net::ERR_CONNECTION_REFUSED @ http://localhost:4401/dashboard/overview:0
[31073218ms] [ERROR] Failed to load resource: net::ERR_CONNECTION_REFUSED @ http://localhost:4401/api/billing/ai-credits/summary:0
[31073218ms] [ERROR] Failed to load resource: net::ERR_CONNECTION_REFUSED @ http://localhost:4401/dashboard/alerts?limit=6:0
[31102406ms] [ERROR] Failed to load resource: net::ERR_CONNECTION_REFUSED @ http://localhost:4401/api/billing/ai-credits/summary:0
[31102612ms] [ERROR] Failed to load resource: net::ERR_CONNECTION_REFUSED @ http://localhost:4401/api/billing/ai-credits/summary:0
[31103215ms] [ERROR] Failed to load resource: net::ERR_CONNECTION_REFUSED @ http://localhost:4401/api/billing/ai-credits/summary:0
[31132406ms] [ERROR] Failed to load resource: net::ERR_CONNECTION_REFUSED @ http://localhost:4401/dashboard/overview:0
[31132406ms] [ERROR] Failed to load resource: net::ERR_CONNECTION_REFUSED @ http://localhost:4401/api/billing/ai-credits/summary:0
[31132406ms] [ERROR] Failed to load resource: net::ERR_CONNECTION_REFUSED @ http://localhost:4401/dashboard/alerts?limit=6:0
[31132613ms] [ERROR] Failed to load resource: net::ERR_CONNECTION_REFUSED @ http://localhost:4401/dashboard/overview:0
[31132617ms] [ERROR] Failed to load resource: net::ERR_CONNECTION_REFUSED @ http://localhost:4401/api/billing/ai-credits/summary:0
[31132617ms] [ERROR] Failed to load resource: net::ERR_CONNECTION_REFUSED @ http://localhost:4401/dashboard/alerts?limit=6:0
[31133217ms] [ERROR] Failed to load resource: net::ERR_CONNECTION_REFUSED @ http://localhost:4401/dashboard/overview:0
[31133221ms] [ERROR] Failed to load resource: net::ERR_CONNECTION_REFUSED @ http://localhost:4401/api/billing/ai-credits/summary:0
[31133221ms] [ERROR] Failed to load resource: net::ERR_CONNECTION_REFUSED @ http://localhost:4401/dashboard/alerts?limit=6:0
[31162404ms] [ERROR] Failed to load resource: net::ERR_CONNECTION_REFUSED @ http://localhost:4401/api/billing/ai-credits/summary:0
[31162608ms] [ERROR] Failed to load resource: net::ERR_CONNECTION_REFUSED @ http://localhost:4401/api/billing/ai-credits/summary:0
[31163212ms] [ERROR] Failed to load resource: net::ERR_CONNECTION_REFUSED @ http://localhost:4401/api/billing/ai-credits/summary:0
[31192406ms] [ERROR] Failed to load resource: net::ERR_CONNECTION_REFUSED @ http://localhost:4401/dashboard/overview:0
[31192407ms] [ERROR] Failed to load resource: net::ERR_CONNECTION_REFUSED @ http://localhost:4401/api/billing/ai-credits/summary:0
[31192407ms] [ERROR] Failed to load resource: net::ERR_CONNECTION_REFUSED @ http://localhost:4401/dashboard/alerts?limit=6:0
[31192612ms] [ERROR] Failed to load resource: net::ERR_CONNECTION_REFUSED @ http://localhost:4401/dashboard/overview:0
[31192613ms] [ERROR] Failed to load resource: net::ERR_CONNECTION_REFUSED @ http://localhost:4401/api/billing/ai-credits/summary:0
[31192613ms] [ERROR] Failed to load resource: net::ERR_CONNECTION_REFUSED @ http://localhost:4401/dashboard/alerts?limit=6:0
[31193217ms] [ERROR] Failed to load resource: net::ERR_CONNECTION_REFUSED @ http://localhost:4401/dashboard/overview:0
[31193217ms] [ERROR] Failed to load resource: net::ERR_CONNECTION_REFUSED @ http://localhost:4401/api/billing/ai-credits/summary:0
[31193217ms] [ERROR] Failed to load resource: net::ERR_CONNECTION_REFUSED @ http://localhost:4401/dashboard/alerts?limit=6:0
[31222406ms] [ERROR] Failed to load resource: net::ERR_CONNECTION_REFUSED @ http://localhost:4401/api/billing/ai-credits/summary:0
[31222613ms] [ERROR] Failed to load resource: net::ERR_CONNECTION_REFUSED @ http://localhost:4401/api/billing/ai-credits/summary:0
[31223219ms] [ERROR] Failed to load resource: net::ERR_CONNECTION_REFUSED @ http://localhost:4401/api/billing/ai-credits/summary:0
[31252407ms] [ERROR] Failed to load resource: net::ERR_CONNECTION_REFUSED @ http://localhost:4401/dashboard/overview:0
[31252408ms] [ERROR] Failed to load resource: net::ERR_CONNECTION_REFUSED @ http://localhost:4401/api/billing/ai-credits/summary:0
[31252408ms] [ERROR] Failed to load resource: net::ERR_CONNECTION_REFUSED @ http://localhost:4401/dashboard/alerts?limit=6:0
[31252614ms] [ERROR] Failed to load resource: net::ERR_CONNECTION_REFUSED @ http://localhost:4401/dashboard/overview:0
[31252614ms] [ERROR] Failed to load resource: net::ERR_CONNECTION_REFUSED @ http://localhost:4401/api/billing/ai-credits/summary:0
[31252614ms] [ERROR] Failed to load resource: net::ERR_CONNECTION_REFUSED @ http://localhost:4401/dashboard/alerts?limit=6:0
[31253221ms] [ERROR] Failed to load resource: net::ERR_CONNECTION_REFUSED @ http://localhost:4401/dashboard/overview:0
[31253221ms] [ERROR] Failed to load resource: net::ERR_CONNECTION_REFUSED @ http://localhost:4401/api/billing/ai-credits/summary:0
[31253221ms] [ERROR] Failed to load resource: net::ERR_CONNECTION_REFUSED @ http://localhost:4401/dashboard/alerts?limit=6:0
[31282407ms] [ERROR] Failed to load resource: net::ERR_CONNECTION_REFUSED @ http://localhost:4401/api/billing/ai-credits/summary:0
[31282613ms] [ERROR] Failed to load resource: net::ERR_CONNECTION_REFUSED @ http://localhost:4401/api/billing/ai-credits/summary:0
[31283219ms] [ERROR] Failed to load resource: net::ERR_CONNECTION_REFUSED @ http://localhost:4401/api/billing/ai-credits/summary:0
[31312412ms] [ERROR] Failed to load resource: net::ERR_CONNECTION_REFUSED @ http://localhost:4401/dashboard/overview:0
[31312413ms] [ERROR] Failed to load resource: net::ERR_CONNECTION_REFUSED @ http://localhost:4401/api/billing/ai-credits/summary:0
[31312414ms] [ERROR] Failed to load resource: net::ERR_CONNECTION_REFUSED @ http://localhost:4401/dashboard/alerts?limit=6:0
[31312621ms] [ERROR] Failed to load resource: net::ERR_CONNECTION_REFUSED @ http://localhost:4401/dashboard/overview:0
[31312622ms] [ERROR] Failed to load resource: net::ERR_CONNECTION_REFUSED @ http://localhost:4401/api/billing/ai-credits/summary:0
[31312622ms] [ERROR] Failed to load resource: net::ERR_CONNECTION_REFUSED @ http://localhost:4401/dashboard/alerts?limit=6:0
[31313228ms] [ERROR] Failed to load resource: net::ERR_CONNECTION_REFUSED @ http://localhost:4401/dashboard/overview:0
[31313228ms] [ERROR] Failed to load resource: net::ERR_CONNECTION_REFUSED @ http://localhost:4401/api/billing/ai-credits/summary:0
[31313228ms] [ERROR] Failed to load resource: net::ERR_CONNECTION_REFUSED @ http://localhost:4401/dashboard/alerts?limit=6:0
[31342409ms] [ERROR] Failed to load resource: net::ERR_CONNECTION_REFUSED @ http://localhost:4401/api/billing/ai-credits/summary:0
[31342613ms] [ERROR] Failed to load resource: net::ERR_CONNECTION_REFUSED @ http://localhost:4401/api/billing/ai-credits/summary:0
[31343217ms] [ERROR] Failed to load resource: net::ERR_CONNECTION_REFUSED @ http://localhost:4401/api/billing/ai-credits/summary:0
[31372411ms] [ERROR] Failed to load resource: net::ERR_CONNECTION_REFUSED @ http://localhost:4401/dashboard/overview:0
[31372411ms] [ERROR] Failed to load resource: net::ERR_CONNECTION_REFUSED @ http://localhost:4401/api/billing/ai-credits/summary:0
[31372412ms] [ERROR] Failed to load resource: net::ERR_CONNECTION_REFUSED @ http://localhost:4401/dashboard/alerts?limit=6:0
[31372618ms] [ERROR] Failed to load resource: net::ERR_CONNECTION_REFUSED @ http://localhost:4401/dashboard/overview:0
[31372618ms] [ERROR] Failed to load resource: net::ERR_CONNECTION_REFUSED @ http://localhost:4401/api/billing/ai-credits/summary:0
[31372618ms] [ERROR] Failed to load resource: net::ERR_CONNECTION_REFUSED @ http://localhost:4401/dashboard/alerts?limit=6:0
[31373223ms] [ERROR] Failed to load resource: net::ERR_CONNECTION_REFUSED @ http://localhost:4401/dashboard/overview:0
[31373224ms] [ERROR] Failed to load resource: net::ERR_CONNECTION_REFUSED @ http://localhost:4401/api/billing/ai-credits/summary:0
[31373224ms] [ERROR] Failed to load resource: net::ERR_CONNECTION_REFUSED @ http://localhost:4401/dashboard/alerts?limit=6:0
[31402409ms] [ERROR] Failed to load resource: net::ERR_CONNECTION_REFUSED @ http://localhost:4401/api/billing/ai-credits/summary:0
[31402614ms] [ERROR] Failed to load resource: net::ERR_CONNECTION_REFUSED @ http://localhost:4401/api/billing/ai-credits/summary:0
[31403218ms] [ERROR] Failed to load resource: net::ERR_CONNECTION_REFUSED @ http://localhost:4401/api/billing/ai-credits/summary:0
[31432412ms] [ERROR] Failed to load resource: net::ERR_CONNECTION_REFUSED @ http://localhost:4401/dashboard/overview:0
[31432412ms] [ERROR] Failed to load resource: net::ERR_CONNECTION_REFUSED @ http://localhost:4401/api/billing/ai-credits/summary:0
[31432412ms] [ERROR] Failed to load resource: net::ERR_CONNECTION_REFUSED @ http://localhost:4401/dashboard/alerts?limit=6:0
[31432621ms] [ERROR] Failed to load resource: net::ERR_CONNECTION_REFUSED @ http://localhost:4401/dashboard/overview:0
[31432621ms] [ERROR] Failed to load resource: net::ERR_CONNECTION_REFUSED @ http://localhost:4401/api/billing/ai-credits/summary:0
[31432621ms] [ERROR] Failed to load resource: net::ERR_CONNECTION_REFUSED @ http://localhost:4401/dashboard/alerts?limit=6:0
[31433225ms] [ERROR] Failed to load resource: net::ERR_CONNECTION_REFUSED @ http://localhost:4401/dashboard/overview:0
[31433225ms] [ERROR] Failed to load resource: net::ERR_CONNECTION_REFUSED @ http://localhost:4401/api/billing/ai-credits/summary:0
[31433225ms] [ERROR] Failed to load resource: net::ERR_CONNECTION_REFUSED @ http://localhost:4401/dashboard/alerts?limit=6:0
[31462410ms] [ERROR] Failed to load resource: net::ERR_CONNECTION_REFUSED @ http://localhost:4401/api/billing/ai-credits/summary:0
[31462616ms] [ERROR] Failed to load resource: net::ERR_CONNECTION_REFUSED @ http://localhost:4401/api/billing/ai-credits/summary:0
[31463223ms] [ERROR] Failed to load resource: net::ERR_CONNECTION_REFUSED @ http://localhost:4401/api/billing/ai-credits/summary:0
[31492412ms] [ERROR] Failed to load resource: net::ERR_CONNECTION_REFUSED @ http://localhost:4401/dashboard/overview:0
[31492412ms] [ERROR] Failed to load resource: net::ERR_CONNECTION_REFUSED @ http://localhost:4401/api/billing/ai-credits/summary:0
[31492412ms] [ERROR] Failed to load resource: net::ERR_CONNECTION_REFUSED @ http://localhost:4401/dashboard/alerts?limit=6:0
[31492619ms] [ERROR] Failed to load resource: net::ERR_CONNECTION_REFUSED @ http://localhost:4401/dashboard/overview:0
[31492620ms] [ERROR] Failed to load resource: net::ERR_CONNECTION_REFUSED @ http://localhost:4401/api/billing/ai-credits/summary:0
[31492620ms] [ERROR] Failed to load resource: net::ERR_CONNECTION_REFUSED @ http://localhost:4401/dashboard/alerts?limit=6:0
[31493226ms] [ERROR] Failed to load resource: net::ERR_CONNECTION_REFUSED @ http://localhost:4401/dashboard/overview:0
[31493226ms] [ERROR] Failed to load resource: net::ERR_CONNECTION_REFUSED @ http://localhost:4401/api/billing/ai-credits/summary:0
[31493226ms] [ERROR] Failed to load resource: net::ERR_CONNECTION_REFUSED @ http://localhost:4401/dashboard/alerts?limit=6:0
[31522411ms] [ERROR] Failed to load resource: net::ERR_CONNECTION_REFUSED @ http://localhost:4401/api/billing/ai-credits/summary:0
[31522620ms] [ERROR] Failed to load resource: net::ERR_CONNECTION_REFUSED @ http://localhost:4401/api/billing/ai-credits/summary:0
[31523225ms] [ERROR] Failed to load resource: net::ERR_CONNECTION_REFUSED @ http://localhost:4401/api/billing/ai-credits/summary:0
[31552416ms] [ERROR] Failed to load resource: net::ERR_CONNECTION_REFUSED @ http://localhost:4401/dashboard/overview:0
[31552417ms] [ERROR] Failed to load resource: net::ERR_CONNECTION_REFUSED @ http://localhost:4401/api/billing/ai-credits/summary:0
[31552417ms] [ERROR] Failed to load resource: net::ERR_CONNECTION_REFUSED @ http://localhost:4401/dashboard/alerts?limit=6:0
[31552629ms] [ERROR] Failed to load resource: net::ERR_CONNECTION_REFUSED @ http://localhost:4401/dashboard/overview:0
[31552629ms] [ERROR] Failed to load resource: net::ERR_CONNECTION_REFUSED @ http://localhost:4401/api/billing/ai-credits/summary:0
[31552629ms] [ERROR] Failed to load resource: net::ERR_CONNECTION_REFUSED @ http://localhost:4401/dashboard/alerts?limit=6:0
[31553241ms] [ERROR] Failed to load resource: net::ERR_CONNECTION_REFUSED @ http://localhost:4401/dashboard/overview:0
[31553241ms] [ERROR] Failed to load resource: net::ERR_CONNECTION_REFUSED @ http://localhost:4401/api/billing/ai-credits/summary:0
[31553241ms] [ERROR] Failed to load resource: net::ERR_CONNECTION_REFUSED @ http://localhost:4401/dashboard/alerts?limit=6:0
[31582513ms] [ERROR] Failed to load resource: net::ERR_CONNECTION_REFUSED @ http://localhost:4401/api/billing/ai-credits/summary:0
[31582729ms] [ERROR] Failed to load resource: net::ERR_CONNECTION_REFUSED @ http://localhost:4401/api/billing/ai-credits/summary:0
[31583335ms] [ERROR] Failed to load resource: net::ERR_CONNECTION_REFUSED @ http://localhost:4401/api/billing/ai-credits/summary:0
[31612418ms] [ERROR] Failed to load resource: net::ERR_CONNECTION_REFUSED @ http://localhost:4401/dashboard/overview:0
[31612418ms] [ERROR] Failed to load resource: net::ERR_CONNECTION_REFUSED @ http://localhost:4401/api/billing/ai-credits/summary:0
[31612418ms] [ERROR] Failed to load resource: net::ERR_CONNECTION_REFUSED @ http://localhost:4401/dashboard/alerts?limit=6:0
[31612628ms] [ERROR] Failed to load resource: net::ERR_CONNECTION_REFUSED @ http://localhost:4401/dashboard/overview:0
[31612628ms] [ERROR] Failed to load resource: net::ERR_CONNECTION_REFUSED @ http://localhost:4401/api/billing/ai-credits/summary:0
[31612629ms] [ERROR] Failed to load resource: net::ERR_CONNECTION_REFUSED @ http://localhost:4401/dashboard/alerts?limit=6:0
[31613239ms] [ERROR] Failed to load resource: net::ERR_CONNECTION_REFUSED @ http://localhost:4401/dashboard/overview:0
[31613240ms] [ERROR] Failed to load resource: net::ERR_CONNECTION_REFUSED @ http://localhost:4401/api/billing/ai-credits/summary:0
[31613240ms] [ERROR] Failed to load resource: net::ERR_CONNECTION_REFUSED @ http://localhost:4401/dashboard/alerts?limit=6:0
[31642411ms] [ERROR] Failed to load resource: net::ERR_CONNECTION_REFUSED @ http://localhost:4401/api/billing/ai-credits/summary:0
[31642614ms] [ERROR] Failed to load resource: net::ERR_CONNECTION_REFUSED @ http://localhost:4401/api/billing/ai-credits/summary:0
[31643220ms] [ERROR] Failed to load resource: net::ERR_CONNECTION_REFUSED @ http://localhost:4401/api/billing/ai-credits/summary:0
[31672413ms] [ERROR] Failed to load resource: net::ERR_CONNECTION_REFUSED @ http://localhost:4401/dashboard/overview:0
[31672413ms] [ERROR] Failed to load resource: net::ERR_CONNECTION_REFUSED @ http://localhost:4401/api/billing/ai-credits/summary:0
[31672414ms] [ERROR] Failed to load resource: net::ERR_CONNECTION_REFUSED @ http://localhost:4401/dashboard/alerts?limit=6:0
[31672624ms] [ERROR] Failed to load resource: net::ERR_CONNECTION_REFUSED @ http://localhost:4401/dashboard/overview:0
[31672625ms] [ERROR] Failed to load resource: net::ERR_CONNECTION_REFUSED @ http://localhost:4401/api/billing/ai-credits/summary:0
[31672625ms] [ERROR] Failed to load resource: net::ERR_CONNECTION_REFUSED @ http://localhost:4401/dashboard/alerts?limit=6:0
[31673234ms] [ERROR] Failed to load resource: net::ERR_CONNECTION_REFUSED @ http://localhost:4401/dashboard/overview:0
[31673235ms] [ERROR] Failed to load resource: net::ERR_CONNECTION_REFUSED @ http://localhost:4401/api/billing/ai-credits/summary:0
[31673235ms] [ERROR] Failed to load resource: net::ERR_CONNECTION_REFUSED @ http://localhost:4401/dashboard/alerts?limit=6:0
[31702412ms] [ERROR] Failed to load resource: net::ERR_CONNECTION_REFUSED @ http://localhost:4401/api/billing/ai-credits/summary:0
[31702619ms] [ERROR] Failed to load resource: net::ERR_CONNECTION_REFUSED @ http://localhost:4401/api/billing/ai-credits/summary:0
[31703227ms] [ERROR] Failed to load resource: net::ERR_CONNECTION_REFUSED @ http://localhost:4401/api/billing/ai-credits/summary:0
[31732420ms] [ERROR] Failed to load resource: net::ERR_CONNECTION_REFUSED @ http://localhost:4401/dashboard/overview:0
[31732420ms] [ERROR] Failed to load resource: net::ERR_CONNECTION_REFUSED @ http://localhost:4401/api/billing/ai-credits/summary:0
[31732420ms] [ERROR] Failed to load resource: net::ERR_CONNECTION_REFUSED @ http://localhost:4401/dashboard/alerts?limit=6:0
[31732632ms] [ERROR] Failed to load resource: net::ERR_CONNECTION_REFUSED @ http://localhost:4401/dashboard/overview:0
[31732632ms] [ERROR] Failed to load resource: net::ERR_CONNECTION_REFUSED @ http://localhost:4401/api/billing/ai-credits/summary:0
[31732632ms] [ERROR] Failed to load resource: net::ERR_CONNECTION_REFUSED @ http://localhost:4401/dashboard/alerts?limit=6:0
[31733237ms] [ERROR] Failed to load resource: net::ERR_CONNECTION_REFUSED @ http://localhost:4401/dashboard/overview:0
[31733237ms] [ERROR] Failed to load resource: net::ERR_CONNECTION_REFUSED @ http://localhost:4401/api/billing/ai-credits/summary:0
[31733237ms] [ERROR] Failed to load resource: net::ERR_CONNECTION_REFUSED @ http://localhost:4401/dashboard/alerts?limit=6:0
[31762415ms] [ERROR] Failed to load resource: net::ERR_CONNECTION_REFUSED @ http://localhost:4401/api/billing/ai-credits/summary:0
[31762624ms] [ERROR] Failed to load resource: net::ERR_CONNECTION_REFUSED @ http://localhost:4401/api/billing/ai-credits/summary:0
[31763230ms] [ERROR] Failed to load resource: net::ERR_CONNECTION_REFUSED @ http://localhost:4401/api/billing/ai-credits/summary:0
[31792421ms] [ERROR] Failed to load resource: net::ERR_CONNECTION_REFUSED @ http://localhost:4401/dashboard/overview:0
[31792422ms] [ERROR] Failed to load resource: net::ERR_CONNECTION_REFUSED @ http://localhost:4401/api/billing/ai-credits/summary:0
[31792422ms] [ERROR] Failed to load resource: net::ERR_CONNECTION_REFUSED @ http://localhost:4401/dashboard/alerts?limit=6:0
[31792629ms] [ERROR] Failed to load resource: net::ERR_CONNECTION_REFUSED @ http://localhost:4401/dashboard/overview:0
[31792629ms] [ERROR] Failed to load resource: net::ERR_CONNECTION_REFUSED @ http://localhost:4401/api/billing/ai-credits/summary:0
[31792630ms] [ERROR] Failed to load resource: net::ERR_CONNECTION_REFUSED @ http://localhost:4401/dashboard/alerts?limit=6:0
[31793240ms] [ERROR] Failed to load resource: net::ERR_CONNECTION_REFUSED @ http://localhost:4401/dashboard/overview:0
[31793240ms] [ERROR] Failed to load resource: net::ERR_CONNECTION_REFUSED @ http://localhost:4401/api/billing/ai-credits/summary:0
[31793240ms] [ERROR] Failed to load resource: net::ERR_CONNECTION_REFUSED @ http://localhost:4401/dashboard/alerts?limit=6:0
[31822419ms] [ERROR] Failed to load resource: net::ERR_CONNECTION_REFUSED @ http://localhost:4401/api/billing/ai-credits/summary:0
[31822625ms] [ERROR] Failed to load resource: net::ERR_CONNECTION_REFUSED @ http://localhost:4401/api/billing/ai-credits/summary:0
[31823228ms] [ERROR] Failed to load resource: net::ERR_CONNECTION_REFUSED @ http://localhost:4401/api/billing/ai-credits/summary:0
[31852423ms] [ERROR] Failed to load resource: net::ERR_CONNECTION_REFUSED @ http://localhost:4401/dashboard/overview:0
[31852423ms] [ERROR] Failed to load resource: net::ERR_CONNECTION_REFUSED @ http://localhost:4401/api/billing/ai-credits/summary:0
[31852423ms] [ERROR] Failed to load resource: net::ERR_CONNECTION_REFUSED @ http://localhost:4401/dashboard/alerts?limit=6:0
[31852629ms] [ERROR] Failed to load resource: net::ERR_CONNECTION_REFUSED @ http://localhost:4401/dashboard/overview:0
[31852630ms] [ERROR] Failed to load resource: net::ERR_CONNECTION_REFUSED @ http://localhost:4401/api/billing/ai-credits/summary:0
[31852630ms] [ERROR] Failed to load resource: net::ERR_CONNECTION_REFUSED @ http://localhost:4401/dashboard/alerts?limit=6:0
[31853240ms] [ERROR] Failed to load resource: net::ERR_CONNECTION_REFUSED @ http://localhost:4401/dashboard/overview:0
[31853241ms] [ERROR] Failed to load resource: net::ERR_CONNECTION_REFUSED @ http://localhost:4401/api/billing/ai-credits/summary:0
[31853241ms] [ERROR] Failed to load resource: net::ERR_CONNECTION_REFUSED @ http://localhost:4401/dashboard/alerts?limit=6:0
[31882418ms] [ERROR] Failed to load resource: net::ERR_CONNECTION_REFUSED @ http://localhost:4401/api/billing/ai-credits/summary:0
[31882624ms] [ERROR] Failed to load resource: net::ERR_CONNECTION_REFUSED @ http://localhost:4401/api/billing/ai-credits/summary:0
[31883232ms] [ERROR] Failed to load resource: net::ERR_CONNECTION_REFUSED @ http://localhost:4401/api/billing/ai-credits/summary:0
[31912431ms] [ERROR] Failed to load resource: net::ERR_CONNECTION_REFUSED @ http://localhost:4401/dashboard/overview:0
[31912431ms] [ERROR] Failed to load resource: net::ERR_CONNECTION_REFUSED @ http://localhost:4401/api/billing/ai-credits/summary:0
[31912431ms] [ERROR] Failed to load resource: net::ERR_CONNECTION_REFUSED @ http://localhost:4401/dashboard/alerts?limit=6:0
[31912643ms] [ERROR] Failed to load resource: net::ERR_CONNECTION_REFUSED @ http://localhost:4401/dashboard/overview:0
[31912643ms] [ERROR] Failed to load resource: net::ERR_CONNECTION_REFUSED @ http://localhost:4401/api/billing/ai-credits/summary:0
[31912643ms] [ERROR] Failed to load resource: net::ERR_CONNECTION_REFUSED @ http://localhost:4401/dashboard/alerts?limit=6:0
[31913247ms] [ERROR] Failed to load resource: net::ERR_CONNECTION_REFUSED @ http://localhost:4401/dashboard/overview:0
[31913247ms] [ERROR] Failed to load resource: net::ERR_CONNECTION_REFUSED @ http://localhost:4401/api/billing/ai-credits/summary:0
[31913247ms] [ERROR] Failed to load resource: net::ERR_CONNECTION_REFUSED @ http://localhost:4401/dashboard/alerts?limit=6:0
[31942420ms] [ERROR] Failed to load resource: net::ERR_CONNECTION_REFUSED @ http://localhost:4401/api/billing/ai-credits/summary:0
[31942629ms] [ERROR] Failed to load resource: net::ERR_CONNECTION_REFUSED @ http://localhost:4401/api/billing/ai-credits/summary:0
[31943236ms] [ERROR] Failed to load resource: net::ERR_CONNECTION_REFUSED @ http://localhost:4401/api/billing/ai-credits/summary:0
[31972427ms] [ERROR] Failed to load resource: net::ERR_CONNECTION_REFUSED @ http://localhost:4401/dashboard/overview:0
[31972427ms] [ERROR] Failed to load resource: net::ERR_CONNECTION_REFUSED @ http://localhost:4401/api/billing/ai-credits/summary:0
[31972427ms] [ERROR] Failed to load resource: net::ERR_CONNECTION_REFUSED @ http://localhost:4401/dashboard/alerts?limit=6:0
[31972636ms] [ERROR] Failed to load resource: net::ERR_CONNECTION_REFUSED @ http://localhost:4401/dashboard/overview:0
[31972636ms] [ERROR] Failed to load resource: net::ERR_CONNECTION_REFUSED @ http://localhost:4401/api/billing/ai-credits/summary:0
[31972636ms] [ERROR] Failed to load resource: net::ERR_CONNECTION_REFUSED @ http://localhost:4401/dashboard/alerts?limit=6:0
[31973243ms] [ERROR] Failed to load resource: net::ERR_CONNECTION_REFUSED @ http://localhost:4401/dashboard/overview:0
[31973244ms] [ERROR] Failed to load resource: net::ERR_CONNECTION_REFUSED @ http://localhost:4401/api/billing/ai-credits/summary:0
[31973244ms] [ERROR] Failed to load resource: net::ERR_CONNECTION_REFUSED @ http://localhost:4401/dashboard/alerts?limit=6:0
[32002418ms] [ERROR] Failed to load resource: net::ERR_CONNECTION_REFUSED @ http://localhost:4401/api/billing/ai-credits/summary:0
[32002625ms] [ERROR] Failed to load resource: net::ERR_CONNECTION_REFUSED @ http://localhost:4401/api/billing/ai-credits/summary:0
[32003232ms] [ERROR] Failed to load resource: net::ERR_CONNECTION_REFUSED @ http://localhost:4401/api/billing/ai-credits/summary:0
[32032426ms] [ERROR] Failed to load resource: net::ERR_CONNECTION_REFUSED @ http://localhost:4401/dashboard/overview:0
[32032426ms] [ERROR] Failed to load resource: net::ERR_CONNECTION_REFUSED @ http://localhost:4401/api/billing/ai-credits/summary:0
[32032426ms] [ERROR] Failed to load resource: net::ERR_CONNECTION_REFUSED @ http://localhost:4401/dashboard/alerts?limit=6:0
[32032636ms] [ERROR] Failed to load resource: net::ERR_CONNECTION_REFUSED @ http://localhost:4401/dashboard/overview:0
[32032636ms] [ERROR] Failed to load resource: net::ERR_CONNECTION_REFUSED @ http://localhost:4401/api/billing/ai-credits/summary:0
[32032637ms] [ERROR] Failed to load resource: net::ERR_CONNECTION_REFUSED @ http://localhost:4401/dashboard/alerts?limit=6:0
[32033241ms] [ERROR] Failed to load resource: net::ERR_CONNECTION_REFUSED @ http://localhost:4401/dashboard/overview:0
[32033242ms] [ERROR] Failed to load resource: net::ERR_CONNECTION_REFUSED @ http://localhost:4401/api/billing/ai-credits/summary:0
[32033242ms] [ERROR] Failed to load resource: net::ERR_CONNECTION_REFUSED @ http://localhost:4401/dashboard/alerts?limit=6:0
[32062420ms] [ERROR] Failed to load resource: net::ERR_CONNECTION_REFUSED @ http://localhost:4401/api/billing/ai-credits/summary:0
[32062627ms] [ERROR] Failed to load resource: net::ERR_CONNECTION_REFUSED @ http://localhost:4401/api/billing/ai-credits/summary:0
[32063234ms] [ERROR] Failed to load resource: net::ERR_CONNECTION_REFUSED @ http://localhost:4401/api/billing/ai-credits/summary:0
[32092420ms] [ERROR] Failed to load resource: net::ERR_CONNECTION_REFUSED @ http://localhost:4401/dashboard/overview:0
[32092420ms] [ERROR] Failed to load resource: net::ERR_CONNECTION_REFUSED @ http://localhost:4401/api/billing/ai-credits/summary:0
[32092420ms] [ERROR] Failed to load resource: net::ERR_CONNECTION_REFUSED @ http://localhost:4401/dashboard/alerts?limit=6:0
[32092632ms] [ERROR] Failed to load resource: net::ERR_CONNECTION_REFUSED @ http://localhost:4401/dashboard/overview:0
[32092632ms] [ERROR] Failed to load resource: net::ERR_CONNECTION_REFUSED @ http://localhost:4401/api/billing/ai-credits/summary:0
[32092632ms] [ERROR] Failed to load resource: net::ERR_CONNECTION_REFUSED @ http://localhost:4401/dashboard/alerts?limit=6:0
[32093243ms] [ERROR] Failed to load resource: net::ERR_CONNECTION_REFUSED @ http://localhost:4401/dashboard/overview:0
[32093243ms] [ERROR] Failed to load resource: net::ERR_CONNECTION_REFUSED @ http://localhost:4401/api/billing/ai-credits/summary:0
[32093243ms] [ERROR] Failed to load resource: net::ERR_CONNECTION_REFUSED @ http://localhost:4401/dashboard/alerts?limit=6:0
[32122423ms] [ERROR] Failed to load resource: net::ERR_CONNECTION_REFUSED @ http://localhost:4401/api/billing/ai-credits/summary:0
[32122637ms] [ERROR] Failed to load resource: net::ERR_CONNECTION_REFUSED @ http://localhost:4401/api/billing/ai-credits/summary:0
[32123246ms] [ERROR] Failed to load resource: net::ERR_CONNECTION_REFUSED @ http://localhost:4401/api/billing/ai-credits/summary:0
[32152427ms] [ERROR] Failed to load resource: net::ERR_CONNECTION_REFUSED @ http://localhost:4401/dashboard/overview:0
[32152427ms] [ERROR] Failed to load resource: net::ERR_CONNECTION_REFUSED @ http://localhost:4401/api/billing/ai-credits/summary:0
[32152428ms] [ERROR] Failed to load resource: net::ERR_CONNECTION_REFUSED @ http://localhost:4401/dashboard/alerts?limit=6:0
[32152637ms] [ERROR] Failed to load resource: net::ERR_CONNECTION_REFUSED @ http://localhost:4401/dashboard/overview:0
[32152637ms] [ERROR] Failed to load resource: net::ERR_CONNECTION_REFUSED @ http://localhost:4401/api/billing/ai-credits/summary:0
[32152639ms] [ERROR] Failed to load resource: net::ERR_CONNECTION_REFUSED @ http://localhost:4401/dashboard/alerts?limit=6:0
[32153246ms] [ERROR] Failed to load resource: net::ERR_CONNECTION_REFUSED @ http://localhost:4401/dashboard/overview:0
[32153247ms] [ERROR] Failed to load resource: net::ERR_CONNECTION_REFUSED @ http://localhost:4401/api/billing/ai-credits/summary:0
[32153247ms] [ERROR] Failed to load resource: net::ERR_CONNECTION_REFUSED @ http://localhost:4401/dashboard/alerts?limit=6:0
[32182425ms] [ERROR] Failed to load resource: net::ERR_CONNECTION_REFUSED @ http://localhost:4401/api/billing/ai-credits/summary:0
[32182632ms] [ERROR] Failed to load resource: net::ERR_CONNECTION_REFUSED @ http://localhost:4401/api/billing/ai-credits/summary:0
[32183240ms] [ERROR] Failed to load resource: net::ERR_CONNECTION_REFUSED @ http://localhost:4401/api/billing/ai-credits/summary:0
[32212426ms] [ERROR] Failed to load resource: net::ERR_CONNECTION_REFUSED @ http://localhost:4401/dashboard/overview:0
[32212427ms] [ERROR] Failed to load resource: net::ERR_CONNECTION_REFUSED @ http://localhost:4401/api/billing/ai-credits/summary:0
[32212427ms] [ERROR] Failed to load resource: net::ERR_CONNECTION_REFUSED @ http://localhost:4401/dashboard/alerts?limit=6:0
[32212637ms] [ERROR] Failed to load resource: net::ERR_CONNECTION_REFUSED @ http://localhost:4401/dashboard/overview:0
[32212638ms] [ERROR] Failed to load resource: net::ERR_CONNECTION_REFUSED @ http://localhost:4401/api/billing/ai-credits/summary:0
[32212638ms] [ERROR] Failed to load resource: net::ERR_CONNECTION_REFUSED @ http://localhost:4401/dashboard/alerts?limit=6:0
[32213242ms] [ERROR] Failed to load resource: net::ERR_CONNECTION_REFUSED @ http://localhost:4401/dashboard/overview:0
[32213242ms] [ERROR] Failed to load resource: net::ERR_CONNECTION_REFUSED @ http://localhost:4401/api/billing/ai-credits/summary:0
[32213243ms] [ERROR] Failed to load resource: net::ERR_CONNECTION_REFUSED @ http://localhost:4401/dashboard/alerts?limit=6:0
[32242421ms] [ERROR] Failed to load resource: net::ERR_CONNECTION_REFUSED @ http://localhost:4401/api/billing/ai-credits/summary:0
[32242625ms] [ERROR] Failed to load resource: net::ERR_CONNECTION_REFUSED @ http://localhost:4401/api/billing/ai-credits/summary:0
[32243231ms] [ERROR] Failed to load resource: net::ERR_CONNECTION_REFUSED @ http://localhost:4401/api/billing/ai-credits/summary:0
[32272429ms] [ERROR] Failed to load resource: net::ERR_CONNECTION_REFUSED @ http://localhost:4401/dashboard/overview:0
[32272429ms] [ERROR] Failed to load resource: net::ERR_CONNECTION_REFUSED @ http://localhost:4401/api/billing/ai-credits/summary:0
[32272430ms] [ERROR] Failed to load resource: net::ERR_CONNECTION_REFUSED @ http://localhost:4401/dashboard/alerts?limit=6:0
[32272640ms] [ERROR] Failed to load resource: net::ERR_CONNECTION_REFUSED @ http://localhost:4401/dashboard/overview:0
[32272640ms] [ERROR] Failed to load resource: net::ERR_CONNECTION_REFUSED @ http://localhost:4401/api/billing/ai-credits/summary:0
[32272641ms] [ERROR] Failed to load resource: net::ERR_CONNECTION_REFUSED @ http://localhost:4401/dashboard/alerts?limit=6:0
[32273244ms] [ERROR] Failed to load resource: net::ERR_CONNECTION_REFUSED @ http://localhost:4401/dashboard/overview:0
[32273244ms] [ERROR] Failed to load resource: net::ERR_CONNECTION_REFUSED @ http://localhost:4401/api/billing/ai-credits/summary:0
[32273244ms] [ERROR] Failed to load resource: net::ERR_CONNECTION_REFUSED @ http://localhost:4401/dashboard/alerts?limit=6:0
[32302425ms] [ERROR] Failed to load resource: net::ERR_CONNECTION_REFUSED @ http://localhost:4401/api/billing/ai-credits/summary:0
[32302631ms] [ERROR] Failed to load resource: net::ERR_CONNECTION_REFUSED @ http://localhost:4401/api/billing/ai-credits/summary:0
[32303238ms] [ERROR] Failed to load resource: net::ERR_CONNECTION_REFUSED @ http://localhost:4401/api/billing/ai-credits/summary:0
[32332430ms] [ERROR] Failed to load resource: net::ERR_CONNECTION_REFUSED @ http://localhost:4401/dashboard/overview:0
[32332430ms] [ERROR] Failed to load resource: net::ERR_CONNECTION_REFUSED @ http://localhost:4401/api/billing/ai-credits/summary:0
[32332430ms] [ERROR] Failed to load resource: net::ERR_CONNECTION_REFUSED @ http://localhost:4401/dashboard/alerts?limit=6:0
[32332639ms] [ERROR] Failed to load resource: net::ERR_CONNECTION_REFUSED @ http://localhost:4401/api/billing/ai-credits/summary:0
[32332640ms] [ERROR] Failed to load resource: net::ERR_CONNECTION_REFUSED @ http://localhost:4401/dashboard/overview:0
[32332641ms] [ERROR] Failed to load resource: net::ERR_CONNECTION_REFUSED @ http://localhost:4401/dashboard/alerts?limit=6:0
[32333249ms] [ERROR] Failed to load resource: net::ERR_CONNECTION_REFUSED @ http://localhost:4401/api/billing/ai-credits/summary:0
[32333250ms] [ERROR] Failed to load resource: net::ERR_CONNECTION_REFUSED @ http://localhost:4401/dashboard/overview:0
[32333250ms] [ERROR] Failed to load resource: net::ERR_CONNECTION_REFUSED @ http://localhost:4401/dashboard/alerts?limit=6:0
[32362425ms] [ERROR] Failed to load resource: net::ERR_CONNECTION_REFUSED @ http://localhost:4401/api/billing/ai-credits/summary:0
[32362633ms] [ERROR] Failed to load resource: net::ERR_CONNECTION_REFUSED @ http://localhost:4401/api/billing/ai-credits/summary:0
[32363240ms] [ERROR] Failed to load resource: net::ERR_CONNECTION_REFUSED @ http://localhost:4401/api/billing/ai-credits/summary:0
[32392427ms] [ERROR] Failed to load resource: net::ERR_CONNECTION_REFUSED @ http://localhost:4401/dashboard/overview:0
[32392429ms] [ERROR] Failed to load resource: net::ERR_CONNECTION_REFUSED @ http://localhost:4401/api/billing/ai-credits/summary:0
[32392430ms] [ERROR] Failed to load resource: net::ERR_CONNECTION_REFUSED @ http://localhost:4401/dashboard/alerts?limit=6:0
[32392633ms] [ERROR] Failed to load resource: net::ERR_CONNECTION_REFUSED @ http://localhost:4401/dashboard/overview:0
[32392637ms] [ERROR] Failed to load resource: net::ERR_CONNECTION_REFUSED @ http://localhost:4401/api/billing/ai-credits/summary:0
[32392637ms] [ERROR] Failed to load resource: net::ERR_CONNECTION_REFUSED @ http://localhost:4401/dashboard/alerts?limit=6:0
[32393240ms] [ERROR] Failed to load resource: net::ERR_CONNECTION_REFUSED @ http://localhost:4401/dashboard/overview:0
[32393244ms] [ERROR] Failed to load resource: net::ERR_CONNECTION_REFUSED @ http://localhost:4401/api/billing/ai-credits/summary:0
[32393244ms] [ERROR] Failed to load resource: net::ERR_CONNECTION_REFUSED @ http://localhost:4401/dashboard/alerts?limit=6:0
[32422429ms] [ERROR] Failed to load resource: net::ERR_CONNECTION_REFUSED @ http://localhost:4401/api/billing/ai-credits/summary:0
[32422635ms] [ERROR] Failed to load resource: net::ERR_CONNECTION_REFUSED @ http://localhost:4401/api/billing/ai-credits/summary:0
[32423241ms] [ERROR] Failed to load resource: net::ERR_CONNECTION_REFUSED @ http://localhost:4401/api/billing/ai-credits/summary:0
[32452433ms] [ERROR] Failed to load resource: net::ERR_CONNECTION_REFUSED @ http://localhost:4401/dashboard/overview:0
[32452433ms] [ERROR] Failed to load resource: net::ERR_CONNECTION_REFUSED @ http://localhost:4401/api/billing/ai-credits/summary:0
[32452434ms] [ERROR] Failed to load resource: net::ERR_CONNECTION_REFUSED @ http://localhost:4401/dashboard/alerts?limit=6:0
[32452643ms] [ERROR] Failed to load resource: net::ERR_CONNECTION_REFUSED @ http://localhost:4401/dashboard/overview:0
[32452643ms] [ERROR] Failed to load resource: net::ERR_CONNECTION_REFUSED @ http://localhost:4401/api/billing/ai-credits/summary:0
[32452643ms] [ERROR] Failed to load resource: net::ERR_CONNECTION_REFUSED @ http://localhost:4401/dashboard/alerts?limit=6:0
[32453248ms] [ERROR] Failed to load resource: net::ERR_CONNECTION_REFUSED @ http://localhost:4401/dashboard/overview:0
[32453249ms] [ERROR] Failed to load resource: net::ERR_CONNECTION_REFUSED @ http://localhost:4401/api/billing/ai-credits/summary:0
[32453249ms] [ERROR] Failed to load resource: net::ERR_CONNECTION_REFUSED @ http://localhost:4401/dashboard/alerts?limit=6:0
[32482427ms] [ERROR] Failed to load resource: net::ERR_CONNECTION_REFUSED @ http://localhost:4401/api/billing/ai-credits/summary:0
[32482635ms] [ERROR] Failed to load resource: net::ERR_CONNECTION_REFUSED @ http://localhost:4401/api/billing/ai-credits/summary:0
[32483238ms] [ERROR] Failed to load resource: net::ERR_CONNECTION_REFUSED @ http://localhost:4401/api/billing/ai-credits/summary:0
[32512433ms] [ERROR] Failed to load resource: net::ERR_CONNECTION_REFUSED @ http://localhost:4401/dashboard/overview:0
[32512433ms] [ERROR] Failed to load resource: net::ERR_CONNECTION_REFUSED @ http://localhost:4401/api/billing/ai-credits/summary:0
[32512433ms] [ERROR] Failed to load resource: net::ERR_CONNECTION_REFUSED @ http://localhost:4401/dashboard/alerts?limit=6:0
[32512643ms] [ERROR] Failed to load resource: net::ERR_CONNECTION_REFUSED @ http://localhost:4401/dashboard/alerts?limit=6:0
[32512644ms] [ERROR] Failed to load resource: net::ERR_CONNECTION_REFUSED @ http://localhost:4401/dashboard/overview:0
[32512644ms] [ERROR] Failed to load resource: net::ERR_CONNECTION_REFUSED @ http://localhost:4401/api/billing/ai-credits/summary:0
[32513250ms] [ERROR] Failed to load resource: net::ERR_CONNECTION_REFUSED @ http://localhost:4401/dashboard/alerts?limit=6:0
[32513251ms] [ERROR] Failed to load resource: net::ERR_CONNECTION_REFUSED @ http://localhost:4401/dashboard/overview:0
[32513251ms] [ERROR] Failed to load resource: net::ERR_CONNECTION_REFUSED @ http://localhost:4401/api/billing/ai-credits/summary:0
[32542431ms] [ERROR] Failed to load resource: net::ERR_CONNECTION_REFUSED @ http://localhost:4401/api/billing/ai-credits/summary:0
[32542640ms] [ERROR] Failed to load resource: net::ERR_CONNECTION_REFUSED @ http://localhost:4401/api/billing/ai-credits/summary:0
[32543246ms] [ERROR] Failed to load resource: net::ERR_CONNECTION_REFUSED @ http://localhost:4401/api/billing/ai-credits/summary:0
[32572432ms] [ERROR] Failed to load resource: net::ERR_CONNECTION_REFUSED @ http://localhost:4401/dashboard/overview:0
[32572432ms] [ERROR] Failed to load resource: net::ERR_CONNECTION_REFUSED @ http://localhost:4401/api/billing/ai-credits/summary:0
[32572432ms] [ERROR] Failed to load resource: net::ERR_CONNECTION_REFUSED @ http://localhost:4401/dashboard/alerts?limit=6:0
[32572642ms] [ERROR] Failed to load resource: net::ERR_CONNECTION_REFUSED @ http://localhost:4401/dashboard/overview:0
[32572643ms] [ERROR] Failed to load resource: net::ERR_CONNECTION_REFUSED @ http://localhost:4401/api/billing/ai-credits/summary:0
[32572643ms] [ERROR] Failed to load resource: net::ERR_CONNECTION_REFUSED @ http://localhost:4401/dashboard/alerts?limit=6:0
[32573251ms] [ERROR] Failed to load resource: net::ERR_CONNECTION_REFUSED @ http://localhost:4401/dashboard/overview:0
[32573252ms] [ERROR] Failed to load resource: net::ERR_CONNECTION_REFUSED @ http://localhost:4401/api/billing/ai-credits/summary:0
[32573252ms] [ERROR] Failed to load resource: net::ERR_CONNECTION_REFUSED @ http://localhost:4401/dashboard/alerts?limit=6:0
[32602428ms] [ERROR] Failed to load resource: net::ERR_CONNECTION_REFUSED @ http://localhost:4401/api/billing/ai-credits/summary:0
[32602636ms] [ERROR] Failed to load resource: net::ERR_CONNECTION_REFUSED @ http://localhost:4401/api/billing/ai-credits/summary:0
[32603244ms] [ERROR] Failed to load resource: net::ERR_CONNECTION_REFUSED @ http://localhost:4401/api/billing/ai-credits/summary:0
[32632404ms] [ERROR] Failed to load resource: net::ERR_CONNECTION_REFUSED @ http://localhost:4401/dashboard/overview:0
[32632404ms] [ERROR] Failed to load resource: net::ERR_CONNECTION_REFUSED @ http://localhost:4401/api/billing/ai-credits/summary:0
[32632405ms] [ERROR] Failed to load resource: net::ERR_CONNECTION_REFUSED @ http://localhost:4401/dashboard/alerts?limit=6:0
[32632607ms] [ERROR] Failed to load resource: net::ERR_CONNECTION_REFUSED @ http://localhost:4401/dashboard/overview:0
[32632608ms] [ERROR] Failed to load resource: net::ERR_CONNECTION_REFUSED @ http://localhost:4401/api/billing/ai-credits/summary:0
[32632608ms] [ERROR] Failed to load resource: net::ERR_CONNECTION_REFUSED @ http://localhost:4401/dashboard/alerts?limit=6:0
[32633216ms] [ERROR] Failed to load resource: net::ERR_CONNECTION_REFUSED @ http://localhost:4401/dashboard/alerts?limit=6:0
[32633216ms] [ERROR] Failed to load resource: net::ERR_CONNECTION_REFUSED @ http://localhost:4401/dashboard/overview:0
[32633216ms] [ERROR] Failed to load resource: net::ERR_CONNECTION_REFUSED @ http://localhost:4401/api/billing/ai-credits/summary:0
[32662385ms] [ERROR] Failed to load resource: net::ERR_CONNECTION_REFUSED @ http://localhost:4401/api/billing/ai-credits/summary:0
[32662593ms] [ERROR] Failed to load resource: net::ERR_CONNECTION_REFUSED @ http://localhost:4401/api/billing/ai-credits/summary:0
[32663204ms] [ERROR] Failed to load resource: net::ERR_CONNECTION_REFUSED @ http://localhost:4401/api/billing/ai-credits/summary:0
[32692388ms] [ERROR] Failed to load resource: net::ERR_CONNECTION_REFUSED @ http://localhost:4401/dashboard/overview:0
[32692388ms] [ERROR] Failed to load resource: net::ERR_CONNECTION_REFUSED @ http://localhost:4401/api/billing/ai-credits/summary:0
[32692388ms] [ERROR] Failed to load resource: net::ERR_CONNECTION_REFUSED @ http://localhost:4401/dashboard/alerts?limit=6:0
[32692595ms] [ERROR] Failed to load resource: net::ERR_CONNECTION_REFUSED @ http://localhost:4401/dashboard/overview:0
[32692596ms] [ERROR] Failed to load resource: net::ERR_CONNECTION_REFUSED @ http://localhost:4401/api/billing/ai-credits/summary:0
[32692596ms] [ERROR] Failed to load resource: net::ERR_CONNECTION_REFUSED @ http://localhost:4401/dashboard/alerts?limit=6:0
[32693206ms] [ERROR] Failed to load resource: net::ERR_CONNECTION_REFUSED @ http://localhost:4401/dashboard/overview:0
[32693206ms] [ERROR] Failed to load resource: net::ERR_CONNECTION_REFUSED @ http://localhost:4401/api/billing/ai-credits/summary:0
[32693207ms] [ERROR] Failed to load resource: net::ERR_CONNECTION_REFUSED @ http://localhost:4401/dashboard/alerts?limit=6:0
[32722384ms] [ERROR] Failed to load resource: net::ERR_CONNECTION_REFUSED @ http://localhost:4401/api/billing/ai-credits/summary:0
[32722590ms] [ERROR] Failed to load resource: net::ERR_CONNECTION_REFUSED @ http://localhost:4401/api/billing/ai-credits/summary:0
[32723198ms] [ERROR] Failed to load resource: net::ERR_CONNECTION_REFUSED @ http://localhost:4401/api/billing/ai-credits/summary:0
[32752383ms] [ERROR] Failed to load resource: net::ERR_CONNECTION_REFUSED @ http://localhost:4401/dashboard/overview:0
[32752383ms] [ERROR] Failed to load resource: net::ERR_CONNECTION_REFUSED @ http://localhost:4401/api/billing/ai-credits/summary:0
[32752384ms] [ERROR] Failed to load resource: net::ERR_CONNECTION_REFUSED @ http://localhost:4401/dashboard/alerts?limit=6:0
[32752594ms] [ERROR] Failed to load resource: net::ERR_CONNECTION_REFUSED @ http://localhost:4401/dashboard/overview:0
[32752594ms] [ERROR] Failed to load resource: net::ERR_CONNECTION_REFUSED @ http://localhost:4401/api/billing/ai-credits/summary:0
[32752594ms] [ERROR] Failed to load resource: net::ERR_CONNECTION_REFUSED @ http://localhost:4401/dashboard/alerts?limit=6:0
[32753206ms] [ERROR] Failed to load resource: net::ERR_CONNECTION_REFUSED @ http://localhost:4401/dashboard/overview:0
[32753206ms] [ERROR] Failed to load resource: net::ERR_CONNECTION_REFUSED @ http://localhost:4401/api/billing/ai-credits/summary:0
[32753206ms] [ERROR] Failed to load resource: net::ERR_CONNECTION_REFUSED @ http://localhost:4401/dashboard/alerts?limit=6:0
[32782383ms] [ERROR] Failed to load resource: net::ERR_CONNECTION_REFUSED @ http://localhost:4401/api/billing/ai-credits/summary:0
[32782592ms] [ERROR] Failed to load resource: net::ERR_CONNECTION_REFUSED @ http://localhost:4401/api/billing/ai-credits/summary:0
[32783201ms] [ERROR] Failed to load resource: net::ERR_CONNECTION_REFUSED @ http://localhost:4401/api/billing/ai-credits/summary:0
[32812384ms] [ERROR] Failed to load resource: net::ERR_CONNECTION_REFUSED @ http://localhost:4401/dashboard/overview:0
[32812384ms] [ERROR] Failed to load resource: net::ERR_CONNECTION_REFUSED @ http://localhost:4401/api/billing/ai-credits/summary:0
[32812385ms] [ERROR] Failed to load resource: net::ERR_CONNECTION_REFUSED @ http://localhost:4401/dashboard/alerts?limit=6:0
[32812595ms] [ERROR] Failed to load resource: net::ERR_CONNECTION_REFUSED @ http://localhost:4401/dashboard/overview:0
[32812596ms] [ERROR] Failed to load resource: net::ERR_CONNECTION_REFUSED @ http://localhost:4401/api/billing/ai-credits/summary:0
[32812596ms] [ERROR] Failed to load resource: net::ERR_CONNECTION_REFUSED @ http://localhost:4401/dashboard/alerts?limit=6:0
[32813202ms] [ERROR] Failed to load resource: net::ERR_CONNECTION_REFUSED @ http://localhost:4401/dashboard/overview:0
[32813203ms] [ERROR] Failed to load resource: net::ERR_CONNECTION_REFUSED @ http://localhost:4401/api/billing/ai-credits/summary:0
[32813203ms] [ERROR] Failed to load resource: net::ERR_CONNECTION_REFUSED @ http://localhost:4401/dashboard/alerts?limit=6:0
[32842385ms] [ERROR] Failed to load resource: net::ERR_CONNECTION_REFUSED @ http://localhost:4401/api/billing/ai-credits/summary:0
[32842588ms] [ERROR] Failed to load resource: net::ERR_CONNECTION_REFUSED @ http://localhost:4401/api/billing/ai-credits/summary:0
[32843191ms] [ERROR] Failed to load resource: net::ERR_CONNECTION_REFUSED @ http://localhost:4401/api/billing/ai-credits/summary:0
[32872385ms] [ERROR] Failed to load resource: net::ERR_CONNECTION_REFUSED @ http://localhost:4401/dashboard/overview:0
[32872385ms] [ERROR] Failed to load resource: net::ERR_CONNECTION_REFUSED @ http://localhost:4401/api/billing/ai-credits/summary:0
[32872385ms] [ERROR] Failed to load resource: net::ERR_CONNECTION_REFUSED @ http://localhost:4401/dashboard/alerts?limit=6:0
[32872594ms] [ERROR] Failed to load resource: net::ERR_CONNECTION_REFUSED @ http://localhost:4401/dashboard/overview:0
[32872595ms] [ERROR] Failed to load resource: net::ERR_CONNECTION_REFUSED @ http://localhost:4401/api/billing/ai-credits/summary:0
[32872597ms] [ERROR] Failed to load resource: net::ERR_CONNECTION_REFUSED @ http://localhost:4401/dashboard/alerts?limit=6:0
[32873198ms] [ERROR] Failed to load resource: net::ERR_CONNECTION_REFUSED @ http://localhost:4401/dashboard/overview:0
[32873198ms] [ERROR] Failed to load resource: net::ERR_CONNECTION_REFUSED @ http://localhost:4401/api/billing/ai-credits/summary:0
[32873198ms] [ERROR] Failed to load resource: net::ERR_CONNECTION_REFUSED @ http://localhost:4401/dashboard/alerts?limit=6:0
[32902383ms] [ERROR] Failed to load resource: net::ERR_CONNECTION_REFUSED @ http://localhost:4401/api/billing/ai-credits/summary:0
[32902590ms] [ERROR] Failed to load resource: net::ERR_CONNECTION_REFUSED @ http://localhost:4401/api/billing/ai-credits/summary:0
[32903196ms] [ERROR] Failed to load resource: net::ERR_CONNECTION_REFUSED @ http://localhost:4401/api/billing/ai-credits/summary:0
[32932384ms] [ERROR] Failed to load resource: net::ERR_CONNECTION_REFUSED @ http://localhost:4401/dashboard/overview:0
[32932384ms] [ERROR] Failed to load resource: net::ERR_CONNECTION_REFUSED @ http://localhost:4401/api/billing/ai-credits/summary:0
[32932384ms] [ERROR] Failed to load resource: net::ERR_CONNECTION_REFUSED @ http://localhost:4401/dashboard/alerts?limit=6:0
[32932595ms] [ERROR] Failed to load resource: net::ERR_CONNECTION_REFUSED @ http://localhost:4401/dashboard/overview:0
[32932595ms] [ERROR] Failed to load resource: net::ERR_CONNECTION_REFUSED @ http://localhost:4401/api/billing/ai-credits/summary:0
[32932595ms] [ERROR] Failed to load resource: net::ERR_CONNECTION_REFUSED @ http://localhost:4401/dashboard/alerts?limit=6:0
[32933199ms] [ERROR] Failed to load resource: net::ERR_CONNECTION_REFUSED @ http://localhost:4401/dashboard/overview:0
[32933199ms] [ERROR] Failed to load resource: net::ERR_CONNECTION_REFUSED @ http://localhost:4401/api/billing/ai-credits/summary:0
[32933199ms] [ERROR] Failed to load resource: net::ERR_CONNECTION_REFUSED @ http://localhost:4401/dashboard/alerts?limit=6:0
[32962382ms] [ERROR] Failed to load resource: net::ERR_CONNECTION_REFUSED @ http://localhost:4401/api/billing/ai-credits/summary:0
[32962587ms] [ERROR] Failed to load resource: net::ERR_CONNECTION_REFUSED @ http://localhost:4401/api/billing/ai-credits/summary:0
[32963190ms] [ERROR] Failed to load resource: net::ERR_CONNECTION_REFUSED @ http://localhost:4401/api/billing/ai-credits/summary:0
[32992382ms] [ERROR] Failed to load resource: net::ERR_CONNECTION_REFUSED @ http://localhost:4401/dashboard/overview:0
[32992382ms] [ERROR] Failed to load resource: net::ERR_CONNECTION_REFUSED @ http://localhost:4401/api/billing/ai-credits/summary:0
[32992382ms] [ERROR] Failed to load resource: net::ERR_CONNECTION_REFUSED @ http://localhost:4401/dashboard/alerts?limit=6:0
[32992585ms] [ERROR] Failed to load resource: net::ERR_CONNECTION_REFUSED @ http://localhost:4401/dashboard/overview:0
[32992586ms] [ERROR] Failed to load resource: net::ERR_CONNECTION_REFUSED @ http://localhost:4401/api/billing/ai-credits/summary:0
[32992586ms] [ERROR] Failed to load resource: net::ERR_CONNECTION_REFUSED @ http://localhost:4401/dashboard/alerts?limit=6:0
[32993196ms] [ERROR] Failed to load resource: net::ERR_CONNECTION_REFUSED @ http://localhost:4401/dashboard/overview:0
[32993196ms] [ERROR] Failed to load resource: net::ERR_CONNECTION_REFUSED @ http://localhost:4401/api/billing/ai-credits/summary:0
[32993196ms] [ERROR] Failed to load resource: net::ERR_CONNECTION_REFUSED @ http://localhost:4401/dashboard/alerts?limit=6:0
[33022383ms] [ERROR] Failed to load resource: net::ERR_CONNECTION_REFUSED @ http://localhost:4401/api/billing/ai-credits/summary:0
[33022588ms] [ERROR] Failed to load resource: net::ERR_CONNECTION_REFUSED @ http://localhost:4401/api/billing/ai-credits/summary:0
[33023192ms] [ERROR] Failed to load resource: net::ERR_CONNECTION_REFUSED @ http://localhost:4401/api/billing/ai-credits/summary:0
[33052390ms] [ERROR] Failed to load resource: net::ERR_CONNECTION_REFUSED @ http://localhost:4401/dashboard/overview:0
[33052390ms] [ERROR] Failed to load resource: net::ERR_CONNECTION_REFUSED @ http://localhost:4401/api/billing/ai-credits/summary:0
[33052390ms] [ERROR] Failed to load resource: net::ERR_CONNECTION_REFUSED @ http://localhost:4401/dashboard/alerts?limit=6:0
[33052598ms] [ERROR] Failed to load resource: net::ERR_CONNECTION_REFUSED @ http://localhost:4401/dashboard/overview:0
[33052598ms] [ERROR] Failed to load resource: net::ERR_CONNECTION_REFUSED @ http://localhost:4401/api/billing/ai-credits/summary:0
[33052599ms] [ERROR] Failed to load resource: net::ERR_CONNECTION_REFUSED @ http://localhost:4401/dashboard/alerts?limit=6:0
[33053206ms] [ERROR] Failed to load resource: net::ERR_CONNECTION_REFUSED @ http://localhost:4401/dashboard/overview:0
[33053207ms] [ERROR] Failed to load resource: net::ERR_CONNECTION_REFUSED @ http://localhost:4401/api/billing/ai-credits/summary:0
[33053207ms] [ERROR] Failed to load resource: net::ERR_CONNECTION_REFUSED @ http://localhost:4401/dashboard/alerts?limit=6:0
[33082386ms] [ERROR] Failed to load resource: net::ERR_CONNECTION_REFUSED @ http://localhost:4401/api/billing/ai-credits/summary:0
[33082593ms] [ERROR] Failed to load resource: net::ERR_CONNECTION_REFUSED @ http://localhost:4401/api/billing/ai-credits/summary:0
[33083200ms] [ERROR] Failed to load resource: net::ERR_CONNECTION_REFUSED @ http://localhost:4401/api/billing/ai-credits/summary:0
[33112386ms] [ERROR] Failed to load resource: net::ERR_CONNECTION_REFUSED @ http://localhost:4401/dashboard/overview:0
[33112387ms] [ERROR] Failed to load resource: net::ERR_CONNECTION_REFUSED @ http://localhost:4401/api/billing/ai-credits/summary:0
[33112387ms] [ERROR] Failed to load resource: net::ERR_CONNECTION_REFUSED @ http://localhost:4401/dashboard/alerts?limit=6:0
[33112593ms] [ERROR] Failed to load resource: net::ERR_CONNECTION_REFUSED @ http://localhost:4401/dashboard/overview:0
[33112594ms] [ERROR] Failed to load resource: net::ERR_CONNECTION_REFUSED @ http://localhost:4401/api/billing/ai-credits/summary:0
[33112594ms] [ERROR] Failed to load resource: net::ERR_CONNECTION_REFUSED @ http://localhost:4401/dashboard/alerts?limit=6:0
[33113200ms] [ERROR] Failed to load resource: net::ERR_CONNECTION_REFUSED @ http://localhost:4401/dashboard/overview:0
[33113201ms] [ERROR] Failed to load resource: net::ERR_CONNECTION_REFUSED @ http://localhost:4401/api/billing/ai-credits/summary:0
[33113201ms] [ERROR] Failed to load resource: net::ERR_CONNECTION_REFUSED @ http://localhost:4401/dashboard/alerts?limit=6:0
[33142384ms] [ERROR] Failed to load resource: net::ERR_CONNECTION_REFUSED @ http://localhost:4401/api/billing/ai-credits/summary:0
[33142588ms] [ERROR] Failed to load resource: net::ERR_CONNECTION_REFUSED @ http://localhost:4401/api/billing/ai-credits/summary:0
[33143194ms] [ERROR] Failed to load resource: net::ERR_CONNECTION_REFUSED @ http://localhost:4401/api/billing/ai-credits/summary:0
[33172396ms] [ERROR] Failed to load resource: net::ERR_CONNECTION_REFUSED @ http://localhost:4401/dashboard/overview:0
[33172397ms] [ERROR] Failed to load resource: net::ERR_CONNECTION_REFUSED @ http://localhost:4401/api/billing/ai-credits/summary:0
[33172397ms] [ERROR] Failed to load resource: net::ERR_CONNECTION_REFUSED @ http://localhost:4401/dashboard/alerts?limit=6:0
[33172605ms] [ERROR] Failed to load resource: net::ERR_CONNECTION_REFUSED @ http://localhost:4401/dashboard/overview:0
[33172605ms] [ERROR] Failed to load resource: net::ERR_CONNECTION_REFUSED @ http://localhost:4401/api/billing/ai-credits/summary:0
[33172605ms] [ERROR] Failed to load resource: net::ERR_CONNECTION_REFUSED @ http://localhost:4401/dashboard/alerts?limit=6:0
[33173210ms] [ERROR] Failed to load resource: net::ERR_CONNECTION_REFUSED @ http://localhost:4401/dashboard/overview:0
[33173212ms] [ERROR] Failed to load resource: net::ERR_CONNECTION_REFUSED @ http://localhost:4401/api/billing/ai-credits/summary:0
[33173212ms] [ERROR] Failed to load resource: net::ERR_CONNECTION_REFUSED @ http://localhost:4401/dashboard/alerts?limit=6:0
[33202387ms] [ERROR] Failed to load resource: net::ERR_CONNECTION_REFUSED @ http://localhost:4401/api/billing/ai-credits/summary:0
[33202591ms] [ERROR] Failed to load resource: net::ERR_CONNECTION_REFUSED @ http://localhost:4401/api/billing/ai-credits/summary:0
[33203198ms] [ERROR] Failed to load resource: net::ERR_CONNECTION_REFUSED @ http://localhost:4401/api/billing/ai-credits/summary:0
[33232391ms] [ERROR] Failed to load resource: net::ERR_CONNECTION_REFUSED @ http://localhost:4401/dashboard/overview:0
[33232391ms] [ERROR] Failed to load resource: net::ERR_CONNECTION_REFUSED @ http://localhost:4401/api/billing/ai-credits/summary:0
[33232391ms] [ERROR] Failed to load resource: net::ERR_CONNECTION_REFUSED @ http://localhost:4401/dashboard/alerts?limit=6:0
[33232598ms] [ERROR] Failed to load resource: net::ERR_CONNECTION_REFUSED @ http://localhost:4401/dashboard/overview:0
[33232599ms] [ERROR] Failed to load resource: net::ERR_CONNECTION_REFUSED @ http://localhost:4401/api/billing/ai-credits/summary:0
[33232599ms] [ERROR] Failed to load resource: net::ERR_CONNECTION_REFUSED @ http://localhost:4401/dashboard/alerts?limit=6:0
[33233205ms] [ERROR] Failed to load resource: net::ERR_CONNECTION_REFUSED @ http://localhost:4401/dashboard/overview:0
[33233205ms] [ERROR] Failed to load resource: net::ERR_CONNECTION_REFUSED @ http://localhost:4401/api/billing/ai-credits/summary:0
[33233206ms] [ERROR] Failed to load resource: net::ERR_CONNECTION_REFUSED @ http://localhost:4401/dashboard/alerts?limit=6:0
[33262384ms] [ERROR] Failed to load resource: net::ERR_CONNECTION_REFUSED @ http://localhost:4401/api/billing/ai-credits/summary:0
[33262588ms] [ERROR] Failed to load resource: net::ERR_CONNECTION_REFUSED @ http://localhost:4401/api/billing/ai-credits/summary:0
[33263192ms] [ERROR] Failed to load resource: net::ERR_CONNECTION_REFUSED @ http://localhost:4401/api/billing/ai-credits/summary:0
[33292385ms] [ERROR] Failed to load resource: net::ERR_CONNECTION_REFUSED @ http://localhost:4401/dashboard/overview:0
[33292386ms] [ERROR] Failed to load resource: net::ERR_CONNECTION_REFUSED @ http://localhost:4401/api/billing/ai-credits/summary:0
[33292386ms] [ERROR] Failed to load resource: net::ERR_CONNECTION_REFUSED @ http://localhost:4401/dashboard/alerts?limit=6:0
[33292592ms] [ERROR] Failed to load resource: net::ERR_CONNECTION_REFUSED @ http://localhost:4401/dashboard/overview:0
[33292592ms] [ERROR] Failed to load resource: net::ERR_CONNECTION_REFUSED @ http://localhost:4401/api/billing/ai-credits/summary:0
[33292592ms] [ERROR] Failed to load resource: net::ERR_CONNECTION_REFUSED @ http://localhost:4401/dashboard/alerts?limit=6:0
[33293199ms] [ERROR] Failed to load resource: net::ERR_CONNECTION_REFUSED @ http://localhost:4401/dashboard/overview:0
[33293200ms] [ERROR] Failed to load resource: net::ERR_CONNECTION_REFUSED @ http://localhost:4401/api/billing/ai-credits/summary:0
[33293200ms] [ERROR] Failed to load resource: net::ERR_CONNECTION_REFUSED @ http://localhost:4401/dashboard/alerts?limit=6:0
[33322385ms] [ERROR] Failed to load resource: net::ERR_CONNECTION_REFUSED @ http://localhost:4401/api/billing/ai-credits/summary:0
[33322590ms] [ERROR] Failed to load resource: net::ERR_CONNECTION_REFUSED @ http://localhost:4401/api/billing/ai-credits/summary:0
[33323196ms] [ERROR] Failed to load resource: net::ERR_CONNECTION_REFUSED @ http://localhost:4401/api/billing/ai-credits/summary:0
[33352385ms] [ERROR] Failed to load resource: net::ERR_CONNECTION_REFUSED @ http://localhost:4401/dashboard/overview:0
[33352386ms] [ERROR] Failed to load resource: net::ERR_CONNECTION_REFUSED @ http://localhost:4401/api/billing/ai-credits/summary:0
[33352386ms] [ERROR] Failed to load resource: net::ERR_CONNECTION_REFUSED @ http://localhost:4401/dashboard/alerts?limit=6:0
[33352592ms] [ERROR] Failed to load resource: net::ERR_CONNECTION_REFUSED @ http://localhost:4401/dashboard/overview:0
[33352592ms] [ERROR] Failed to load resource: net::ERR_CONNECTION_REFUSED @ http://localhost:4401/api/billing/ai-credits/summary:0
[33352592ms] [ERROR] Failed to load resource: net::ERR_CONNECTION_REFUSED @ http://localhost:4401/dashboard/alerts?limit=6:0
[33353200ms] [ERROR] Failed to load resource: net::ERR_CONNECTION_REFUSED @ http://localhost:4401/dashboard/overview:0
[33353200ms] [ERROR] Failed to load resource: net::ERR_CONNECTION_REFUSED @ http://localhost:4401/api/billing/ai-credits/summary:0
[33353200ms] [ERROR] Failed to load resource: net::ERR_CONNECTION_REFUSED @ http://localhost:4401/dashboard/alerts?limit=6:0
[33382385ms] [ERROR] Failed to load resource: net::ERR_CONNECTION_REFUSED @ http://localhost:4401/api/billing/ai-credits/summary:0
[33382589ms] [ERROR] Failed to load resource: net::ERR_CONNECTION_REFUSED @ http://localhost:4401/api/billing/ai-credits/summary:0
[33383194ms] [ERROR] Failed to load resource: net::ERR_CONNECTION_REFUSED @ http://localhost:4401/api/billing/ai-credits/summary:0
[33412387ms] [ERROR] Failed to load resource: net::ERR_CONNECTION_REFUSED @ http://localhost:4401/dashboard/overview:0
[33412387ms] [ERROR] Failed to load resource: net::ERR_CONNECTION_REFUSED @ http://localhost:4401/api/billing/ai-credits/summary:0
[33412387ms] [ERROR] Failed to load resource: net::ERR_CONNECTION_REFUSED @ http://localhost:4401/dashboard/alerts?limit=6:0
[33412594ms] [ERROR] Failed to load resource: net::ERR_CONNECTION_REFUSED @ http://localhost:4401/dashboard/overview:0
[33412594ms] [ERROR] Failed to load resource: net::ERR_CONNECTION_REFUSED @ http://localhost:4401/api/billing/ai-credits/summary:0
[33412595ms] [ERROR] Failed to load resource: net::ERR_CONNECTION_REFUSED @ http://localhost:4401/dashboard/alerts?limit=6:0
[33413200ms] [ERROR] Failed to load resource: net::ERR_CONNECTION_REFUSED @ http://localhost:4401/dashboard/overview:0
[33413203ms] [ERROR] Failed to load resource: net::ERR_CONNECTION_REFUSED @ http://localhost:4401/api/billing/ai-credits/summary:0
[33413203ms] [ERROR] Failed to load resource: net::ERR_CONNECTION_REFUSED @ http://localhost:4401/dashboard/alerts?limit=6:0
[33442387ms] [ERROR] Failed to load resource: net::ERR_CONNECTION_REFUSED @ http://localhost:4401/api/billing/ai-credits/summary:0
[33442592ms] [ERROR] Failed to load resource: net::ERR_CONNECTION_REFUSED @ http://localhost:4401/api/billing/ai-credits/summary:0
[33443198ms] [ERROR] Failed to load resource: net::ERR_CONNECTION_REFUSED @ http://localhost:4401/api/billing/ai-credits/summary:0
[33472391ms] [ERROR] Failed to load resource: net::ERR_CONNECTION_REFUSED @ http://localhost:4401/dashboard/overview:0
[33472391ms] [ERROR] Failed to load resource: net::ERR_CONNECTION_REFUSED @ http://localhost:4401/api/billing/ai-credits/summary:0
[33472391ms] [ERROR] Failed to load resource: net::ERR_CONNECTION_REFUSED @ http://localhost:4401/dashboard/alerts?limit=6:0
[33472596ms] [ERROR] Failed to load resource: net::ERR_CONNECTION_REFUSED @ http://localhost:4401/dashboard/overview:0
[33472598ms] [ERROR] Failed to load resource: net::ERR_CONNECTION_REFUSED @ http://localhost:4401/api/billing/ai-credits/summary:0
[33472600ms] [ERROR] Failed to load resource: net::ERR_CONNECTION_REFUSED @ http://localhost:4401/dashboard/alerts?limit=6:0
[33473200ms] [ERROR] Failed to load resource: net::ERR_CONNECTION_REFUSED @ http://localhost:4401/dashboard/overview:0
[33473202ms] [ERROR] Failed to load resource: net::ERR_CONNECTION_REFUSED @ http://localhost:4401/api/billing/ai-credits/summary:0
[33473204ms] [ERROR] Failed to load resource: net::ERR_CONNECTION_REFUSED @ http://localhost:4401/dashboard/alerts?limit=6:0
[33502386ms] [ERROR] Failed to load resource: net::ERR_CONNECTION_REFUSED @ http://localhost:4401/api/billing/ai-credits/summary:0
[33502592ms] [ERROR] Failed to load resource: net::ERR_CONNECTION_REFUSED @ http://localhost:4401/api/billing/ai-credits/summary:0
[33503197ms] [ERROR] Failed to load resource: net::ERR_CONNECTION_REFUSED @ http://localhost:4401/api/billing/ai-credits/summary:0
[33532387ms] [ERROR] Failed to load resource: net::ERR_CONNECTION_REFUSED @ http://localhost:4401/dashboard/overview:0
[33532387ms] [ERROR] Failed to load resource: net::ERR_CONNECTION_REFUSED @ http://localhost:4401/api/billing/ai-credits/summary:0
[33532388ms] [ERROR] Failed to load resource: net::ERR_CONNECTION_REFUSED @ http://localhost:4401/dashboard/alerts?limit=6:0
[33532594ms] [ERROR] Failed to load resource: net::ERR_CONNECTION_REFUSED @ http://localhost:4401/dashboard/overview:0
[33532595ms] [ERROR] Failed to load resource: net::ERR_CONNECTION_REFUSED @ http://localhost:4401/api/billing/ai-credits/summary:0
[33532596ms] [ERROR] Failed to load resource: net::ERR_CONNECTION_REFUSED @ http://localhost:4401/dashboard/alerts?limit=6:0
[33533204ms] [ERROR] Failed to load resource: net::ERR_CONNECTION_REFUSED @ http://localhost:4401/dashboard/overview:0
[33533204ms] [ERROR] Failed to load resource: net::ERR_CONNECTION_REFUSED @ http://localhost:4401/api/billing/ai-credits/summary:0
[33533204ms] [ERROR] Failed to load resource: net::ERR_CONNECTION_REFUSED @ http://localhost:4401/dashboard/alerts?limit=6:0
[33562384ms] [ERROR] Failed to load resource: net::ERR_CONNECTION_REFUSED @ http://localhost:4401/api/billing/ai-credits/summary:0
[33562589ms] [ERROR] Failed to load resource: net::ERR_CONNECTION_REFUSED @ http://localhost:4401/api/billing/ai-credits/summary:0
[33563195ms] [ERROR] Failed to load resource: net::ERR_CONNECTION_REFUSED @ http://localhost:4401/api/billing/ai-credits/summary:0
[33592391ms] [ERROR] Failed to load resource: net::ERR_CONNECTION_REFUSED @ http://localhost:4401/dashboard/overview:0
[33592391ms] [ERROR] Failed to load resource: net::ERR_CONNECTION_REFUSED @ http://localhost:4401/api/billing/ai-credits/summary:0
[33592391ms] [ERROR] Failed to load resource: net::ERR_CONNECTION_REFUSED @ http://localhost:4401/dashboard/alerts?limit=6:0
[33592597ms] [ERROR] Failed to load resource: net::ERR_CONNECTION_REFUSED @ http://localhost:4401/api/billing/ai-credits/summary:0
[33592597ms] [ERROR] Failed to load resource: net::ERR_CONNECTION_REFUSED @ http://localhost:4401/dashboard/overview:0
[33592598ms] [ERROR] Failed to load resource: net::ERR_CONNECTION_REFUSED @ http://localhost:4401/dashboard/alerts?limit=6:0
[33593203ms] [ERROR] Failed to load resource: net::ERR_CONNECTION_REFUSED @ http://localhost:4401/api/billing/ai-credits/summary:0
[33593206ms] [ERROR] Failed to load resource: net::ERR_CONNECTION_REFUSED @ http://localhost:4401/dashboard/overview:0
[33593206ms] [ERROR] Failed to load resource: net::ERR_CONNECTION_REFUSED @ http://localhost:4401/dashboard/alerts?limit=6:0
[33622387ms] [ERROR] Failed to load resource: net::ERR_CONNECTION_REFUSED @ http://localhost:4401/api/billing/ai-credits/summary:0
[33622592ms] [ERROR] Failed to load resource: net::ERR_CONNECTION_REFUSED @ http://localhost:4401/api/billing/ai-credits/summary:0
[33623196ms] [ERROR] Failed to load resource: net::ERR_CONNECTION_REFUSED @ http://localhost:4401/api/billing/ai-credits/summary:0
[33652386ms] [ERROR] Failed to load resource: net::ERR_CONNECTION_REFUSED @ http://localhost:4401/dashboard/overview:0
[33652386ms] [ERROR] Failed to load resource: net::ERR_CONNECTION_REFUSED @ http://localhost:4401/api/billing/ai-credits/summary:0
[33652386ms] [ERROR] Failed to load resource: net::ERR_CONNECTION_REFUSED @ http://localhost:4401/dashboard/alerts?limit=6:0
[33652592ms] [ERROR] Failed to load resource: net::ERR_CONNECTION_REFUSED @ http://localhost:4401/dashboard/overview:0
[33652592ms] [ERROR] Failed to load resource: net::ERR_CONNECTION_REFUSED @ http://localhost:4401/api/billing/ai-credits/summary:0
[33652592ms] [ERROR] Failed to load resource: net::ERR_CONNECTION_REFUSED @ http://localhost:4401/dashboard/alerts?limit=6:0
[33653201ms] [ERROR] Failed to load resource: net::ERR_CONNECTION_REFUSED @ http://localhost:4401/dashboard/overview:0
[33653201ms] [ERROR] Failed to load resource: net::ERR_CONNECTION_REFUSED @ http://localhost:4401/api/billing/ai-credits/summary:0
[33653201ms] [ERROR] Failed to load resource: net::ERR_CONNECTION_REFUSED @ http://localhost:4401/dashboard/alerts?limit=6:0
[33682384ms] [ERROR] Failed to load resource: net::ERR_CONNECTION_REFUSED @ http://localhost:4401/api/billing/ai-credits/summary:0
[33682589ms] [ERROR] Failed to load resource: net::ERR_CONNECTION_REFUSED @ http://localhost:4401/api/billing/ai-credits/summary:0
[33683195ms] [ERROR] Failed to load resource: net::ERR_CONNECTION_REFUSED @ http://localhost:4401/api/billing/ai-credits/summary:0
[33712386ms] [ERROR] Failed to load resource: net::ERR_CONNECTION_REFUSED @ http://localhost:4401/dashboard/overview:0
[33712386ms] [ERROR] Failed to load resource: net::ERR_CONNECTION_REFUSED @ http://localhost:4401/api/billing/ai-credits/summary:0
[33712386ms] [ERROR] Failed to load resource: net::ERR_CONNECTION_REFUSED @ http://localhost:4401/dashboard/alerts?limit=6:0
[33712593ms] [ERROR] Failed to load resource: net::ERR_CONNECTION_REFUSED @ http://localhost:4401/dashboard/overview:0
[33712593ms] [ERROR] Failed to load resource: net::ERR_CONNECTION_REFUSED @ http://localhost:4401/api/billing/ai-credits/summary:0
[33712593ms] [ERROR] Failed to load resource: net::ERR_CONNECTION_REFUSED @ http://localhost:4401/dashboard/alerts?limit=6:0
[33713201ms] [ERROR] Failed to load resource: net::ERR_CONNECTION_REFUSED @ http://localhost:4401/dashboard/overview:0
[33713201ms] [ERROR] Failed to load resource: net::ERR_CONNECTION_REFUSED @ http://localhost:4401/api/billing/ai-credits/summary:0
[33713201ms] [ERROR] Failed to load resource: net::ERR_CONNECTION_REFUSED @ http://localhost:4401/dashboard/alerts?limit=6:0
[33742385ms] [ERROR] Failed to load resource: net::ERR_CONNECTION_REFUSED @ http://localhost:4401/api/billing/ai-credits/summary:0
[33742588ms] [ERROR] Failed to load resource: net::ERR_CONNECTION_REFUSED @ http://localhost:4401/api/billing/ai-credits/summary:0
[33743193ms] [ERROR] Failed to load resource: net::ERR_CONNECTION_REFUSED @ http://localhost:4401/api/billing/ai-credits/summary:0
[33772388ms] [ERROR] Failed to load resource: net::ERR_CONNECTION_REFUSED @ http://localhost:4401/dashboard/overview:0
[33772388ms] [ERROR] Failed to load resource: net::ERR_CONNECTION_REFUSED @ http://localhost:4401/api/billing/ai-credits/summary:0
[33772388ms] [ERROR] Failed to load resource: net::ERR_CONNECTION_REFUSED @ http://localhost:4401/dashboard/alerts?limit=6:0
[33772595ms] [ERROR] Failed to load resource: net::ERR_CONNECTION_REFUSED @ http://localhost:4401/dashboard/overview:0
[33772597ms] [ERROR] Failed to load resource: net::ERR_CONNECTION_REFUSED @ http://localhost:4401/api/billing/ai-credits/summary:0
[33772597ms] [ERROR] Failed to load resource: net::ERR_CONNECTION_REFUSED @ http://localhost:4401/dashboard/alerts?limit=6:0
[33773204ms] [ERROR] Failed to load resource: net::ERR_CONNECTION_REFUSED @ http://localhost:4401/dashboard/overview:0
[33773204ms] [ERROR] Failed to load resource: net::ERR_CONNECTION_REFUSED @ http://localhost:4401/api/billing/ai-credits/summary:0
[33773204ms] [ERROR] Failed to load resource: net::ERR_CONNECTION_REFUSED @ http://localhost:4401/dashboard/alerts?limit=6:0
[33802391ms] [ERROR] Failed to load resource: net::ERR_CONNECTION_REFUSED @ http://localhost:4401/api/billing/ai-credits/summary:0
[33802597ms] [ERROR] Failed to load resource: net::ERR_CONNECTION_REFUSED @ http://localhost:4401/api/billing/ai-credits/summary:0
[33803203ms] [ERROR] Failed to load resource: net::ERR_CONNECTION_REFUSED @ http://localhost:4401/api/billing/ai-credits/summary:0
[33832386ms] [ERROR] Failed to load resource: net::ERR_CONNECTION_REFUSED @ http://localhost:4401/dashboard/overview:0
[33832387ms] [ERROR] Failed to load resource: net::ERR_CONNECTION_REFUSED @ http://localhost:4401/api/billing/ai-credits/summary:0
[33832387ms] [ERROR] Failed to load resource: net::ERR_CONNECTION_REFUSED @ http://localhost:4401/dashboard/alerts?limit=6:0
[33832592ms] [ERROR] Failed to load resource: net::ERR_CONNECTION_REFUSED @ http://localhost:4401/dashboard/overview:0
[33832592ms] [ERROR] Failed to load resource: net::ERR_CONNECTION_REFUSED @ http://localhost:4401/api/billing/ai-credits/summary:0
[33832592ms] [ERROR] Failed to load resource: net::ERR_CONNECTION_REFUSED @ http://localhost:4401/dashboard/alerts?limit=6:0
[33833199ms] [ERROR] Failed to load resource: net::ERR_CONNECTION_REFUSED @ http://localhost:4401/dashboard/overview:0
[33833199ms] [ERROR] Failed to load resource: net::ERR_CONNECTION_REFUSED @ http://localhost:4401/api/billing/ai-credits/summary:0
[33833200ms] [ERROR] Failed to load resource: net::ERR_CONNECTION_REFUSED @ http://localhost:4401/dashboard/alerts?limit=6:0
[33862389ms] [ERROR] Failed to load resource: net::ERR_CONNECTION_REFUSED @ http://localhost:4401/api/billing/ai-credits/summary:0
[33862593ms] [ERROR] Failed to load resource: net::ERR_CONNECTION_REFUSED @ http://localhost:4401/api/billing/ai-credits/summary:0
[33863198ms] [ERROR] Failed to load resource: net::ERR_CONNECTION_REFUSED @ http://localhost:4401/api/billing/ai-credits/summary:0
[33892389ms] [ERROR] Failed to load resource: net::ERR_CONNECTION_REFUSED @ http://localhost:4401/dashboard/overview:0
[33892389ms] [ERROR] Failed to load resource: net::ERR_CONNECTION_REFUSED @ http://localhost:4401/api/billing/ai-credits/summary:0
[33892389ms] [ERROR] Failed to load resource: net::ERR_CONNECTION_REFUSED @ http://localhost:4401/dashboard/alerts?limit=6:0
[33892597ms] [ERROR] Failed to load resource: net::ERR_CONNECTION_REFUSED @ http://localhost:4401/dashboard/overview:0
[33892597ms] [ERROR] Failed to load resource: net::ERR_CONNECTION_REFUSED @ http://localhost:4401/api/billing/ai-credits/summary:0
[33892597ms] [ERROR] Failed to load resource: net::ERR_CONNECTION_REFUSED @ http://localhost:4401/dashboard/alerts?limit=6:0
[33893205ms] [ERROR] Failed to load resource: net::ERR_CONNECTION_REFUSED @ http://localhost:4401/dashboard/overview:0
[33893206ms] [ERROR] Failed to load resource: net::ERR_CONNECTION_REFUSED @ http://localhost:4401/api/billing/ai-credits/summary:0
[33893206ms] [ERROR] Failed to load resource: net::ERR_CONNECTION_REFUSED @ http://localhost:4401/dashboard/alerts?limit=6:0
[33922386ms] [ERROR] Failed to load resource: net::ERR_CONNECTION_REFUSED @ http://localhost:4401/api/billing/ai-credits/summary:0
[33922590ms] [ERROR] Failed to load resource: net::ERR_CONNECTION_REFUSED @ http://localhost:4401/api/billing/ai-credits/summary:0
[33923195ms] [ERROR] Failed to load resource: net::ERR_CONNECTION_REFUSED @ http://localhost:4401/api/billing/ai-credits/summary:0
[33952389ms] [ERROR] Failed to load resource: net::ERR_CONNECTION_REFUSED @ http://localhost:4401/dashboard/overview:0
[33952389ms] [ERROR] Failed to load resource: net::ERR_CONNECTION_REFUSED @ http://localhost:4401/api/billing/ai-credits/summary:0
[33952389ms] [ERROR] Failed to load resource: net::ERR_CONNECTION_REFUSED @ http://localhost:4401/dashboard/alerts?limit=6:0
[33952596ms] [ERROR] Failed to load resource: net::ERR_CONNECTION_REFUSED @ http://localhost:4401/dashboard/overview:0
[33952596ms] [ERROR] Failed to load resource: net::ERR_CONNECTION_REFUSED @ http://localhost:4401/api/billing/ai-credits/summary:0
[33952596ms] [ERROR] Failed to load resource: net::ERR_CONNECTION_REFUSED @ http://localhost:4401/dashboard/alerts?limit=6:0
[33953202ms] [ERROR] Failed to load resource: net::ERR_CONNECTION_REFUSED @ http://localhost:4401/dashboard/overview:0
[33953202ms] [ERROR] Failed to load resource: net::ERR_CONNECTION_REFUSED @ http://localhost:4401/api/billing/ai-credits/summary:0
[33953202ms] [ERROR] Failed to load resource: net::ERR_CONNECTION_REFUSED @ http://localhost:4401/dashboard/alerts?limit=6:0
[33982389ms] [ERROR] Failed to load resource: net::ERR_CONNECTION_REFUSED @ http://localhost:4401/api/billing/ai-credits/summary:0
[33982593ms] [ERROR] Failed to load resource: net::ERR_CONNECTION_REFUSED @ http://localhost:4401/api/billing/ai-credits/summary:0
[33983197ms] [ERROR] Failed to load resource: net::ERR_CONNECTION_REFUSED @ http://localhost:4401/api/billing/ai-credits/summary:0
[34012410ms] [ERROR] Failed to load resource: net::ERR_CONNECTION_REFUSED @ http://localhost:4401/dashboard/overview:0
[34012410ms] [ERROR] Failed to load resource: net::ERR_CONNECTION_REFUSED @ http://localhost:4401/api/billing/ai-credits/summary:0
[34012410ms] [ERROR] Failed to load resource: net::ERR_CONNECTION_REFUSED @ http://localhost:4401/dashboard/alerts?limit=6:0
[34012616ms] [ERROR] Failed to load resource: net::ERR_CONNECTION_REFUSED @ http://localhost:4401/dashboard/overview:0
[34012617ms] [ERROR] Failed to load resource: net::ERR_CONNECTION_REFUSED @ http://localhost:4401/api/billing/ai-credits/summary:0
[34012617ms] [ERROR] Failed to load resource: net::ERR_CONNECTION_REFUSED @ http://localhost:4401/dashboard/alerts?limit=6:0
[34013224ms] [ERROR] Failed to load resource: net::ERR_CONNECTION_REFUSED @ http://localhost:4401/dashboard/overview:0
[34013225ms] [ERROR] Failed to load resource: net::ERR_CONNECTION_REFUSED @ http://localhost:4401/api/billing/ai-credits/summary:0
[34013225ms] [ERROR] Failed to load resource: net::ERR_CONNECTION_REFUSED @ http://localhost:4401/dashboard/alerts?limit=6:0
[34042400ms] [ERROR] Failed to load resource: net::ERR_CONNECTION_REFUSED @ http://localhost:4401/api/billing/ai-credits/summary:0
[34042605ms] [ERROR] Failed to load resource: net::ERR_CONNECTION_REFUSED @ http://localhost:4401/api/billing/ai-credits/summary:0
[34043217ms] [ERROR] Failed to load resource: net::ERR_CONNECTION_REFUSED @ http://localhost:4401/api/billing/ai-credits/summary:0
[34072388ms] [ERROR] Failed to load resource: net::ERR_CONNECTION_REFUSED @ http://localhost:4401/dashboard/overview:0
[34072388ms] [ERROR] Failed to load resource: net::ERR_CONNECTION_REFUSED @ http://localhost:4401/api/billing/ai-credits/summary:0
[34072389ms] [ERROR] Failed to load resource: net::ERR_CONNECTION_REFUSED @ http://localhost:4401/dashboard/alerts?limit=6:0
[34072594ms] [ERROR] Failed to load resource: net::ERR_CONNECTION_REFUSED @ http://localhost:4401/dashboard/overview:0
[34072594ms] [ERROR] Failed to load resource: net::ERR_CONNECTION_REFUSED @ http://localhost:4401/api/billing/ai-credits/summary:0
[34072594ms] [ERROR] Failed to load resource: net::ERR_CONNECTION_REFUSED @ http://localhost:4401/dashboard/alerts?limit=6:0
[34073202ms] [ERROR] Failed to load resource: net::ERR_CONNECTION_REFUSED @ http://localhost:4401/dashboard/overview:0
[34073202ms] [ERROR] Failed to load resource: net::ERR_CONNECTION_REFUSED @ http://localhost:4401/api/billing/ai-credits/summary:0
[34073203ms] [ERROR] Failed to load resource: net::ERR_CONNECTION_REFUSED @ http://localhost:4401/dashboard/alerts?limit=6:0
[34102386ms] [ERROR] Failed to load resource: net::ERR_CONNECTION_REFUSED @ http://localhost:4401/api/billing/ai-credits/summary:0
[34102590ms] [ERROR] Failed to load resource: net::ERR_CONNECTION_REFUSED @ http://localhost:4401/api/billing/ai-credits/summary:0
[34103198ms] [ERROR] Failed to load resource: net::ERR_CONNECTION_REFUSED @ http://localhost:4401/api/billing/ai-credits/summary:0
[34132396ms] [ERROR] Failed to load resource: net::ERR_CONNECTION_REFUSED @ http://localhost:4401/dashboard/overview:0
[34132396ms] [ERROR] Failed to load resource: net::ERR_CONNECTION_REFUSED @ http://localhost:4401/api/billing/ai-credits/summary:0
[34132396ms] [ERROR] Failed to load resource: net::ERR_CONNECTION_REFUSED @ http://localhost:4401/dashboard/alerts?limit=6:0
[34132602ms] [ERROR] Failed to load resource: net::ERR_CONNECTION_REFUSED @ http://localhost:4401/dashboard/overview:0
[34132602ms] [ERROR] Failed to load resource: net::ERR_CONNECTION_REFUSED @ http://localhost:4401/api/billing/ai-credits/summary:0
[34132602ms] [ERROR] Failed to load resource: net::ERR_CONNECTION_REFUSED @ http://localhost:4401/dashboard/alerts?limit=6:0
[34133209ms] [ERROR] Failed to load resource: net::ERR_CONNECTION_REFUSED @ http://localhost:4401/dashboard/overview:0
[34133210ms] [ERROR] Failed to load resource: net::ERR_CONNECTION_REFUSED @ http://localhost:4401/api/billing/ai-credits/summary:0
[34133211ms] [ERROR] Failed to load resource: net::ERR_CONNECTION_REFUSED @ http://localhost:4401/dashboard/alerts?limit=6:0
[34162388ms] [ERROR] Failed to load resource: net::ERR_CONNECTION_REFUSED @ http://localhost:4401/api/billing/ai-credits/summary:0
[34162593ms] [ERROR] Failed to load resource: net::ERR_CONNECTION_REFUSED @ http://localhost:4401/api/billing/ai-credits/summary:0
[34163197ms] [ERROR] Failed to load resource: net::ERR_CONNECTION_REFUSED @ http://localhost:4401/api/billing/ai-credits/summary:0
[34192388ms] [ERROR] Failed to load resource: net::ERR_CONNECTION_REFUSED @ http://localhost:4401/dashboard/overview:0
[34192389ms] [ERROR] Failed to load resource: net::ERR_CONNECTION_REFUSED @ http://localhost:4401/api/billing/ai-credits/summary:0
[34192389ms] [ERROR] Failed to load resource: net::ERR_CONNECTION_REFUSED @ http://localhost:4401/dashboard/alerts?limit=6:0
[34192593ms] [ERROR] Failed to load resource: net::ERR_CONNECTION_REFUSED @ http://localhost:4401/dashboard/overview:0
[34192593ms] [ERROR] Failed to load resource: net::ERR_CONNECTION_REFUSED @ http://localhost:4401/api/billing/ai-credits/summary:0
[34192593ms] [ERROR] Failed to load resource: net::ERR_CONNECTION_REFUSED @ http://localhost:4401/dashboard/alerts?limit=6:0
[34193201ms] [ERROR] Failed to load resource: net::ERR_CONNECTION_REFUSED @ http://localhost:4401/dashboard/overview:0
[34193201ms] [ERROR] Failed to load resource: net::ERR_CONNECTION_REFUSED @ http://localhost:4401/api/billing/ai-credits/summary:0
[34193201ms] [ERROR] Failed to load resource: net::ERR_CONNECTION_REFUSED @ http://localhost:4401/dashboard/alerts?limit=6:0
[34222389ms] [ERROR] Failed to load resource: net::ERR_CONNECTION_REFUSED @ http://localhost:4401/api/billing/ai-credits/summary:0
[34222594ms] [ERROR] Failed to load resource: net::ERR_CONNECTION_REFUSED @ http://localhost:4401/api/billing/ai-credits/summary:0
[34223198ms] [ERROR] Failed to load resource: net::ERR_CONNECTION_REFUSED @ http://localhost:4401/api/billing/ai-credits/summary:0
[34252389ms] [ERROR] Failed to load resource: net::ERR_CONNECTION_REFUSED @ http://localhost:4401/dashboard/overview:0
[34252389ms] [ERROR] Failed to load resource: net::ERR_CONNECTION_REFUSED @ http://localhost:4401/api/billing/ai-credits/summary:0
[34252390ms] [ERROR] Failed to load resource: net::ERR_CONNECTION_REFUSED @ http://localhost:4401/dashboard/alerts?limit=6:0
[34252595ms] [ERROR] Failed to load resource: net::ERR_CONNECTION_REFUSED @ http://localhost:4401/dashboard/overview:0
[34252595ms] [ERROR] Failed to load resource: net::ERR_CONNECTION_REFUSED @ http://localhost:4401/api/billing/ai-credits/summary:0
[34252595ms] [ERROR] Failed to load resource: net::ERR_CONNECTION_REFUSED @ http://localhost:4401/dashboard/alerts?limit=6:0
[34253201ms] [ERROR] Failed to load resource: net::ERR_CONNECTION_REFUSED @ http://localhost:4401/dashboard/overview:0
[34253201ms] [ERROR] Failed to load resource: net::ERR_CONNECTION_REFUSED @ http://localhost:4401/api/billing/ai-credits/summary:0
[34253201ms] [ERROR] Failed to load resource: net::ERR_CONNECTION_REFUSED @ http://localhost:4401/dashboard/alerts?limit=6:0
[34282395ms] [ERROR] Failed to load resource: net::ERR_CONNECTION_REFUSED @ http://localhost:4401/api/billing/ai-credits/summary:0
[34282600ms] [ERROR] Failed to load resource: net::ERR_CONNECTION_REFUSED @ http://localhost:4401/api/billing/ai-credits/summary:0
[34283204ms] [ERROR] Failed to load resource: net::ERR_CONNECTION_REFUSED @ http://localhost:4401/api/billing/ai-credits/summary:0
[34312390ms] [ERROR] Failed to load resource: net::ERR_CONNECTION_REFUSED @ http://localhost:4401/dashboard/overview:0
[34312390ms] [ERROR] Failed to load resource: net::ERR_CONNECTION_REFUSED @ http://localhost:4401/api/billing/ai-credits/summary:0
[34312390ms] [ERROR] Failed to load resource: net::ERR_CONNECTION_REFUSED @ http://localhost:4401/dashboard/alerts?limit=6:0
[34312596ms] [ERROR] Failed to load resource: net::ERR_CONNECTION_REFUSED @ http://localhost:4401/dashboard/overview:0
[34312597ms] [ERROR] Failed to load resource: net::ERR_CONNECTION_REFUSED @ http://localhost:4401/api/billing/ai-credits/summary:0
[34312597ms] [ERROR] Failed to load resource: net::ERR_CONNECTION_REFUSED @ http://localhost:4401/dashboard/alerts?limit=6:0
[34313203ms] [ERROR] Failed to load resource: net::ERR_CONNECTION_REFUSED @ http://localhost:4401/dashboard/overview:0
[34313203ms] [ERROR] Failed to load resource: net::ERR_CONNECTION_REFUSED @ http://localhost:4401/api/billing/ai-credits/summary:0
[34313203ms] [ERROR] Failed to load resource: net::ERR_CONNECTION_REFUSED @ http://localhost:4401/dashboard/alerts?limit=6:0
[34342388ms] [ERROR] Failed to load resource: net::ERR_CONNECTION_REFUSED @ http://localhost:4401/api/billing/ai-credits/summary:0
[34342594ms] [ERROR] Failed to load resource: net::ERR_CONNECTION_REFUSED @ http://localhost:4401/api/billing/ai-credits/summary:0
[34343199ms] [ERROR] Failed to load resource: net::ERR_CONNECTION_REFUSED @ http://localhost:4401/api/billing/ai-credits/summary:0
[34372387ms] [ERROR] Failed to load resource: net::ERR_CONNECTION_REFUSED @ http://localhost:4401/dashboard/overview:0
[34372388ms] [ERROR] Failed to load resource: net::ERR_CONNECTION_REFUSED @ http://localhost:4401/api/billing/ai-credits/summary:0
[34372388ms] [ERROR] Failed to load resource: net::ERR_CONNECTION_REFUSED @ http://localhost:4401/dashboard/alerts?limit=6:0
[34372593ms] [ERROR] Failed to load resource: net::ERR_CONNECTION_REFUSED @ http://localhost:4401/dashboard/overview:0
[34372594ms] [ERROR] Failed to load resource: net::ERR_CONNECTION_REFUSED @ http://localhost:4401/api/billing/ai-credits/summary:0
[34372594ms] [ERROR] Failed to load resource: net::ERR_CONNECTION_REFUSED @ http://localhost:4401/dashboard/alerts?limit=6:0
[34373199ms] [ERROR] Failed to load resource: net::ERR_CONNECTION_REFUSED @ http://localhost:4401/dashboard/overview:0
[34373199ms] [ERROR] Failed to load resource: net::ERR_CONNECTION_REFUSED @ http://localhost:4401/api/billing/ai-credits/summary:0
[34373200ms] [ERROR] Failed to load resource: net::ERR_CONNECTION_REFUSED @ http://localhost:4401/dashboard/alerts?limit=6:0
[34402396ms] [ERROR] Failed to load resource: net::ERR_CONNECTION_REFUSED @ http://localhost:4401/api/billing/ai-credits/summary:0
[34402601ms] [ERROR] Failed to load resource: net::ERR_CONNECTION_REFUSED @ http://localhost:4401/api/billing/ai-credits/summary:0
[34403205ms] [ERROR] Failed to load resource: net::ERR_CONNECTION_REFUSED @ http://localhost:4401/api/billing/ai-credits/summary:0
[34432392ms] [ERROR] Failed to load resource: net::ERR_CONNECTION_REFUSED @ http://localhost:4401/dashboard/overview:0
[34432392ms] [ERROR] Failed to load resource: net::ERR_CONNECTION_REFUSED @ http://localhost:4401/api/billing/ai-credits/summary:0
[34432392ms] [ERROR] Failed to load resource: net::ERR_CONNECTION_REFUSED @ http://localhost:4401/dashboard/alerts?limit=6:0
[34432599ms] [ERROR] Failed to load resource: net::ERR_CONNECTION_REFUSED @ http://localhost:4401/dashboard/overview:0
[34432599ms] [ERROR] Failed to load resource: net::ERR_CONNECTION_REFUSED @ http://localhost:4401/api/billing/ai-credits/summary:0
[34432599ms] [ERROR] Failed to load resource: net::ERR_CONNECTION_REFUSED @ http://localhost:4401/dashboard/alerts?limit=6:0
[34433207ms] [ERROR] Failed to load resource: net::ERR_CONNECTION_REFUSED @ http://localhost:4401/dashboard/overview:0
[34433207ms] [ERROR] Failed to load resource: net::ERR_CONNECTION_REFUSED @ http://localhost:4401/api/billing/ai-credits/summary:0
[34433207ms] [ERROR] Failed to load resource: net::ERR_CONNECTION_REFUSED @ http://localhost:4401/dashboard/alerts?limit=6:0
[34462387ms] [ERROR] Failed to load resource: net::ERR_CONNECTION_REFUSED @ http://localhost:4401/api/billing/ai-credits/summary:0
[34462591ms] [ERROR] Failed to load resource: net::ERR_CONNECTION_REFUSED @ http://localhost:4401/api/billing/ai-credits/summary:0
[34463196ms] [ERROR] Failed to load resource: net::ERR_CONNECTION_REFUSED @ http://localhost:4401/api/billing/ai-credits/summary:0
[34492395ms] [ERROR] Failed to load resource: net::ERR_CONNECTION_REFUSED @ http://localhost:4401/dashboard/overview:0
[34492395ms] [ERROR] Failed to load resource: net::ERR_CONNECTION_REFUSED @ http://localhost:4401/api/billing/ai-credits/summary:0
[34492395ms] [ERROR] Failed to load resource: net::ERR_CONNECTION_REFUSED @ http://localhost:4401/dashboard/alerts?limit=6:0
[34492601ms] [ERROR] Failed to load resource: net::ERR_CONNECTION_REFUSED @ http://localhost:4401/dashboard/overview:0
[34492602ms] [ERROR] Failed to load resource: net::ERR_CONNECTION_REFUSED @ http://localhost:4401/api/billing/ai-credits/summary:0
[34492602ms] [ERROR] Failed to load resource: net::ERR_CONNECTION_REFUSED @ http://localhost:4401/dashboard/alerts?limit=6:0
[34493207ms] [ERROR] Failed to load resource: net::ERR_CONNECTION_REFUSED @ http://localhost:4401/dashboard/overview:0
[34493208ms] [ERROR] Failed to load resource: net::ERR_CONNECTION_REFUSED @ http://localhost:4401/api/billing/ai-credits/summary:0
[34493208ms] [ERROR] Failed to load resource: net::ERR_CONNECTION_REFUSED @ http://localhost:4401/dashboard/alerts?limit=6:0
[34522399ms] [ERROR] Failed to load resource: net::ERR_CONNECTION_REFUSED @ http://localhost:4401/api/billing/ai-credits/summary:0
[34522605ms] [ERROR] Failed to load resource: net::ERR_CONNECTION_REFUSED @ http://localhost:4401/api/billing/ai-credits/summary:0
[34523211ms] [ERROR] Failed to load resource: net::ERR_CONNECTION_REFUSED @ http://localhost:4401/api/billing/ai-credits/summary:0
[34552412ms] [ERROR] Failed to load resource: net::ERR_CONNECTION_REFUSED @ http://localhost:4401/dashboard/overview:0
[34552412ms] [ERROR] Failed to load resource: net::ERR_CONNECTION_REFUSED @ http://localhost:4401/api/billing/ai-credits/summary:0
[34552412ms] [ERROR] Failed to load resource: net::ERR_CONNECTION_REFUSED @ http://localhost:4401/dashboard/alerts?limit=6:0
[34552619ms] [ERROR] Failed to load resource: net::ERR_CONNECTION_REFUSED @ http://localhost:4401/dashboard/overview:0
[34552619ms] [ERROR] Failed to load resource: net::ERR_CONNECTION_REFUSED @ http://localhost:4401/api/billing/ai-credits/summary:0
[34552621ms] [ERROR] Failed to load resource: net::ERR_CONNECTION_REFUSED @ http://localhost:4401/dashboard/alerts?limit=6:0
[34553225ms] [ERROR] Failed to load resource: net::ERR_CONNECTION_REFUSED @ http://localhost:4401/dashboard/overview:0
[34553226ms] [ERROR] Failed to load resource: net::ERR_CONNECTION_REFUSED @ http://localhost:4401/api/billing/ai-credits/summary:0
[34553226ms] [ERROR] Failed to load resource: net::ERR_CONNECTION_REFUSED @ http://localhost:4401/dashboard/alerts?limit=6:0
[34582416ms] [ERROR] Failed to load resource: net::ERR_CONNECTION_REFUSED @ http://localhost:4401/api/billing/ai-credits/summary:0
[34582629ms] [ERROR] Failed to load resource: net::ERR_CONNECTION_REFUSED @ http://localhost:4401/api/billing/ai-credits/summary:0
[34583234ms] [ERROR] Failed to load resource: net::ERR_CONNECTION_REFUSED @ http://localhost:4401/api/billing/ai-credits/summary:0
[34612411ms] [ERROR] Failed to load resource: net::ERR_CONNECTION_REFUSED @ http://localhost:4401/dashboard/overview:0
[34612412ms] [ERROR] Failed to load resource: net::ERR_CONNECTION_REFUSED @ http://localhost:4401/api/billing/ai-credits/summary:0
[34612412ms] [ERROR] Failed to load resource: net::ERR_CONNECTION_REFUSED @ http://localhost:4401/dashboard/alerts?limit=6:0
[34612618ms] [ERROR] Failed to load resource: net::ERR_CONNECTION_REFUSED @ http://localhost:4401/dashboard/overview:0
[34612619ms] [ERROR] Failed to load resource: net::ERR_CONNECTION_REFUSED @ http://localhost:4401/api/billing/ai-credits/summary:0
[34612619ms] [ERROR] Failed to load resource: net::ERR_CONNECTION_REFUSED @ http://localhost:4401/dashboard/alerts?limit=6:0
[34613223ms] [ERROR] Failed to load resource: net::ERR_CONNECTION_REFUSED @ http://localhost:4401/dashboard/overview:0
[34613226ms] [ERROR] Failed to load resource: net::ERR_CONNECTION_REFUSED @ http://localhost:4401/api/billing/ai-credits/summary:0
[34613226ms] [ERROR] Failed to load resource: net::ERR_CONNECTION_REFUSED @ http://localhost:4401/dashboard/alerts?limit=6:0
[34642409ms] [ERROR] Failed to load resource: net::ERR_CONNECTION_REFUSED @ http://localhost:4401/api/billing/ai-credits/summary:0
[34642615ms] [ERROR] Failed to load resource: net::ERR_CONNECTION_REFUSED @ http://localhost:4401/api/billing/ai-credits/summary:0
[34643221ms] [ERROR] Failed to load resource: net::ERR_CONNECTION_REFUSED @ http://localhost:4401/api/billing/ai-credits/summary:0
[34672411ms] [ERROR] Failed to load resource: net::ERR_CONNECTION_REFUSED @ http://localhost:4401/dashboard/overview:0
[34672411ms] [ERROR] Failed to load resource: net::ERR_CONNECTION_REFUSED @ http://localhost:4401/api/billing/ai-credits/summary:0
[34672411ms] [ERROR] Failed to load resource: net::ERR_CONNECTION_REFUSED @ http://localhost:4401/dashboard/alerts?limit=6:0
[34672619ms] [ERROR] Failed to load resource: net::ERR_CONNECTION_REFUSED @ http://localhost:4401/dashboard/overview:0
[34672619ms] [ERROR] Failed to load resource: net::ERR_CONNECTION_REFUSED @ http://localhost:4401/api/billing/ai-credits/summary:0
[34672619ms] [ERROR] Failed to load resource: net::ERR_CONNECTION_REFUSED @ http://localhost:4401/dashboard/alerts?limit=6:0
[34673225ms] [ERROR] Failed to load resource: net::ERR_CONNECTION_REFUSED @ http://localhost:4401/dashboard/overview:0
[34673225ms] [ERROR] Failed to load resource: net::ERR_CONNECTION_REFUSED @ http://localhost:4401/dashboard/alerts?limit=6:0
[34673225ms] [ERROR] Failed to load resource: net::ERR_CONNECTION_REFUSED @ http://localhost:4401/api/billing/ai-credits/summary:0
[34702410ms] [ERROR] Failed to load resource: net::ERR_CONNECTION_REFUSED @ http://localhost:4401/api/billing/ai-credits/summary:0
[34702614ms] [ERROR] Failed to load resource: net::ERR_CONNECTION_REFUSED @ http://localhost:4401/api/billing/ai-credits/summary:0
[34703218ms] [ERROR] Failed to load resource: net::ERR_CONNECTION_REFUSED @ http://localhost:4401/api/billing/ai-credits/summary:0
[34732412ms] [ERROR] Failed to load resource: net::ERR_CONNECTION_REFUSED @ http://localhost:4401/dashboard/overview:0
[34732413ms] [ERROR] Failed to load resource: net::ERR_CONNECTION_REFUSED @ http://localhost:4401/api/billing/ai-credits/summary:0
[34732413ms] [ERROR] Failed to load resource: net::ERR_CONNECTION_REFUSED @ http://localhost:4401/dashboard/alerts?limit=6:0
[34732619ms] [ERROR] Failed to load resource: net::ERR_CONNECTION_REFUSED @ http://localhost:4401/dashboard/overview:0
[34732619ms] [ERROR] Failed to load resource: net::ERR_CONNECTION_REFUSED @ http://localhost:4401/api/billing/ai-credits/summary:0
[34732619ms] [ERROR] Failed to load resource: net::ERR_CONNECTION_REFUSED @ http://localhost:4401/dashboard/alerts?limit=6:0
[34733228ms] [ERROR] Failed to load resource: net::ERR_CONNECTION_REFUSED @ http://localhost:4401/dashboard/overview:0
[34733228ms] [ERROR] Failed to load resource: net::ERR_CONNECTION_REFUSED @ http://localhost:4401/api/billing/ai-credits/summary:0
[34733228ms] [ERROR] Failed to load resource: net::ERR_CONNECTION_REFUSED @ http://localhost:4401/dashboard/alerts?limit=6:0
[34762410ms] [ERROR] Failed to load resource: net::ERR_CONNECTION_REFUSED @ http://localhost:4401/api/billing/ai-credits/summary:0
[34762615ms] [ERROR] Failed to load resource: net::ERR_CONNECTION_REFUSED @ http://localhost:4401/api/billing/ai-credits/summary:0
[34763220ms] [ERROR] Failed to load resource: net::ERR_CONNECTION_REFUSED @ http://localhost:4401/api/billing/ai-credits/summary:0
[34792413ms] [ERROR] Failed to load resource: net::ERR_CONNECTION_REFUSED @ http://localhost:4401/dashboard/overview:0
[34792413ms] [ERROR] Failed to load resource: net::ERR_CONNECTION_REFUSED @ http://localhost:4401/api/billing/ai-credits/summary:0
[34792413ms] [ERROR] Failed to load resource: net::ERR_CONNECTION_REFUSED @ http://localhost:4401/dashboard/alerts?limit=6:0
[34792620ms] [ERROR] Failed to load resource: net::ERR_CONNECTION_REFUSED @ http://localhost:4401/dashboard/overview:0
[34792621ms] [ERROR] Failed to load resource: net::ERR_CONNECTION_REFUSED @ http://localhost:4401/api/billing/ai-credits/summary:0
[34792621ms] [ERROR] Failed to load resource: net::ERR_CONNECTION_REFUSED @ http://localhost:4401/dashboard/alerts?limit=6:0
[34793229ms] [ERROR] Failed to load resource: net::ERR_CONNECTION_REFUSED @ http://localhost:4401/dashboard/overview:0
[34793230ms] [ERROR] Failed to load resource: net::ERR_CONNECTION_REFUSED @ http://localhost:4401/api/billing/ai-credits/summary:0
[34793230ms] [ERROR] Failed to load resource: net::ERR_CONNECTION_REFUSED @ http://localhost:4401/dashboard/alerts?limit=6:0
[34822414ms] [ERROR] Failed to load resource: net::ERR_CONNECTION_REFUSED @ http://localhost:4401/api/billing/ai-credits/summary:0
[34822620ms] [ERROR] Failed to load resource: net::ERR_CONNECTION_REFUSED @ http://localhost:4401/api/billing/ai-credits/summary:0
[34823226ms] [ERROR] Failed to load resource: net::ERR_CONNECTION_REFUSED @ http://localhost:4401/api/billing/ai-credits/summary:0
[34852411ms] [ERROR] Failed to load resource: net::ERR_CONNECTION_REFUSED @ http://localhost:4401/dashboard/overview:0
[34852412ms] [ERROR] Failed to load resource: net::ERR_CONNECTION_REFUSED @ http://localhost:4401/api/billing/ai-credits/summary:0
[34852412ms] [ERROR] Failed to load resource: net::ERR_CONNECTION_REFUSED @ http://localhost:4401/dashboard/alerts?limit=6:0
[34852618ms] [ERROR] Failed to load resource: net::ERR_CONNECTION_REFUSED @ http://localhost:4401/dashboard/overview:0
[34852618ms] [ERROR] Failed to load resource: net::ERR_CONNECTION_REFUSED @ http://localhost:4401/api/billing/ai-credits/summary:0
[34852618ms] [ERROR] Failed to load resource: net::ERR_CONNECTION_REFUSED @ http://localhost:4401/dashboard/alerts?limit=6:0
[34853224ms] [ERROR] Failed to load resource: net::ERR_CONNECTION_REFUSED @ http://localhost:4401/dashboard/overview:0
[34853224ms] [ERROR] Failed to load resource: net::ERR_CONNECTION_REFUSED @ http://localhost:4401/api/billing/ai-credits/summary:0
[34853226ms] [ERROR] Failed to load resource: net::ERR_CONNECTION_REFUSED @ http://localhost:4401/dashboard/alerts?limit=6:0
[34882412ms] [ERROR] Failed to load resource: net::ERR_CONNECTION_REFUSED @ http://localhost:4401/api/billing/ai-credits/summary:0
[34882617ms] [ERROR] Failed to load resource: net::ERR_CONNECTION_REFUSED @ http://localhost:4401/api/billing/ai-credits/summary:0
[34883222ms] [ERROR] Failed to load resource: net::ERR_CONNECTION_REFUSED @ http://localhost:4401/api/billing/ai-credits/summary:0
[34912413ms] [ERROR] Failed to load resource: net::ERR_CONNECTION_REFUSED @ http://localhost:4401/dashboard/overview:0
[34912414ms] [ERROR] Failed to load resource: net::ERR_CONNECTION_REFUSED @ http://localhost:4401/api/billing/ai-credits/summary:0
[34912414ms] [ERROR] Failed to load resource: net::ERR_CONNECTION_REFUSED @ http://localhost:4401/dashboard/alerts?limit=6:0
[34912620ms] [ERROR] Failed to load resource: net::ERR_CONNECTION_REFUSED @ http://localhost:4401/dashboard/overview:0
[34912621ms] [ERROR] Failed to load resource: net::ERR_CONNECTION_REFUSED @ http://localhost:4401/api/billing/ai-credits/summary:0
[34912621ms] [ERROR] Failed to load resource: net::ERR_CONNECTION_REFUSED @ http://localhost:4401/dashboard/alerts?limit=6:0
[34913227ms] [ERROR] Failed to load resource: net::ERR_CONNECTION_REFUSED @ http://localhost:4401/dashboard/overview:0
[34913228ms] [ERROR] Failed to load resource: net::ERR_CONNECTION_REFUSED @ http://localhost:4401/api/billing/ai-credits/summary:0
[34913228ms] [ERROR] Failed to load resource: net::ERR_CONNECTION_REFUSED @ http://localhost:4401/dashboard/alerts?limit=6:0
[34942412ms] [ERROR] Failed to load resource: net::ERR_CONNECTION_REFUSED @ http://localhost:4401/api/billing/ai-credits/summary:0
[34942619ms] [ERROR] Failed to load resource: net::ERR_CONNECTION_REFUSED @ http://localhost:4401/api/billing/ai-credits/summary:0
[34943222ms] [ERROR] Failed to load resource: net::ERR_CONNECTION_REFUSED @ http://localhost:4401/api/billing/ai-credits/summary:0
[34972415ms] [ERROR] Failed to load resource: net::ERR_CONNECTION_REFUSED @ http://localhost:4401/dashboard/overview:0
[34972415ms] [ERROR] Failed to load resource: net::ERR_CONNECTION_REFUSED @ http://localhost:4401/api/billing/ai-credits/summary:0
[34972416ms] [ERROR] Failed to load resource: net::ERR_CONNECTION_REFUSED @ http://localhost:4401/dashboard/alerts?limit=6:0
[34972620ms] [ERROR] Failed to load resource: net::ERR_CONNECTION_REFUSED @ http://localhost:4401/dashboard/overview:0
[34972621ms] [ERROR] Failed to load resource: net::ERR_CONNECTION_REFUSED @ http://localhost:4401/api/billing/ai-credits/summary:0
[34972621ms] [ERROR] Failed to load resource: net::ERR_CONNECTION_REFUSED @ http://localhost:4401/dashboard/alerts?limit=6:0
[34973224ms] [ERROR] Failed to load resource: net::ERR_CONNECTION_REFUSED @ http://localhost:4401/dashboard/overview:0
[34973227ms] [ERROR] Failed to load resource: net::ERR_CONNECTION_REFUSED @ http://localhost:4401/api/billing/ai-credits/summary:0
[34973227ms] [ERROR] Failed to load resource: net::ERR_CONNECTION_REFUSED @ http://localhost:4401/dashboard/alerts?limit=6:0
[35002412ms] [ERROR] Failed to load resource: net::ERR_CONNECTION_REFUSED @ http://localhost:4401/api/billing/ai-credits/summary:0
[35002623ms] [ERROR] Failed to load resource: net::ERR_CONNECTION_REFUSED @ http://localhost:4401/api/billing/ai-credits/summary:0
[35003228ms] [ERROR] Failed to load resource: net::ERR_CONNECTION_REFUSED @ http://localhost:4401/api/billing/ai-credits/summary:0
[35032414ms] [ERROR] Failed to load resource: net::ERR_CONNECTION_REFUSED @ http://localhost:4401/dashboard/overview:0
[35032414ms] [ERROR] Failed to load resource: net::ERR_CONNECTION_REFUSED @ http://localhost:4401/api/billing/ai-credits/summary:0
[35032414ms] [ERROR] Failed to load resource: net::ERR_CONNECTION_REFUSED @ http://localhost:4401/dashboard/alerts?limit=6:0
[35032622ms] [ERROR] Failed to load resource: net::ERR_CONNECTION_REFUSED @ http://localhost:4401/dashboard/overview:0
[35032622ms] [ERROR] Failed to load resource: net::ERR_CONNECTION_REFUSED @ http://localhost:4401/api/billing/ai-credits/summary:0
[35032622ms] [ERROR] Failed to load resource: net::ERR_CONNECTION_REFUSED @ http://localhost:4401/dashboard/alerts?limit=6:0
[35033227ms] [ERROR] Failed to load resource: net::ERR_CONNECTION_REFUSED @ http://localhost:4401/dashboard/overview:0
[35033228ms] [ERROR] Failed to load resource: net::ERR_CONNECTION_REFUSED @ http://localhost:4401/api/billing/ai-credits/summary:0
[35033228ms] [ERROR] Failed to load resource: net::ERR_CONNECTION_REFUSED @ http://localhost:4401/dashboard/alerts?limit=6:0
[35062414ms] [ERROR] Failed to load resource: net::ERR_CONNECTION_REFUSED @ http://localhost:4401/api/billing/ai-credits/summary:0
[35062619ms] [ERROR] Failed to load resource: net::ERR_CONNECTION_REFUSED @ http://localhost:4401/api/billing/ai-credits/summary:0
[35063224ms] [ERROR] Failed to load resource: net::ERR_CONNECTION_REFUSED @ http://localhost:4401/api/billing/ai-credits/summary:0
[35092416ms] [ERROR] Failed to load resource: net::ERR_CONNECTION_REFUSED @ http://localhost:4401/dashboard/overview:0
[35092416ms] [ERROR] Failed to load resource: net::ERR_CONNECTION_REFUSED @ http://localhost:4401/api/billing/ai-credits/summary:0
[35092416ms] [ERROR] Failed to load resource: net::ERR_CONNECTION_REFUSED @ http://localhost:4401/dashboard/alerts?limit=6:0
[35092622ms] [ERROR] Failed to load resource: net::ERR_CONNECTION_REFUSED @ http://localhost:4401/dashboard/overview:0
[35092622ms] [ERROR] Failed to load resource: net::ERR_CONNECTION_REFUSED @ http://localhost:4401/api/billing/ai-credits/summary:0
[35092623ms] [ERROR] Failed to load resource: net::ERR_CONNECTION_REFUSED @ http://localhost:4401/dashboard/alerts?limit=6:0
[35093230ms] [ERROR] Failed to load resource: net::ERR_CONNECTION_REFUSED @ http://localhost:4401/dashboard/overview:0
[35093230ms] [ERROR] Failed to load resource: net::ERR_CONNECTION_REFUSED @ http://localhost:4401/api/billing/ai-credits/summary:0
[35093230ms] [ERROR] Failed to load resource: net::ERR_CONNECTION_REFUSED @ http://localhost:4401/dashboard/alerts?limit=6:0
[35122413ms] [ERROR] Failed to load resource: net::ERR_CONNECTION_REFUSED @ http://localhost:4401/api/billing/ai-credits/summary:0
[35122616ms] [ERROR] Failed to load resource: net::ERR_CONNECTION_REFUSED @ http://localhost:4401/api/billing/ai-credits/summary:0
[35123223ms] [ERROR] Failed to load resource: net::ERR_CONNECTION_REFUSED @ http://localhost:4401/api/billing/ai-credits/summary:0
[35152414ms] [ERROR] Failed to load resource: net::ERR_CONNECTION_REFUSED @ http://localhost:4401/dashboard/overview:0
[35152414ms] [ERROR] Failed to load resource: net::ERR_CONNECTION_REFUSED @ http://localhost:4401/api/billing/ai-credits/summary:0
[35152414ms] [ERROR] Failed to load resource: net::ERR_CONNECTION_REFUSED @ http://localhost:4401/dashboard/alerts?limit=6:0
[35152622ms] [ERROR] Failed to load resource: net::ERR_CONNECTION_REFUSED @ http://localhost:4401/dashboard/overview:0
[35152622ms] [ERROR] Failed to load resource: net::ERR_CONNECTION_REFUSED @ http://localhost:4401/api/billing/ai-credits/summary:0
[35152622ms] [ERROR] Failed to load resource: net::ERR_CONNECTION_REFUSED @ http://localhost:4401/dashboard/alerts?limit=6:0
[35153230ms] [ERROR] Failed to load resource: net::ERR_CONNECTION_REFUSED @ http://localhost:4401/dashboard/overview:0
[35153230ms] [ERROR] Failed to load resource: net::ERR_CONNECTION_REFUSED @ http://localhost:4401/api/billing/ai-credits/summary:0
[35153230ms] [ERROR] Failed to load resource: net::ERR_CONNECTION_REFUSED @ http://localhost:4401/dashboard/alerts?limit=6:0
[35182412ms] [ERROR] Failed to load resource: net::ERR_CONNECTION_REFUSED @ http://localhost:4401/api/billing/ai-credits/summary:0
[35182617ms] [ERROR] Failed to load resource: net::ERR_CONNECTION_REFUSED @ http://localhost:4401/api/billing/ai-credits/summary:0
[35183224ms] [ERROR] Failed to load resource: net::ERR_CONNECTION_REFUSED @ http://localhost:4401/api/billing/ai-credits/summary:0
[35212419ms] [ERROR] Failed to load resource: net::ERR_CONNECTION_REFUSED @ http://localhost:4401/api/billing/ai-credits/summary:0
[35212419ms] [ERROR] Failed to load resource: net::ERR_CONNECTION_REFUSED @ http://localhost:4401/dashboard/overview:0
[35212419ms] [ERROR] Failed to load resource: net::ERR_CONNECTION_REFUSED @ http://localhost:4401/dashboard/alerts?limit=6:0
[35212624ms] [ERROR] Failed to load resource: net::ERR_CONNECTION_REFUSED @ http://localhost:4401/api/billing/ai-credits/summary:0
[35212625ms] [ERROR] Failed to load resource: net::ERR_CONNECTION_REFUSED @ http://localhost:4401/dashboard/overview:0
[35212625ms] [ERROR] Failed to load resource: net::ERR_CONNECTION_REFUSED @ http://localhost:4401/dashboard/alerts?limit=6:0
[35213232ms] [ERROR] Failed to load resource: net::ERR_CONNECTION_REFUSED @ http://localhost:4401/api/billing/ai-credits/summary:0
[35213232ms] [ERROR] Failed to load resource: net::ERR_CONNECTION_REFUSED @ http://localhost:4401/dashboard/overview:0
[35213232ms] [ERROR] Failed to load resource: net::ERR_CONNECTION_REFUSED @ http://localhost:4401/dashboard/alerts?limit=6:0
[35242416ms] [ERROR] Failed to load resource: net::ERR_CONNECTION_REFUSED @ http://localhost:4401/api/billing/ai-credits/summary:0
[35242623ms] [ERROR] Failed to load resource: net::ERR_CONNECTION_REFUSED @ http://localhost:4401/api/billing/ai-credits/summary:0
[35243227ms] [ERROR] Failed to load resource: net::ERR_CONNECTION_REFUSED @ http://localhost:4401/api/billing/ai-credits/summary:0
[35272415ms] [ERROR] Failed to load resource: net::ERR_CONNECTION_REFUSED @ http://localhost:4401/dashboard/overview:0
[35272416ms] [ERROR] Failed to load resource: net::ERR_CONNECTION_REFUSED @ http://localhost:4401/api/billing/ai-credits/summary:0
[35272416ms] [ERROR] Failed to load resource: net::ERR_CONNECTION_REFUSED @ http://localhost:4401/dashboard/alerts?limit=6:0
[35272622ms] [ERROR] Failed to load resource: net::ERR_CONNECTION_REFUSED @ http://localhost:4401/dashboard/overview:0
[35272622ms] [ERROR] Failed to load resource: net::ERR_CONNECTION_REFUSED @ http://localhost:4401/api/billing/ai-credits/summary:0
[35272622ms] [ERROR] Failed to load resource: net::ERR_CONNECTION_REFUSED @ http://localhost:4401/dashboard/alerts?limit=6:0
[35273230ms] [ERROR] Failed to load resource: net::ERR_CONNECTION_REFUSED @ http://localhost:4401/dashboard/overview:0
[35273230ms] [ERROR] Failed to load resource: net::ERR_CONNECTION_REFUSED @ http://localhost:4401/api/billing/ai-credits/summary:0
[35273230ms] [ERROR] Failed to load resource: net::ERR_CONNECTION_REFUSED @ http://localhost:4401/dashboard/alerts?limit=6:0
[35302415ms] [ERROR] Failed to load resource: net::ERR_CONNECTION_REFUSED @ http://localhost:4401/api/billing/ai-credits/summary:0
[35302619ms] [ERROR] Failed to load resource: net::ERR_CONNECTION_REFUSED @ http://localhost:4401/api/billing/ai-credits/summary:0
[35303223ms] [ERROR] Failed to load resource: net::ERR_CONNECTION_REFUSED @ http://localhost:4401/api/billing/ai-credits/summary:0
[35332417ms] [ERROR] Failed to load resource: net::ERR_CONNECTION_REFUSED @ http://localhost:4401/dashboard/overview:0
[35332417ms] [ERROR] Failed to load resource: net::ERR_CONNECTION_REFUSED @ http://localhost:4401/api/billing/ai-credits/summary:0
[35332418ms] [ERROR] Failed to load resource: net::ERR_CONNECTION_REFUSED @ http://localhost:4401/dashboard/alerts?limit=6:0
[35332621ms] [ERROR] Failed to load resource: net::ERR_CONNECTION_REFUSED @ http://localhost:4401/dashboard/overview:0
[35332622ms] [ERROR] Failed to load resource: net::ERR_CONNECTION_REFUSED @ http://localhost:4401/api/billing/ai-credits/summary:0
[35332623ms] [ERROR] Failed to load resource: net::ERR_CONNECTION_REFUSED @ http://localhost:4401/dashboard/alerts?limit=6:0
[35333228ms] [ERROR] Failed to load resource: net::ERR_CONNECTION_REFUSED @ http://localhost:4401/dashboard/overview:0
[35333228ms] [ERROR] Failed to load resource: net::ERR_CONNECTION_REFUSED @ http://localhost:4401/api/billing/ai-credits/summary:0
[35333229ms] [ERROR] Failed to load resource: net::ERR_CONNECTION_REFUSED @ http://localhost:4401/dashboard/alerts?limit=6:0
[35362417ms] [ERROR] Failed to load resource: net::ERR_CONNECTION_REFUSED @ http://localhost:4401/api/billing/ai-credits/summary:0
[35362621ms] [ERROR] Failed to load resource: net::ERR_CONNECTION_REFUSED @ http://localhost:4401/api/billing/ai-credits/summary:0
[35363225ms] [ERROR] Failed to load resource: net::ERR_CONNECTION_REFUSED @ http://localhost:4401/api/billing/ai-credits/summary:0
[35392421ms] [ERROR] Failed to load resource: net::ERR_CONNECTION_REFUSED @ http://localhost:4401/dashboard/overview:0
[35392421ms] [ERROR] Failed to load resource: net::ERR_CONNECTION_REFUSED @ http://localhost:4401/api/billing/ai-credits/summary:0
[35392421ms] [ERROR] Failed to load resource: net::ERR_CONNECTION_REFUSED @ http://localhost:4401/dashboard/alerts?limit=6:0
[35392627ms] [ERROR] Failed to load resource: net::ERR_CONNECTION_REFUSED @ http://localhost:4401/dashboard/overview:0
[35392627ms] [ERROR] Failed to load resource: net::ERR_CONNECTION_REFUSED @ http://localhost:4401/api/billing/ai-credits/summary:0
[35392627ms] [ERROR] Failed to load resource: net::ERR_CONNECTION_REFUSED @ http://localhost:4401/dashboard/alerts?limit=6:0
[35393234ms] [ERROR] Failed to load resource: net::ERR_CONNECTION_REFUSED @ http://localhost:4401/dashboard/overview:0
[35393234ms] [ERROR] Failed to load resource: net::ERR_CONNECTION_REFUSED @ http://localhost:4401/api/billing/ai-credits/summary:0
[35393234ms] [ERROR] Failed to load resource: net::ERR_CONNECTION_REFUSED @ http://localhost:4401/dashboard/alerts?limit=6:0
[35422423ms] [ERROR] Failed to load resource: net::ERR_CONNECTION_REFUSED @ http://localhost:4401/api/billing/ai-credits/summary:0
[35422629ms] [ERROR] Failed to load resource: net::ERR_CONNECTION_REFUSED @ http://localhost:4401/api/billing/ai-credits/summary:0
[35423235ms] [ERROR] Failed to load resource: net::ERR_CONNECTION_REFUSED @ http://localhost:4401/api/billing/ai-credits/summary:0
[35452418ms] [ERROR] Failed to load resource: net::ERR_CONNECTION_REFUSED @ http://localhost:4401/dashboard/overview:0
[35452419ms] [ERROR] Failed to load resource: net::ERR_CONNECTION_REFUSED @ http://localhost:4401/api/billing/ai-credits/summary:0
[35452419ms] [ERROR] Failed to load resource: net::ERR_CONNECTION_REFUSED @ http://localhost:4401/dashboard/alerts?limit=6:0
[35452627ms] [ERROR] Failed to load resource: net::ERR_CONNECTION_REFUSED @ http://localhost:4401/dashboard/overview:0
[35452627ms] [ERROR] Failed to load resource: net::ERR_CONNECTION_REFUSED @ http://localhost:4401/api/billing/ai-credits/summary:0
[35452627ms] [ERROR] Failed to load resource: net::ERR_CONNECTION_REFUSED @ http://localhost:4401/dashboard/alerts?limit=6:0
[35453236ms] [ERROR] Failed to load resource: net::ERR_CONNECTION_REFUSED @ http://localhost:4401/dashboard/overview:0
[35453236ms] [ERROR] Failed to load resource: net::ERR_CONNECTION_REFUSED @ http://localhost:4401/api/billing/ai-credits/summary:0
[35453236ms] [ERROR] Failed to load resource: net::ERR_CONNECTION_REFUSED @ http://localhost:4401/dashboard/alerts?limit=6:0
[35482424ms] [ERROR] Failed to load resource: net::ERR_CONNECTION_REFUSED @ http://localhost:4401/api/billing/ai-credits/summary:0
[35482629ms] [ERROR] Failed to load resource: net::ERR_CONNECTION_REFUSED @ http://localhost:4401/api/billing/ai-credits/summary:0
[35483233ms] [ERROR] Failed to load resource: net::ERR_CONNECTION_REFUSED @ http://localhost:4401/api/billing/ai-credits/summary:0
[35512419ms] [ERROR] Failed to load resource: net::ERR_CONNECTION_REFUSED @ http://localhost:4401/dashboard/overview:0
[35512422ms] [ERROR] Failed to load resource: net::ERR_CONNECTION_REFUSED @ http://localhost:4401/api/billing/ai-credits/summary:0
[35512422ms] [ERROR] Failed to load resource: net::ERR_CONNECTION_REFUSED @ http://localhost:4401/dashboard/alerts?limit=6:0
[35512622ms] [ERROR] Failed to load resource: net::ERR_CONNECTION_REFUSED @ http://localhost:4401/dashboard/overview:0
[35512626ms] [ERROR] Failed to load resource: net::ERR_CONNECTION_REFUSED @ http://localhost:4401/api/billing/ai-credits/summary:0
[35512626ms] [ERROR] Failed to load resource: net::ERR_CONNECTION_REFUSED @ http://localhost:4401/dashboard/alerts?limit=6:0
[35513231ms] [ERROR] Failed to load resource: net::ERR_CONNECTION_REFUSED @ http://localhost:4401/dashboard/overview:0
[35513233ms] [ERROR] Failed to load resource: net::ERR_CONNECTION_REFUSED @ http://localhost:4401/api/billing/ai-credits/summary:0
[35513233ms] [ERROR] Failed to load resource: net::ERR_CONNECTION_REFUSED @ http://localhost:4401/dashboard/alerts?limit=6:0
[35542417ms] [ERROR] Failed to load resource: net::ERR_CONNECTION_REFUSED @ http://localhost:4401/api/billing/ai-credits/summary:0
[35542622ms] [ERROR] Failed to load resource: net::ERR_CONNECTION_REFUSED @ http://localhost:4401/api/billing/ai-credits/summary:0
[35543226ms] [ERROR] Failed to load resource: net::ERR_CONNECTION_REFUSED @ http://localhost:4401/api/billing/ai-credits/summary:0
[35572421ms] [ERROR] Failed to load resource: net::ERR_CONNECTION_REFUSED @ http://localhost:4401/dashboard/overview:0
[35572421ms] [ERROR] Failed to load resource: net::ERR_CONNECTION_REFUSED @ http://localhost:4401/api/billing/ai-credits/summary:0
[35572422ms] [ERROR] Failed to load resource: net::ERR_CONNECTION_REFUSED @ http://localhost:4401/dashboard/alerts?limit=6:0
[35572628ms] [ERROR] Failed to load resource: net::ERR_CONNECTION_REFUSED @ http://localhost:4401/dashboard/overview:0
[35572628ms] [ERROR] Failed to load resource: net::ERR_CONNECTION_REFUSED @ http://localhost:4401/api/billing/ai-credits/summary:0
[35572629ms] [ERROR] Failed to load resource: net::ERR_CONNECTION_REFUSED @ http://localhost:4401/dashboard/alerts?limit=6:0
[35573236ms] [ERROR] Failed to load resource: net::ERR_CONNECTION_REFUSED @ http://localhost:4401/dashboard/overview:0
[35573236ms] [ERROR] Failed to load resource: net::ERR_CONNECTION_REFUSED @ http://localhost:4401/api/billing/ai-credits/summary:0
[35573237ms] [ERROR] Failed to load resource: net::ERR_CONNECTION_REFUSED @ http://localhost:4401/dashboard/alerts?limit=6:0
[35602419ms] [ERROR] Failed to load resource: net::ERR_CONNECTION_REFUSED @ http://localhost:4401/api/billing/ai-credits/summary:0
[35602622ms] [ERROR] Failed to load resource: net::ERR_CONNECTION_REFUSED @ http://localhost:4401/api/billing/ai-credits/summary:0
[35603227ms] [ERROR] Failed to load resource: net::ERR_CONNECTION_REFUSED @ http://localhost:4401/api/billing/ai-credits/summary:0
[35632426ms] [ERROR] Failed to load resource: net::ERR_CONNECTION_REFUSED @ http://localhost:4401/dashboard/overview:0
[35632426ms] [ERROR] Failed to load resource: net::ERR_CONNECTION_REFUSED @ http://localhost:4401/api/billing/ai-credits/summary:0
[35632426ms] [ERROR] Failed to load resource: net::ERR_CONNECTION_REFUSED @ http://localhost:4401/dashboard/alerts?limit=6:0
[35632632ms] [ERROR] Failed to load resource: net::ERR_CONNECTION_REFUSED @ http://localhost:4401/dashboard/overview:0
[35632632ms] [ERROR] Failed to load resource: net::ERR_CONNECTION_REFUSED @ http://localhost:4401/api/billing/ai-credits/summary:0
[35632632ms] [ERROR] Failed to load resource: net::ERR_CONNECTION_REFUSED @ http://localhost:4401/dashboard/alerts?limit=6:0
[35633238ms] [ERROR] Failed to load resource: net::ERR_CONNECTION_REFUSED @ http://localhost:4401/dashboard/overview:0
[35633239ms] [ERROR] Failed to load resource: net::ERR_CONNECTION_REFUSED @ http://localhost:4401/api/billing/ai-credits/summary:0
[35633239ms] [ERROR] Failed to load resource: net::ERR_CONNECTION_REFUSED @ http://localhost:4401/dashboard/alerts?limit=6:0
[35662418ms] [ERROR] Failed to load resource: net::ERR_CONNECTION_REFUSED @ http://localhost:4401/api/billing/ai-credits/summary:0
[35662622ms] [ERROR] Failed to load resource: net::ERR_CONNECTION_REFUSED @ http://localhost:4401/api/billing/ai-credits/summary:0
[35663227ms] [ERROR] Failed to load resource: net::ERR_CONNECTION_REFUSED @ http://localhost:4401/api/billing/ai-credits/summary:0
[35992425ms] [ERROR] Failed to load resource: net::ERR_CONNECTION_REFUSED @ http://localhost:4401/dashboard/overview:0
[35992425ms] [ERROR] Failed to load resource: net::ERR_CONNECTION_REFUSED @ http://localhost:4401/api/billing/ai-credits/summary:0
[35992425ms] [ERROR] Failed to load resource: net::ERR_CONNECTION_REFUSED @ http://localhost:4401/dashboard/alerts?limit=6:0
[35992635ms] [ERROR] Failed to load resource: net::ERR_CONNECTION_REFUSED @ http://localhost:4401/dashboard/overview:0
[35992635ms] [ERROR] Failed to load resource: net::ERR_CONNECTION_REFUSED @ http://localhost:4401/api/billing/ai-credits/summary:0
[35992635ms] [ERROR] Failed to load resource: net::ERR_CONNECTION_REFUSED @ http://localhost:4401/dashboard/alerts?limit=6:0
[35993242ms] [ERROR] Failed to load resource: net::ERR_CONNECTION_REFUSED @ http://localhost:4401/dashboard/overview:0
[35993242ms] [ERROR] Failed to load resource: net::ERR_CONNECTION_REFUSED @ http://localhost:4401/api/billing/ai-credits/summary:0
[35993242ms] [ERROR] Failed to load resource: net::ERR_CONNECTION_REFUSED @ http://localhost:4401/dashboard/alerts?limit=6:0
[36022422ms] [ERROR] Failed to load resource: net::ERR_CONNECTION_REFUSED @ http://localhost:4401/api/billing/ai-credits/summary:0
[36022627ms] [ERROR] Failed to load resource: net::ERR_CONNECTION_REFUSED @ http://localhost:4401/api/billing/ai-credits/summary:0
[36023232ms] [ERROR] Failed to load resource: net::ERR_CONNECTION_REFUSED @ http://localhost:4401/api/billing/ai-credits/summary:0
[36052425ms] [ERROR] Failed to load resource: net::ERR_CONNECTION_REFUSED @ http://localhost:4401/dashboard/overview:0
[36052425ms] [ERROR] Failed to load resource: net::ERR_CONNECTION_REFUSED @ http://localhost:4401/api/billing/ai-credits/summary:0
[36052425ms] [ERROR] Failed to load resource: net::ERR_CONNECTION_REFUSED @ http://localhost:4401/dashboard/alerts?limit=6:0
[36052632ms] [ERROR] Failed to load resource: net::ERR_CONNECTION_REFUSED @ http://localhost:4401/dashboard/overview:0
[36052632ms] [ERROR] Failed to load resource: net::ERR_CONNECTION_REFUSED @ http://localhost:4401/api/billing/ai-credits/summary:0
[36052633ms] [ERROR] Failed to load resource: net::ERR_CONNECTION_REFUSED @ http://localhost:4401/dashboard/alerts?limit=6:0
[36053238ms] [ERROR] Failed to load resource: net::ERR_CONNECTION_REFUSED @ http://localhost:4401/dashboard/overview:0
[36053239ms] [ERROR] Failed to load resource: net::ERR_CONNECTION_REFUSED @ http://localhost:4401/api/billing/ai-credits/summary:0
[36053239ms] [ERROR] Failed to load resource: net::ERR_CONNECTION_REFUSED @ http://localhost:4401/dashboard/alerts?limit=6:0
[36082424ms] [ERROR] Failed to load resource: net::ERR_CONNECTION_REFUSED @ http://localhost:4401/api/billing/ai-credits/summary:0
[36082630ms] [ERROR] Failed to load resource: net::ERR_CONNECTION_REFUSED @ http://localhost:4401/api/billing/ai-credits/summary:0
[36083235ms] [ERROR] Failed to load resource: net::ERR_CONNECTION_REFUSED @ http://localhost:4401/api/billing/ai-credits/summary:0
[36112423ms] [ERROR] Failed to load resource: net::ERR_CONNECTION_REFUSED @ http://localhost:4401/dashboard/overview:0
[36112424ms] [ERROR] Failed to load resource: net::ERR_CONNECTION_REFUSED @ http://localhost:4401/api/billing/ai-credits/summary:0
[36112424ms] [ERROR] Failed to load resource: net::ERR_CONNECTION_REFUSED @ http://localhost:4401/dashboard/alerts?limit=6:0
[36112629ms] [ERROR] Failed to load resource: net::ERR_CONNECTION_REFUSED @ http://localhost:4401/dashboard/overview:0
[36112629ms] [ERROR] Failed to load resource: net::ERR_CONNECTION_REFUSED @ http://localhost:4401/api/billing/ai-credits/summary:0
[36112629ms] [ERROR] Failed to load resource: net::ERR_CONNECTION_REFUSED @ http://localhost:4401/dashboard/alerts?limit=6:0
[36113236ms] [ERROR] Failed to load resource: net::ERR_CONNECTION_REFUSED @ http://localhost:4401/dashboard/overview:0
[36113236ms] [ERROR] Failed to load resource: net::ERR_CONNECTION_REFUSED @ http://localhost:4401/api/billing/ai-credits/summary:0
[36113236ms] [ERROR] Failed to load resource: net::ERR_CONNECTION_REFUSED @ http://localhost:4401/dashboard/alerts?limit=6:0
[36142422ms] [ERROR] Failed to load resource: net::ERR_CONNECTION_REFUSED @ http://localhost:4401/api/billing/ai-credits/summary:0
[36142626ms] [ERROR] Failed to load resource: net::ERR_CONNECTION_REFUSED @ http://localhost:4401/api/billing/ai-credits/summary:0
[36143230ms] [ERROR] Failed to load resource: net::ERR_CONNECTION_REFUSED @ http://localhost:4401/api/billing/ai-credits/summary:0
[36172424ms] [ERROR] Failed to load resource: net::ERR_CONNECTION_REFUSED @ http://localhost:4401/dashboard/overview:0
[36172424ms] [ERROR] Failed to load resource: net::ERR_CONNECTION_REFUSED @ http://localhost:4401/api/billing/ai-credits/summary:0
[36172424ms] [ERROR] Failed to load resource: net::ERR_CONNECTION_REFUSED @ http://localhost:4401/dashboard/alerts?limit=6:0
[36172629ms] [ERROR] Failed to load resource: net::ERR_CONNECTION_REFUSED @ http://localhost:4401/dashboard/overview:0
[36172630ms] [ERROR] Failed to load resource: net::ERR_CONNECTION_REFUSED @ http://localhost:4401/api/billing/ai-credits/summary:0
[36172630ms] [ERROR] Failed to load resource: net::ERR_CONNECTION_REFUSED @ http://localhost:4401/dashboard/alerts?limit=6:0
[36173237ms] [ERROR] Failed to load resource: net::ERR_CONNECTION_REFUSED @ http://localhost:4401/dashboard/overview:0
[36173237ms] [ERROR] Failed to load resource: net::ERR_CONNECTION_REFUSED @ http://localhost:4401/api/billing/ai-credits/summary:0
[36173237ms] [ERROR] Failed to load resource: net::ERR_CONNECTION_REFUSED @ http://localhost:4401/dashboard/alerts?limit=6:0
[36202422ms] [ERROR] Failed to load resource: net::ERR_CONNECTION_REFUSED @ http://localhost:4401/api/billing/ai-credits/summary:0
[36202626ms] [ERROR] Failed to load resource: net::ERR_CONNECTION_REFUSED @ http://localhost:4401/api/billing/ai-credits/summary:0
[36203230ms] [ERROR] Failed to load resource: net::ERR_CONNECTION_REFUSED @ http://localhost:4401/api/billing/ai-credits/summary:0
[36232423ms] [ERROR] Failed to load resource: net::ERR_CONNECTION_REFUSED @ http://localhost:4401/dashboard/overview:0
[36232423ms] [ERROR] Failed to load resource: net::ERR_CONNECTION_REFUSED @ http://localhost:4401/api/billing/ai-credits/summary:0
[36232424ms] [ERROR] Failed to load resource: net::ERR_CONNECTION_REFUSED @ http://localhost:4401/dashboard/alerts?limit=6:0
[36232629ms] [ERROR] Failed to load resource: net::ERR_CONNECTION_REFUSED @ http://localhost:4401/dashboard/overview:0
[36232629ms] [ERROR] Failed to load resource: net::ERR_CONNECTION_REFUSED @ http://localhost:4401/api/billing/ai-credits/summary:0
[36232630ms] [ERROR] Failed to load resource: net::ERR_CONNECTION_REFUSED @ http://localhost:4401/dashboard/alerts?limit=6:0
[36233236ms] [ERROR] Failed to load resource: net::ERR_CONNECTION_REFUSED @ http://localhost:4401/dashboard/overview:0
[36233236ms] [ERROR] Failed to load resource: net::ERR_CONNECTION_REFUSED @ http://localhost:4401/api/billing/ai-credits/summary:0
[36233237ms] [ERROR] Failed to load resource: net::ERR_CONNECTION_REFUSED @ http://localhost:4401/dashboard/alerts?limit=6:0
[36262424ms] [ERROR] Failed to load resource: net::ERR_CONNECTION_REFUSED @ http://localhost:4401/api/billing/ai-credits/summary:0
[36262628ms] [ERROR] Failed to load resource: net::ERR_CONNECTION_REFUSED @ http://localhost:4401/api/billing/ai-credits/summary:0
[36263233ms] [ERROR] Failed to load resource: net::ERR_CONNECTION_REFUSED @ http://localhost:4401/api/billing/ai-credits/summary:0
[36292428ms] [ERROR] Failed to load resource: net::ERR_CONNECTION_REFUSED @ http://localhost:4401/dashboard/overview:0
[36292428ms] [ERROR] Failed to load resource: net::ERR_CONNECTION_REFUSED @ http://localhost:4401/api/billing/ai-credits/summary:0
[36292428ms] [ERROR] Failed to load resource: net::ERR_CONNECTION_REFUSED @ http://localhost:4401/dashboard/alerts?limit=6:0
[36292636ms] [ERROR] Failed to load resource: net::ERR_CONNECTION_REFUSED @ http://localhost:4401/dashboard/overview:0
[36292636ms] [ERROR] Failed to load resource: net::ERR_CONNECTION_REFUSED @ http://localhost:4401/api/billing/ai-credits/summary:0
[36292636ms] [ERROR] Failed to load resource: net::ERR_CONNECTION_REFUSED @ http://localhost:4401/dashboard/alerts?limit=6:0
[36293243ms] [ERROR] Failed to load resource: net::ERR_CONNECTION_REFUSED @ http://localhost:4401/dashboard/overview:0
[36293243ms] [ERROR] Failed to load resource: net::ERR_CONNECTION_REFUSED @ http://localhost:4401/api/billing/ai-credits/summary:0
[36293243ms] [ERROR] Failed to load resource: net::ERR_CONNECTION_REFUSED @ http://localhost:4401/dashboard/alerts?limit=6:0
[36322424ms] [ERROR] Failed to load resource: net::ERR_CONNECTION_REFUSED @ http://localhost:4401/api/billing/ai-credits/summary:0
[36322628ms] [ERROR] Failed to load resource: net::ERR_CONNECTION_REFUSED @ http://localhost:4401/api/billing/ai-credits/summary:0
[36323232ms] [ERROR] Failed to load resource: net::ERR_CONNECTION_REFUSED @ http://localhost:4401/api/billing/ai-credits/summary:0
[36352429ms] [ERROR] Failed to load resource: net::ERR_CONNECTION_REFUSED @ http://localhost:4401/dashboard/overview:0
[36352429ms] [ERROR] Failed to load resource: net::ERR_CONNECTION_REFUSED @ http://localhost:4401/api/billing/ai-credits/summary:0
[36352429ms] [ERROR] Failed to load resource: net::ERR_CONNECTION_REFUSED @ http://localhost:4401/dashboard/alerts?limit=6:0
[36352636ms] [ERROR] Failed to load resource: net::ERR_CONNECTION_REFUSED @ http://localhost:4401/dashboard/overview:0
[36352636ms] [ERROR] Failed to load resource: net::ERR_CONNECTION_REFUSED @ http://localhost:4401/api/billing/ai-credits/summary:0
[36352637ms] [ERROR] Failed to load resource: net::ERR_CONNECTION_REFUSED @ http://localhost:4401/dashboard/alerts?limit=6:0
[36353243ms] [ERROR] Failed to load resource: net::ERR_CONNECTION_REFUSED @ http://localhost:4401/dashboard/overview:0
[36353243ms] [ERROR] Failed to load resource: net::ERR_CONNECTION_REFUSED @ http://localhost:4401/api/billing/ai-credits/summary:0
[36353243ms] [ERROR] Failed to load resource: net::ERR_CONNECTION_REFUSED @ http://localhost:4401/dashboard/alerts?limit=6:0
[36382457ms] [ERROR] Failed to load resource: net::ERR_CONNECTION_REFUSED @ http://localhost:4401/api/billing/ai-credits/summary:0
[36382664ms] [ERROR] Failed to load resource: net::ERR_CONNECTION_REFUSED @ http://localhost:4401/api/billing/ai-credits/summary:0
[36383275ms] [ERROR] Failed to load resource: net::ERR_CONNECTION_REFUSED @ http://localhost:4401/api/billing/ai-credits/summary:0
[36412461ms] [ERROR] Failed to load resource: net::ERR_CONNECTION_REFUSED @ http://localhost:4401/dashboard/overview:0
[36412461ms] [ERROR] Failed to load resource: net::ERR_CONNECTION_REFUSED @ http://localhost:4401/api/billing/ai-credits/summary:0
[36412461ms] [ERROR] Failed to load resource: net::ERR_CONNECTION_REFUSED @ http://localhost:4401/dashboard/alerts?limit=6:0
[36412673ms] [ERROR] Failed to load resource: net::ERR_CONNECTION_REFUSED @ http://localhost:4401/dashboard/overview:0
[36412673ms] [ERROR] Failed to load resource: net::ERR_CONNECTION_REFUSED @ http://localhost:4401/api/billing/ai-credits/summary:0
[36412674ms] [ERROR] Failed to load resource: net::ERR_CONNECTION_REFUSED @ http://localhost:4401/dashboard/alerts?limit=6:0
[36413284ms] [ERROR] Failed to load resource: net::ERR_CONNECTION_REFUSED @ http://localhost:4401/dashboard/overview:0
[36413284ms] [ERROR] Failed to load resource: net::ERR_CONNECTION_REFUSED @ http://localhost:4401/api/billing/ai-credits/summary:0
[36413284ms] [ERROR] Failed to load resource: net::ERR_CONNECTION_REFUSED @ http://localhost:4401/dashboard/alerts?limit=6:0
[36442457ms] [ERROR] Failed to load resource: net::ERR_CONNECTION_REFUSED @ http://localhost:4401/api/billing/ai-credits/summary:0
[36442666ms] [ERROR] Failed to load resource: net::ERR_CONNECTION_REFUSED @ http://localhost:4401/api/billing/ai-credits/summary:0
[36443273ms] [ERROR] Failed to load resource: net::ERR_CONNECTION_REFUSED @ http://localhost:4401/api/billing/ai-credits/summary:0
[36472463ms] [ERROR] Failed to load resource: net::ERR_CONNECTION_REFUSED @ http://localhost:4401/dashboard/overview:0
[36472463ms] [ERROR] Failed to load resource: net::ERR_CONNECTION_REFUSED @ http://localhost:4401/api/billing/ai-credits/summary:0
[36472464ms] [ERROR] Failed to load resource: net::ERR_CONNECTION_REFUSED @ http://localhost:4401/dashboard/alerts?limit=6:0
[36472669ms] [ERROR] Failed to load resource: net::ERR_CONNECTION_REFUSED @ http://localhost:4401/dashboard/overview:0
[36472669ms] [ERROR] Failed to load resource: net::ERR_CONNECTION_REFUSED @ http://localhost:4401/api/billing/ai-credits/summary:0
[36472669ms] [ERROR] Failed to load resource: net::ERR_CONNECTION_REFUSED @ http://localhost:4401/dashboard/alerts?limit=6:0
[36473280ms] [ERROR] Failed to load resource: net::ERR_CONNECTION_REFUSED @ http://localhost:4401/dashboard/overview:0
[36473281ms] [ERROR] Failed to load resource: net::ERR_CONNECTION_REFUSED @ http://localhost:4401/api/billing/ai-credits/summary:0
[36473281ms] [ERROR] Failed to load resource: net::ERR_CONNECTION_REFUSED @ http://localhost:4401/dashboard/alerts?limit=6:0
[36502461ms] [ERROR] Failed to load resource: net::ERR_CONNECTION_REFUSED @ http://localhost:4401/api/billing/ai-credits/summary:0
[36502667ms] [ERROR] Failed to load resource: net::ERR_CONNECTION_REFUSED @ http://localhost:4401/api/billing/ai-credits/summary:0
[36503275ms] [ERROR] Failed to load resource: net::ERR_CONNECTION_REFUSED @ http://localhost:4401/api/billing/ai-credits/summary:0
[36532463ms] [ERROR] Failed to load resource: net::ERR_CONNECTION_REFUSED @ http://localhost:4401/dashboard/overview:0
[36532463ms] [ERROR] Failed to load resource: net::ERR_CONNECTION_REFUSED @ http://localhost:4401/api/billing/ai-credits/summary:0
[36532463ms] [ERROR] Failed to load resource: net::ERR_CONNECTION_REFUSED @ http://localhost:4401/dashboard/alerts?limit=6:0
[36532670ms] [ERROR] Failed to load resource: net::ERR_CONNECTION_REFUSED @ http://localhost:4401/dashboard/overview:0
[36532670ms] [ERROR] Failed to load resource: net::ERR_CONNECTION_REFUSED @ http://localhost:4401/api/billing/ai-credits/summary:0
[36532670ms] [ERROR] Failed to load resource: net::ERR_CONNECTION_REFUSED @ http://localhost:4401/dashboard/alerts?limit=6:0
[36533281ms] [ERROR] Failed to load resource: net::ERR_CONNECTION_REFUSED @ http://localhost:4401/dashboard/overview:0
[36533281ms] [ERROR] Failed to load resource: net::ERR_CONNECTION_REFUSED @ http://localhost:4401/api/billing/ai-credits/summary:0
[36533281ms] [ERROR] Failed to load resource: net::ERR_CONNECTION_REFUSED @ http://localhost:4401/dashboard/alerts?limit=6:0
[36562461ms] [ERROR] Failed to load resource: net::ERR_CONNECTION_REFUSED @ http://localhost:4401/api/billing/ai-credits/summary:0
[36562670ms] [ERROR] Failed to load resource: net::ERR_CONNECTION_REFUSED @ http://localhost:4401/api/billing/ai-credits/summary:0
[36563281ms] [ERROR] Failed to load resource: net::ERR_CONNECTION_REFUSED @ http://localhost:4401/api/billing/ai-credits/summary:0
[36592466ms] [ERROR] Failed to load resource: net::ERR_CONNECTION_REFUSED @ http://localhost:4401/dashboard/overview:0
[36592466ms] [ERROR] Failed to load resource: net::ERR_CONNECTION_REFUSED @ http://localhost:4401/api/billing/ai-credits/summary:0
[36592466ms] [ERROR] Failed to load resource: net::ERR_CONNECTION_REFUSED @ http://localhost:4401/dashboard/alerts?limit=6:0
[36592677ms] [ERROR] Failed to load resource: net::ERR_CONNECTION_REFUSED @ http://localhost:4401/dashboard/overview:0
[36592677ms] [ERROR] Failed to load resource: net::ERR_CONNECTION_REFUSED @ http://localhost:4401/api/billing/ai-credits/summary:0
[36592677ms] [ERROR] Failed to load resource: net::ERR_CONNECTION_REFUSED @ http://localhost:4401/dashboard/alerts?limit=6:0
[36593285ms] [ERROR] Failed to load resource: net::ERR_CONNECTION_REFUSED @ http://localhost:4401/dashboard/overview:0
[36593285ms] [ERROR] Failed to load resource: net::ERR_CONNECTION_REFUSED @ http://localhost:4401/api/billing/ai-credits/summary:0
[36593286ms] [ERROR] Failed to load resource: net::ERR_CONNECTION_REFUSED @ http://localhost:4401/dashboard/alerts?limit=6:0
[36622462ms] [ERROR] Failed to load resource: net::ERR_CONNECTION_REFUSED @ http://localhost:4401/api/billing/ai-credits/summary:0
[36622669ms] [ERROR] Failed to load resource: net::ERR_CONNECTION_REFUSED @ http://localhost:4401/api/billing/ai-credits/summary:0
[36623275ms] [ERROR] Failed to load resource: net::ERR_CONNECTION_REFUSED @ http://localhost:4401/api/billing/ai-credits/summary:0
[36652465ms] [ERROR] Failed to load resource: net::ERR_CONNECTION_REFUSED @ http://localhost:4401/dashboard/overview:0
[36652465ms] [ERROR] Failed to load resource: net::ERR_CONNECTION_REFUSED @ http://localhost:4401/api/billing/ai-credits/summary:0
[36652465ms] [ERROR] Failed to load resource: net::ERR_CONNECTION_REFUSED @ http://localhost:4401/dashboard/alerts?limit=6:0
[36652671ms] [ERROR] Failed to load resource: net::ERR_CONNECTION_REFUSED @ http://localhost:4401/dashboard/overview:0
[36652672ms] [ERROR] Failed to load resource: net::ERR_CONNECTION_REFUSED @ http://localhost:4401/api/billing/ai-credits/summary:0
[36652672ms] [ERROR] Failed to load resource: net::ERR_CONNECTION_REFUSED @ http://localhost:4401/dashboard/alerts?limit=6:0
[36653280ms] [ERROR] Failed to load resource: net::ERR_CONNECTION_REFUSED @ http://localhost:4401/dashboard/alerts?limit=6:0
[36653281ms] [ERROR] Failed to load resource: net::ERR_CONNECTION_REFUSED @ http://localhost:4401/dashboard/overview:0
[36653281ms] [ERROR] Failed to load resource: net::ERR_CONNECTION_REFUSED @ http://localhost:4401/api/billing/ai-credits/summary:0
[36682465ms] [ERROR] Failed to load resource: net::ERR_CONNECTION_REFUSED @ http://localhost:4401/api/billing/ai-credits/summary:0
[36682670ms] [ERROR] Failed to load resource: net::ERR_CONNECTION_REFUSED @ http://localhost:4401/api/billing/ai-credits/summary:0
[36683274ms] [ERROR] Failed to load resource: net::ERR_CONNECTION_REFUSED @ http://localhost:4401/api/billing/ai-credits/summary:0
[36712463ms] [ERROR] Failed to load resource: net::ERR_CONNECTION_REFUSED @ http://localhost:4401/dashboard/overview:0
[36712463ms] [ERROR] Failed to load resource: net::ERR_CONNECTION_REFUSED @ http://localhost:4401/api/billing/ai-credits/summary:0
[36712463ms] [ERROR] Failed to load resource: net::ERR_CONNECTION_REFUSED @ http://localhost:4401/dashboard/alerts?limit=6:0
[36712670ms] [ERROR] Failed to load resource: net::ERR_CONNECTION_REFUSED @ http://localhost:4401/dashboard/overview:0
[36712671ms] [ERROR] Failed to load resource: net::ERR_CONNECTION_REFUSED @ http://localhost:4401/api/billing/ai-credits/summary:0
[36712671ms] [ERROR] Failed to load resource: net::ERR_CONNECTION_REFUSED @ http://localhost:4401/dashboard/alerts?limit=6:0
[36713277ms] [ERROR] Failed to load resource: net::ERR_CONNECTION_REFUSED @ http://localhost:4401/dashboard/overview:0
[36713277ms] [ERROR] Failed to load resource: net::ERR_CONNECTION_REFUSED @ http://localhost:4401/api/billing/ai-credits/summary:0
[36713277ms] [ERROR] Failed to load resource: net::ERR_CONNECTION_REFUSED @ http://localhost:4401/dashboard/alerts?limit=6:0
[36742464ms] [ERROR] Failed to load resource: net::ERR_CONNECTION_REFUSED @ http://localhost:4401/api/billing/ai-credits/summary:0
[36742668ms] [ERROR] Failed to load resource: net::ERR_CONNECTION_REFUSED @ http://localhost:4401/api/billing/ai-credits/summary:0
[36743276ms] [ERROR] Failed to load resource: net::ERR_CONNECTION_REFUSED @ http://localhost:4401/api/billing/ai-credits/summary:0
[36772465ms] [ERROR] Failed to load resource: net::ERR_CONNECTION_REFUSED @ http://localhost:4401/dashboard/overview:0
[36772466ms] [ERROR] Failed to load resource: net::ERR_CONNECTION_REFUSED @ http://localhost:4401/api/billing/ai-credits/summary:0
[36772466ms] [ERROR] Failed to load resource: net::ERR_CONNECTION_REFUSED @ http://localhost:4401/dashboard/alerts?limit=6:0
[36772670ms] [ERROR] Failed to load resource: net::ERR_CONNECTION_REFUSED @ http://localhost:4401/dashboard/overview:0
[36772670ms] [ERROR] Failed to load resource: net::ERR_CONNECTION_REFUSED @ http://localhost:4401/api/billing/ai-credits/summary:0
[36772672ms] [ERROR] Failed to load resource: net::ERR_CONNECTION_REFUSED @ http://localhost:4401/dashboard/alerts?limit=6:0
[36773276ms] [ERROR] Failed to load resource: net::ERR_CONNECTION_REFUSED @ http://localhost:4401/dashboard/overview:0
[36773276ms] [ERROR] Failed to load resource: net::ERR_CONNECTION_REFUSED @ http://localhost:4401/api/billing/ai-credits/summary:0
[36773278ms] [ERROR] Failed to load resource: net::ERR_CONNECTION_REFUSED @ http://localhost:4401/dashboard/alerts?limit=6:0
[36802470ms] [ERROR] Failed to load resource: net::ERR_CONNECTION_REFUSED @ http://localhost:4401/api/billing/ai-credits/summary:0
[36802676ms] [ERROR] Failed to load resource: net::ERR_CONNECTION_REFUSED @ http://localhost:4401/api/billing/ai-credits/summary:0
[36803282ms] [ERROR] Failed to load resource: net::ERR_CONNECTION_REFUSED @ http://localhost:4401/api/billing/ai-credits/summary:0
[36832476ms] [ERROR] Failed to load resource: net::ERR_CONNECTION_REFUSED @ http://localhost:4401/dashboard/overview:0
[36832476ms] [ERROR] Failed to load resource: net::ERR_CONNECTION_REFUSED @ http://localhost:4401/api/billing/ai-credits/summary:0
[36832476ms] [ERROR] Failed to load resource: net::ERR_CONNECTION_REFUSED @ http://localhost:4401/dashboard/alerts?limit=6:0
[36832686ms] [ERROR] Failed to load resource: net::ERR_CONNECTION_REFUSED @ http://localhost:4401/dashboard/overview:0
[36832686ms] [ERROR] Failed to load resource: net::ERR_CONNECTION_REFUSED @ http://localhost:4401/api/billing/ai-credits/summary:0
[36832686ms] [ERROR] Failed to load resource: net::ERR_CONNECTION_REFUSED @ http://localhost:4401/dashboard/alerts?limit=6:0
[36833295ms] [ERROR] Failed to load resource: net::ERR_CONNECTION_REFUSED @ http://localhost:4401/dashboard/overview:0
[36833296ms] [ERROR] Failed to load resource: net::ERR_CONNECTION_REFUSED @ http://localhost:4401/api/billing/ai-credits/summary:0
[36833296ms] [ERROR] Failed to load resource: net::ERR_CONNECTION_REFUSED @ http://localhost:4401/dashboard/alerts?limit=6:0
[36862468ms] [ERROR] Failed to load resource: net::ERR_CONNECTION_REFUSED @ http://localhost:4401/api/billing/ai-credits/summary:0
[36862673ms] [ERROR] Failed to load resource: net::ERR_CONNECTION_REFUSED @ http://localhost:4401/api/billing/ai-credits/summary:0
[36863280ms] [ERROR] Failed to load resource: net::ERR_CONNECTION_REFUSED @ http://localhost:4401/api/billing/ai-credits/summary:0
[36892472ms] [ERROR] Failed to load resource: net::ERR_CONNECTION_REFUSED @ http://localhost:4401/dashboard/overview:0
[36892473ms] [ERROR] Failed to load resource: net::ERR_CONNECTION_REFUSED @ http://localhost:4401/api/billing/ai-credits/summary:0
[36892473ms] [ERROR] Failed to load resource: net::ERR_CONNECTION_REFUSED @ http://localhost:4401/dashboard/alerts?limit=6:0
[36892683ms] [ERROR] Failed to load resource: net::ERR_CONNECTION_REFUSED @ http://localhost:4401/dashboard/overview:0
[36892685ms] [ERROR] Failed to load resource: net::ERR_CONNECTION_REFUSED @ http://localhost:4401/api/billing/ai-credits/summary:0
[36892685ms] [ERROR] Failed to load resource: net::ERR_CONNECTION_REFUSED @ http://localhost:4401/dashboard/alerts?limit=6:0
[36893295ms] [ERROR] Failed to load resource: net::ERR_CONNECTION_REFUSED @ http://localhost:4401/dashboard/overview:0
[36893295ms] [ERROR] Failed to load resource: net::ERR_CONNECTION_REFUSED @ http://localhost:4401/api/billing/ai-credits/summary:0
[36893295ms] [ERROR] Failed to load resource: net::ERR_CONNECTION_REFUSED @ http://localhost:4401/dashboard/alerts?limit=6:0
[36922465ms] [ERROR] Failed to load resource: net::ERR_CONNECTION_REFUSED @ http://localhost:4401/api/billing/ai-credits/summary:0
[36922670ms] [ERROR] Failed to load resource: net::ERR_CONNECTION_REFUSED @ http://localhost:4401/api/billing/ai-credits/summary:0
[36923276ms] [ERROR] Failed to load resource: net::ERR_CONNECTION_REFUSED @ http://localhost:4401/api/billing/ai-credits/summary:0
[36952475ms] [ERROR] Failed to load resource: net::ERR_CONNECTION_REFUSED @ http://localhost:4401/dashboard/overview:0
[36952475ms] [ERROR] Failed to load resource: net::ERR_CONNECTION_REFUSED @ http://localhost:4401/api/billing/ai-credits/summary:0
[36952475ms] [ERROR] Failed to load resource: net::ERR_CONNECTION_REFUSED @ http://localhost:4401/dashboard/alerts?limit=6:0
[36952681ms] [ERROR] Failed to load resource: net::ERR_CONNECTION_REFUSED @ http://localhost:4401/dashboard/overview:0
[36952681ms] [ERROR] Failed to load resource: net::ERR_CONNECTION_REFUSED @ http://localhost:4401/api/billing/ai-credits/summary:0
[36952681ms] [ERROR] Failed to load resource: net::ERR_CONNECTION_REFUSED @ http://localhost:4401/dashboard/alerts?limit=6:0
[36953287ms] [ERROR] Failed to load resource: net::ERR_CONNECTION_REFUSED @ http://localhost:4401/dashboard/overview:0
[36953288ms] [ERROR] Failed to load resource: net::ERR_CONNECTION_REFUSED @ http://localhost:4401/api/billing/ai-credits/summary:0
[36953288ms] [ERROR] Failed to load resource: net::ERR_CONNECTION_REFUSED @ http://localhost:4401/dashboard/alerts?limit=6:0
[36982470ms] [ERROR] Failed to load resource: net::ERR_CONNECTION_REFUSED @ http://localhost:4401/api/billing/ai-credits/summary:0
[36982676ms] [ERROR] Failed to load resource: net::ERR_CONNECTION_REFUSED @ http://localhost:4401/api/billing/ai-credits/summary:0
[36983280ms] [ERROR] Failed to load resource: net::ERR_CONNECTION_REFUSED @ http://localhost:4401/api/billing/ai-credits/summary:0
[37012479ms] [ERROR] Failed to load resource: net::ERR_CONNECTION_REFUSED @ http://localhost:4401/dashboard/overview:0
[37012479ms] [ERROR] Failed to load resource: net::ERR_CONNECTION_REFUSED @ http://localhost:4401/api/billing/ai-credits/summary:0
[37012479ms] [ERROR] Failed to load resource: net::ERR_CONNECTION_REFUSED @ http://localhost:4401/dashboard/alerts?limit=6:0
[37012685ms] [ERROR] Failed to load resource: net::ERR_CONNECTION_REFUSED @ http://localhost:4401/dashboard/overview:0
[37012685ms] [ERROR] Failed to load resource: net::ERR_CONNECTION_REFUSED @ http://localhost:4401/api/billing/ai-credits/summary:0
[37012685ms] [ERROR] Failed to load resource: net::ERR_CONNECTION_REFUSED @ http://localhost:4401/dashboard/alerts?limit=6:0
[37013295ms] [ERROR] Failed to load resource: net::ERR_CONNECTION_REFUSED @ http://localhost:4401/dashboard/overview:0
[37013295ms] [ERROR] Failed to load resource: net::ERR_CONNECTION_REFUSED @ http://localhost:4401/api/billing/ai-credits/summary:0
[37013295ms] [ERROR] Failed to load resource: net::ERR_CONNECTION_REFUSED @ http://localhost:4401/dashboard/alerts?limit=6:0
[37042472ms] [ERROR] Failed to load resource: net::ERR_CONNECTION_REFUSED @ http://localhost:4401/api/billing/ai-credits/summary:0
[37042679ms] [ERROR] Failed to load resource: net::ERR_CONNECTION_REFUSED @ http://localhost:4401/api/billing/ai-credits/summary:0
[37043285ms] [ERROR] Failed to load resource: net::ERR_CONNECTION_REFUSED @ http://localhost:4401/api/billing/ai-credits/summary:0
[37072472ms] [ERROR] Failed to load resource: net::ERR_CONNECTION_REFUSED @ http://localhost:4401/dashboard/overview:0
[37072472ms] [ERROR] Failed to load resource: net::ERR_CONNECTION_REFUSED @ http://localhost:4401/api/billing/ai-credits/summary:0
[37072472ms] [ERROR] Failed to load resource: net::ERR_CONNECTION_REFUSED @ http://localhost:4401/dashboard/alerts?limit=6:0
[37072681ms] [ERROR] Failed to load resource: net::ERR_CONNECTION_REFUSED @ http://localhost:4401/dashboard/overview:0
[37072681ms] [ERROR] Failed to load resource: net::ERR_CONNECTION_REFUSED @ http://localhost:4401/api/billing/ai-credits/summary:0
[37072681ms] [ERROR] Failed to load resource: net::ERR_CONNECTION_REFUSED @ http://localhost:4401/dashboard/alerts?limit=6:0
[37073294ms] [ERROR] Failed to load resource: net::ERR_CONNECTION_REFUSED @ http://localhost:4401/dashboard/overview:0
[37073294ms] [ERROR] Failed to load resource: net::ERR_CONNECTION_REFUSED @ http://localhost:4401/api/billing/ai-credits/summary:0
[37073294ms] [ERROR] Failed to load resource: net::ERR_CONNECTION_REFUSED @ http://localhost:4401/dashboard/alerts?limit=6:0
[37102473ms] [ERROR] Failed to load resource: net::ERR_CONNECTION_REFUSED @ http://localhost:4401/api/billing/ai-credits/summary:0
[37102679ms] [ERROR] Failed to load resource: net::ERR_CONNECTION_REFUSED @ http://localhost:4401/api/billing/ai-credits/summary:0
[37103286ms] [ERROR] Failed to load resource: net::ERR_CONNECTION_REFUSED @ http://localhost:4401/api/billing/ai-credits/summary:0
[37132475ms] [ERROR] Failed to load resource: net::ERR_CONNECTION_REFUSED @ http://localhost:4401/dashboard/overview:0
[37132475ms] [ERROR] Failed to load resource: net::ERR_CONNECTION_REFUSED @ http://localhost:4401/api/billing/ai-credits/summary:0
[37132475ms] [ERROR] Failed to load resource: net::ERR_CONNECTION_REFUSED @ http://localhost:4401/dashboard/alerts?limit=6:0
[37132681ms] [ERROR] Failed to load resource: net::ERR_CONNECTION_REFUSED @ http://localhost:4401/dashboard/overview:0
[37132684ms] [ERROR] Failed to load resource: net::ERR_CONNECTION_REFUSED @ http://localhost:4401/api/billing/ai-credits/summary:0
[37132685ms] [ERROR] Failed to load resource: net::ERR_CONNECTION_REFUSED @ http://localhost:4401/dashboard/alerts?limit=6:0
[37133295ms] [ERROR] Failed to load resource: net::ERR_CONNECTION_REFUSED @ http://localhost:4401/dashboard/overview:0
[37133295ms] [ERROR] Failed to load resource: net::ERR_CONNECTION_REFUSED @ http://localhost:4401/api/billing/ai-credits/summary:0
[37133295ms] [ERROR] Failed to load resource: net::ERR_CONNECTION_REFUSED @ http://localhost:4401/dashboard/alerts?limit=6:0
[37162475ms] [ERROR] Failed to load resource: net::ERR_CONNECTION_REFUSED @ http://localhost:4401/api/billing/ai-credits/summary:0
[37162681ms] [ERROR] Failed to load resource: net::ERR_CONNECTION_REFUSED @ http://localhost:4401/api/billing/ai-credits/summary:0
[37163289ms] [ERROR] Failed to load resource: net::ERR_CONNECTION_REFUSED @ http://localhost:4401/api/billing/ai-credits/summary:0
[37192482ms] [ERROR] Failed to load resource: net::ERR_CONNECTION_REFUSED @ http://localhost:4401/dashboard/overview:0
[37192482ms] [ERROR] Failed to load resource: net::ERR_CONNECTION_REFUSED @ http://localhost:4401/api/billing/ai-credits/summary:0
[37192482ms] [ERROR] Failed to load resource: net::ERR_CONNECTION_REFUSED @ http://localhost:4401/dashboard/alerts?limit=6:0
[37192687ms] [ERROR] Failed to load resource: net::ERR_CONNECTION_REFUSED @ http://localhost:4401/dashboard/overview:0
[37192687ms] [ERROR] Failed to load resource: net::ERR_CONNECTION_REFUSED @ http://localhost:4401/api/billing/ai-credits/summary:0
[37192687ms] [ERROR] Failed to load resource: net::ERR_CONNECTION_REFUSED @ http://localhost:4401/dashboard/alerts?limit=6:0
[37193298ms] [ERROR] Failed to load resource: net::ERR_CONNECTION_REFUSED @ http://localhost:4401/dashboard/overview:0
[37193298ms] [ERROR] Failed to load resource: net::ERR_CONNECTION_REFUSED @ http://localhost:4401/api/billing/ai-credits/summary:0
[37193298ms] [ERROR] Failed to load resource: net::ERR_CONNECTION_REFUSED @ http://localhost:4401/dashboard/alerts?limit=6:0
[37222472ms] [ERROR] Failed to load resource: net::ERR_CONNECTION_REFUSED @ http://localhost:4401/api/billing/ai-credits/summary:0
[37222678ms] [ERROR] Failed to load resource: net::ERR_CONNECTION_REFUSED @ http://localhost:4401/api/billing/ai-credits/summary:0
[37223285ms] [ERROR] Failed to load resource: net::ERR_CONNECTION_REFUSED @ http://localhost:4401/api/billing/ai-credits/summary:0
[37252475ms] [ERROR] Failed to load resource: net::ERR_CONNECTION_REFUSED @ http://localhost:4401/dashboard/overview:0
[37252475ms] [ERROR] Failed to load resource: net::ERR_CONNECTION_REFUSED @ http://localhost:4401/api/billing/ai-credits/summary:0
[37252475ms] [ERROR] Failed to load resource: net::ERR_CONNECTION_REFUSED @ http://localhost:4401/dashboard/alerts?limit=6:0
[37252684ms] [ERROR] Failed to load resource: net::ERR_CONNECTION_REFUSED @ http://localhost:4401/dashboard/overview:0
[37252684ms] [ERROR] Failed to load resource: net::ERR_CONNECTION_REFUSED @ http://localhost:4401/api/billing/ai-credits/summary:0
[37252685ms] [ERROR] Failed to load resource: net::ERR_CONNECTION_REFUSED @ http://localhost:4401/dashboard/alerts?limit=6:0
[37253292ms] [ERROR] Failed to load resource: net::ERR_CONNECTION_REFUSED @ http://localhost:4401/dashboard/overview:0
[37253293ms] [ERROR] Failed to load resource: net::ERR_CONNECTION_REFUSED @ http://localhost:4401/api/billing/ai-credits/summary:0
[37253293ms] [ERROR] Failed to load resource: net::ERR_CONNECTION_REFUSED @ http://localhost:4401/dashboard/alerts?limit=6:0
[37282475ms] [ERROR] Failed to load resource: net::ERR_CONNECTION_REFUSED @ http://localhost:4401/api/billing/ai-credits/summary:0
[37282678ms] [ERROR] Failed to load resource: net::ERR_CONNECTION_REFUSED @ http://localhost:4401/api/billing/ai-credits/summary:0
[37283284ms] [ERROR] Failed to load resource: net::ERR_CONNECTION_REFUSED @ http://localhost:4401/api/billing/ai-credits/summary:0
[37312472ms] [ERROR] Failed to load resource: net::ERR_CONNECTION_REFUSED @ http://localhost:4401/dashboard/overview:0
[37312473ms] [ERROR] Failed to load resource: net::ERR_CONNECTION_REFUSED @ http://localhost:4401/api/billing/ai-credits/summary:0
[37312473ms] [ERROR] Failed to load resource: net::ERR_CONNECTION_REFUSED @ http://localhost:4401/dashboard/alerts?limit=6:0
[37312679ms] [ERROR] Failed to load resource: net::ERR_CONNECTION_REFUSED @ http://localhost:4401/dashboard/overview:0
[37312683ms] [ERROR] Failed to load resource: net::ERR_CONNECTION_REFUSED @ http://localhost:4401/api/billing/ai-credits/summary:0
[37312683ms] [ERROR] Failed to load resource: net::ERR_CONNECTION_REFUSED @ http://localhost:4401/dashboard/alerts?limit=6:0
[37313289ms] [ERROR] Failed to load resource: net::ERR_CONNECTION_REFUSED @ http://localhost:4401/dashboard/overview:0
[37313291ms] [ERROR] Failed to load resource: net::ERR_CONNECTION_REFUSED @ http://localhost:4401/api/billing/ai-credits/summary:0
[37313291ms] [ERROR] Failed to load resource: net::ERR_CONNECTION_REFUSED @ http://localhost:4401/dashboard/alerts?limit=6:0
[37342482ms] [ERROR] Failed to load resource: net::ERR_CONNECTION_REFUSED @ http://localhost:4401/api/billing/ai-credits/summary:0
[37342686ms] [ERROR] Failed to load resource: net::ERR_CONNECTION_REFUSED @ http://localhost:4401/api/billing/ai-credits/summary:0
[37343293ms] [ERROR] Failed to load resource: net::ERR_CONNECTION_REFUSED @ http://localhost:4401/api/billing/ai-credits/summary:0
[38302448ms] [ERROR] Failed to load resource: net::ERR_CONNECTION_REFUSED @ http://localhost:4401/api/billing/ai-credits/summary:0
[38302656ms] [ERROR] Failed to load resource: net::ERR_CONNECTION_REFUSED @ http://localhost:4401/api/billing/ai-credits/summary:0
[38303265ms] [ERROR] Failed to load resource: net::ERR_CONNECTION_REFUSED @ http://localhost:4401/api/billing/ai-credits/summary:0
[38332450ms] [ERROR] Failed to load resource: net::ERR_CONNECTION_REFUSED @ http://localhost:4401/dashboard/overview:0
[38332450ms] [ERROR] Failed to load resource: net::ERR_CONNECTION_REFUSED @ http://localhost:4401/api/billing/ai-credits/summary:0
[38332450ms] [ERROR] Failed to load resource: net::ERR_CONNECTION_REFUSED @ http://localhost:4401/dashboard/alerts?limit=6:0
[38332658ms] [ERROR] Failed to load resource: net::ERR_CONNECTION_REFUSED @ http://localhost:4401/dashboard/overview:0
[38332661ms] [ERROR] Failed to load resource: net::ERR_CONNECTION_REFUSED @ http://localhost:4401/api/billing/ai-credits/summary:0
[38332661ms] [ERROR] Failed to load resource: net::ERR_CONNECTION_REFUSED @ http://localhost:4401/dashboard/alerts?limit=6:0
[38333268ms] [ERROR] Failed to load resource: net::ERR_CONNECTION_REFUSED @ http://localhost:4401/dashboard/overview:0
[38333268ms] [ERROR] Failed to load resource: net::ERR_CONNECTION_REFUSED @ http://localhost:4401/api/billing/ai-credits/summary:0
[38333268ms] [ERROR] Failed to load resource: net::ERR_CONNECTION_REFUSED @ http://localhost:4401/dashboard/alerts?limit=6:0
[38362448ms] [ERROR] Failed to load resource: net::ERR_CONNECTION_REFUSED @ http://localhost:4401/api/billing/ai-credits/summary:0
[38362655ms] [ERROR] Failed to load resource: net::ERR_CONNECTION_REFUSED @ http://localhost:4401/api/billing/ai-credits/summary:0
[38363262ms] [ERROR] Failed to load resource: net::ERR_CONNECTION_REFUSED @ http://localhost:4401/api/billing/ai-credits/summary:0
[38392457ms] [ERROR] Failed to load resource: net::ERR_CONNECTION_REFUSED @ http://localhost:4401/dashboard/overview:0
[38392457ms] [ERROR] Failed to load resource: net::ERR_CONNECTION_REFUSED @ http://localhost:4401/api/billing/ai-credits/summary:0
[38392458ms] [ERROR] Failed to load resource: net::ERR_CONNECTION_REFUSED @ http://localhost:4401/dashboard/alerts?limit=6:0
[38392663ms] [ERROR] Failed to load resource: net::ERR_CONNECTION_REFUSED @ http://localhost:4401/dashboard/overview:0
[38392664ms] [ERROR] Failed to load resource: net::ERR_CONNECTION_REFUSED @ http://localhost:4401/api/billing/ai-credits/summary:0
[38392664ms] [ERROR] Failed to load resource: net::ERR_CONNECTION_REFUSED @ http://localhost:4401/dashboard/alerts?limit=6:0
[38393270ms] [ERROR] Failed to load resource: net::ERR_CONNECTION_REFUSED @ http://localhost:4401/dashboard/overview:0
[38393270ms] [ERROR] Failed to load resource: net::ERR_CONNECTION_REFUSED @ http://localhost:4401/api/billing/ai-credits/summary:0
[38393271ms] [ERROR] Failed to load resource: net::ERR_CONNECTION_REFUSED @ http://localhost:4401/dashboard/alerts?limit=6:0
